#group,false,false,true,true,false,true,true,false,false,false,false,false,false
#datatype,string,long,dateTime:RFC3339,dateTime:RFC3339,dateTime:RFC3339,string,string,double,double,double,long,double,double
#default,_result,,,,,,,,,,,,
,result,table,_start,_stop,_time,_measurement,asset_id,ambient_temperature_c,power_draw_kw,return_temperature_c,sequence,setpoint_c,supply_temperature_c
,,0,2026-09-13T12:46:02.379Z,2026-09-14T12:46:02.379Z,2026-09-13T12:46:02.38Z,telemetry,boiler_01,12,5,55,120,65,65
,,0,2026-09-13T12:46:02.379Z,2026-09-14T12:46:02.379Z,2026-09-13T12:46:32.379Z,telemetry,boiler_01,12,5,55,121,65,65
,,0,2026-09-13T12:46:02.379Z,2026-09-14T12:46:02.379Z,2026-09-13T12:47:02.38Z,telemetry,boiler_01,12,5,55,122,65,65
,,0,2026-09-13T12:46:02.379Z,2026-09-14T12:46:02.379Z,2026-09-13T12:47:32.379Z,telemetry,boiler_01,12,5,55,123,65,65
,,0,2026-09-13T12:46:02.379Z,2026-09-14T12:46:02.379Z,2026-09-13T12:48:02.381Z,telemetry,boiler_01,12,5,55,124,65,65
,,0,2026-09-13T12:46:02.379Z,2026-09-14T12:46:02.379Z,2026-09-13T12:48:32.38Z,telemetry,boiler_01,12,5,55,125,65,65
,,0,2026-09-13T12:46:02.379Z,2026-09-14T12:46:02.379Z,2026-09-13T12:49:02.379Z,telemetry,boiler_01,12,5,55,126,65,65
,,0,2026-09-13T12:46:02.379Z,2026-09-14T12:46:02.379Z,2026-09-13T12:49:32.379Z,telemetry,boiler_01,12,5,55,127,65,65
,,0,2026-09-13T12:46:02.379Z,2026-09-14T12:46:02.379Z,2026-09-13T12:50:02.379Z,telemetry,boiler_01,12,0,54.85,128,65,64.85
,,0,2026-09-13T12:46:02.379Z,2026-09-14T12:46:02.379Z,2026-09-13T12:50:32.379Z,telemetry,boiler_01,12,0,52.66,129,65,62.66
,,0,2026-09-13T12:46:02.379Z,2026-09-14T12:46:02.379Z,2026-09-13T12:51:02.38Z,telemetry,boiler_01,12,0,50.58,130,65,60.58
,,0,2026-09-13T12:46:02.379Z,2026-09-14T12:46:02.379Z,2026-09-13T12:51:32.379Z,telemetry,boiler_01,12,0,48.6,131,65,58.6
,,0,2026-09-13T12:46:02.379Z,2026-09-14T12:46:02.379Z,2026-09-13T12:52:02.379Z,telemetry,boiler_01,12,0,46.72,132,65,56.72
,,0,2026-09-13T12:46:02.379Z,2026-09-14T12:46:02.379Z,2026-09-13T12:52:32.379Z,telemetry,boiler_01,12,0,44.93,133,65,54.93
,,0,2026-09-13T12:46:02.379Z,2026-09-14T12:46:02.379Z,2026-09-13T12:53:02.379Z,telemetry,boiler_01,12,0,43.23,134,65,53.23
,,0,2026-09-13T12:46:02.379Z,2026-09-14T12:46:02.379Z,2026-09-13T12:53:32.379Z,telemetry,boiler_01,12,0,41.61,135,65,51.61
,,0,2026-09-13T12:46:02.379Z,2026-09-14T12:46:02.379Z,2026-09-13T12:54:02.379Z,telemetry,boiler_01,12,0,40.06,136,65,50.06
,,0,2026-09-13T12:46:02.379Z,2026-09-14T12:46:02.379Z,2026-09-13T12:54:32.379Z,telemetry,boiler_01,12,0,38.6,137,65,48.6
,,0,2026-09-13T12:46:02.379Z,2026-09-14T12:46:02.379Z,2026-09-13T12:55:02.379Z,telemetry,boiler_01,12,0,37.2,138,65,47.2
,,0,2026-09-13T12:46:02.379Z,2026-09-14T12:46:02.379Z,2026-09-13T12:55:32.379Z,telemetry,boiler_01,12,0,35.88,139,65,45.88
,,0,2026-09-13T12:46:02.379Z,2026-09-14T12:46:02.379Z,2026-09-13T12:56:02.38Z,telemetry,boiler_01,12,0,34.61,140,65,44.61
,,0,2026-09-13T12:46:02.379Z,2026-09-14T12:46:02.379Z,2026-09-13T12:56:32.379Z,telemetry,boiler_01,12,0,33.41,141,65,43.41
,,0,2026-09-13T12:46:02.379Z,2026-09-14T12:46:02.379Z,2026-09-13T12:57:02.379Z,telemetry,boiler_01,12,0,32.27,142,65,42.27
,,0,2026-09-13T12:46:02.379Z,2026-09-14T12:46:02.379Z,2026-09-13T12:57:32.379Z,telemetry,boiler_01,12,0,31.19,143,65,41.19
,,0,2026-09-13T12:46:02.379Z,2026-09-14T12:46:02.379Z,2026-09-13T12:58:02.379Z,telemetry,boiler_01,12,0,30.15,144,65,40.15
,,0,2026-09-13T12:46:02.379Z,2026-09-14T12:46:02.379Z,2026-09-13T12:58:32.379Z,telemetry,boiler_01,12,0,29.17,145,65,39.17
,,0,2026-09-13T12:46:02.379Z,2026-09-14T12:46:02.379Z,2026-09-13T12:59:02.379Z,telemetry,boiler_01,12,0,28.23,146,65,38.23
,,0,2026-09-13T12:46:02.379Z,2026-09-14T12:46:02.379Z,2026-09-13T12:59:32.38Z,telemetry,boiler_01,12,0,27.35,147,65,37.35
,,0,2026-09-13T12:46:02.379Z,2026-09-14T12:46:02.379Z,2026-09-13T13:00:02.379Z,telemetry,boiler_01,12,5,28.74,148,65,38.74
,,0,2026-09-13T12:46:02.379Z,2026-09-14T12:46:02.379Z,2026-09-13T13:00:32.379Z,telemetry,boiler_01,12,5,47.09,149,65,57.09
,,0,2026-09-13T12:46:02.379Z,2026-09-14T12:46:02.379Z,2026-09-13T13:01:02.379Z,telemetry,boiler_01,12,5,52.62,150,65,62.62
,,0,2026-09-13T12:46:02.379Z,2026-09-14T12:46:02.379Z,2026-09-13T13:01:32.379Z,telemetry,boiler_01,12,5,54.28,151,65,64.28
,,0,2026-09-13T12:46:02.379Z,2026-09-14T12:46:02.379Z,2026-09-13T13:02:02.379Z,telemetry,boiler_01,12,5,54.78,152,65,64.78
,,0,2026-09-13T12:46:02.379Z,2026-09-14T12:46:02.379Z,2026-09-13T13:02:32.379Z,telemetry,boiler_01,12,5,54.93,153,65,64.93
,,0,2026-09-13T12:46:02.379Z,2026-09-14T12:46:02.379Z,2026-09-13T13:03:02.379Z,telemetry,boiler_01,12,5,54.98,154,65,64.98
,,0,2026-09-13T12:46:02.379Z,2026-09-14T12:46:02.379Z,2026-09-13T13:03:32.379Z,telemetry,boiler_01,12,5,54.99,155,65,64.99
,,0,2026-09-13T12:46:02.379Z,2026-09-14T12:46:02.379Z,2026-09-13T13:04:02.382Z,telemetry,boiler_01,12,5,55,156,65,65
,,0,2026-09-13T12:46:02.379Z,2026-09-14T12:46:02.379Z,2026-09-13T13:04:32.379Z,telemetry,boiler_01,12,5,55,157,65,65
,,0,2026-09-13T12:46:02.379Z,2026-09-14T12:46:02.379Z,2026-09-13T13:05:02.38Z,telemetry,boiler_01,12,5,55,158,65,65
,,0,2026-09-13T12:46:02.379Z,2026-09-14T12:46:02.379Z,2026-09-13T13:05:32.379Z,telemetry,boiler_01,12,5,55,159,65,65
,,0,2026-09-13T12:46:02.379Z,2026-09-14T12:46:02.379Z,2026-09-13T13:06:02.379Z,telemetry,boiler_01,12,5,55,160,65,65
,,0,2026-09-13T12:46:02.379Z,2026-09-14T12:46:02.379Z,2026-09-13T13:06:32.379Z,telemetry,boiler_01,12,5,55,161,65,65
,,0,2026-09-13T12:46:02.379Z,2026-09-14T12:46:02.379Z,2026-09-13T13:07:02.38Z,telemetry,boiler_01,12,5,55,162,65,65
,,0,2026-09-13T12:46:02.379Z,2026-09-14T12:46:02.379Z,2026-09-13T13:07:32.379Z,telemetry,boiler_01,12,5,55,163,65,65
,,0,2026-09-13T12:46:02.379Z,2026-09-14T12:46:02.379Z,2026-09-13T13:08:02.385Z,telemetry,boiler_01,12,5,55,164,65,65
,,0,2026-09-13T12:46:02.379Z,2026-09-14T12:46:02.379Z,2026-09-13T13:08:32.379Z,telemetry,boiler_01,12,5,55,165,65,65
,,0,2026-09-13T12:46:02.379Z,2026-09-14T12:46:02.379Z,2026-09-13T13:09:02.379Z,telemetry,boiler_01,12,5,55,166,65,65
,,0,2026-09-13T12:46:02.379Z,2026-09-14T12:46:02.379Z,2026-09-13T13:09:32.379Z,telemetry,boiler_01,12,5,55,167,65,65
,,0,2026-09-13T12:46:02.379Z,2026-09-14T12:46:02.379Z,2026-09-13T13:10:02.379Z,telemetry,boiler_01,12,0,54.85,168,65,64.85
,,0,2026-09-13T12:46:02.379Z,2026-09-14T12:46:02.379Z,2026-09-13T13:10:32.379Z,telemetry,boiler_01,12,0,52.66,169,65,62.66
,,0,2026-09-13T12:46:02.379Z,2026-09-14T12:46:02.379Z,2026-09-13T13:11:02.379Z,telemetry,boiler_01,12,0,50.58,170,65,60.58
,,0,2026-09-13T12:46:02.379Z,2026-09-14T12:46:02.379Z,2026-09-13T13:11:32.379Z,telemetry,boiler_01,12,0,48.6,171,65,58.6
,,0,2026-09-13T12:46:02.379Z,2026-09-14T12:46:02.379Z,2026-09-13T13:12:02.379Z,telemetry,boiler_01,12,0,46.72,172,65,56.72
,,0,2026-09-13T12:46:02.379Z,2026-09-14T12:46:02.379Z,2026-09-13T13:12:32.379Z,telemetry,boiler_01,12,0,44.93,173,65,54.93
,,0,2026-09-13T12:46:02.379Z,2026-09-14T12:46:02.379Z,2026-09-13T13:13:02.379Z,telemetry,boiler_01,12,0,43.23,174,65,53.23
,,0,2026-09-13T12:46:02.379Z,2026-09-14T12:46:02.379Z,2026-09-13T13:13:32.379Z,telemetry,boiler_01,12,0,41.61,175,65,51.61
,,0,2026-09-13T12:46:02.379Z,2026-09-14T12:46:02.379Z,2026-09-13T13:14:02.379Z,telemetry,boiler_01,12,0,40.06,176,65,50.06
,,0,2026-09-13T12:46:02.379Z,2026-09-14T12:46:02.379Z,2026-09-13T13:14:32.379Z,telemetry,boiler_01,12,0,38.6,177,65,48.6
,,0,2026-09-13T12:46:02.379Z,2026-09-14T12:46:02.379Z,2026-09-13T13:15:02.379Z,telemetry,boiler_01,12,0,37.2,178,65,47.2
,,0,2026-09-13T12:46:02.379Z,2026-09-14T12:46:02.379Z,2026-09-13T13:15:32.379Z,telemetry,boiler_01,12,0,35.88,179,65,45.88
,,0,2026-09-13T12:46:02.379Z,2026-09-14T12:46:02.379Z,2026-09-13T13:16:02.38Z,telemetry,boiler_01,12,0,34.61,180,65,44.61
,,0,2026-09-13T12:46:02.379Z,2026-09-14T12:46:02.379Z,2026-09-13T13:16:32.379Z,telemetry,boiler_01,12,0,33.41,181,65,43.41
,,0,2026-09-13T12:46:02.379Z,2026-09-14T12:46:02.379Z,2026-09-13T13:17:02.379Z,telemetry,boiler_01,12,0,32.27,182,65,42.27
,,0,2026-09-13T12:46:02.379Z,2026-09-14T12:46:02.379Z,2026-09-13T13:17:32.379Z,telemetry,boiler_01,12,0,31.19,183,65,41.19
,,0,2026-09-13T12:46:02.379Z,2026-09-14T12:46:02.379Z,2026-09-13T13:18:02.38Z,telemetry,boiler_01,12,0,30.15,184,65,40.15
,,0,2026-09-13T12:46:02.379Z,2026-09-14T12:46:02.379Z,2026-09-13T13:18:32.379Z,telemetry,boiler_01,12,0,29.17,185,65,39.17
,,0,2026-09-13T12:46:02.379Z,2026-09-14T12:46:02.379Z,2026-09-13T13:19:02.379Z,telemetry,boiler_01,12,0,28.23,186,65,38.23
,,0,2026-09-13T12:46:02.379Z,2026-09-14T12:46:02.379Z,2026-09-13T13:19:32.379Z,telemetry,boiler_01,12,0,27.35,187,65,37.35
,,0,2026-09-13T12:46:02.379Z,2026-09-14T12:46:02.379Z,2026-09-13T13:20:02.379Z,telemetry,boiler_01,12,5,28.74,188,65,38.74
,,0,2026-09-13T12:46:02.379Z,2026-09-14T12:46:02.379Z,2026-09-13T13:20:32.379Z,telemetry,boiler_01,12,5,47.09,189,65,57.09
,,0,2026-09-13T12:46:02.379Z,2026-09-14T12:46:02.379Z,2026-09-13T13:21:02.379Z,telemetry,boiler_01,12,5,52.62,190,65,62.62
,,0,2026-09-13T12:46:02.379Z,2026-09-14T12:46:02.379Z,2026-09-13T13:21:32.379Z,telemetry,boiler_01,12,5,54.28,191,65,64.28
,,0,2026-09-13T12:46:02.379Z,2026-09-14T12:46:02.379Z,2026-09-13T13:22:02.379Z,telemetry,boiler_01,12,5,54.78,192,65,64.78
,,0,2026-09-13T12:46:02.379Z,2026-09-14T12:46:02.379Z,2026-09-13T13:22:32.38Z,telemetry,boiler_01,12,5,54.93,193,65,64.93
,,0,2026-09-13T12:46:02.379Z,2026-09-14T12:46:02.379Z,2026-09-13T13:23:02.38Z,telemetry,boiler_01,12,5,54.98,194,65,64.98
,,0,2026-09-13T12:46:02.379Z,2026-09-14T12:46:02.379Z,2026-09-13T13:23:32.379Z,telemetry,boiler_01,12,5,54.99,195,65,64.99
,,0,2026-09-13T12:46:02.379Z,2026-09-14T12:46:02.379Z,2026-09-13T13:24:02.379Z,telemetry,boiler_01,12,5,55,196,65,65
,,0,2026-09-13T12:46:02.379Z,2026-09-14T12:46:02.379Z,2026-09-13T13:24:32.379Z,telemetry,boiler_01,12,5,55,197,65,65
,,0,2026-09-13T12:46:02.379Z,2026-09-14T12:46:02.379Z,2026-09-13T13:25:02.379Z,telemetry,boiler_01,12,5,55,198,65,65
,,0,2026-09-13T12:46:02.379Z,2026-09-14T12:46:02.379Z,2026-09-13T13:25:32.379Z,telemetry,boiler_01,12,5,55,199,65,65
,,0,2026-09-13T12:46:02.379Z,2026-09-14T12:46:02.379Z,2026-09-13T13:26:02.379Z,telemetry,boiler_01,12,5,55,200,65,65
,,0,2026-09-13T12:46:02.379Z,2026-09-14T12:46:02.379Z,2026-09-13T13:26:32.379Z,telemetry,boiler_01,12,5,55,201,65,65
,,0,2026-09-13T12:46:02.379Z,2026-09-14T12:46:02.379Z,2026-09-13T13:27:02.38Z,telemetry,boiler_01,12,5,55,202,65,65
,,0,2026-09-13T12:46:02.379Z,2026-09-14T12:46:02.379Z,2026-09-13T13:27:32.379Z,telemetry,boiler_01,12,5,55,203,65,65
,,0,2026-09-13T12:46:02.379Z,2026-09-14T12:46:02.379Z,2026-09-13T13:28:02.379Z,telemetry,boiler_01,12,5,55,204,65,65
,,0,2026-09-13T12:46:02.379Z,2026-09-14T12:46:02.379Z,2026-09-13T13:28:32.379Z,telemetry,boiler_01,12,5,55,205,65,65
,,0,2026-09-13T12:46:02.379Z,2026-09-14T12:46:02.379Z,2026-09-13T13:29:02.379Z,telemetry,boiler_01,12,5,55,206,65,65
,,0,2026-09-13T12:46:02.379Z,2026-09-14T12:46:02.379Z,2026-09-13T13:29:32.379Z,telemetry,boiler_01,12,5,55,207,65,65
,,0,2026-09-13T12:46:02.379Z,2026-09-14T12:46:02.379Z,2026-09-13T13:30:02.379Z,telemetry,boiler_01,12,0,54.85,208,65,64.85
,,0,2026-09-13T12:46:02.379Z,2026-09-14T12:46:02.379Z,2026-09-13T13:30:32.379Z,telemetry,boiler_01,12,0,52.66,209,65,62.66
,,0,2026-09-13T12:46:02.379Z,2026-09-14T12:46:02.379Z,2026-09-13T13:31:02.381Z,telemetry,boiler_01,12,0,50.58,210,65,60.58
,,0,2026-09-13T12:46:02.379Z,2026-09-14T12:46:02.379Z,2026-09-13T13:31:32.379Z,telemetry,boiler_01,12,0,48.6,211,65,58.6
,,0,2026-09-13T12:46:02.379Z,2026-09-14T12:46:02.379Z,2026-09-13T13:32:02.379Z,telemetry,boiler_01,12,0,46.72,212,65,56.72
,,0,2026-09-13T12:46:02.379Z,2026-09-14T12:46:02.379Z,2026-09-13T13:32:32.379Z,telemetry,boiler_01,12,0,44.93,213,65,54.93
,,0,2026-09-13T12:46:02.379Z,2026-09-14T12:46:02.379Z,2026-09-13T13:33:02.379Z,telemetry,boiler_01,12,0,43.23,214,65,53.23
,,0,2026-09-13T12:46:02.379Z,2026-09-14T12:46:02.379Z,2026-09-13T13:33:32.379Z,telemetry,boiler_01,12,0,41.61,215,65,51.61
,,0,2026-09-13T12:46:02.379Z,2026-09-14T12:46:02.379Z,2026-09-13T13:34:02.379Z,telemetry,boiler_01,12,0,40.06,216,65,50.06
,,0,2026-09-13T12:46:02.379Z,2026-09-14T12:46:02.379Z,2026-09-13T13:34:32.379Z,telemetry,boiler_01,12,0,38.6,217,65,48.6
,,0,2026-09-13T12:46:02.379Z,2026-09-14T12:46:02.379Z,2026-09-13T13:35:02.379Z,telemetry,boiler_01,12,0,37.2,218,65,47.2
,,0,2026-09-13T12:46:02.379Z,2026-09-14T12:46:02.379Z,2026-09-13T13:35:32.379Z,telemetry,boiler_01,12,0,35.88,219,65,45.88
,,0,2026-09-13T12:46:02.379Z,2026-09-14T12:46:02.379Z,2026-09-13T13:36:02.38Z,telemetry,boiler_01,12,0,34.61,220,65,44.61
,,0,2026-09-13T12:46:02.379Z,2026-09-14T12:46:02.379Z,2026-09-13T13:36:32.379Z,telemetry,boiler_01,12,0,33.41,221,65,43.41
,,0,2026-09-13T12:46:02.379Z,2026-09-14T12:46:02.379Z,2026-09-13T13:37:02.379Z,telemetry,boiler_01,12,0,32.27,222,65,42.27
,,0,2026-09-13T12:46:02.379Z,2026-09-14T12:46:02.379Z,2026-09-13T13:37:32.379Z,telemetry,boiler_01,12,0,31.19,223,65,41.19
,,0,2026-09-13T12:46:02.379Z,2026-09-14T12:46:02.379Z,2026-09-13T13:38:02.379Z,telemetry,boiler_01,12,0,30.15,224,65,40.15
,,0,2026-09-13T12:46:02.379Z,2026-09-14T12:46:02.379Z,2026-09-13T13:38:32.379Z,telemetry,boiler_01,12,0,29.17,225,65,39.17
,,0,2026-09-13T12:46:02.379Z,2026-09-14T12:46:02.379Z,2026-09-13T13:39:02.379Z,telemetry,boiler_01,12,0,28.23,226,65,38.23
,,0,2026-09-13T12:46:02.379Z,2026-09-14T12:46:02.379Z,2026-09-13T13:39:32.379Z,telemetry,boiler_01,12,0,27.35,227,65,37.35
,,0,2026-09-13T12:46:02.379Z,2026-09-14T12:46:02.379Z,2026-09-13T13:40:02.379Z,telemetry,boiler_01,12,5,28.74,228,65,38.74
,,0,2026-09-13T12:46:02.379Z,2026-09-14T12:46:02.379Z,2026-09-13T13:40:32.379Z,telemetry,boiler_01,12,5,47.09,229,65,57.09
,,0,2026-09-13T12:46:02.379Z,2026-09-14T12:46:02.379Z,2026-09-13T13:41:02.381Z,telemetry,boiler_01,12,5,52.62,230,65,62.62
,,0,2026-09-13T12:46:02.379Z,2026-09-14T12:46:02.379Z,2026-09-13T13:41:32.379Z,telemetry,boiler_01,12,5,54.28,231,65,64.28
,,0,2026-09-13T12:46:02.379Z,2026-09-14T12:46:02.379Z,2026-09-13T13:42:02.404Z,telemetry,boiler_01,12,5,54.78,232,65,64.78
,,0,2026-09-13T12:46:02.379Z,2026-09-14T12:46:02.379Z,2026-09-13T13:42:32.379Z,telemetry,boiler_01,12,5,54.93,233,65,64.93
,,0,2026-09-13T12:46:02.379Z,2026-09-14T12:46:02.379Z,2026-09-13T13:43:02.379Z,telemetry,boiler_01,12,5,54.98,234,65,64.98
,,0,2026-09-13T12:46:02.379Z,2026-09-14T12:46:02.379Z,2026-09-13T13:43:32.379Z,telemetry,boiler_01,12,5,54.99,235,65,64.99
,,0,2026-09-13T12:46:02.379Z,2026-09-14T12:46:02.379Z,2026-09-13T13:44:02.381Z,telemetry,boiler_01,12,5,55,236,65,65
,,0,2026-09-13T12:46:02.379Z,2026-09-14T12:46:02.379Z,2026-09-13T13:44:32.379Z,telemetry,boiler_01,12,5,55,237,65,65
,,0,2026-09-13T12:46:02.379Z,2026-09-14T12:46:02.379Z,2026-09-13T13:45:02.379Z,telemetry,boiler_01,12,5,55,238,65,65
,,0,2026-09-13T12:46:02.379Z,2026-09-14T12:46:02.379Z,2026-09-13T13:45:32.379Z,telemetry,boiler_01,12,5,55,239,65,65
,,0,2026-09-13T12:46:02.379Z,2026-09-14T12:46:02.379Z,2026-09-13T13:46:02.38Z,telemetry,boiler_01,12,5,55,240,65,65
,,0,2026-09-13T12:46:02.379Z,2026-09-14T12:46:02.379Z,2026-09-13T13:46:32.379Z,telemetry,boiler_01,12,5,55,241,65,65
,,0,2026-09-13T12:46:02.379Z,2026-09-14T12:46:02.379Z,2026-09-13T13:47:02.379Z,telemetry,boiler_01,12,5,55,242,65,65
,,0,2026-09-13T12:46:02.379Z,2026-09-14T12:46:02.379Z,2026-09-13T13:47:32.379Z,telemetry,boiler_01,12,5,55,243,65,65
,,0,2026-09-13T12:46:02.379Z,2026-09-14T12:46:02.379Z,2026-09-13T13:48:02.379Z,telemetry,boiler_01,12,5,55,244,65,65
,,0,2026-09-13T12:46:02.379Z,2026-09-14T12:46:02.379Z,2026-09-13T13:48:32.379Z,telemetry,boiler_01,12,5,55,245,65,65
,,0,2026-09-13T12:46:02.379Z,2026-09-14T12:46:02.379Z,2026-09-13T13:49:02.379Z,telemetry,boiler_01,12,5,55,246,65,65
,,0,2026-09-13T12:46:02.379Z,2026-09-14T12:46:02.379Z,2026-09-13T13:49:32.379Z,telemetry,boiler_01,12,5,55,247,65,65
,,0,2026-09-13T12:46:02.379Z,2026-09-14T12:46:02.379Z,2026-09-13T13:50:02.379Z,telemetry,boiler_01,12,0,54.85,248,65,64.85
,,0,2026-09-13T12:46:02.379Z,2026-09-14T12:46:02.379Z,2026-09-13T13:50:32.379Z,telemetry,boiler_01,12,0,52.66,249,65,62.66
,,0,2026-09-13T12:46:02.379Z,2026-09-14T12:46:02.379Z,2026-09-13T13:51:02.39Z,telemetry,boiler_01,12,0,50.58,250,65,60.58
,,0,2026-09-13T12:46:02.379Z,2026-09-14T12:46:02.379Z,2026-09-13T13:51:32.379Z,telemetry,boiler_01,12,0,48.6,251,65,58.6
,,0,2026-09-13T12:46:02.379Z,2026-09-14T12:46:02.379Z,2026-09-13T13:52:02.379Z,telemetry,boiler_01,12,0,46.72,252,65,56.72
,,0,2026-09-13T12:46:02.379Z,2026-09-14T12:46:02.379Z,2026-09-13T13:52:32.379Z,telemetry,boiler_01,12,0,44.93,253,65,54.93
,,0,2026-09-13T12:46:02.379Z,2026-09-14T12:46:02.379Z,2026-09-13T13:53:02.381Z,telemetry,boiler_01,12,0,43.23,254,65,53.23
,,0,2026-09-13T12:46:02.379Z,2026-09-14T12:46:02.379Z,2026-09-13T13:53:32.379Z,telemetry,boiler_01,12,0,41.61,255,65,51.61
,,0,2026-09-13T12:46:02.379Z,2026-09-14T12:46:02.379Z,2026-09-13T13:54:02.379Z,telemetry,boiler_01,12,0,40.06,256,65,50.06
,,0,2026-09-13T12:46:02.379Z,2026-09-14T12:46:02.379Z,2026-09-13T13:54:32.379Z,telemetry,boiler_01,12,0,38.6,257,65,48.6
,,0,2026-09-13T12:46:02.379Z,2026-09-14T12:46:02.379Z,2026-09-13T13:55:02.379Z,telemetry,boiler_01,12,0,37.2,258,65,47.2
,,0,2026-09-13T12:46:02.379Z,2026-09-14T12:46:02.379Z,2026-09-13T13:55:32.379Z,telemetry,boiler_01,12,0,35.88,259,65,45.88
,,0,2026-09-13T12:46:02.379Z,2026-09-14T12:46:02.379Z,2026-09-13T13:56:02.38Z,telemetry,boiler_01,12,0,34.61,260,65,44.61
,,0,2026-09-13T12:46:02.379Z,2026-09-14T12:46:02.379Z,2026-09-13T13:56:32.379Z,telemetry,boiler_01,12,0,33.41,261,65,43.41
,,0,2026-09-13T12:46:02.379Z,2026-09-14T12:46:02.379Z,2026-09-13T13:57:02.379Z,telemetry,boiler_01,12,0,32.27,262,65,42.27
,,0,2026-09-13T12:46:02.379Z,2026-09-14T12:46:02.379Z,2026-09-13T13:57:32.379Z,telemetry,boiler_01,12,0,31.19,263,65,41.19
,,0,2026-09-13T12:46:02.379Z,2026-09-14T12:46:02.379Z,2026-09-13T13:58:02.379Z,telemetry,boiler_01,12,0,30.15,264,65,40.15
,,0,2026-09-13T12:46:02.379Z,2026-09-14T12:46:02.379Z,2026-09-13T13:58:32.379Z,telemetry,boiler_01,12,0,29.17,265,65,39.17
,,0,2026-09-13T12:46:02.379Z,2026-09-14T12:46:02.379Z,2026-09-13T13:59:02.382Z,telemetry,boiler_01,12,0,28.23,266,65,38.23
,,0,2026-09-13T12:46:02.379Z,2026-09-14T12:46:02.379Z,2026-09-13T13:59:32.379Z,telemetry,boiler_01,12,0,27.35,267,65,37.35
,,0,2026-09-13T12:46:02.379Z,2026-09-14T12:46:02.379Z,2026-09-13T14:00:02.379Z,telemetry,boiler_01,12,5,28.74,268,65,38.74
,,0,2026-09-13T12:46:02.379Z,2026-09-14T12:46:02.379Z,2026-09-13T14:00:32.379Z,telemetry,boiler_01,12,5,47.09,269,65,57.09
,,0,2026-09-13T12:46:02.379Z,2026-09-14T12:46:02.379Z,2026-09-13T14:01:02.379Z,telemetry,boiler_01,12,5,52.62,270,65,62.62
,,0,2026-09-13T12:46:02.379Z,2026-09-14T12:46:02.379Z,2026-09-13T14:01:32.379Z,telemetry,boiler_01,12,5,54.28,271,65,64.28
,,0,2026-09-13T12:46:02.379Z,2026-09-14T12:46:02.379Z,2026-09-13T14:02:02.379Z,telemetry,boiler_01,12,5,54.78,272,65,64.78
,,0,2026-09-13T12:46:02.379Z,2026-09-14T12:46:02.379Z,2026-09-13T14:02:32.379Z,telemetry,boiler_01,12,5,54.93,273,65,64.93
,,0,2026-09-13T12:46:02.379Z,2026-09-14T12:46:02.379Z,2026-09-13T14:03:02.379Z,telemetry,boiler_01,12,5,54.98,274,65,64.98
,,0,2026-09-13T12:46:02.379Z,2026-09-14T12:46:02.379Z,2026-09-13T14:03:32.379Z,telemetry,boiler_01,12,5,54.99,275,65,64.99
,,0,2026-09-13T12:46:02.379Z,2026-09-14T12:46:02.379Z,2026-09-13T14:04:02.381Z,telemetry,boiler_01,12,5,55,276,65,65
,,0,2026-09-13T12:46:02.379Z,2026-09-14T12:46:02.379Z,2026-09-13T14:04:32.379Z,telemetry,boiler_01,12,5,55,277,65,65
,,0,2026-09-13T12:46:02.379Z,2026-09-14T12:46:02.379Z,2026-09-13T14:05:02.379Z,telemetry,boiler_01,12,5,55,278,65,65
,,0,2026-09-13T12:46:02.379Z,2026-09-14T12:46:02.379Z,2026-09-13T14:05:32.379Z,telemetry,boiler_01,12,5,55,279,65,65
,,0,2026-09-13T12:46:02.379Z,2026-09-14T12:46:02.379Z,2026-09-13T14:06:02.382Z,telemetry,boiler_01,12,5,55,280,65,65
,,0,2026-09-13T12:46:02.379Z,2026-09-14T12:46:02.379Z,2026-09-13T14:06:32.379Z,telemetry,boiler_01,12,5,55,281,65,65
,,0,2026-09-13T12:46:02.379Z,2026-09-14T12:46:02.379Z,2026-09-13T14:07:02.379Z,telemetry,boiler_01,12,5,55,282,65,65
,,0,2026-09-13T12:46:02.379Z,2026-09-14T12:46:02.379Z,2026-09-13T14:07:32.379Z,telemetry,boiler_01,12,5,55,283,65,65
,,0,2026-09-13T12:46:02.379Z,2026-09-14T12:46:02.379Z,2026-09-13T14:08:02.379Z,telemetry,boiler_01,12,5,55,284,65,65
,,0,2026-09-13T12:46:02.379Z,2026-09-14T12:46:02.379Z,2026-09-13T14:08:32.379Z,telemetry,boiler_01,12,5,55,285,65,65
,,0,2026-09-13T12:46:02.379Z,2026-09-14T12:46:02.379Z,2026-09-13T14:09:02.379Z,telemetry,boiler_01,12,5,55,286,65,65
,,0,2026-09-13T12:46:02.379Z,2026-09-14T12:46:02.379Z,2026-09-13T14:09:32.379Z,telemetry,boiler_01,12,5,55,287,65,65
,,0,2026-09-13T12:46:02.379Z,2026-09-14T12:46:02.379Z,2026-09-13T14:10:02.379Z,telemetry,boiler_01,12,0,54.85,288,65,64.85
,,0,2026-09-13T12:46:02.379Z,2026-09-14T12:46:02.379Z,2026-09-13T14:10:32.379Z,telemetry,boiler_01,12,0,52.66,289,65,62.66
,,0,2026-09-13T12:46:02.379Z,2026-09-14T12:46:02.379Z,2026-09-13T14:11:02.379Z,telemetry,boiler_01,12,0,50.58,290,65,60.58
,,0,2026-09-13T12:46:02.379Z,2026-09-14T12:46:02.379Z,2026-09-13T14:11:32.379Z,telemetry,boiler_01,12,0,48.6,291,65,58.6
,,0,2026-09-13T12:46:02.379Z,2026-09-14T12:46:02.379Z,2026-09-13T14:12:02.379Z,telemetry,boiler_01,12,0,46.72,292,65,56.72
,,0,2026-09-13T12:46:02.379Z,2026-09-14T12:46:02.379Z,2026-09-13T14:12:32.379Z,telemetry,boiler_01,12,0,44.93,293,65,54.93
,,0,2026-09-13T12:46:02.379Z,2026-09-14T12:46:02.379Z,2026-09-13T14:13:02.379Z,telemetry,boiler_01,12,0,43.23,294,65,53.23
,,0,2026-09-13T12:46:02.379Z,2026-09-14T12:46:02.379Z,2026-09-13T14:13:32.379Z,telemetry,boiler_01,12,0,41.61,295,65,51.61
,,0,2026-09-13T12:46:02.379Z,2026-09-14T12:46:02.379Z,2026-09-13T14:14:02.379Z,telemetry,boiler_01,12,0,40.06,296,65,50.06
,,0,2026-09-13T12:46:02.379Z,2026-09-14T12:46:02.379Z,2026-09-13T14:14:32.379Z,telemetry,boiler_01,12,0,38.6,297,65,48.6
,,0,2026-09-13T12:46:02.379Z,2026-09-14T12:46:02.379Z,2026-09-13T14:15:02.379Z,telemetry,boiler_01,12,0,37.2,298,65,47.2
,,0,2026-09-13T12:46:02.379Z,2026-09-14T12:46:02.379Z,2026-09-13T14:15:32.379Z,telemetry,boiler_01,12,0,35.88,299,65,45.88
,,0,2026-09-13T12:46:02.379Z,2026-09-14T12:46:02.379Z,2026-09-13T14:16:02.383Z,telemetry,boiler_01,12,0,34.61,300,65,44.61
,,0,2026-09-13T12:46:02.379Z,2026-09-14T12:46:02.379Z,2026-09-13T14:16:32.379Z,telemetry,boiler_01,12,0,33.41,301,65,43.41
,,0,2026-09-13T12:46:02.379Z,2026-09-14T12:46:02.379Z,2026-09-13T14:17:02.38Z,telemetry,boiler_01,12,0,32.27,302,65,42.27
,,0,2026-09-13T12:46:02.379Z,2026-09-14T12:46:02.379Z,2026-09-13T14:17:32.379Z,telemetry,boiler_01,12,0,31.19,303,65,41.19
,,0,2026-09-13T12:46:02.379Z,2026-09-14T12:46:02.379Z,2026-09-13T14:18:02.38Z,telemetry,boiler_01,12,0,30.15,304,65,40.15
,,0,2026-09-13T12:46:02.379Z,2026-09-14T12:46:02.379Z,2026-09-13T14:18:32.379Z,telemetry,boiler_01,12,0,29.17,305,65,39.17
,,0,2026-09-13T12:46:02.379Z,2026-09-14T12:46:02.379Z,2026-09-13T14:19:02.379Z,telemetry,boiler_01,12,0,28.23,306,65,38.23
,,0,2026-09-13T12:46:02.379Z,2026-09-14T12:46:02.379Z,2026-09-13T14:19:32.379Z,telemetry,boiler_01,12,0,27.35,307,65,37.35
,,0,2026-09-13T12:46:02.379Z,2026-09-14T12:46:02.379Z,2026-09-13T14:20:02.379Z,telemetry,boiler_01,12,5,28.74,308,65,38.74
,,0,2026-09-13T12:46:02.379Z,2026-09-14T12:46:02.379Z,2026-09-13T14:20:32.379Z,telemetry,boiler_01,12,5,47.09,309,65,57.09
,,0,2026-09-13T12:46:02.379Z,2026-09-14T12:46:02.379Z,2026-09-13T14:21:02.379Z,telemetry,boiler_01,12,5,52.62,310,65,62.62
,,0,2026-09-13T12:46:02.379Z,2026-09-14T12:46:02.379Z,2026-09-13T14:21:32.379Z,telemetry,boiler_01,12,5,54.28,311,65,64.28
,,0,2026-09-13T12:46:02.379Z,2026-09-14T12:46:02.379Z,2026-09-13T14:22:02.38Z,telemetry,boiler_01,12,5,54.78,312,65,64.78
,,0,2026-09-13T12:46:02.379Z,2026-09-14T12:46:02.379Z,2026-09-13T14:22:32.379Z,telemetry,boiler_01,12,5,54.93,313,65,64.93
,,0,2026-09-13T12:46:02.379Z,2026-09-14T12:46:02.379Z,2026-09-13T14:23:02.379Z,telemetry,boiler_01,12,5,54.98,314,65,64.98
,,0,2026-09-13T12:46:02.379Z,2026-09-14T12:46:02.379Z,2026-09-13T14:23:32.379Z,telemetry,boiler_01,12,5,54.99,315,65,64.99
,,0,2026-09-13T12:46:02.379Z,2026-09-14T12:46:02.379Z,2026-09-13T14:24:02.379Z,telemetry,boiler_01,12,5,55,316,65,65
,,0,2026-09-13T12:46:02.379Z,2026-09-14T12:46:02.379Z,2026-09-13T14:24:32.379Z,telemetry,boiler_01,12,5,55,317,65,65
,,0,2026-09-13T12:46:02.379Z,2026-09-14T12:46:02.379Z,2026-09-13T14:25:02.379Z,telemetry,boiler_01,12,5,55,318,65,65
,,0,2026-09-13T12:46:02.379Z,2026-09-14T12:46:02.379Z,2026-09-13T14:25:32.379Z,telemetry,boiler_01,12,5,55,319,65,65
,,0,2026-09-13T12:46:02.379Z,2026-09-14T12:46:02.379Z,2026-09-13T14:26:02.384Z,telemetry,boiler_01,12,5,55,320,65,65
,,0,2026-09-13T12:46:02.379Z,2026-09-14T12:46:02.379Z,2026-09-13T14:26:32.379Z,telemetry,boiler_01,12,5,55,321,65,65
,,0,2026-09-13T12:46:02.379Z,2026-09-14T12:46:02.379Z,2026-09-13T14:27:02.379Z,telemetry,boiler_01,12,5,55,322,65,65
,,0,2026-09-13T12:46:02.379Z,2026-09-14T12:46:02.379Z,2026-09-13T14:27:32.379Z,telemetry,boiler_01,12,5,55,323,65,65
,,0,2026-09-13T12:46:02.379Z,2026-09-14T12:46:02.379Z,2026-09-13T14:28:02.381Z,telemetry,boiler_01,12,5,55,324,65,65
,,0,2026-09-13T12:46:02.379Z,2026-09-14T12:46:02.379Z,2026-09-13T14:28:32.379Z,telemetry,boiler_01,12,5,55,325,65,65
,,0,2026-09-13T12:46:02.379Z,2026-09-14T12:46:02.379Z,2026-09-13T14:29:02.38Z,telemetry,boiler_01,12,5,55,326,65,65
,,0,2026-09-13T12:46:02.379Z,2026-09-14T12:46:02.379Z,2026-09-13T14:29:32.379Z,telemetry,boiler_01,12,5,55,327,65,65
,,0,2026-09-13T12:46:02.379Z,2026-09-14T12:46:02.379Z,2026-09-13T14:30:02.384Z,telemetry,boiler_01,12,0,54.85,328,65,64.85
,,0,2026-09-13T12:46:02.379Z,2026-09-14T12:46:02.379Z,2026-09-13T14:30:32.379Z,telemetry,boiler_01,12,0,52.66,329,65,62.66
,,0,2026-09-13T12:46:02.379Z,2026-09-14T12:46:02.379Z,2026-09-13T14:31:02.382Z,telemetry,boiler_01,12,0,50.58,330,65,60.58
,,0,2026-09-13T12:46:02.379Z,2026-09-14T12:46:02.379Z,2026-09-13T14:31:32.379Z,telemetry,boiler_01,12,0,48.6,331,65,58.6
,,0,2026-09-13T12:46:02.379Z,2026-09-14T12:46:02.379Z,2026-09-13T14:32:02.379Z,telemetry,boiler_01,12,0,46.72,332,65,56.72
,,0,2026-09-13T12:46:02.379Z,2026-09-14T12:46:02.379Z,2026-09-13T14:32:32.379Z,telemetry,boiler_01,12,0,44.93,333,65,54.93
,,0,2026-09-13T12:46:02.379Z,2026-09-14T12:46:02.379Z,2026-09-13T14:33:02.379Z,telemetry,boiler_01,12,0,43.23,334,65,53.23
,,0,2026-09-13T12:46:02.379Z,2026-09-14T12:46:02.379Z,2026-09-13T14:33:32.379Z,telemetry,boiler_01,12,0,41.61,335,65,51.61
,,0,2026-09-13T12:46:02.379Z,2026-09-14T12:46:02.379Z,2026-09-13T14:34:02.38Z,telemetry,boiler_01,12,0,40.06,336,65,50.06
,,0,2026-09-13T12:46:02.379Z,2026-09-14T12:46:02.379Z,2026-09-13T14:34:32.379Z,telemetry,boiler_01,12,0,38.6,337,65,48.6
,,0,2026-09-13T12:46:02.379Z,2026-09-14T12:46:02.379Z,2026-09-13T14:35:02.379Z,telemetry,boiler_01,12,0,37.2,338,65,47.2
,,0,2026-09-13T12:46:02.379Z,2026-09-14T12:46:02.379Z,2026-09-13T14:35:32.379Z,telemetry,boiler_01,12,0,35.88,339,65,45.88
,,0,2026-09-13T12:46:02.379Z,2026-09-14T12:46:02.379Z,2026-09-13T14:36:02.38Z,telemetry,boiler_01,12,0,34.61,340,65,44.61
,,0,2026-09-13T12:46:02.379Z,2026-09-14T12:46:02.379Z,2026-09-13T14:36:32.379Z,telemetry,boiler_01,12,0,33.41,341,65,43.41
,,0,2026-09-13T12:46:02.379Z,2026-09-14T12:46:02.379Z,2026-09-13T14:37:02.379Z,telemetry,boiler_01,12,0,32.27,342,65,42.27
,,0,2026-09-13T12:46:02.379Z,2026-09-14T12:46:02.379Z,2026-09-13T14:37:32.379Z,telemetry,boiler_01,12,0,31.19,343,65,41.19
,,0,2026-09-13T12:46:02.379Z,2026-09-14T12:46:02.379Z,2026-09-13T14:38:02.379Z,telemetry,boiler_01,12,0,30.15,344,65,40.15
,,0,2026-09-13T12:46:02.379Z,2026-09-14T12:46:02.379Z,2026-09-13T14:38:32.379Z,telemetry,boiler_01,12,0,29.17,345,65,39.17
,,0,2026-09-13T12:46:02.379Z,2026-09-14T12:46:02.379Z,2026-09-13T14:39:02.379Z,telemetry,boiler_01,12,0,28.23,346,65,38.23
,,0,2026-09-13T12:46:02.379Z,2026-09-14T12:46:02.379Z,2026-09-13T14:39:32.379Z,telemetry,boiler_01,12,0,27.35,347,65,37.35
,,0,2026-09-13T12:46:02.379Z,2026-09-14T12:46:02.379Z,2026-09-13T14:40:02.39Z,telemetry,boiler_01,12,5,28.74,348,65,38.74
,,0,2026-09-13T12:46:02.379Z,2026-09-14T12:46:02.379Z,2026-09-13T14:40:32.379Z,telemetry,boiler_01,12,5,47.09,349,65,57.09
,,0,2026-09-13T12:46:02.379Z,2026-09-14T12:46:02.379Z,2026-09-13T14:41:02.379Z,telemetry,boiler_01,12,5,52.62,350,65,62.62
,,0,2026-09-13T12:46:02.379Z,2026-09-14T12:46:02.379Z,2026-09-13T14:41:32.379Z,telemetry,boiler_01,12,5,54.28,351,65,64.28
,,0,2026-09-13T12:46:02.379Z,2026-09-14T12:46:02.379Z,2026-09-13T14:42:02.379Z,telemetry,boiler_01,12,5,54.78,352,65,64.78
,,0,2026-09-13T12:46:02.379Z,2026-09-14T12:46:02.379Z,2026-09-13T14:42:32.379Z,telemetry,boiler_01,12,5,54.93,353,65,64.93
,,0,2026-09-13T12:46:02.379Z,2026-09-14T12:46:02.379Z,2026-09-13T14:43:02.379Z,telemetry,boiler_01,12,5,54.98,354,65,64.98
,,0,2026-09-13T12:46:02.379Z,2026-09-14T12:46:02.379Z,2026-09-13T14:43:32.379Z,telemetry,boiler_01,12,5,54.99,355,65,64.99
,,0,2026-09-13T12:46:02.379Z,2026-09-14T12:46:02.379Z,2026-09-13T14:44:02.38Z,telemetry,boiler_01,12,5,55,356,65,65
,,0,2026-09-13T12:46:02.379Z,2026-09-14T12:46:02.379Z,2026-09-13T14:44:32.379Z,telemetry,boiler_01,12,5,55,357,65,65
,,0,2026-09-13T12:46:02.379Z,2026-09-14T12:46:02.379Z,2026-09-13T14:45:02.38Z,telemetry,boiler_01,12,5,55,358,65,65
,,0,2026-09-13T12:46:02.379Z,2026-09-14T12:46:02.379Z,2026-09-13T14:45:32.379Z,telemetry,boiler_01,12,5,55,359,65,65
,,0,2026-09-13T12:46:02.379Z,2026-09-14T12:46:02.379Z,2026-09-13T14:46:02.379Z,telemetry,boiler_01,12,5,55,360,65,65
,,0,2026-09-13T12:46:02.379Z,2026-09-14T12:46:02.379Z,2026-09-13T14:46:32.379Z,telemetry,boiler_01,12,5,55,361,65,65
,,0,2026-09-13T12:46:02.379Z,2026-09-14T12:46:02.379Z,2026-09-13T14:47:02.38Z,telemetry,boiler_01,12,5,55,362,65,65
,,0,2026-09-13T12:46:02.379Z,2026-09-14T12:46:02.379Z,2026-09-13T14:47:32.379Z,telemetry,boiler_01,12,5,55,363,65,65
,,0,2026-09-13T12:46:02.379Z,2026-09-14T12:46:02.379Z,2026-09-13T14:48:02.38Z,telemetry,boiler_01,12,5,55,364,65,65
,,0,2026-09-13T12:46:02.379Z,2026-09-14T12:46:02.379Z,2026-09-13T14:48:32.379Z,telemetry,boiler_01,12,5,55,365,65,65
,,0,2026-09-13T12:46:02.379Z,2026-09-14T12:46:02.379Z,2026-09-13T14:49:02.379Z,telemetry,boiler_01,12,5,55,366,65,65
,,0,2026-09-13T12:46:02.379Z,2026-09-14T12:46:02.379Z,2026-09-13T14:49:32.379Z,telemetry,boiler_01,12,5,55,367,65,65
,,0,2026-09-13T12:46:02.379Z,2026-09-14T12:46:02.379Z,2026-09-13T14:50:02.379Z,telemetry,boiler_01,12,0,54.85,368,65,64.85
,,0,2026-09-13T12:46:02.379Z,2026-09-14T12:46:02.379Z,2026-09-13T14:50:32.379Z,telemetry,boiler_01,12,0,52.66,369,65,62.66
,,0,2026-09-13T12:46:02.379Z,2026-09-14T12:46:02.379Z,2026-09-13T14:51:02.379Z,telemetry,boiler_01,12,0,50.58,370,65,60.58
,,0,2026-09-13T12:46:02.379Z,2026-09-14T12:46:02.379Z,2026-09-13T14:51:32.379Z,telemetry,boiler_01,12,0,48.6,371,65,58.6
,,0,2026-09-13T12:46:02.379Z,2026-09-14T12:46:02.379Z,2026-09-13T14:52:02.379Z,telemetry,boiler_01,12,0,46.72,372,65,56.72
,,0,2026-09-13T12:46:02.379Z,2026-09-14T12:46:02.379Z,2026-09-13T14:52:32.379Z,telemetry,boiler_01,12,0,44.93,373,65,54.93
,,0,2026-09-13T12:46:02.379Z,2026-09-14T12:46:02.379Z,2026-09-13T14:53:02.379Z,telemetry,boiler_01,12,0,43.23,374,65,53.23
,,0,2026-09-13T12:46:02.379Z,2026-09-14T12:46:02.379Z,2026-09-13T14:53:32.379Z,telemetry,boiler_01,12,0,41.61,375,65,51.61
,,0,2026-09-13T12:46:02.379Z,2026-09-14T12:46:02.379Z,2026-09-13T14:54:02.379Z,telemetry,boiler_01,12,0,40.06,376,65,50.06
,,0,2026-09-13T12:46:02.379Z,2026-09-14T12:46:02.379Z,2026-09-13T14:54:32.379Z,telemetry,boiler_01,12,0,38.6,377,65,48.6
,,0,2026-09-13T12:46:02.379Z,2026-09-14T12:46:02.379Z,2026-09-13T14:55:02.379Z,telemetry,boiler_01,12,0,37.2,378,65,47.2
,,0,2026-09-13T12:46:02.379Z,2026-09-14T12:46:02.379Z,2026-09-13T14:55:32.379Z,telemetry,boiler_01,12,0,35.88,379,65,45.88
,,0,2026-09-13T12:46:02.379Z,2026-09-14T12:46:02.379Z,2026-09-13T14:56:02.382Z,telemetry,boiler_01,12,0,34.61,380,65,44.61
,,0,2026-09-13T12:46:02.379Z,2026-09-14T12:46:02.379Z,2026-09-13T14:56:32.379Z,telemetry,boiler_01,12,0,33.41,381,65,43.41
,,0,2026-09-13T12:46:02.379Z,2026-09-14T12:46:02.379Z,2026-09-13T14:57:02.38Z,telemetry,boiler_01,12,0,32.27,382,65,42.27
,,0,2026-09-13T12:46:02.379Z,2026-09-14T12:46:02.379Z,2026-09-13T14:57:32.379Z,telemetry,boiler_01,12,0,31.19,383,65,41.19
,,0,2026-09-13T12:46:02.379Z,2026-09-14T12:46:02.379Z,2026-09-13T14:58:02.379Z,telemetry,boiler_01,12,0,30.15,384,65,40.15
,,0,2026-09-13T12:46:02.379Z,2026-09-14T12:46:02.379Z,2026-09-13T14:58:32.379Z,telemetry,boiler_01,12,0,29.17,385,65,39.17
,,0,2026-09-13T12:46:02.379Z,2026-09-14T12:46:02.379Z,2026-09-13T14:59:02.379Z,telemetry,boiler_01,12,0,28.23,386,65,38.23
,,0,2026-09-13T12:46:02.379Z,2026-09-14T12:46:02.379Z,2026-09-13T14:59:32.379Z,telemetry,boiler_01,12,0,27.35,387,65,37.35
,,0,2026-09-13T12:46:02.379Z,2026-09-14T12:46:02.379Z,2026-09-13T15:00:02.379Z,telemetry,boiler_01,12,5,28.74,388,65,38.74
,,0,2026-09-13T12:46:02.379Z,2026-09-14T12:46:02.379Z,2026-09-13T15:00:32.379Z,telemetry,boiler_01,12,5,47.09,389,65,57.09
,,0,2026-09-13T12:46:02.379Z,2026-09-14T12:46:02.379Z,2026-09-13T15:01:02.379Z,telemetry,boiler_01,12,5,52.62,390,65,62.62
,,0,2026-09-13T12:46:02.379Z,2026-09-14T12:46:02.379Z,2026-09-13T15:01:32.379Z,telemetry,boiler_01,12,5,54.28,391,65,64.28
,,0,2026-09-13T12:46:02.379Z,2026-09-14T12:46:02.379Z,2026-09-13T15:02:02.379Z,telemetry,boiler_01,12,5,54.78,392,65,64.78
,,0,2026-09-13T12:46:02.379Z,2026-09-14T12:46:02.379Z,2026-09-13T15:02:32.379Z,telemetry,boiler_01,12,5,54.93,393,65,64.93
,,0,2026-09-13T12:46:02.379Z,2026-09-14T12:46:02.379Z,2026-09-13T15:03:02.38Z,telemetry,boiler_01,12,5,54.98,394,65,64.98
,,0,2026-09-13T12:46:02.379Z,2026-09-14T12:46:02.379Z,2026-09-13T15:03:32.379Z,telemetry,boiler_01,12,5,54.99,395,65,64.99
,,0,2026-09-13T12:46:02.379Z,2026-09-14T12:46:02.379Z,2026-09-13T15:04:02.379Z,telemetry,boiler_01,12,5,55,396,65,65
,,0,2026-09-13T12:46:02.379Z,2026-09-14T12:46:02.379Z,2026-09-13T15:04:32.379Z,telemetry,boiler_01,12,5,55,397,65,65
,,0,2026-09-13T12:46:02.379Z,2026-09-14T12:46:02.379Z,2026-09-13T15:05:02.379Z,telemetry,boiler_01,12,5,55,398,65,65
,,0,2026-09-13T12:46:02.379Z,2026-09-14T12:46:02.379Z,2026-09-13T15:05:32.379Z,telemetry,boiler_01,12,5,55,399,65,65
,,0,2026-09-13T12:46:02.379Z,2026-09-14T12:46:02.379Z,2026-09-13T15:06:02.379Z,telemetry,boiler_01,12,5,55,400,65,65
,,0,2026-09-13T12:46:02.379Z,2026-09-14T12:46:02.379Z,2026-09-13T15:06:32.379Z,telemetry,boiler_01,12,5,55,401,65,65
,,0,2026-09-13T12:46:02.379Z,2026-09-14T12:46:02.379Z,2026-09-13T15:07:02.379Z,telemetry,boiler_01,12,5,55,402,65,65
,,0,2026-09-13T12:46:02.379Z,2026-09-14T12:46:02.379Z,2026-09-13T15:07:32.379Z,telemetry,boiler_01,12,5,55,403,65,65
,,0,2026-09-13T12:46:02.379Z,2026-09-14T12:46:02.379Z,2026-09-13T15:08:02.379Z,telemetry,boiler_01,12,5,55,404,65,65
,,0,2026-09-13T12:46:02.379Z,2026-09-14T12:46:02.379Z,2026-09-13T15:08:32.379Z,telemetry,boiler_01,12,5,55,405,65,65
,,0,2026-09-13T12:46:02.379Z,2026-09-14T12:46:02.379Z,2026-09-13T15:09:02.379Z,telemetry,boiler_01,12,5,55,406,65,65
,,0,2026-09-13T12:46:02.379Z,2026-09-14T12:46:02.379Z,2026-09-13T15:09:32.379Z,telemetry,boiler_01,12,5,55,407,65,65
,,0,2026-09-13T12:46:02.379Z,2026-09-14T12:46:02.379Z,2026-09-13T15:10:02.379Z,telemetry,boiler_01,12,0,54.85,408,65,64.85
,,0,2026-09-13T12:46:02.379Z,2026-09-14T12:46:02.379Z,2026-09-13T15:10:32.379Z,telemetry,boiler_01,12,0,52.66,409,65,62.66
,,0,2026-09-13T12:46:02.379Z,2026-09-14T12:46:02.379Z,2026-09-13T15:11:02.379Z,telemetry,boiler_01,12,0,50.58,410,65,60.58
,,0,2026-09-13T12:46:02.379Z,2026-09-14T12:46:02.379Z,2026-09-13T15:11:32.379Z,telemetry,boiler_01,12,0,48.6,411,65,58.6
,,0,2026-09-13T12:46:02.379Z,2026-09-14T12:46:02.379Z,2026-09-13T15:12:02.38Z,telemetry,boiler_01,12,0,46.72,412,65,56.72
,,0,2026-09-13T12:46:02.379Z,2026-09-14T12:46:02.379Z,2026-09-13T15:12:32.379Z,telemetry,boiler_01,12,0,44.93,413,65,54.93
,,0,2026-09-13T12:46:02.379Z,2026-09-14T12:46:02.379Z,2026-09-13T15:13:02.379Z,telemetry,boiler_01,12,0,43.23,414,65,53.23
,,0,2026-09-13T12:46:02.379Z,2026-09-14T12:46:02.379Z,2026-09-13T15:13:32.379Z,telemetry,boiler_01,12,0,41.61,415,65,51.61
,,0,2026-09-13T12:46:02.379Z,2026-09-14T12:46:02.379Z,2026-09-13T15:14:02.379Z,telemetry,boiler_01,12,0,40.06,416,65,50.06
,,0,2026-09-13T12:46:02.379Z,2026-09-14T12:46:02.379Z,2026-09-13T15:14:32.379Z,telemetry,boiler_01,12,0,38.6,417,65,48.6
,,0,2026-09-13T12:46:02.379Z,2026-09-14T12:46:02.379Z,2026-09-13T15:15:02.38Z,telemetry,boiler_01,12,0,37.2,418,65,47.2
,,0,2026-09-13T12:46:02.379Z,2026-09-14T12:46:02.379Z,2026-09-13T15:15:32.379Z,telemetry,boiler_01,12,0,35.88,419,65,45.88
,,0,2026-09-13T12:46:02.379Z,2026-09-14T12:46:02.379Z,2026-09-13T15:16:02.379Z,telemetry,boiler_01,12,0,34.61,420,65,44.61
,,0,2026-09-13T12:46:02.379Z,2026-09-14T12:46:02.379Z,2026-09-13T15:16:32.379Z,telemetry,boiler_01,12,0,33.41,421,65,43.41
,,0,2026-09-13T12:46:02.379Z,2026-09-14T12:46:02.379Z,2026-09-13T15:17:02.379Z,telemetry,boiler_01,12,0,32.27,422,65,42.27
,,0,2026-09-13T12:46:02.379Z,2026-09-14T12:46:02.379Z,2026-09-13T15:17:32.379Z,telemetry,boiler_01,12,0,31.19,423,65,41.19
,,0,2026-09-13T12:46:02.379Z,2026-09-14T12:46:02.379Z,2026-09-13T15:18:02.38Z,telemetry,boiler_01,12,0,30.15,424,65,40.15
,,0,2026-09-13T12:46:02.379Z,2026-09-14T12:46:02.379Z,2026-09-13T15:18:32.379Z,telemetry,boiler_01,12,0,29.17,425,65,39.17
,,0,2026-09-13T12:46:02.379Z,2026-09-14T12:46:02.379Z,2026-09-13T15:19:02.382Z,telemetry,boiler_01,12,0,28.23,426,65,38.23
,,0,2026-09-13T12:46:02.379Z,2026-09-14T12:46:02.379Z,2026-09-13T15:19:32.379Z,telemetry,boiler_01,12,0,27.35,427,65,37.35
,,0,2026-09-13T12:46:02.379Z,2026-09-14T12:46:02.379Z,2026-09-13T15:20:02.379Z,telemetry,boiler_01,12,5,28.74,428,65,38.74
,,0,2026-09-13T12:46:02.379Z,2026-09-14T12:46:02.379Z,2026-09-13T15:20:32.379Z,telemetry,boiler_01,12,5,47.09,429,65,57.09
,,0,2026-09-13T12:46:02.379Z,2026-09-14T12:46:02.379Z,2026-09-13T15:21:02.38Z,telemetry,boiler_01,12,5,52.62,430,65,62.62
,,0,2026-09-13T12:46:02.379Z,2026-09-14T12:46:02.379Z,2026-09-13T15:21:32.379Z,telemetry,boiler_01,12,5,54.28,431,65,64.28
,,0,2026-09-13T12:46:02.379Z,2026-09-14T12:46:02.379Z,2026-09-13T15:22:02.379Z,telemetry,boiler_01,12,5,54.78,432,65,64.78
,,0,2026-09-13T12:46:02.379Z,2026-09-14T12:46:02.379Z,2026-09-13T15:22:32.379Z,telemetry,boiler_01,12,5,54.93,433,65,64.93
,,0,2026-09-13T12:46:02.379Z,2026-09-14T12:46:02.379Z,2026-09-13T15:23:02.379Z,telemetry,boiler_01,12,5,54.98,434,65,64.98
,,0,2026-09-13T12:46:02.379Z,2026-09-14T12:46:02.379Z,2026-09-13T15:23:32.379Z,telemetry,boiler_01,12,5,54.99,435,65,64.99
,,0,2026-09-13T12:46:02.379Z,2026-09-14T12:46:02.379Z,2026-09-13T15:24:02.379Z,telemetry,boiler_01,12,5,55,436,65,65
,,0,2026-09-13T12:46:02.379Z,2026-09-14T12:46:02.379Z,2026-09-13T15:24:32.379Z,telemetry,boiler_01,12,5,55,437,65,65
,,0,2026-09-13T12:46:02.379Z,2026-09-14T12:46:02.379Z,2026-09-13T15:25:02.379Z,telemetry,boiler_01,12,5,55,438,65,65
,,0,2026-09-13T12:46:02.379Z,2026-09-14T12:46:02.379Z,2026-09-13T15:25:32.379Z,telemetry,boiler_01,12,5,55,439,65,65
,,0,2026-09-13T12:46:02.379Z,2026-09-14T12:46:02.379Z,2026-09-13T15:26:02.38Z,telemetry,boiler_01,12,5,55,440,65,65
,,0,2026-09-13T12:46:02.379Z,2026-09-14T12:46:02.379Z,2026-09-13T15:26:32.379Z,telemetry,boiler_01,12,5,55,441,65,65
,,0,2026-09-13T12:46:02.379Z,2026-09-14T12:46:02.379Z,2026-09-13T15:27:02.379Z,telemetry,boiler_01,12,5,55,442,65,65
,,0,2026-09-13T12:46:02.379Z,2026-09-14T12:46:02.379Z,2026-09-13T15:27:32.379Z,telemetry,boiler_01,12,5,55,443,65,65
,,0,2026-09-13T12:46:02.379Z,2026-09-14T12:46:02.379Z,2026-09-13T15:28:02.379Z,telemetry,boiler_01,12,5,55,444,65,65
,,0,2026-09-13T12:46:02.379Z,2026-09-14T12:46:02.379Z,2026-09-13T15:28:32.379Z,telemetry,boiler_01,12,5,55,445,65,65
,,0,2026-09-13T12:46:02.379Z,2026-09-14T12:46:02.379Z,2026-09-13T15:29:02.379Z,telemetry,boiler_01,12,5,55,446,65,65
,,0,2026-09-13T12:46:02.379Z,2026-09-14T12:46:02.379Z,2026-09-13T15:29:32.379Z,telemetry,boiler_01,12,5,55,447,65,65
,,0,2026-09-13T12:46:02.379Z,2026-09-14T12:46:02.379Z,2026-09-13T15:30:02.379Z,telemetry,boiler_01,12,0,54.85,448,65,64.85
,,0,2026-09-13T12:46:02.379Z,2026-09-14T12:46:02.379Z,2026-09-13T15:30:32.379Z,telemetry,boiler_01,12,0,52.66,449,65,62.66
,,0,2026-09-13T12:46:02.379Z,2026-09-14T12:46:02.379Z,2026-09-13T15:31:02.379Z,telemetry,boiler_01,12,0,50.58,450,65,60.58
,,0,2026-09-13T12:46:02.379Z,2026-09-14T12:46:02.379Z,2026-09-13T15:31:32.379Z,telemetry,boiler_01,12,0,48.6,451,65,58.6
,,0,2026-09-13T12:46:02.379Z,2026-09-14T12:46:02.379Z,2026-09-13T15:32:02.379Z,telemetry,boiler_01,12,0,46.72,452,65,56.72
,,0,2026-09-13T12:46:02.379Z,2026-09-14T12:46:02.379Z,2026-09-13T15:32:32.379Z,telemetry,boiler_01,12,0,44.93,453,65,54.93
,,0,2026-09-13T12:46:02.379Z,2026-09-14T12:46:02.379Z,2026-09-13T15:33:02.379Z,telemetry,boiler_01,12,0,43.23,454,65,53.23
,,0,2026-09-13T12:46:02.379Z,2026-09-14T12:46:02.379Z,2026-09-13T15:33:32.379Z,telemetry,boiler_01,12,0,41.61,455,65,51.61
,,0,2026-09-13T12:46:02.379Z,2026-09-14T12:46:02.379Z,2026-09-13T15:34:02.381Z,telemetry,boiler_01,12,0,40.06,456,65,50.06
,,0,2026-09-13T12:46:02.379Z,2026-09-14T12:46:02.379Z,2026-09-13T15:34:32.379Z,telemetry,boiler_01,12,0,38.6,457,65,48.6
,,0,2026-09-13T12:46:02.379Z,2026-09-14T12:46:02.379Z,2026-09-13T15:35:02.38Z,telemetry,boiler_01,12,0,37.2,458,65,47.2
,,0,2026-09-13T12:46:02.379Z,2026-09-14T12:46:02.379Z,2026-09-13T15:35:32.379Z,telemetry,boiler_01,12,0,35.88,459,65,45.88
,,0,2026-09-13T12:46:02.379Z,2026-09-14T12:46:02.379Z,2026-09-13T15:36:02.379Z,telemetry,boiler_01,12,0,34.61,460,65,44.61
,,0,2026-09-13T12:46:02.379Z,2026-09-14T12:46:02.379Z,2026-09-13T15:36:32.379Z,telemetry,boiler_01,12,0,33.41,461,65,43.41
,,0,2026-09-13T12:46:02.379Z,2026-09-14T12:46:02.379Z,2026-09-13T15:37:02.379Z,telemetry,boiler_01,12,0,32.27,462,65,42.27
,,0,2026-09-13T12:46:02.379Z,2026-09-14T12:46:02.379Z,2026-09-13T15:37:32.379Z,telemetry,boiler_01,12,0,31.19,463,65,41.19
,,0,2026-09-13T12:46:02.379Z,2026-09-14T12:46:02.379Z,2026-09-13T15:38:02.379Z,telemetry,boiler_01,12,0,30.15,464,65,40.15
,,0,2026-09-13T12:46:02.379Z,2026-09-14T12:46:02.379Z,2026-09-13T15:38:32.379Z,telemetry,boiler_01,12,0,29.17,465,65,39.17
,,0,2026-09-13T12:46:02.379Z,2026-09-14T12:46:02.379Z,2026-09-13T15:39:02.379Z,telemetry,boiler_01,12,0,28.23,466,65,38.23
,,0,2026-09-13T12:46:02.379Z,2026-09-14T12:46:02.379Z,2026-09-13T15:39:32.379Z,telemetry,boiler_01,12,0,27.35,467,65,37.35
,,0,2026-09-13T12:46:02.379Z,2026-09-14T12:46:02.379Z,2026-09-13T15:40:02.379Z,telemetry,boiler_01,12,5,28.74,468,65,38.74
,,0,2026-09-13T12:46:02.379Z,2026-09-14T12:46:02.379Z,2026-09-13T15:40:32.379Z,telemetry,boiler_01,12,5,47.09,469,65,57.09
,,0,2026-09-13T12:46:02.379Z,2026-09-14T12:46:02.379Z,2026-09-13T15:41:02.38Z,telemetry,boiler_01,12,5,52.62,470,65,62.62
,,0,2026-09-13T12:46:02.379Z,2026-09-14T12:46:02.379Z,2026-09-13T15:41:32.379Z,telemetry,boiler_01,12,5,54.28,471,65,64.28
,,0,2026-09-13T12:46:02.379Z,2026-09-14T12:46:02.379Z,2026-09-13T15:42:02.379Z,telemetry,boiler_01,12,5,54.78,472,65,64.78
,,0,2026-09-13T12:46:02.379Z,2026-09-14T12:46:02.379Z,2026-09-13T15:42:32.379Z,telemetry,boiler_01,12,5,54.93,473,65,64.93
,,0,2026-09-13T12:46:02.379Z,2026-09-14T12:46:02.379Z,2026-09-13T15:43:02.379Z,telemetry,boiler_01,12,5,54.98,474,65,64.98
,,0,2026-09-13T12:46:02.379Z,2026-09-14T12:46:02.379Z,2026-09-13T15:43:32.379Z,telemetry,boiler_01,12,5,54.99,475,65,64.99
,,0,2026-09-13T12:46:02.379Z,2026-09-14T12:46:02.379Z,2026-09-13T15:44:02.379Z,telemetry,boiler_01,12,5,55,476,65,65
,,0,2026-09-13T12:46:02.379Z,2026-09-14T12:46:02.379Z,2026-09-13T15:44:32.379Z,telemetry,boiler_01,12,5,55,477,65,65
,,0,2026-09-13T12:46:02.379Z,2026-09-14T12:46:02.379Z,2026-09-13T15:45:02.379Z,telemetry,boiler_01,12,5,55,478,65,65
,,0,2026-09-13T12:46:02.379Z,2026-09-14T12:46:02.379Z,2026-09-13T15:45:32.379Z,telemetry,boiler_01,12,5,55,479,65,65
,,0,2026-09-13T12:46:02.379Z,2026-09-14T12:46:02.379Z,2026-09-13T15:46:02.379Z,telemetry,boiler_01,12,5,55,480,65,65
,,0,2026-09-13T12:46:02.379Z,2026-09-14T12:46:02.379Z,2026-09-13T15:46:32.379Z,telemetry,boiler_01,12,5,55,481,65,65
,,0,2026-09-13T12:46:02.379Z,2026-09-14T12:46:02.379Z,2026-09-13T15:47:02.379Z,telemetry,boiler_01,12,5,55,482,65,65
,,0,2026-09-13T12:46:02.379Z,2026-09-14T12:46:02.379Z,2026-09-13T15:47:32.379Z,telemetry,boiler_01,12,5,55,483,65,65
,,0,2026-09-13T12:46:02.379Z,2026-09-14T12:46:02.379Z,2026-09-13T15:48:02.379Z,telemetry,boiler_01,12,5,55,484,65,65
,,0,2026-09-13T12:46:02.379Z,2026-09-14T12:46:02.379Z,2026-09-13T15:48:32.379Z,telemetry,boiler_01,12,5,55,485,65,65
,,0,2026-09-13T12:46:02.379Z,2026-09-14T12:46:02.379Z,2026-09-13T15:49:02.379Z,telemetry,boiler_01,12,5,55,486,65,65
,,0,2026-09-13T12:46:02.379Z,2026-09-14T12:46:02.379Z,2026-09-13T15:49:32.379Z,telemetry,boiler_01,12,5,55,487,65,65
,,0,2026-09-13T12:46:02.379Z,2026-09-14T12:46:02.379Z,2026-09-13T15:50:02.381Z,telemetry,boiler_01,12,0,54.85,488,65,64.85
,,0,2026-09-13T12:46:02.379Z,2026-09-14T12:46:02.379Z,2026-09-13T15:50:32.379Z,telemetry,boiler_01,12,0,52.66,489,65,62.66
,,0,2026-09-13T12:46:02.379Z,2026-09-14T12:46:02.379Z,2026-09-13T15:51:02.379Z,telemetry,boiler_01,12,0,50.58,490,65,60.58
,,0,2026-09-13T12:46:02.379Z,2026-09-14T12:46:02.379Z,2026-09-13T15:51:32.379Z,telemetry,boiler_01,12,0,48.6,491,65,58.6
,,0,2026-09-13T12:46:02.379Z,2026-09-14T12:46:02.379Z,2026-09-13T15:52:02.38Z,telemetry,boiler_01,12,0,46.72,492,65,56.72
,,0,2026-09-13T12:46:02.379Z,2026-09-14T12:46:02.379Z,2026-09-13T15:52:32.379Z,telemetry,boiler_01,12,0,44.93,493,65,54.93
,,0,2026-09-13T12:46:02.379Z,2026-09-14T12:46:02.379Z,2026-09-13T15:53:02.379Z,telemetry,boiler_01,12,0,43.23,494,65,53.23
,,0,2026-09-13T12:46:02.379Z,2026-09-14T12:46:02.379Z,2026-09-13T15:53:32.379Z,telemetry,boiler_01,12,0,41.61,495,65,51.61
,,0,2026-09-13T12:46:02.379Z,2026-09-14T12:46:02.379Z,2026-09-13T15:54:02.38Z,telemetry,boiler_01,12,0,40.06,496,65,50.06
,,0,2026-09-13T12:46:02.379Z,2026-09-14T12:46:02.379Z,2026-09-13T15:54:32.379Z,telemetry,boiler_01,12,0,38.6,497,65,48.6
,,0,2026-09-13T12:46:02.379Z,2026-09-14T12:46:02.379Z,2026-09-13T15:55:02.379Z,telemetry,boiler_01,12,0,37.2,498,65,47.2
,,0,2026-09-13T12:46:02.379Z,2026-09-14T12:46:02.379Z,2026-09-13T15:55:32.379Z,telemetry,boiler_01,12,0,35.88,499,65,45.88
,,0,2026-09-13T12:46:02.379Z,2026-09-14T12:46:02.379Z,2026-09-13T15:56:02.38Z,telemetry,boiler_01,12,0,34.61,500,65,44.61
,,0,2026-09-13T12:46:02.379Z,2026-09-14T12:46:02.379Z,2026-09-13T15:56:32.379Z,telemetry,boiler_01,12,0,33.41,501,65,43.41
,,0,2026-09-13T12:46:02.379Z,2026-09-14T12:46:02.379Z,2026-09-13T15:57:02.379Z,telemetry,boiler_01,12,0,32.27,502,65,42.27
,,0,2026-09-13T12:46:02.379Z,2026-09-14T12:46:02.379Z,2026-09-13T15:57:32.379Z,telemetry,boiler_01,12,0,31.19,503,65,41.19
,,0,2026-09-13T12:46:02.379Z,2026-09-14T12:46:02.379Z,2026-09-13T15:58:02.38Z,telemetry,boiler_01,12,0,30.15,504,65,40.15
,,0,2026-09-13T12:46:02.379Z,2026-09-14T12:46:02.379Z,2026-09-13T15:58:32.379Z,telemetry,boiler_01,12,0,29.17,505,65,39.17
,,0,2026-09-13T12:46:02.379Z,2026-09-14T12:46:02.379Z,2026-09-13T15:59:02.38Z,telemetry,boiler_01,12,0,28.23,506,65,38.23
,,0,2026-09-13T12:46:02.379Z,2026-09-14T12:46:02.379Z,2026-09-13T15:59:32.379Z,telemetry,boiler_01,12,0,27.35,507,65,37.35
,,0,2026-09-13T12:46:02.379Z,2026-09-14T12:46:02.379Z,2026-09-13T16:00:02.379Z,telemetry,boiler_01,12,5,28.74,508,65,38.74
,,0,2026-09-13T12:46:02.379Z,2026-09-14T12:46:02.379Z,2026-09-13T16:00:32.379Z,telemetry,boiler_01,12,5,47.09,509,65,57.09
,,0,2026-09-13T12:46:02.379Z,2026-09-14T12:46:02.379Z,2026-09-13T16:01:02.38Z,telemetry,boiler_01,12,5,52.62,510,65,62.62
,,0,2026-09-13T12:46:02.379Z,2026-09-14T12:46:02.379Z,2026-09-13T16:01:32.379Z,telemetry,boiler_01,12,5,54.28,511,65,64.28
,,0,2026-09-13T12:46:02.379Z,2026-09-14T12:46:02.379Z,2026-09-13T16:02:02.379Z,telemetry,boiler_01,12,5,54.78,512,65,64.78
,,0,2026-09-13T12:46:02.379Z,2026-09-14T12:46:02.379Z,2026-09-13T16:02:32.379Z,telemetry,boiler_01,12,5,54.93,513,65,64.93
,,0,2026-09-13T12:46:02.379Z,2026-09-14T12:46:02.379Z,2026-09-13T16:03:02.381Z,telemetry,boiler_01,12,5,54.98,514,65,64.98
,,0,2026-09-13T12:46:02.379Z,2026-09-14T12:46:02.379Z,2026-09-13T16:03:32.379Z,telemetry,boiler_01,12,5,54.99,515,65,64.99
,,0,2026-09-13T12:46:02.379Z,2026-09-14T12:46:02.379Z,2026-09-13T16:04:02.379Z,telemetry,boiler_01,12,5,55,516,65,65
,,0,2026-09-13T12:46:02.379Z,2026-09-14T12:46:02.379Z,2026-09-13T16:04:32.379Z,telemetry,boiler_01,12,5,55,517,65,65
,,0,2026-09-13T12:46:02.379Z,2026-09-14T12:46:02.379Z,2026-09-13T16:05:02.38Z,telemetry,boiler_01,12,5,55,518,65,65
,,0,2026-09-13T12:46:02.379Z,2026-09-14T12:46:02.379Z,2026-09-13T16:05:32.379Z,telemetry,boiler_01,12,5,55,519,65,65
,,0,2026-09-13T12:46:02.379Z,2026-09-14T12:46:02.379Z,2026-09-13T16:06:02.384Z,telemetry,boiler_01,12,5,55,520,65,65
,,0,2026-09-13T12:46:02.379Z,2026-09-14T12:46:02.379Z,2026-09-13T16:06:32.379Z,telemetry,boiler_01,12,5,55,521,65,65
,,0,2026-09-13T12:46:02.379Z,2026-09-14T12:46:02.379Z,2026-09-13T16:07:02.38Z,telemetry,boiler_01,12,5,55,522,65,65
,,0,2026-09-13T12:46:02.379Z,2026-09-14T12:46:02.379Z,2026-09-13T16:07:32.379Z,telemetry,boiler_01,12,5,55,523,65,65
,,0,2026-09-13T12:46:02.379Z,2026-09-14T12:46:02.379Z,2026-09-13T16:08:02.379Z,telemetry,boiler_01,12,5,55,524,65,65
,,0,2026-09-13T12:46:02.379Z,2026-09-14T12:46:02.379Z,2026-09-13T16:08:32.379Z,telemetry,boiler_01,12,5,55,525,65,65
,,0,2026-09-13T12:46:02.379Z,2026-09-14T12:46:02.379Z,2026-09-13T16:09:02.379Z,telemetry,boiler_01,12,5,55,526,65,65
,,0,2026-09-13T12:46:02.379Z,2026-09-14T12:46:02.379Z,2026-09-13T16:09:32.379Z,telemetry,boiler_01,12,5,55,527,65,65
,,0,2026-09-13T12:46:02.379Z,2026-09-14T12:46:02.379Z,2026-09-13T16:10:02.379Z,telemetry,boiler_01,12,0,54.85,528,65,64.85
,,0,2026-09-13T12:46:02.379Z,2026-09-14T12:46:02.379Z,2026-09-13T16:10:32.379Z,telemetry,boiler_01,12,0,52.66,529,65,62.66
,,0,2026-09-13T12:46:02.379Z,2026-09-14T12:46:02.379Z,2026-09-13T16:11:02.379Z,telemetry,boiler_01,12,0,50.58,530,65,60.58
,,0,2026-09-13T12:46:02.379Z,2026-09-14T12:46:02.379Z,2026-09-13T16:11:32.379Z,telemetry,boiler_01,12,0,48.6,531,65,58.6
,,0,2026-09-13T12:46:02.379Z,2026-09-14T12:46:02.379Z,2026-09-13T16:12:02.379Z,telemetry,boiler_01,12,0,46.72,532,65,56.72
,,0,2026-09-13T12:46:02.379Z,2026-09-14T12:46:02.379Z,2026-09-13T16:12:32.379Z,telemetry,boiler_01,12,0,44.93,533,65,54.93
,,0,2026-09-13T12:46:02.379Z,2026-09-14T12:46:02.379Z,2026-09-13T16:13:02.379Z,telemetry,boiler_01,12,0,43.23,534,65,53.23
,,0,2026-09-13T12:46:02.379Z,2026-09-14T12:46:02.379Z,2026-09-13T16:13:32.379Z,telemetry,boiler_01,12,0,41.61,535,65,51.61
,,0,2026-09-13T12:46:02.379Z,2026-09-14T12:46:02.379Z,2026-09-13T16:14:02.38Z,telemetry,boiler_01,12,0,40.06,536,65,50.06
,,0,2026-09-13T12:46:02.379Z,2026-09-14T12:46:02.379Z,2026-09-13T16:14:32.379Z,telemetry,boiler_01,12,0,38.6,537,65,48.6
,,0,2026-09-13T12:46:02.379Z,2026-09-14T12:46:02.379Z,2026-09-13T16:15:02.379Z,telemetry,boiler_01,12,0,37.2,538,65,47.2
,,0,2026-09-13T12:46:02.379Z,2026-09-14T12:46:02.379Z,2026-09-13T16:15:32.379Z,telemetry,boiler_01,12,0,35.88,539,65,45.88
,,0,2026-09-13T12:46:02.379Z,2026-09-14T12:46:02.379Z,2026-09-13T16:16:02.38Z,telemetry,boiler_01,12,0,34.61,540,65,44.61
,,0,2026-09-13T12:46:02.379Z,2026-09-14T12:46:02.379Z,2026-09-13T16:16:32.379Z,telemetry,boiler_01,12,0,33.41,541,65,43.41
,,0,2026-09-13T12:46:02.379Z,2026-09-14T12:46:02.379Z,2026-09-13T16:17:02.38Z,telemetry,boiler_01,12,0,32.27,542,65,42.27
,,0,2026-09-13T12:46:02.379Z,2026-09-14T12:46:02.379Z,2026-09-13T16:17:32.379Z,telemetry,boiler_01,12,0,31.19,543,65,41.19
,,0,2026-09-13T12:46:02.379Z,2026-09-14T12:46:02.379Z,2026-09-13T16:18:02.379Z,telemetry,boiler_01,12,0,30.15,544,65,40.15
,,0,2026-09-13T12:46:02.379Z,2026-09-14T12:46:02.379Z,2026-09-13T16:18:32.379Z,telemetry,boiler_01,12,0,29.17,545,65,39.17
,,0,2026-09-13T12:46:02.379Z,2026-09-14T12:46:02.379Z,2026-09-13T16:19:02.379Z,telemetry,boiler_01,12,0,28.23,546,65,38.23
,,0,2026-09-13T12:46:02.379Z,2026-09-14T12:46:02.379Z,2026-09-13T16:19:32.379Z,telemetry,boiler_01,12,0,27.35,547,65,37.35
,,0,2026-09-13T12:46:02.379Z,2026-09-14T12:46:02.379Z,2026-09-13T16:20:02.379Z,telemetry,boiler_01,12,5,28.74,548,65,38.74
,,0,2026-09-13T12:46:02.379Z,2026-09-14T12:46:02.379Z,2026-09-13T16:20:32.379Z,telemetry,boiler_01,12,5,47.09,549,65,57.09
,,0,2026-09-13T12:46:02.379Z,2026-09-14T12:46:02.379Z,2026-09-13T16:21:02.379Z,telemetry,boiler_01,12,5,52.62,550,65,62.62
,,0,2026-09-13T12:46:02.379Z,2026-09-14T12:46:02.379Z,2026-09-13T16:21:32.379Z,telemetry,boiler_01,12,5,54.28,551,65,64.28
,,0,2026-09-13T12:46:02.379Z,2026-09-14T12:46:02.379Z,2026-09-13T16:22:02.379Z,telemetry,boiler_01,12,5,54.78,552,65,64.78
,,0,2026-09-13T12:46:02.379Z,2026-09-14T12:46:02.379Z,2026-09-13T16:22:32.38Z,telemetry,boiler_01,12,5,54.93,553,65,64.93
,,0,2026-09-13T12:46:02.379Z,2026-09-14T12:46:02.379Z,2026-09-13T16:23:02.38Z,telemetry,boiler_01,12,5,54.98,554,65,64.98
,,0,2026-09-13T12:46:02.379Z,2026-09-14T12:46:02.379Z,2026-09-13T16:23:32.379Z,telemetry,boiler_01,12,5,54.99,555,65,64.99
,,0,2026-09-13T12:46:02.379Z,2026-09-14T12:46:02.379Z,2026-09-13T16:24:02.379Z,telemetry,boiler_01,12,5,55,556,65,65
,,0,2026-09-13T12:46:02.379Z,2026-09-14T12:46:02.379Z,2026-09-13T16:24:32.379Z,telemetry,boiler_01,12,5,55,557,65,65
,,0,2026-09-13T12:46:02.379Z,2026-09-14T12:46:02.379Z,2026-09-13T16:25:02.38Z,telemetry,boiler_01,12,5,55,558,65,65
,,0,2026-09-13T12:46:02.379Z,2026-09-14T12:46:02.379Z,2026-09-13T16:25:32.379Z,telemetry,boiler_01,12,5,55,559,65,65
,,0,2026-09-13T12:46:02.379Z,2026-09-14T12:46:02.379Z,2026-09-13T16:26:02.38Z,telemetry,boiler_01,12,5,55,560,65,65
,,0,2026-09-13T12:46:02.379Z,2026-09-14T12:46:02.379Z,2026-09-13T16:26:32.379Z,telemetry,boiler_01,12,5,55,561,65,65
,,0,2026-09-13T12:46:02.379Z,2026-09-14T12:46:02.379Z,2026-09-13T16:27:02.381Z,telemetry,boiler_01,12,5,55,562,65,65
,,0,2026-09-13T12:46:02.379Z,2026-09-14T12:46:02.379Z,2026-09-13T16:27:32.379Z,telemetry,boiler_01,12,5,55,563,65,65
,,0,2026-09-13T12:46:02.379Z,2026-09-14T12:46:02.379Z,2026-09-13T16:28:02.384Z,telemetry,boiler_01,12,5,55,564,65,65
,,0,2026-09-13T12:46:02.379Z,2026-09-14T12:46:02.379Z,2026-09-13T16:28:32.379Z,telemetry,boiler_01,12,5,55,565,65,65
,,0,2026-09-13T12:46:02.379Z,2026-09-14T12:46:02.379Z,2026-09-13T16:29:02.381Z,telemetry,boiler_01,12,5,55,566,65,65
,,0,2026-09-13T12:46:02.379Z,2026-09-14T12:46:02.379Z,2026-09-13T16:29:32.379Z,telemetry,boiler_01,12,5,55,567,65,65
,,0,2026-09-13T12:46:02.379Z,2026-09-14T12:46:02.379Z,2026-09-13T16:30:02.379Z,telemetry,boiler_01,12,0,54.85,568,65,64.85
,,0,2026-09-13T12:46:02.379Z,2026-09-14T12:46:02.379Z,2026-09-13T16:30:32.379Z,telemetry,boiler_01,12,0,52.66,569,65,62.66
,,0,2026-09-13T12:46:02.379Z,2026-09-14T12:46:02.379Z,2026-09-13T16:31:02.38Z,telemetry,boiler_01,12,0,50.58,570,65,60.58
,,0,2026-09-13T12:46:02.379Z,2026-09-14T12:46:02.379Z,2026-09-13T16:31:32.379Z,telemetry,boiler_01,12,0,48.6,571,65,58.6
,,0,2026-09-13T12:46:02.379Z,2026-09-14T12:46:02.379Z,2026-09-13T16:32:02.38Z,telemetry,boiler_01,12,0,46.72,572,65,56.72
,,0,2026-09-13T12:46:02.379Z,2026-09-14T12:46:02.379Z,2026-09-13T16:32:32.379Z,telemetry,boiler_01,12,0,44.93,573,65,54.93
,,0,2026-09-13T12:46:02.379Z,2026-09-14T12:46:02.379Z,2026-09-13T16:33:02.379Z,telemetry,boiler_01,12,0,43.23,574,65,53.23
,,0,2026-09-13T12:46:02.379Z,2026-09-14T12:46:02.379Z,2026-09-13T16:33:32.379Z,telemetry,boiler_01,12,0,41.61,575,65,51.61
,,0,2026-09-13T12:46:02.379Z,2026-09-14T12:46:02.379Z,2026-09-13T16:34:02.38Z,telemetry,boiler_01,12,0,40.06,576,65,50.06
,,0,2026-09-13T12:46:02.379Z,2026-09-14T12:46:02.379Z,2026-09-13T16:34:32.379Z,telemetry,boiler_01,12,0,38.6,577,65,48.6
,,0,2026-09-13T12:46:02.379Z,2026-09-14T12:46:02.379Z,2026-09-13T16:35:02.38Z,telemetry,boiler_01,12,0,37.2,578,65,47.2
,,0,2026-09-13T12:46:02.379Z,2026-09-14T12:46:02.379Z,2026-09-13T16:35:32.379Z,telemetry,boiler_01,12,0,35.88,579,65,45.88
,,0,2026-09-13T12:46:02.379Z,2026-09-14T12:46:02.379Z,2026-09-13T16:36:02.38Z,telemetry,boiler_01,12,0,34.61,580,65,44.61
,,0,2026-09-13T12:46:02.379Z,2026-09-14T12:46:02.379Z,2026-09-13T16:36:32.379Z,telemetry,boiler_01,12,0,33.41,581,65,43.41
,,0,2026-09-13T12:46:02.379Z,2026-09-14T12:46:02.379Z,2026-09-13T16:37:02.38Z,telemetry,boiler_01,12,0,32.27,582,65,42.27
,,0,2026-09-13T12:46:02.379Z,2026-09-14T12:46:02.379Z,2026-09-13T16:37:32.379Z,telemetry,boiler_01,12,0,31.19,583,65,41.19
,,0,2026-09-13T12:46:02.379Z,2026-09-14T12:46:02.379Z,2026-09-13T16:38:02.38Z,telemetry,boiler_01,12,0,30.15,584,65,40.15
,,0,2026-09-13T12:46:02.379Z,2026-09-14T12:46:02.379Z,2026-09-13T16:38:32.379Z,telemetry,boiler_01,12,0,29.17,585,65,39.17
,,0,2026-09-13T12:46:02.379Z,2026-09-14T12:46:02.379Z,2026-09-13T16:39:02.379Z,telemetry,boiler_01,12,0,28.23,586,65,38.23
,,0,2026-09-13T12:46:02.379Z,2026-09-14T12:46:02.379Z,2026-09-13T16:39:32.379Z,telemetry,boiler_01,12,0,27.35,587,65,37.35
,,0,2026-09-13T12:46:02.379Z,2026-09-14T12:46:02.379Z,2026-09-13T16:40:02.38Z,telemetry,boiler_01,12,5,28.74,588,65,38.74
,,0,2026-09-13T12:46:02.379Z,2026-09-14T12:46:02.379Z,2026-09-13T16:40:32.379Z,telemetry,boiler_01,12,5,47.09,589,65,57.09
,,0,2026-09-13T12:46:02.379Z,2026-09-14T12:46:02.379Z,2026-09-13T16:41:02.379Z,telemetry,boiler_01,12,5,52.62,590,65,62.62
,,0,2026-09-13T12:46:02.379Z,2026-09-14T12:46:02.379Z,2026-09-13T16:41:32.379Z,telemetry,boiler_01,12,5,54.28,591,65,64.28
,,0,2026-09-13T12:46:02.379Z,2026-09-14T12:46:02.379Z,2026-09-13T16:42:02.379Z,telemetry,boiler_01,12,5,54.78,592,65,64.78
,,0,2026-09-13T12:46:02.379Z,2026-09-14T12:46:02.379Z,2026-09-13T16:42:32.379Z,telemetry,boiler_01,12,5,54.93,593,65,64.93
,,0,2026-09-13T12:46:02.379Z,2026-09-14T12:46:02.379Z,2026-09-13T16:43:02.379Z,telemetry,boiler_01,12,5,54.98,594,65,64.98
,,0,2026-09-13T12:46:02.379Z,2026-09-14T12:46:02.379Z,2026-09-13T16:43:32.379Z,telemetry,boiler_01,12,5,54.99,595,65,64.99
,,0,2026-09-13T12:46:02.379Z,2026-09-14T12:46:02.379Z,2026-09-13T16:44:02.379Z,telemetry,boiler_01,12,5,55,596,65,65
,,0,2026-09-13T12:46:02.379Z,2026-09-14T12:46:02.379Z,2026-09-13T16:44:32.379Z,telemetry,boiler_01,12,5,55,597,65,65
,,0,2026-09-13T12:46:02.379Z,2026-09-14T12:46:02.379Z,2026-09-13T16:45:02.379Z,telemetry,boiler_01,12,5,55,598,65,65
,,0,2026-09-13T12:46:02.379Z,2026-09-14T12:46:02.379Z,2026-09-13T16:45:32.379Z,telemetry,boiler_01,12,5,55,599,65,65
,,0,2026-09-13T12:46:02.379Z,2026-09-14T12:46:02.379Z,2026-09-13T16:46:02.379Z,telemetry,boiler_01,12,5,55,600,65,65
,,0,2026-09-13T12:46:02.379Z,2026-09-14T12:46:02.379Z,2026-09-13T16:46:32.379Z,telemetry,boiler_01,12,5,55,601,65,65
,,0,2026-09-13T12:46:02.379Z,2026-09-14T12:46:02.379Z,2026-09-13T16:47:02.379Z,telemetry,boiler_01,12,5,55,602,65,65
,,0,2026-09-13T12:46:02.379Z,2026-09-14T12:46:02.379Z,2026-09-13T16:47:32.379Z,telemetry,boiler_01,12,5,55,603,65,65
,,0,2026-09-13T12:46:02.379Z,2026-09-14T12:46:02.379Z,2026-09-13T16:48:02.384Z,telemetry,boiler_01,12,5,55,604,65,65
,,0,2026-09-13T12:46:02.379Z,2026-09-14T12:46:02.379Z,2026-09-13T16:48:32.379Z,telemetry,boiler_01,12,5,55,605,65,65
,,0,2026-09-13T12:46:02.379Z,2026-09-14T12:46:02.379Z,2026-09-13T16:49:02.379Z,telemetry,boiler_01,12,5,55,606,65,65
,,0,2026-09-13T12:46:02.379Z,2026-09-14T12:46:02.379Z,2026-09-13T16:49:32.379Z,telemetry,boiler_01,12,5,55,607,65,65
,,0,2026-09-13T12:46:02.379Z,2026-09-14T12:46:02.379Z,2026-09-13T16:50:02.379Z,telemetry,boiler_01,12,0,54.85,608,65,64.85
,,0,2026-09-13T12:46:02.379Z,2026-09-14T12:46:02.379Z,2026-09-13T16:50:32.379Z,telemetry,boiler_01,12,0,52.66,609,65,62.66
,,0,2026-09-13T12:46:02.379Z,2026-09-14T12:46:02.379Z,2026-09-13T16:51:02.38Z,telemetry,boiler_01,12,0,50.58,610,65,60.58
,,0,2026-09-13T12:46:02.379Z,2026-09-14T12:46:02.379Z,2026-09-13T16:51:32.379Z,telemetry,boiler_01,12,0,48.6,611,65,58.6
,,0,2026-09-13T12:46:02.379Z,2026-09-14T12:46:02.379Z,2026-09-13T16:52:02.379Z,telemetry,boiler_01,12,0,46.72,612,65,56.72
,,0,2026-09-13T12:46:02.379Z,2026-09-14T12:46:02.379Z,2026-09-13T16:52:32.379Z,telemetry,boiler_01,12,0,44.93,613,65,54.93
,,0,2026-09-13T12:46:02.379Z,2026-09-14T12:46:02.379Z,2026-09-13T16:53:02.393Z,telemetry,boiler_01,12,0,43.23,614,65,53.23
,,0,2026-09-13T12:46:02.379Z,2026-09-14T12:46:02.379Z,2026-09-13T16:53:32.379Z,telemetry,boiler_01,12,0,41.61,615,65,51.61
,,0,2026-09-13T12:46:02.379Z,2026-09-14T12:46:02.379Z,2026-09-13T16:54:02.379Z,telemetry,boiler_01,12,0,40.06,616,65,50.06
,,0,2026-09-13T12:46:02.379Z,2026-09-14T12:46:02.379Z,2026-09-13T16:54:32.379Z,telemetry,boiler_01,12,0,38.6,617,65,48.6
,,0,2026-09-13T12:46:02.379Z,2026-09-14T12:46:02.379Z,2026-09-13T16:55:02.379Z,telemetry,boiler_01,12,0,37.2,618,65,47.2
,,0,2026-09-13T12:46:02.379Z,2026-09-14T12:46:02.379Z,2026-09-13T16:55:32.379Z,telemetry,boiler_01,12,0,35.88,619,65,45.88
,,0,2026-09-13T12:46:02.379Z,2026-09-14T12:46:02.379Z,2026-09-13T16:56:02.379Z,telemetry,boiler_01,12,0,34.61,620,65,44.61
,,0,2026-09-13T12:46:02.379Z,2026-09-14T12:46:02.379Z,2026-09-13T16:56:32.379Z,telemetry,boiler_01,12,0,33.41,621,65,43.41
,,0,2026-09-13T12:46:02.379Z,2026-09-14T12:46:02.379Z,2026-09-13T16:57:02.384Z,telemetry,boiler_01,12,0,32.27,622,65,42.27
,,0,2026-09-13T12:46:02.379Z,2026-09-14T12:46:02.379Z,2026-09-13T16:57:32.379Z,telemetry,boiler_01,12,0,31.19,623,65,41.19
,,0,2026-09-13T12:46:02.379Z,2026-09-14T12:46:02.379Z,2026-09-13T16:58:02.379Z,telemetry,boiler_01,12,0,30.15,624,65,40.15
,,0,2026-09-13T12:46:02.379Z,2026-09-14T12:46:02.379Z,2026-09-13T16:58:32.379Z,telemetry,boiler_01,12,0,29.17,625,65,39.17
,,0,2026-09-13T12:46:02.379Z,2026-09-14T12:46:02.379Z,2026-09-13T16:59:02.38Z,telemetry,boiler_01,12,0,28.23,626,65,38.23
,,0,2026-09-13T12:46:02.379Z,2026-09-14T12:46:02.379Z,2026-09-13T16:59:32.379Z,telemetry,boiler_01,12,0,27.35,627,65,37.35
,,0,2026-09-13T12:46:02.379Z,2026-09-14T12:46:02.379Z,2026-09-13T17:00:02.379Z,telemetry,boiler_01,12,5,28.74,628,65,38.74
,,0,2026-09-13T12:46:02.379Z,2026-09-14T12:46:02.379Z,2026-09-13T17:00:32.379Z,telemetry,boiler_01,12,5,47.09,629,65,57.09
,,0,2026-09-13T12:46:02.379Z,2026-09-14T12:46:02.379Z,2026-09-13T17:01:02.383Z,telemetry,boiler_01,12,5,52.62,630,65,62.62
,,0,2026-09-13T12:46:02.379Z,2026-09-14T12:46:02.379Z,2026-09-13T17:01:32.379Z,telemetry,boiler_01,12,5,54.28,631,65,64.28
,,0,2026-09-13T12:46:02.379Z,2026-09-14T12:46:02.379Z,2026-09-13T17:02:02.379Z,telemetry,boiler_01,12,5,54.78,632,65,64.78
,,0,2026-09-13T12:46:02.379Z,2026-09-14T12:46:02.379Z,2026-09-13T17:02:32.379Z,telemetry,boiler_01,12,5,54.93,633,65,64.93
,,0,2026-09-13T12:46:02.379Z,2026-09-14T12:46:02.379Z,2026-09-13T17:03:02.379Z,telemetry,boiler_01,12,5,54.98,634,65,64.98
,,0,2026-09-13T12:46:02.379Z,2026-09-14T12:46:02.379Z,2026-09-13T17:03:32.379Z,telemetry,boiler_01,12,5,54.99,635,65,64.99
,,0,2026-09-13T12:46:02.379Z,2026-09-14T12:46:02.379Z,2026-09-13T17:04:02.379Z,telemetry,boiler_01,12,5,55,636,65,65
,,0,2026-09-13T12:46:02.379Z,2026-09-14T12:46:02.379Z,2026-09-13T17:04:32.379Z,telemetry,boiler_01,12,5,55,637,65,65
,,0,2026-09-13T12:46:02.379Z,2026-09-14T12:46:02.379Z,2026-09-13T17:05:02.379Z,telemetry,boiler_01,12,5,55,638,65,65
,,0,2026-09-13T12:46:02.379Z,2026-09-14T12:46:02.379Z,2026-09-13T17:05:32.379Z,telemetry,boiler_01,12,5,55,639,65,65
,,0,2026-09-13T12:46:02.379Z,2026-09-14T12:46:02.379Z,2026-09-13T17:06:02.379Z,telemetry,boiler_01,12,5,55,640,65,65
,,0,2026-09-13T12:46:02.379Z,2026-09-14T12:46:02.379Z,2026-09-13T17:06:32.379Z,telemetry,boiler_01,12,5,55,641,65,65
,,0,2026-09-13T12:46:02.379Z,2026-09-14T12:46:02.379Z,2026-09-13T17:07:02.379Z,telemetry,boiler_01,12,5,55,642,65,65
,,0,2026-09-13T12:46:02.379Z,2026-09-14T12:46:02.379Z,2026-09-13T17:07:32.379Z,telemetry,boiler_01,12,5,55,643,65,65
,,0,2026-09-13T12:46:02.379Z,2026-09-14T12:46:02.379Z,2026-09-13T17:08:02.393Z,telemetry,boiler_01,12,5,55,644,65,65
,,0,2026-09-13T12:46:02.379Z,2026-09-14T12:46:02.379Z,2026-09-13T17:08:32.379Z,telemetry,boiler_01,12,5,55,645,65,65
,,0,2026-09-13T12:46:02.379Z,2026-09-14T12:46:02.379Z,2026-09-13T17:09:02.379Z,telemetry,boiler_01,12,5,55,646,65,65
,,0,2026-09-13T12:46:02.379Z,2026-09-14T12:46:02.379Z,2026-09-13T17:09:32.379Z,telemetry,boiler_01,12,5,55,647,65,65
,,0,2026-09-13T12:46:02.379Z,2026-09-14T12:46:02.379Z,2026-09-13T17:10:02.379Z,telemetry,boiler_01,12,0,54.85,648,65,64.85
,,0,2026-09-13T12:46:02.379Z,2026-09-14T12:46:02.379Z,2026-09-13T17:10:32.379Z,telemetry,boiler_01,12,0,52.66,649,65,62.66
,,0,2026-09-13T12:46:02.379Z,2026-09-14T12:46:02.379Z,2026-09-13T17:11:02.379Z,telemetry,boiler_01,12,0,50.58,650,65,60.58
,,0,2026-09-13T12:46:02.379Z,2026-09-14T12:46:02.379Z,2026-09-13T17:11:32.379Z,telemetry,boiler_01,12,0,48.6,651,65,58.6
,,0,2026-09-13T12:46:02.379Z,2026-09-14T12:46:02.379Z,2026-09-13T17:12:02.379Z,telemetry,boiler_01,12,0,46.72,652,65,56.72
,,0,2026-09-13T12:46:02.379Z,2026-09-14T12:46:02.379Z,2026-09-13T17:12:32.379Z,telemetry,boiler_01,12,0,44.93,653,65,54.93
,,0,2026-09-13T12:46:02.379Z,2026-09-14T12:46:02.379Z,2026-09-13T17:13:02.379Z,telemetry,boiler_01,12,0,43.23,654,65,53.23
,,0,2026-09-13T12:46:02.379Z,2026-09-14T12:46:02.379Z,2026-09-13T17:13:32.379Z,telemetry,boiler_01,12,0,41.61,655,65,51.61
,,0,2026-09-13T12:46:02.379Z,2026-09-14T12:46:02.379Z,2026-09-13T17:14:02.379Z,telemetry,boiler_01,12,0,40.06,656,65,50.06
,,0,2026-09-13T12:46:02.379Z,2026-09-14T12:46:02.379Z,2026-09-13T17:14:32.379Z,telemetry,boiler_01,12,0,38.6,657,65,48.6
,,0,2026-09-13T12:46:02.379Z,2026-09-14T12:46:02.379Z,2026-09-13T17:15:02.379Z,telemetry,boiler_01,12,0,37.2,658,65,47.2
,,0,2026-09-13T12:46:02.379Z,2026-09-14T12:46:02.379Z,2026-09-13T17:15:32.379Z,telemetry,boiler_01,12,0,35.88,659,65,45.88
,,0,2026-09-13T12:46:02.379Z,2026-09-14T12:46:02.379Z,2026-09-13T17:16:02.379Z,telemetry,boiler_01,12,0,34.61,660,65,44.61
,,0,2026-09-13T12:46:02.379Z,2026-09-14T12:46:02.379Z,2026-09-13T17:16:32.379Z,telemetry,boiler_01,12,0,33.41,661,65,43.41
,,0,2026-09-13T12:46:02.379Z,2026-09-14T12:46:02.379Z,2026-09-13T17:17:02.381Z,telemetry,boiler_01,12,0,32.27,662,65,42.27
,,0,2026-09-13T12:46:02.379Z,2026-09-14T12:46:02.379Z,2026-09-13T17:17:32.379Z,telemetry,boiler_01,12,0,31.19,663,65,41.19
,,0,2026-09-13T12:46:02.379Z,2026-09-14T12:46:02.379Z,2026-09-13T17:18:02.382Z,telemetry,boiler_01,12,0,30.15,664,65,40.15
,,0,2026-09-13T12:46:02.379Z,2026-09-14T12:46:02.379Z,2026-09-13T17:18:32.379Z,telemetry,boiler_01,12,0,29.17,665,65,39.17
,,0,2026-09-13T12:46:02.379Z,2026-09-14T12:46:02.379Z,2026-09-13T17:19:02.379Z,telemetry,boiler_01,12,0,28.23,666,65,38.23
,,0,2026-09-13T12:46:02.379Z,2026-09-14T12:46:02.379Z,2026-09-13T17:19:32.379Z,telemetry,boiler_01,12,0,27.35,667,65,37.35
,,0,2026-09-13T12:46:02.379Z,2026-09-14T12:46:02.379Z,2026-09-13T17:20:02.379Z,telemetry,boiler_01,12,5,28.74,668,65,38.74
,,0,2026-09-13T12:46:02.379Z,2026-09-14T12:46:02.379Z,2026-09-13T17:20:32.379Z,telemetry,boiler_01,12,5,47.09,669,65,57.09
,,0,2026-09-13T12:46:02.379Z,2026-09-14T12:46:02.379Z,2026-09-13T17:21:02.389Z,telemetry,boiler_01,12,5,52.62,670,65,62.62
,,0,2026-09-13T12:46:02.379Z,2026-09-14T12:46:02.379Z,2026-09-13T17:21:32.379Z,telemetry,boiler_01,12,5,54.28,671,65,64.28
,,0,2026-09-13T12:46:02.379Z,2026-09-14T12:46:02.379Z,2026-09-13T17:22:02.38Z,telemetry,boiler_01,12,5,54.78,672,65,64.78
,,0,2026-09-13T12:46:02.379Z,2026-09-14T12:46:02.379Z,2026-09-13T17:22:32.379Z,telemetry,boiler_01,12,5,54.93,673,65,64.93
,,0,2026-09-13T12:46:02.379Z,2026-09-14T12:46:02.379Z,2026-09-13T17:23:02.38Z,telemetry,boiler_01,12,5,54.98,674,65,64.98
,,0,2026-09-13T12:46:02.379Z,2026-09-14T12:46:02.379Z,2026-09-13T17:23:32.379Z,telemetry,boiler_01,12,5,54.99,675,65,64.99
,,0,2026-09-13T12:46:02.379Z,2026-09-14T12:46:02.379Z,2026-09-13T17:24:02.379Z,telemetry,boiler_01,12,5,55,676,65,65
,,0,2026-09-13T12:46:02.379Z,2026-09-14T12:46:02.379Z,2026-09-13T17:24:32.379Z,telemetry,boiler_01,12,5,55,677,65,65
,,0,2026-09-13T12:46:02.379Z,2026-09-14T12:46:02.379Z,2026-09-13T17:25:02.379Z,telemetry,boiler_01,12,5,55,678,65,65
,,0,2026-09-13T12:46:02.379Z,2026-09-14T12:46:02.379Z,2026-09-13T17:25:32.379Z,telemetry,boiler_01,12,5,55,679,65,65
,,0,2026-09-13T12:46:02.379Z,2026-09-14T12:46:02.379Z,2026-09-13T17:26:02.379Z,telemetry,boiler_01,12,5,55,680,65,65
,,0,2026-09-13T12:46:02.379Z,2026-09-14T12:46:02.379Z,2026-09-13T17:26:32.379Z,telemetry,boiler_01,12,5,55,681,65,65
,,0,2026-09-13T12:46:02.379Z,2026-09-14T12:46:02.379Z,2026-09-13T17:27:02.381Z,telemetry,boiler_01,12,5,55,682,65,65
,,0,2026-09-13T12:46:02.379Z,2026-09-14T12:46:02.379Z,2026-09-13T17:27:32.379Z,telemetry,boiler_01,12,5,55,683,65,65
,,0,2026-09-13T12:46:02.379Z,2026-09-14T12:46:02.379Z,2026-09-13T17:28:02.379Z,telemetry,boiler_01,12,5,55,684,65,65
,,0,2026-09-13T12:46:02.379Z,2026-09-14T12:46:02.379Z,2026-09-13T17:28:32.379Z,telemetry,boiler_01,12,5,55,685,65,65
,,0,2026-09-13T12:46:02.379Z,2026-09-14T12:46:02.379Z,2026-09-13T17:29:02.381Z,telemetry,boiler_01,12,5,55,686,65,65
,,0,2026-09-13T12:46:02.379Z,2026-09-14T12:46:02.379Z,2026-09-13T17:29:32.379Z,telemetry,boiler_01,12,5,55,687,65,65
,,0,2026-09-13T12:46:02.379Z,2026-09-14T12:46:02.379Z,2026-09-13T17:30:02.379Z,telemetry,boiler_01,12,0,54.85,688,65,64.85
,,0,2026-09-13T12:46:02.379Z,2026-09-14T12:46:02.379Z,2026-09-13T17:30:32.379Z,telemetry,boiler_01,12,0,52.66,689,65,62.66
,,0,2026-09-13T12:46:02.379Z,2026-09-14T12:46:02.379Z,2026-09-13T17:31:02.379Z,telemetry,boiler_01,12,0,50.58,690,65,60.58
,,0,2026-09-13T12:46:02.379Z,2026-09-14T12:46:02.379Z,2026-09-13T17:31:32.379Z,telemetry,boiler_01,12,0,48.6,691,65,58.6
,,0,2026-09-13T12:46:02.379Z,2026-09-14T12:46:02.379Z,2026-09-13T17:32:02.379Z,telemetry,boiler_01,12,0,46.72,692,65,56.72
,,0,2026-09-13T12:46:02.379Z,2026-09-14T12:46:02.379Z,2026-09-13T17:32:32.379Z,telemetry,boiler_01,12,0,44.93,693,65,54.93
,,0,2026-09-13T12:46:02.379Z,2026-09-14T12:46:02.379Z,2026-09-13T17:33:02.38Z,telemetry,boiler_01,12,0,43.23,694,65,53.23
,,0,2026-09-13T12:46:02.379Z,2026-09-14T12:46:02.379Z,2026-09-13T17:33:32.379Z,telemetry,boiler_01,12,0,41.61,695,65,51.61
,,0,2026-09-13T12:46:02.379Z,2026-09-14T12:46:02.379Z,2026-09-13T17:34:02.38Z,telemetry,boiler_01,12,0,40.06,696,65,50.06
,,0,2026-09-13T12:46:02.379Z,2026-09-14T12:46:02.379Z,2026-09-13T17:34:32.379Z,telemetry,boiler_01,12,0,38.6,697,65,48.6
,,0,2026-09-13T12:46:02.379Z,2026-09-14T12:46:02.379Z,2026-09-13T17:35:02.379Z,telemetry,boiler_01,12,0,37.2,698,65,47.2
,,0,2026-09-13T12:46:02.379Z,2026-09-14T12:46:02.379Z,2026-09-13T17:35:32.379Z,telemetry,boiler_01,12,0,35.88,699,65,45.88
,,0,2026-09-13T12:46:02.379Z,2026-09-14T12:46:02.379Z,2026-09-13T17:36:02.38Z,telemetry,boiler_01,12,0,34.61,700,65,44.61
,,0,2026-09-13T12:46:02.379Z,2026-09-14T12:46:02.379Z,2026-09-13T17:36:32.379Z,telemetry,boiler_01,12,0,33.41,701,65,43.41
,,0,2026-09-13T12:46:02.379Z,2026-09-14T12:46:02.379Z,2026-09-13T17:37:02.38Z,telemetry,boiler_01,12,0,32.27,702,65,42.27
,,0,2026-09-13T12:46:02.379Z,2026-09-14T12:46:02.379Z,2026-09-13T17:37:32.379Z,telemetry,boiler_01,12,0,31.19,703,65,41.19
,,0,2026-09-13T12:46:02.379Z,2026-09-14T12:46:02.379Z,2026-09-13T17:38:02.379Z,telemetry,boiler_01,12,0,30.15,704,65,40.15
,,0,2026-09-13T12:46:02.379Z,2026-09-14T12:46:02.379Z,2026-09-13T17:38:32.379Z,telemetry,boiler_01,12,0,29.17,705,65,39.17
,,0,2026-09-13T12:46:02.379Z,2026-09-14T12:46:02.379Z,2026-09-13T17:39:02.379Z,telemetry,boiler_01,12,0,28.23,706,65,38.23
,,0,2026-09-13T12:46:02.379Z,2026-09-14T12:46:02.379Z,2026-09-13T17:39:32.379Z,telemetry,boiler_01,12,0,27.35,707,65,37.35
,,0,2026-09-13T12:46:02.379Z,2026-09-14T12:46:02.379Z,2026-09-13T17:40:02.38Z,telemetry,boiler_01,12,5,28.74,708,65,38.74
,,0,2026-09-13T12:46:02.379Z,2026-09-14T12:46:02.379Z,2026-09-13T17:40:32.379Z,telemetry,boiler_01,12,5,47.09,709,65,57.09
,,0,2026-09-13T12:46:02.379Z,2026-09-14T12:46:02.379Z,2026-09-13T17:41:02.379Z,telemetry,boiler_01,12,5,52.62,710,65,62.62
,,0,2026-09-13T12:46:02.379Z,2026-09-14T12:46:02.379Z,2026-09-13T17:41:32.379Z,telemetry,boiler_01,12,5,54.28,711,65,64.28
,,0,2026-09-13T12:46:02.379Z,2026-09-14T12:46:02.379Z,2026-09-13T17:42:02.381Z,telemetry,boiler_01,12,5,54.78,712,65,64.78
,,0,2026-09-13T12:46:02.379Z,2026-09-14T12:46:02.379Z,2026-09-13T17:42:32.379Z,telemetry,boiler_01,12,5,54.93,713,65,64.93
,,0,2026-09-13T12:46:02.379Z,2026-09-14T12:46:02.379Z,2026-09-13T17:43:02.379Z,telemetry,boiler_01,12,5,54.98,714,65,64.98
,,0,2026-09-13T12:46:02.379Z,2026-09-14T12:46:02.379Z,2026-09-13T17:43:32.379Z,telemetry,boiler_01,12,5,54.99,715,65,64.99
,,0,2026-09-13T12:46:02.379Z,2026-09-14T12:46:02.379Z,2026-09-13T17:44:02.379Z,telemetry,boiler_01,12,5,55,716,65,65
,,0,2026-09-13T12:46:02.379Z,2026-09-14T12:46:02.379Z,2026-09-13T17:44:32.379Z,telemetry,boiler_01,12,5,55,717,65,65
,,0,2026-09-13T12:46:02.379Z,2026-09-14T12:46:02.379Z,2026-09-13T17:45:02.379Z,telemetry,boiler_01,12,5,55,718,65,65
,,0,2026-09-13T12:46:02.379Z,2026-09-14T12:46:02.379Z,2026-09-13T17:45:32.379Z,telemetry,boiler_01,12,5,55,719,65,65
,,0,2026-09-13T12:46:02.379Z,2026-09-14T12:46:02.379Z,2026-09-13T17:46:02.379Z,telemetry,boiler_01,12,5,55,720,65,65
,,0,2026-09-13T12:46:02.379Z,2026-09-14T12:46:02.379Z,2026-09-13T17:46:32.379Z,telemetry,boiler_01,12,5,55,721,65,65
,,0,2026-09-13T12:46:02.379Z,2026-09-14T12:46:02.379Z,2026-09-13T17:47:02.379Z,telemetry,boiler_01,12,5,55,722,65,65
,,0,2026-09-13T12:46:02.379Z,2026-09-14T12:46:02.379Z,2026-09-13T17:47:32.379Z,telemetry,boiler_01,12,5,55,723,65,65
,,0,2026-09-13T12:46:02.379Z,2026-09-14T12:46:02.379Z,2026-09-13T17:48:02.379Z,telemetry,boiler_01,12,5,55,724,65,65
,,0,2026-09-13T12:46:02.379Z,2026-09-14T12:46:02.379Z,2026-09-13T17:48:32.379Z,telemetry,boiler_01,12,5,55,725,65,65
,,0,2026-09-13T12:46:02.379Z,2026-09-14T12:46:02.379Z,2026-09-13T17:49:02.379Z,telemetry,boiler_01,12,5,55,726,65,65
,,0,2026-09-13T12:46:02.379Z,2026-09-14T12:46:02.379Z,2026-09-13T17:49:32.38Z,telemetry,boiler_01,12,5,55,727,65,65
,,0,2026-09-13T12:46:02.379Z,2026-09-14T12:46:02.379Z,2026-09-13T17:50:02.395Z,telemetry,boiler_01,12,0,54.85,728,65,64.85
,,0,2026-09-13T12:46:02.379Z,2026-09-14T12:46:02.379Z,2026-09-13T17:50:32.379Z,telemetry,boiler_01,12,0,52.66,729,65,62.66
,,0,2026-09-13T12:46:02.379Z,2026-09-14T12:46:02.379Z,2026-09-13T17:51:02.379Z,telemetry,boiler_01,12,0,50.58,730,65,60.58
,,0,2026-09-13T12:46:02.379Z,2026-09-14T12:46:02.379Z,2026-09-13T17:51:32.379Z,telemetry,boiler_01,12,0,48.6,731,65,58.6
,,0,2026-09-13T12:46:02.379Z,2026-09-14T12:46:02.379Z,2026-09-13T17:52:02.379Z,telemetry,boiler_01,12,0,46.72,732,65,56.72
,,0,2026-09-13T12:46:02.379Z,2026-09-14T12:46:02.379Z,2026-09-13T17:52:32.379Z,telemetry,boiler_01,12,0,44.93,733,65,54.93
,,0,2026-09-13T12:46:02.379Z,2026-09-14T12:46:02.379Z,2026-09-13T17:53:02.379Z,telemetry,boiler_01,12,0,43.23,734,65,53.23
,,0,2026-09-13T12:46:02.379Z,2026-09-14T12:46:02.379Z,2026-09-13T17:53:32.379Z,telemetry,boiler_01,12,0,41.61,735,65,51.61
,,0,2026-09-13T12:46:02.379Z,2026-09-14T12:46:02.379Z,2026-09-13T17:54:02.38Z,telemetry,boiler_01,12,0,40.06,736,65,50.06
,,0,2026-09-13T12:46:02.379Z,2026-09-14T12:46:02.379Z,2026-09-13T17:54:32.379Z,telemetry,boiler_01,12,0,38.6,737,65,48.6
,,0,2026-09-13T12:46:02.379Z,2026-09-14T12:46:02.379Z,2026-09-13T17:55:02.379Z,telemetry,boiler_01,12,0,37.2,738,65,47.2
,,0,2026-09-13T12:46:02.379Z,2026-09-14T12:46:02.379Z,2026-09-13T17:55:32.379Z,telemetry,boiler_01,12,0,35.88,739,65,45.88
,,0,2026-09-13T12:46:02.379Z,2026-09-14T12:46:02.379Z,2026-09-13T17:56:02.382Z,telemetry,boiler_01,12,0,34.61,740,65,44.61
,,0,2026-09-13T12:46:02.379Z,2026-09-14T12:46:02.379Z,2026-09-13T17:56:32.379Z,telemetry,boiler_01,12,0,33.41,741,65,43.41
,,0,2026-09-13T12:46:02.379Z,2026-09-14T12:46:02.379Z,2026-09-13T17:57:02.38Z,telemetry,boiler_01,12,0,32.27,742,65,42.27
,,0,2026-09-13T12:46:02.379Z,2026-09-14T12:46:02.379Z,2026-09-13T17:57:32.379Z,telemetry,boiler_01,12,0,31.19,743,65,41.19
,,0,2026-09-13T12:46:02.379Z,2026-09-14T12:46:02.379Z,2026-09-13T17:58:02.379Z,telemetry,boiler_01,12,0,30.15,744,65,40.15
,,0,2026-09-13T12:46:02.379Z,2026-09-14T12:46:02.379Z,2026-09-13T17:58:32.379Z,telemetry,boiler_01,12,0,29.17,745,65,39.17
,,0,2026-09-13T12:46:02.379Z,2026-09-14T12:46:02.379Z,2026-09-13T17:59:02.379Z,telemetry,boiler_01,12,0,28.23,746,65,38.23
,,0,2026-09-13T12:46:02.379Z,2026-09-14T12:46:02.379Z,2026-09-13T17:59:32.379Z,telemetry,boiler_01,12,0,27.35,747,65,37.35
,,0,2026-09-13T12:46:02.379Z,2026-09-14T12:46:02.379Z,2026-09-13T18:00:02.38Z,telemetry,boiler_01,12,5,28.74,748,65,38.74
,,0,2026-09-13T12:46:02.379Z,2026-09-14T12:46:02.379Z,2026-09-13T18:00:32.379Z,telemetry,boiler_01,12,5,47.09,749,65,57.09
,,0,2026-09-13T12:46:02.379Z,2026-09-14T12:46:02.379Z,2026-09-13T18:01:02.379Z,telemetry,boiler_01,12,5,52.62,750,65,62.62
,,0,2026-09-13T12:46:02.379Z,2026-09-14T12:46:02.379Z,2026-09-13T18:01:32.379Z,telemetry,boiler_01,12,5,54.28,751,65,64.28
,,0,2026-09-13T12:46:02.379Z,2026-09-14T12:46:02.379Z,2026-09-13T18:02:02.379Z,telemetry,boiler_01,12,5,54.78,752,65,64.78
,,0,2026-09-13T12:46:02.379Z,2026-09-14T12:46:02.379Z,2026-09-13T18:02:32.379Z,telemetry,boiler_01,12,5,54.93,753,65,64.93
,,0,2026-09-13T12:46:02.379Z,2026-09-14T12:46:02.379Z,2026-09-13T18:03:02.38Z,telemetry,boiler_01,12,5,54.98,754,65,64.98
,,0,2026-09-13T12:46:02.379Z,2026-09-14T12:46:02.379Z,2026-09-13T18:03:32.379Z,telemetry,boiler_01,12,5,54.99,755,65,64.99
,,0,2026-09-13T12:46:02.379Z,2026-09-14T12:46:02.379Z,2026-09-13T18:04:02.379Z,telemetry,boiler_01,12,5,55,756,65,65
,,0,2026-09-13T12:46:02.379Z,2026-09-14T12:46:02.379Z,2026-09-13T18:04:32.379Z,telemetry,boiler_01,12,5,55,757,65,65
,,0,2026-09-13T12:46:02.379Z,2026-09-14T12:46:02.379Z,2026-09-13T18:05:02.379Z,telemetry,boiler_01,12,5,55,758,65,65
,,0,2026-09-13T12:46:02.379Z,2026-09-14T12:46:02.379Z,2026-09-13T18:05:32.379Z,telemetry,boiler_01,12,5,55,759,65,65
,,0,2026-09-13T12:46:02.379Z,2026-09-14T12:46:02.379Z,2026-09-13T18:06:02.379Z,telemetry,boiler_01,12,5,55,760,65,65
,,0,2026-09-13T12:46:02.379Z,2026-09-14T12:46:02.379Z,2026-09-13T18:06:32.379Z,telemetry,boiler_01,12,5,55,761,65,65
,,0,2026-09-13T12:46:02.379Z,2026-09-14T12:46:02.379Z,2026-09-13T18:07:02.38Z,telemetry,boiler_01,12,5,55,762,65,65
,,0,2026-09-13T12:46:02.379Z,2026-09-14T12:46:02.379Z,2026-09-13T18:07:32.379Z,telemetry,boiler_01,12,5,55,763,65,65
,,0,2026-09-13T12:46:02.379Z,2026-09-14T12:46:02.379Z,2026-09-13T18:08:02.379Z,telemetry,boiler_01,12,5,55,764,65,65
,,0,2026-09-13T12:46:02.379Z,2026-09-14T12:46:02.379Z,2026-09-13T18:08:32.379Z,telemetry,boiler_01,12,5,55,765,65,65
,,0,2026-09-13T12:46:02.379Z,2026-09-14T12:46:02.379Z,2026-09-13T18:09:02.379Z,telemetry,boiler_01,12,5,55,766,65,65
,,0,2026-09-13T12:46:02.379Z,2026-09-14T12:46:02.379Z,2026-09-13T18:09:32.379Z,telemetry,boiler_01,12,5,55,767,65,65
,,0,2026-09-13T12:46:02.379Z,2026-09-14T12:46:02.379Z,2026-09-13T18:10:02.38Z,telemetry,boiler_01,12,0,54.85,768,65,64.85
,,0,2026-09-13T12:46:02.379Z,2026-09-14T12:46:02.379Z,2026-09-13T18:10:32.379Z,telemetry,boiler_01,12,0,52.66,769,65,62.66
,,0,2026-09-13T12:46:02.379Z,2026-09-14T12:46:02.379Z,2026-09-13T18:11:02.379Z,telemetry,boiler_01,12,0,50.58,770,65,60.58
,,0,2026-09-13T12:46:02.379Z,2026-09-14T12:46:02.379Z,2026-09-13T18:11:32.379Z,telemetry,boiler_01,12,0,48.6,771,65,58.6
,,0,2026-09-13T12:46:02.379Z,2026-09-14T12:46:02.379Z,2026-09-13T18:12:02.38Z,telemetry,boiler_01,12,0,46.72,772,65,56.72
,,0,2026-09-13T12:46:02.379Z,2026-09-14T12:46:02.379Z,2026-09-13T18:12:32.379Z,telemetry,boiler_01,12,0,44.93,773,65,54.93
,,0,2026-09-13T12:46:02.379Z,2026-09-14T12:46:02.379Z,2026-09-13T18:13:02.379Z,telemetry,boiler_01,12,0,43.23,774,65,53.23
,,0,2026-09-13T12:46:02.379Z,2026-09-14T12:46:02.379Z,2026-09-13T18:13:32.379Z,telemetry,boiler_01,12,0,41.61,775,65,51.61
,,0,2026-09-13T12:46:02.379Z,2026-09-14T12:46:02.379Z,2026-09-13T18:14:02.379Z,telemetry,boiler_01,12,0,40.06,776,65,50.06
,,0,2026-09-13T12:46:02.379Z,2026-09-14T12:46:02.379Z,2026-09-13T18:14:32.379Z,telemetry,boiler_01,12,0,38.6,777,65,48.6
,,0,2026-09-13T12:46:02.379Z,2026-09-14T12:46:02.379Z,2026-09-13T18:15:02.379Z,telemetry,boiler_01,12,0,37.2,778,65,47.2
,,0,2026-09-13T12:46:02.379Z,2026-09-14T12:46:02.379Z,2026-09-13T18:15:32.379Z,telemetry,boiler_01,12,0,35.88,779,65,45.88
,,0,2026-09-13T12:46:02.379Z,2026-09-14T12:46:02.379Z,2026-09-13T18:16:02.382Z,telemetry,boiler_01,12,0,34.61,780,65,44.61
,,0,2026-09-13T12:46:02.379Z,2026-09-14T12:46:02.379Z,2026-09-13T18:16:32.379Z,telemetry,boiler_01,12,0,33.41,781,65,43.41
,,0,2026-09-13T12:46:02.379Z,2026-09-14T12:46:02.379Z,2026-09-13T18:17:02.38Z,telemetry,boiler_01,12,0,32.27,782,65,42.27
,,0,2026-09-13T12:46:02.379Z,2026-09-14T12:46:02.379Z,2026-09-13T18:17:32.379Z,telemetry,boiler_01,12,0,31.19,783,65,41.19
,,0,2026-09-13T12:46:02.379Z,2026-09-14T12:46:02.379Z,2026-09-13T18:18:02.38Z,telemetry,boiler_01,12,0,30.15,784,65,40.15
,,0,2026-09-13T12:46:02.379Z,2026-09-14T12:46:02.379Z,2026-09-13T18:18:32.379Z,telemetry,boiler_01,12,0,29.17,785,65,39.17
,,0,2026-09-13T12:46:02.379Z,2026-09-14T12:46:02.379Z,2026-09-13T18:19:02.379Z,telemetry,boiler_01,12,0,28.23,786,65,38.23
,,0,2026-09-13T12:46:02.379Z,2026-09-14T12:46:02.379Z,2026-09-13T18:19:32.379Z,telemetry,boiler_01,12,0,27.35,787,65,37.35
,,0,2026-09-13T12:46:02.379Z,2026-09-14T12:46:02.379Z,2026-09-13T18:20:02.379Z,telemetry,boiler_01,12,5,28.74,788,65,38.74
,,0,2026-09-13T12:46:02.379Z,2026-09-14T12:46:02.379Z,2026-09-13T18:20:32.379Z,telemetry,boiler_01,12,5,47.09,789,65,57.09
,,0,2026-09-13T12:46:02.379Z,2026-09-14T12:46:02.379Z,2026-09-13T18:21:02.379Z,telemetry,boiler_01,12,5,52.62,790,65,62.62
,,0,2026-09-13T12:46:02.379Z,2026-09-14T12:46:02.379Z,2026-09-13T18:21:32.379Z,telemetry,boiler_01,12,5,54.28,791,65,64.28
,,0,2026-09-13T12:46:02.379Z,2026-09-14T12:46:02.379Z,2026-09-13T18:22:02.405Z,telemetry,boiler_01,12,5,54.78,792,65,64.78
,,0,2026-09-13T12:46:02.379Z,2026-09-14T12:46:02.379Z,2026-09-13T18:22:32.379Z,telemetry,boiler_01,12,5,54.93,793,65,64.93
,,0,2026-09-13T12:46:02.379Z,2026-09-14T12:46:02.379Z,2026-09-13T18:23:02.38Z,telemetry,boiler_01,12,5,54.98,794,65,64.98
,,0,2026-09-13T12:46:02.379Z,2026-09-14T12:46:02.379Z,2026-09-13T18:23:32.379Z,telemetry,boiler_01,12,5,54.99,795,65,64.99
,,0,2026-09-13T12:46:02.379Z,2026-09-14T12:46:02.379Z,2026-09-13T18:24:02.379Z,telemetry,boiler_01,12,5,55,796,65,65
,,0,2026-09-13T12:46:02.379Z,2026-09-14T12:46:02.379Z,2026-09-13T18:24:32.379Z,telemetry,boiler_01,12,5,55,797,65,65
,,0,2026-09-13T12:46:02.379Z,2026-09-14T12:46:02.379Z,2026-09-13T18:25:02.379Z,telemetry,boiler_01,12,5,55,798,65,65
,,0,2026-09-13T12:46:02.379Z,2026-09-14T12:46:02.379Z,2026-09-13T18:25:32.379Z,telemetry,boiler_01,12,5,55,799,65,65
,,0,2026-09-13T12:46:02.379Z,2026-09-14T12:46:02.379Z,2026-09-13T18:26:02.38Z,telemetry,boiler_01,12,5,55,800,65,65
,,0,2026-09-13T12:46:02.379Z,2026-09-14T12:46:02.379Z,2026-09-13T18:26:32.379Z,telemetry,boiler_01,12,5,55,801,65,65
,,0,2026-09-13T12:46:02.379Z,2026-09-14T12:46:02.379Z,2026-09-13T18:27:02.379Z,telemetry,boiler_01,12,5,55,802,65,65
,,0,2026-09-13T12:46:02.379Z,2026-09-14T12:46:02.379Z,2026-09-13T18:27:32.379Z,telemetry,boiler_01,12,5,55,803,65,65
,,0,2026-09-13T12:46:02.379Z,2026-09-14T12:46:02.379Z,2026-09-13T18:28:02.379Z,telemetry,boiler_01,12,5,55,804,65,65
,,0,2026-09-13T12:46:02.379Z,2026-09-14T12:46:02.379Z,2026-09-13T18:28:32.379Z,telemetry,boiler_01,12,5,55,805,65,65
,,0,2026-09-13T12:46:02.379Z,2026-09-14T12:46:02.379Z,2026-09-13T18:29:02.381Z,telemetry,boiler_01,12,5,55,806,65,65
,,0,2026-09-13T12:46:02.379Z,2026-09-14T12:46:02.379Z,2026-09-13T18:29:32.379Z,telemetry,boiler_01,12,5,55,807,65,65
,,0,2026-09-13T12:46:02.379Z,2026-09-14T12:46:02.379Z,2026-09-13T18:30:02.379Z,telemetry,boiler_01,12,0,54.85,808,65,64.85
,,0,2026-09-13T12:46:02.379Z,2026-09-14T12:46:02.379Z,2026-09-13T18:30:32.379Z,telemetry,boiler_01,12,0,52.66,809,65,62.66
,,0,2026-09-13T12:46:02.379Z,2026-09-14T12:46:02.379Z,2026-09-13T18:31:02.379Z,telemetry,boiler_01,12,0,50.58,810,65,60.58
,,0,2026-09-13T12:46:02.379Z,2026-09-14T12:46:02.379Z,2026-09-13T18:31:32.379Z,telemetry,boiler_01,12,0,48.6,811,65,58.6
,,0,2026-09-13T12:46:02.379Z,2026-09-14T12:46:02.379Z,2026-09-13T18:32:02.379Z,telemetry,boiler_01,12,0,46.72,812,65,56.72
,,0,2026-09-13T12:46:02.379Z,2026-09-14T12:46:02.379Z,2026-09-13T18:32:32.379Z,telemetry,boiler_01,12,0,44.93,813,65,54.93
,,0,2026-09-13T12:46:02.379Z,2026-09-14T12:46:02.379Z,2026-09-13T18:33:02.379Z,telemetry,boiler_01,12,0,43.23,814,65,53.23
,,0,2026-09-13T12:46:02.379Z,2026-09-14T12:46:02.379Z,2026-09-13T18:33:32.379Z,telemetry,boiler_01,12,0,41.61,815,65,51.61
,,0,2026-09-13T12:46:02.379Z,2026-09-14T12:46:02.379Z,2026-09-13T18:34:02.379Z,telemetry,boiler_01,12,0,40.06,816,65,50.06
,,0,2026-09-13T12:46:02.379Z,2026-09-14T12:46:02.379Z,2026-09-13T18:34:32.379Z,telemetry,boiler_01,12,0,38.6,817,65,48.6
,,0,2026-09-13T12:46:02.379Z,2026-09-14T12:46:02.379Z,2026-09-13T18:35:02.379Z,telemetry,boiler_01,12,0,37.2,818,65,47.2
,,0,2026-09-13T12:46:02.379Z,2026-09-14T12:46:02.379Z,2026-09-13T18:35:32.379Z,telemetry,boiler_01,12,0,35.88,819,65,45.88
,,0,2026-09-13T12:46:02.379Z,2026-09-14T12:46:02.379Z,2026-09-13T18:36:02.379Z,telemetry,boiler_01,12,0,34.61,820,65,44.61
,,0,2026-09-13T12:46:02.379Z,2026-09-14T12:46:02.379Z,2026-09-13T18:36:32.379Z,telemetry,boiler_01,12,0,33.41,821,65,43.41
,,0,2026-09-13T12:46:02.379Z,2026-09-14T12:46:02.379Z,2026-09-13T18:37:02.379Z,telemetry,boiler_01,12,0,32.27,822,65,42.27
,,0,2026-09-13T12:46:02.379Z,2026-09-14T12:46:02.379Z,2026-09-13T18:37:32.379Z,telemetry,boiler_01,12,0,31.19,823,65,41.19
,,0,2026-09-13T12:46:02.379Z,2026-09-14T12:46:02.379Z,2026-09-13T18:38:02.379Z,telemetry,boiler_01,12,0,30.15,824,65,40.15
,,0,2026-09-13T12:46:02.379Z,2026-09-14T12:46:02.379Z,2026-09-13T18:38:32.379Z,telemetry,boiler_01,12,0,29.17,825,65,39.17
,,0,2026-09-13T12:46:02.379Z,2026-09-14T12:46:02.379Z,2026-09-13T18:39:02.379Z,telemetry,boiler_01,12,0,28.23,826,65,38.23
,,0,2026-09-13T12:46:02.379Z,2026-09-14T12:46:02.379Z,2026-09-13T18:39:32.379Z,telemetry,boiler_01,12,0,27.35,827,65,37.35
,,0,2026-09-13T12:46:02.379Z,2026-09-14T12:46:02.379Z,2026-09-13T18:40:02.383Z,telemetry,boiler_01,12,5,28.74,828,65,38.74
,,0,2026-09-13T12:46:02.379Z,2026-09-14T12:46:02.379Z,2026-09-13T18:40:32.379Z,telemetry,boiler_01,12,5,47.09,829,65,57.09
,,0,2026-09-13T12:46:02.379Z,2026-09-14T12:46:02.379Z,2026-09-13T18:41:02.379Z,telemetry,boiler_01,12,5,52.62,830,65,62.62
,,0,2026-09-13T12:46:02.379Z,2026-09-14T12:46:02.379Z,2026-09-13T18:41:32.379Z,telemetry,boiler_01,12,5,54.28,831,65,64.28
,,0,2026-09-13T12:46:02.379Z,2026-09-14T12:46:02.379Z,2026-09-13T18:42:02.392Z,telemetry,boiler_01,12,5,54.78,832,65,64.78
,,0,2026-09-13T12:46:02.379Z,2026-09-14T12:46:02.379Z,2026-09-13T18:42:32.379Z,telemetry,boiler_01,12,5,54.93,833,65,64.93
,,0,2026-09-13T12:46:02.379Z,2026-09-14T12:46:02.379Z,2026-09-13T18:43:02.379Z,telemetry,boiler_01,12,5,54.98,834,65,64.98
,,0,2026-09-13T12:46:02.379Z,2026-09-14T12:46:02.379Z,2026-09-13T18:43:32.379Z,telemetry,boiler_01,12,5,54.99,835,65,64.99
,,0,2026-09-13T12:46:02.379Z,2026-09-14T12:46:02.379Z,2026-09-13T18:44:02.38Z,telemetry,boiler_01,12,5,55,836,65,65
,,0,2026-09-13T12:46:02.379Z,2026-09-14T12:46:02.379Z,2026-09-13T18:44:32.379Z,telemetry,boiler_01,12,5,55,837,65,65
,,0,2026-09-13T12:46:02.379Z,2026-09-14T12:46:02.379Z,2026-09-13T18:45:02.379Z,telemetry,boiler_01,12,5,55,838,65,65
,,0,2026-09-13T12:46:02.379Z,2026-09-14T12:46:02.379Z,2026-09-13T18:45:32.379Z,telemetry,boiler_01,12,5,55,839,65,65
,,0,2026-09-13T12:46:02.379Z,2026-09-14T12:46:02.379Z,2026-09-13T18:46:02.38Z,telemetry,boiler_01,12,5,55,840,65,65
,,0,2026-09-13T12:46:02.379Z,2026-09-14T12:46:02.379Z,2026-09-13T18:46:32.379Z,telemetry,boiler_01,12,5,55,841,65,65
,,0,2026-09-13T12:46:02.379Z,2026-09-14T12:46:02.379Z,2026-09-13T18:47:02.379Z,telemetry,boiler_01,12,5,55,842,65,65
,,0,2026-09-13T12:46:02.379Z,2026-09-14T12:46:02.379Z,2026-09-13T18:47:32.379Z,telemetry,boiler_01,12,5,55,843,65,65
,,0,2026-09-13T12:46:02.379Z,2026-09-14T12:46:02.379Z,2026-09-13T18:48:02.38Z,telemetry,boiler_01,12,5,55,844,65,65
,,0,2026-09-13T12:46:02.379Z,2026-09-14T12:46:02.379Z,2026-09-13T18:48:32.379Z,telemetry,boiler_01,12,5,55,845,65,65
,,0,2026-09-13T12:46:02.379Z,2026-09-14T12:46:02.379Z,2026-09-13T18:49:02.379Z,telemetry,boiler_01,12,5,55,846,65,65
,,0,2026-09-13T12:46:02.379Z,2026-09-14T12:46:02.379Z,2026-09-13T18:49:32.379Z,telemetry,boiler_01,12,5,55,847,65,65
,,0,2026-09-13T12:46:02.379Z,2026-09-14T12:46:02.379Z,2026-09-13T18:50:02.419Z,telemetry,boiler_01,12,0,54.85,848,65,64.85
,,0,2026-09-13T12:46:02.379Z,2026-09-14T12:46:02.379Z,2026-09-13T18:50:32.379Z,telemetry,boiler_01,12,0,52.66,849,65,62.66
,,0,2026-09-13T12:46:02.379Z,2026-09-14T12:46:02.379Z,2026-09-13T18:51:02.381Z,telemetry,boiler_01,12,0,50.58,850,65,60.58
,,0,2026-09-13T12:46:02.379Z,2026-09-14T12:46:02.379Z,2026-09-13T18:51:32.379Z,telemetry,boiler_01,12,0,48.6,851,65,58.6
,,0,2026-09-13T12:46:02.379Z,2026-09-14T12:46:02.379Z,2026-09-13T18:52:02.38Z,telemetry,boiler_01,12,0,46.72,852,65,56.72
,,0,2026-09-13T12:46:02.379Z,2026-09-14T12:46:02.379Z,2026-09-13T18:52:32.379Z,telemetry,boiler_01,12,0,44.93,853,65,54.93
,,0,2026-09-13T12:46:02.379Z,2026-09-14T12:46:02.379Z,2026-09-13T18:53:02.379Z,telemetry,boiler_01,12,0,43.23,854,65,53.23
,,0,2026-09-13T12:46:02.379Z,2026-09-14T12:46:02.379Z,2026-09-13T18:53:32.379Z,telemetry,boiler_01,12,0,41.61,855,65,51.61
,,0,2026-09-13T12:46:02.379Z,2026-09-14T12:46:02.379Z,2026-09-13T18:54:02.379Z,telemetry,boiler_01,12,0,40.06,856,65,50.06
,,0,2026-09-13T12:46:02.379Z,2026-09-14T12:46:02.379Z,2026-09-13T18:54:32.379Z,telemetry,boiler_01,12,0,38.6,857,65,48.6
,,0,2026-09-13T12:46:02.379Z,2026-09-14T12:46:02.379Z,2026-09-13T18:55:02.379Z,telemetry,boiler_01,12,0,37.2,858,65,47.2
,,0,2026-09-13T12:46:02.379Z,2026-09-14T12:46:02.379Z,2026-09-13T18:55:32.379Z,telemetry,boiler_01,12,0,35.88,859,65,45.88
,,0,2026-09-13T12:46:02.379Z,2026-09-14T12:46:02.379Z,2026-09-13T18:56:02.379Z,telemetry,boiler_01,12,0,34.61,860,65,44.61
,,0,2026-09-13T12:46:02.379Z,2026-09-14T12:46:02.379Z,2026-09-13T18:56:32.379Z,telemetry,boiler_01,12,0,33.41,861,65,43.41
,,0,2026-09-13T12:46:02.379Z,2026-09-14T12:46:02.379Z,2026-09-13T18:57:02.38Z,telemetry,boiler_01,12,0,32.27,862,65,42.27
,,0,2026-09-13T12:46:02.379Z,2026-09-14T12:46:02.379Z,2026-09-13T18:57:32.379Z,telemetry,boiler_01,12,0,31.19,863,65,41.19
,,0,2026-09-13T12:46:02.379Z,2026-09-14T12:46:02.379Z,2026-09-13T18:58:02.379Z,telemetry,boiler_01,12,0,30.15,864,65,40.15
,,0,2026-09-13T12:46:02.379Z,2026-09-14T12:46:02.379Z,2026-09-13T18:58:32.379Z,telemetry,boiler_01,12,0,29.17,865,65,39.17
,,0,2026-09-13T12:46:02.379Z,2026-09-14T12:46:02.379Z,2026-09-13T18:59:02.379Z,telemetry,boiler_01,12,0,28.23,866,65,38.23
,,0,2026-09-13T12:46:02.379Z,2026-09-14T12:46:02.379Z,2026-09-13T18:59:32.379Z,telemetry,boiler_01,12,0,27.35,867,65,37.35
,,0,2026-09-13T12:46:02.379Z,2026-09-14T12:46:02.379Z,2026-09-13T19:00:02.379Z,telemetry,boiler_01,12,5,28.74,868,65,38.74
,,0,2026-09-13T12:46:02.379Z,2026-09-14T12:46:02.379Z,2026-09-13T19:00:32.379Z,telemetry,boiler_01,12,5,47.09,869,65,57.09
,,0,2026-09-13T12:46:02.379Z,2026-09-14T12:46:02.379Z,2026-09-13T19:01:02.379Z,telemetry,boiler_01,12,5,52.62,870,65,62.62
,,0,2026-09-13T12:46:02.379Z,2026-09-14T12:46:02.379Z,2026-09-13T19:01:32.38Z,telemetry,boiler_01,12,5,54.28,871,65,64.28
,,0,2026-09-13T12:46:02.379Z,2026-09-14T12:46:02.379Z,2026-09-13T19:02:02.379Z,telemetry,boiler_01,12,5,54.78,872,65,64.78
,,0,2026-09-13T12:46:02.379Z,2026-09-14T12:46:02.379Z,2026-09-13T19:02:32.379Z,telemetry,boiler_01,12,5,54.93,873,65,64.93
,,0,2026-09-13T12:46:02.379Z,2026-09-14T12:46:02.379Z,2026-09-13T19:03:02.38Z,telemetry,boiler_01,12,5,54.98,874,65,64.98
,,0,2026-09-13T12:46:02.379Z,2026-09-14T12:46:02.379Z,2026-09-13T19:03:32.379Z,telemetry,boiler_01,12,5,54.99,875,65,64.99
,,0,2026-09-13T12:46:02.379Z,2026-09-14T12:46:02.379Z,2026-09-13T19:04:02.379Z,telemetry,boiler_01,12,5,55,876,65,65
,,0,2026-09-13T12:46:02.379Z,2026-09-14T12:46:02.379Z,2026-09-13T19:04:32.379Z,telemetry,boiler_01,12,5,55,877,65,65
,,0,2026-09-13T12:46:02.379Z,2026-09-14T12:46:02.379Z,2026-09-13T19:05:02.381Z,telemetry,boiler_01,12,5,55,878,65,65
,,0,2026-09-13T12:46:02.379Z,2026-09-14T12:46:02.379Z,2026-09-13T19:05:32.379Z,telemetry,boiler_01,12,5,55,879,65,65
,,0,2026-09-13T12:46:02.379Z,2026-09-14T12:46:02.379Z,2026-09-13T19:06:02.38Z,telemetry,boiler_01,12,5,55,880,65,65
,,0,2026-09-13T12:46:02.379Z,2026-09-14T12:46:02.379Z,2026-09-13T19:06:32.379Z,telemetry,boiler_01,12,5,55,881,65,65
,,0,2026-09-13T12:46:02.379Z,2026-09-14T12:46:02.379Z,2026-09-13T19:07:02.38Z,telemetry,boiler_01,12,5,55,882,65,65
,,0,2026-09-13T12:46:02.379Z,2026-09-14T12:46:02.379Z,2026-09-13T19:07:32.38Z,telemetry,boiler_01,12,5,55,883,65,65
,,0,2026-09-13T12:46:02.379Z,2026-09-14T12:46:02.379Z,2026-09-13T19:08:02.379Z,telemetry,boiler_01,12,5,55,884,65,65
,,0,2026-09-13T12:46:02.379Z,2026-09-14T12:46:02.379Z,2026-09-13T19:08:32.379Z,telemetry,boiler_01,12,5,55,885,65,65
,,0,2026-09-13T12:46:02.379Z,2026-09-14T12:46:02.379Z,2026-09-13T19:09:02.379Z,telemetry,boiler_01,12,5,55,886,65,65
,,0,2026-09-13T12:46:02.379Z,2026-09-14T12:46:02.379Z,2026-09-13T19:09:32.379Z,telemetry,boiler_01,12,5,55,887,65,65
,,0,2026-09-13T12:46:02.379Z,2026-09-14T12:46:02.379Z,2026-09-13T19:10:02.379Z,telemetry,boiler_01,12,0,54.85,888,65,64.85
,,0,2026-09-13T12:46:02.379Z,2026-09-14T12:46:02.379Z,2026-09-13T19:10:32.379Z,telemetry,boiler_01,12,0,52.66,889,65,62.66
,,0,2026-09-13T12:46:02.379Z,2026-09-14T12:46:02.379Z,2026-09-13T19:11:02.379Z,telemetry,boiler_01,12,0,50.58,890,65,60.58
,,0,2026-09-13T12:46:02.379Z,2026-09-14T12:46:02.379Z,2026-09-13T19:11:32.379Z,telemetry,boiler_01,12,0,48.6,891,65,58.6
,,0,2026-09-13T12:46:02.379Z,2026-09-14T12:46:02.379Z,2026-09-13T19:12:02.379Z,telemetry,boiler_01,12,0,46.72,892,65,56.72
,,0,2026-09-13T12:46:02.379Z,2026-09-14T12:46:02.379Z,2026-09-13T19:12:32.379Z,telemetry,boiler_01,12,0,44.93,893,65,54.93
,,0,2026-09-13T12:46:02.379Z,2026-09-14T12:46:02.379Z,2026-09-13T19:13:02.379Z,telemetry,boiler_01,12,0,43.23,894,65,53.23
,,0,2026-09-13T12:46:02.379Z,2026-09-14T12:46:02.379Z,2026-09-13T19:13:32.379Z,telemetry,boiler_01,12,0,41.61,895,65,51.61
,,0,2026-09-13T12:46:02.379Z,2026-09-14T12:46:02.379Z,2026-09-13T19:14:02.38Z,telemetry,boiler_01,12,0,40.06,896,65,50.06
,,0,2026-09-13T12:46:02.379Z,2026-09-14T12:46:02.379Z,2026-09-13T19:14:32.379Z,telemetry,boiler_01,12,0,38.6,897,65,48.6
,,0,2026-09-13T12:46:02.379Z,2026-09-14T12:46:02.379Z,2026-09-13T19:15:02.379Z,telemetry,boiler_01,12,0,37.2,898,65,47.2
,,0,2026-09-13T12:46:02.379Z,2026-09-14T12:46:02.379Z,2026-09-13T19:15:32.379Z,telemetry,boiler_01,12,0,35.88,899,65,45.88
,,0,2026-09-13T12:46:02.379Z,2026-09-14T12:46:02.379Z,2026-09-13T19:16:02.379Z,telemetry,boiler_01,12,0,34.61,900,65,44.61
,,0,2026-09-13T12:46:02.379Z,2026-09-14T12:46:02.379Z,2026-09-13T19:16:32.379Z,telemetry,boiler_01,12,0,33.41,901,65,43.41
,,0,2026-09-13T12:46:02.379Z,2026-09-14T12:46:02.379Z,2026-09-13T19:17:02.38Z,telemetry,boiler_01,12,0,32.27,902,65,42.27
,,0,2026-09-13T12:46:02.379Z,2026-09-14T12:46:02.379Z,2026-09-13T19:17:32.379Z,telemetry,boiler_01,12,0,31.19,903,65,41.19
,,0,2026-09-13T12:46:02.379Z,2026-09-14T12:46:02.379Z,2026-09-13T19:18:02.38Z,telemetry,boiler_01,12,0,30.15,904,65,40.15
,,0,2026-09-13T12:46:02.379Z,2026-09-14T12:46:02.379Z,2026-09-13T19:18:32.379Z,telemetry,boiler_01,12,0,29.17,905,65,39.17
,,0,2026-09-13T12:46:02.379Z,2026-09-14T12:46:02.379Z,2026-09-13T19:19:02.379Z,telemetry,boiler_01,12,0,28.23,906,65,38.23
,,0,2026-09-13T12:46:02.379Z,2026-09-14T12:46:02.379Z,2026-09-13T19:19:32.379Z,telemetry,boiler_01,12,0,27.35,907,65,37.35
,,0,2026-09-13T12:46:02.379Z,2026-09-14T12:46:02.379Z,2026-09-13T19:20:02.379Z,telemetry,boiler_01,12,5,28.74,908,65,38.74
,,0,2026-09-13T12:46:02.379Z,2026-09-14T12:46:02.379Z,2026-09-13T19:20:32.379Z,telemetry,boiler_01,12,5,47.09,909,65,57.09
,,0,2026-09-13T12:46:02.379Z,2026-09-14T12:46:02.379Z,2026-09-13T19:21:02.382Z,telemetry,boiler_01,12,5,52.62,910,65,62.62
,,0,2026-09-13T12:46:02.379Z,2026-09-14T12:46:02.379Z,2026-09-13T19:21:32.379Z,telemetry,boiler_01,12,5,54.28,911,65,64.28
,,0,2026-09-13T12:46:02.379Z,2026-09-14T12:46:02.379Z,2026-09-13T19:22:02.379Z,telemetry,boiler_01,12,5,54.78,912,65,64.78
,,0,2026-09-13T12:46:02.379Z,2026-09-14T12:46:02.379Z,2026-09-13T19:22:32.379Z,telemetry,boiler_01,12,5,54.93,913,65,64.93
,,0,2026-09-13T12:46:02.379Z,2026-09-14T12:46:02.379Z,2026-09-13T19:23:02.379Z,telemetry,boiler_01,12,5,54.98,914,65,64.98
,,0,2026-09-13T12:46:02.379Z,2026-09-14T12:46:02.379Z,2026-09-13T19:23:32.379Z,telemetry,boiler_01,12,5,54.99,915,65,64.99
,,0,2026-09-13T12:46:02.379Z,2026-09-14T12:46:02.379Z,2026-09-13T19:24:02.379Z,telemetry,boiler_01,12,5,55,916,65,65
,,0,2026-09-13T12:46:02.379Z,2026-09-14T12:46:02.379Z,2026-09-13T19:24:32.379Z,telemetry,boiler_01,12,5,55,917,65,65
,,0,2026-09-13T12:46:02.379Z,2026-09-14T12:46:02.379Z,2026-09-13T19:25:02.379Z,telemetry,boiler_01,12,5,55,918,65,65
,,0,2026-09-13T12:46:02.379Z,2026-09-14T12:46:02.379Z,2026-09-13T19:25:32.379Z,telemetry,boiler_01,12,5,55,919,65,65
,,0,2026-09-13T12:46:02.379Z,2026-09-14T12:46:02.379Z,2026-09-13T19:26:02.38Z,telemetry,boiler_01,12,5,55,920,65,65
,,0,2026-09-13T12:46:02.379Z,2026-09-14T12:46:02.379Z,2026-09-13T19:26:32.381Z,telemetry,boiler_01,12,5,55,921,65,65
,,0,2026-09-13T12:46:02.379Z,2026-09-14T12:46:02.379Z,2026-09-13T19:27:02.379Z,telemetry,boiler_01,12,5,55,922,65,65
,,0,2026-09-13T12:46:02.379Z,2026-09-14T12:46:02.379Z,2026-09-13T19:27:32.379Z,telemetry,boiler_01,12,5,55,923,65,65
,,0,2026-09-13T12:46:02.379Z,2026-09-14T12:46:02.379Z,2026-09-13T19:28:02.379Z,telemetry,boiler_01,12,5,55,924,65,65
,,0,2026-09-13T12:46:02.379Z,2026-09-14T12:46:02.379Z,2026-09-13T19:28:32.379Z,telemetry,boiler_01,12,5,55,925,65,65
,,0,2026-09-13T12:46:02.379Z,2026-09-14T12:46:02.379Z,2026-09-13T19:29:02.379Z,telemetry,boiler_01,12,5,55,926,65,65
,,0,2026-09-13T12:46:02.379Z,2026-09-14T12:46:02.379Z,2026-09-13T19:29:32.38Z,telemetry,boiler_01,12,5,55,927,65,65
,,0,2026-09-13T12:46:02.379Z,2026-09-14T12:46:02.379Z,2026-09-13T19:30:02.385Z,telemetry,boiler_01,12,0,54.85,928,65,64.85
,,0,2026-09-13T12:46:02.379Z,2026-09-14T12:46:02.379Z,2026-09-13T19:30:32.379Z,telemetry,boiler_01,12,0,52.66,929,65,62.66
,,0,2026-09-13T12:46:02.379Z,2026-09-14T12:46:02.379Z,2026-09-13T19:31:02.379Z,telemetry,boiler_01,12,0,50.58,930,65,60.58
,,0,2026-09-13T12:46:02.379Z,2026-09-14T12:46:02.379Z,2026-09-13T19:31:32.379Z,telemetry,boiler_01,12,0,48.6,931,65,58.6
,,0,2026-09-13T12:46:02.379Z,2026-09-14T12:46:02.379Z,2026-09-13T19:32:02.379Z,telemetry,boiler_01,12,0,46.72,932,65,56.72
,,0,2026-09-13T12:46:02.379Z,2026-09-14T12:46:02.379Z,2026-09-13T19:32:32.379Z,telemetry,boiler_01,12,0,44.93,933,65,54.93
,,0,2026-09-13T12:46:02.379Z,2026-09-14T12:46:02.379Z,2026-09-13T19:33:02.379Z,telemetry,boiler_01,12,0,43.23,934,65,53.23
,,0,2026-09-13T12:46:02.379Z,2026-09-14T12:46:02.379Z,2026-09-13T19:33:32.379Z,telemetry,boiler_01,12,0,41.61,935,65,51.61
,,0,2026-09-13T12:46:02.379Z,2026-09-14T12:46:02.379Z,2026-09-13T19:34:02.379Z,telemetry,boiler_01,12,0,40.06,936,65,50.06
,,0,2026-09-13T12:46:02.379Z,2026-09-14T12:46:02.379Z,2026-09-13T19:34:32.379Z,telemetry,boiler_01,12,0,38.6,937,65,48.6
,,0,2026-09-13T12:46:02.379Z,2026-09-14T12:46:02.379Z,2026-09-13T19:35:02.379Z,telemetry,boiler_01,12,0,37.2,938,65,47.2
,,0,2026-09-13T12:46:02.379Z,2026-09-14T12:46:02.379Z,2026-09-13T19:35:32.379Z,telemetry,boiler_01,12,0,35.88,939,65,45.88
,,0,2026-09-13T12:46:02.379Z,2026-09-14T12:46:02.379Z,2026-09-13T19:36:02.379Z,telemetry,boiler_01,12,0,34.61,940,65,44.61
,,0,2026-09-13T12:46:02.379Z,2026-09-14T12:46:02.379Z,2026-09-13T19:36:32.379Z,telemetry,boiler_01,12,0,33.41,941,65,43.41
,,0,2026-09-13T12:46:02.379Z,2026-09-14T12:46:02.379Z,2026-09-13T19:37:02.383Z,telemetry,boiler_01,12,0,32.27,942,65,42.27
,,0,2026-09-13T12:46:02.379Z,2026-09-14T12:46:02.379Z,2026-09-13T19:37:32.379Z,telemetry,boiler_01,12,0,31.19,943,65,41.19
,,0,2026-09-13T12:46:02.379Z,2026-09-14T12:46:02.379Z,2026-09-13T19:38:02.381Z,telemetry,boiler_01,12,0,30.15,944,65,40.15
,,0,2026-09-13T12:46:02.379Z,2026-09-14T12:46:02.379Z,2026-09-13T19:38:32.379Z,telemetry,boiler_01,12,0,29.17,945,65,39.17
,,0,2026-09-13T12:46:02.379Z,2026-09-14T12:46:02.379Z,2026-09-13T19:39:02.385Z,telemetry,boiler_01,12,0,28.23,946,65,38.23
,,0,2026-09-13T12:46:02.379Z,2026-09-14T12:46:02.379Z,2026-09-13T19:39:32.379Z,telemetry,boiler_01,12,0,27.35,947,65,37.35
,,0,2026-09-13T12:46:02.379Z,2026-09-14T12:46:02.379Z,2026-09-13T19:40:02.379Z,telemetry,boiler_01,12,5,28.74,948,65,38.74
,,0,2026-09-13T12:46:02.379Z,2026-09-14T12:46:02.379Z,2026-09-13T19:40:32.379Z,telemetry,boiler_01,12,5,47.09,949,65,57.09
,,0,2026-09-13T12:46:02.379Z,2026-09-14T12:46:02.379Z,2026-09-13T19:41:02.379Z,telemetry,boiler_01,12,5,52.62,950,65,62.62
,,0,2026-09-13T12:46:02.379Z,2026-09-14T12:46:02.379Z,2026-09-13T19:41:32.379Z,telemetry,boiler_01,12,5,54.28,951,65,64.28
,,0,2026-09-13T12:46:02.379Z,2026-09-14T12:46:02.379Z,2026-09-13T19:42:02.384Z,telemetry,boiler_01,12,5,54.78,952,65,64.78
,,0,2026-09-13T12:46:02.379Z,2026-09-14T12:46:02.379Z,2026-09-13T19:42:32.379Z,telemetry,boiler_01,12,5,54.93,953,65,64.93
,,0,2026-09-13T12:46:02.379Z,2026-09-14T12:46:02.379Z,2026-09-13T19:43:02.379Z,telemetry,boiler_01,12,5,54.98,954,65,64.98
,,0,2026-09-13T12:46:02.379Z,2026-09-14T12:46:02.379Z,2026-09-13T19:43:32.379Z,telemetry,boiler_01,12,5,54.99,955,65,64.99
,,0,2026-09-13T12:46:02.379Z,2026-09-14T12:46:02.379Z,2026-09-13T19:44:02.379Z,telemetry,boiler_01,12,5,55,956,65,65
,,0,2026-09-13T12:46:02.379Z,2026-09-14T12:46:02.379Z,2026-09-13T19:44:32.379Z,telemetry,boiler_01,12,5,55,957,65,65
,,0,2026-09-13T12:46:02.379Z,2026-09-14T12:46:02.379Z,2026-09-13T19:45:02.379Z,telemetry,boiler_01,12,5,55,958,65,65
,,0,2026-09-13T12:46:02.379Z,2026-09-14T12:46:02.379Z,2026-09-13T19:45:32.379Z,telemetry,boiler_01,12,5,55,959,65,65
,,0,2026-09-13T12:46:02.379Z,2026-09-14T12:46:02.379Z,2026-09-13T19:46:02.381Z,telemetry,boiler_01,12,5,55,960,65,65
,,0,2026-09-13T12:46:02.379Z,2026-09-14T12:46:02.379Z,2026-09-13T19:46:32.379Z,telemetry,boiler_01,12,5,55,961,65,65
,,0,2026-09-13T12:46:02.379Z,2026-09-14T12:46:02.379Z,2026-09-13T19:47:02.379Z,telemetry,boiler_01,12,5,55,962,65,65
,,0,2026-09-13T12:46:02.379Z,2026-09-14T12:46:02.379Z,2026-09-13T19:47:32.379Z,telemetry,boiler_01,12,5,55,963,65,65
,,0,2026-09-13T12:46:02.379Z,2026-09-14T12:46:02.379Z,2026-09-13T19:48:02.379Z,telemetry,boiler_01,12,5,55,964,65,65
,,0,2026-09-13T12:46:02.379Z,2026-09-14T12:46:02.379Z,2026-09-13T19:48:32.379Z,telemetry,boiler_01,12,5,55,965,65,65
,,0,2026-09-13T12:46:02.379Z,2026-09-14T12:46:02.379Z,2026-09-13T19:49:02.379Z,telemetry,boiler_01,12,5,55,966,65,65
,,0,2026-09-13T12:46:02.379Z,2026-09-14T12:46:02.379Z,2026-09-13T19:49:32.379Z,telemetry,boiler_01,12,5,55,967,65,65
,,0,2026-09-13T12:46:02.379Z,2026-09-14T12:46:02.379Z,2026-09-13T19:50:02.379Z,telemetry,boiler_01,12,0,54.85,968,65,64.85
,,0,2026-09-13T12:46:02.379Z,2026-09-14T12:46:02.379Z,2026-09-13T19:50:32.379Z,telemetry,boiler_01,12,0,52.66,969,65,62.66
,,0,2026-09-13T12:46:02.379Z,2026-09-14T12:46:02.379Z,2026-09-13T19:51:02.379Z,telemetry,boiler_01,12,0,50.58,970,65,60.58
,,0,2026-09-13T12:46:02.379Z,2026-09-14T12:46:02.379Z,2026-09-13T19:51:32.38Z,telemetry,boiler_01,12,0,48.6,971,65,58.6
,,0,2026-09-13T12:46:02.379Z,2026-09-14T12:46:02.379Z,2026-09-13T19:52:02.38Z,telemetry,boiler_01,12,0,46.72,972,65,56.72
,,0,2026-09-13T12:46:02.379Z,2026-09-14T12:46:02.379Z,2026-09-13T19:52:32.379Z,telemetry,boiler_01,12,0,44.93,973,65,54.93
,,0,2026-09-13T12:46:02.379Z,2026-09-14T12:46:02.379Z,2026-09-13T19:53:02.379Z,telemetry,boiler_01,12,0,43.23,974,65,53.23
,,0,2026-09-13T12:46:02.379Z,2026-09-14T12:46:02.379Z,2026-09-13T19:53:32.379Z,telemetry,boiler_01,12,0,41.61,975,65,51.61
,,0,2026-09-13T12:46:02.379Z,2026-09-14T12:46:02.379Z,2026-09-13T19:54:02.379Z,telemetry,boiler_01,12,0,40.06,976,65,50.06
,,0,2026-09-13T12:46:02.379Z,2026-09-14T12:46:02.379Z,2026-09-13T19:54:32.379Z,telemetry,boiler_01,12,0,38.6,977,65,48.6
,,0,2026-09-13T12:46:02.379Z,2026-09-14T12:46:02.379Z,2026-09-13T19:55:02.379Z,telemetry,boiler_01,12,0,37.2,978,65,47.2
,,0,2026-09-13T12:46:02.379Z,2026-09-14T12:46:02.379Z,2026-09-13T19:55:32.379Z,telemetry,boiler_01,12,0,35.88,979,65,45.88
,,0,2026-09-13T12:46:02.379Z,2026-09-14T12:46:02.379Z,2026-09-13T19:56:02.38Z,telemetry,boiler_01,12,0,34.61,980,65,44.61
,,0,2026-09-13T12:46:02.379Z,2026-09-14T12:46:02.379Z,2026-09-13T19:56:32.379Z,telemetry,boiler_01,12,0,33.41,981,65,43.41
,,0,2026-09-13T12:46:02.379Z,2026-09-14T12:46:02.379Z,2026-09-13T19:57:02.379Z,telemetry,boiler_01,12,0,32.27,982,65,42.27
,,0,2026-09-13T12:46:02.379Z,2026-09-14T12:46:02.379Z,2026-09-13T19:57:32.379Z,telemetry,boiler_01,12,0,31.19,983,65,41.19
,,0,2026-09-13T12:46:02.379Z,2026-09-14T12:46:02.379Z,2026-09-13T19:58:02.379Z,telemetry,boiler_01,12,0,30.15,984,65,40.15
,,0,2026-09-13T12:46:02.379Z,2026-09-14T12:46:02.379Z,2026-09-13T19:58:32.379Z,telemetry,boiler_01,12,0,29.17,985,65,39.17
,,0,2026-09-13T12:46:02.379Z,2026-09-14T12:46:02.379Z,2026-09-13T19:59:02.379Z,telemetry,boiler_01,12,0,28.23,986,65,38.23
,,0,2026-09-13T12:46:02.379Z,2026-09-14T12:46:02.379Z,2026-09-13T19:59:32.379Z,telemetry,boiler_01,12,0,27.35,987,65,37.35
,,0,2026-09-13T12:46:02.379Z,2026-09-14T12:46:02.379Z,2026-09-13T20:00:02.379Z,telemetry,boiler_01,12,5,28.74,988,65,38.74
,,0,2026-09-13T12:46:02.379Z,2026-09-14T12:46:02.379Z,2026-09-13T20:00:32.379Z,telemetry,boiler_01,12,5,47.09,989,65,57.09
,,0,2026-09-13T12:46:02.379Z,2026-09-14T12:46:02.379Z,2026-09-13T20:01:02.381Z,telemetry,boiler_01,12,5,52.62,990,65,62.62
,,0,2026-09-13T12:46:02.379Z,2026-09-14T12:46:02.379Z,2026-09-13T20:01:32.379Z,telemetry,boiler_01,12,5,54.28,991,65,64.28
,,0,2026-09-13T12:46:02.379Z,2026-09-14T12:46:02.379Z,2026-09-13T20:02:02.379Z,telemetry,boiler_01,12,5,54.78,992,65,64.78
,,0,2026-09-13T12:46:02.379Z,2026-09-14T12:46:02.379Z,2026-09-13T20:02:32.379Z,telemetry,boiler_01,12,5,54.93,993,65,64.93
,,0,2026-09-13T12:46:02.379Z,2026-09-14T12:46:02.379Z,2026-09-13T20:03:02.381Z,telemetry,boiler_01,12,5,54.98,994,65,64.98
,,0,2026-09-13T12:46:02.379Z,2026-09-14T12:46:02.379Z,2026-09-13T20:03:32.379Z,telemetry,boiler_01,12,5,54.99,995,65,64.99
,,0,2026-09-13T12:46:02.379Z,2026-09-14T12:46:02.379Z,2026-09-13T20:04:02.384Z,telemetry,boiler_01,12,5,55,996,65,65
,,0,2026-09-13T12:46:02.379Z,2026-09-14T12:46:02.379Z,2026-09-13T20:04:32.379Z,telemetry,boiler_01,12,5,55,997,65,65
,,0,2026-09-13T12:46:02.379Z,2026-09-14T12:46:02.379Z,2026-09-13T20:05:02.379Z,telemetry,boiler_01,12,5,55,998,65,65
,,0,2026-09-13T12:46:02.379Z,2026-09-14T12:46:02.379Z,2026-09-13T20:05:32.379Z,telemetry,boiler_01,12,5,55,999,65,65
,,0,2026-09-13T12:46:02.379Z,2026-09-14T12:46:02.379Z,2026-09-13T20:06:02.379Z,telemetry,boiler_01,12,5,55,1000,65,65
,,0,2026-09-13T12:46:02.379Z,2026-09-14T12:46:02.379Z,2026-09-13T20:06:32.379Z,telemetry,boiler_01,12,5,55,1001,65,65
,,0,2026-09-13T12:46:02.379Z,2026-09-14T12:46:02.379Z,2026-09-13T20:07:02.379Z,telemetry,boiler_01,12,5,55,1002,65,65
,,0,2026-09-13T12:46:02.379Z,2026-09-14T12:46:02.379Z,2026-09-13T20:07:32.379Z,telemetry,boiler_01,12,5,55,1003,65,65
,,0,2026-09-13T12:46:02.379Z,2026-09-14T12:46:02.379Z,2026-09-13T20:08:02.379Z,telemetry,boiler_01,12,5,55,1004,65,65
,,0,2026-09-13T12:46:02.379Z,2026-09-14T12:46:02.379Z,2026-09-13T20:08:32.379Z,telemetry,boiler_01,12,5,55,1005,65,65
,,0,2026-09-13T12:46:02.379Z,2026-09-14T12:46:02.379Z,2026-09-13T20:09:02.379Z,telemetry,boiler_01,12,5,55,1006,65,65
,,0,2026-09-13T12:46:02.379Z,2026-09-14T12:46:02.379Z,2026-09-13T20:09:32.379Z,telemetry,boiler_01,12,5,55,1007,65,65
,,0,2026-09-13T12:46:02.379Z,2026-09-14T12:46:02.379Z,2026-09-13T20:10:02.401Z,telemetry,boiler_01,12,0,54.85,1008,65,64.85
,,0,2026-09-13T12:46:02.379Z,2026-09-14T12:46:02.379Z,2026-09-13T20:10:32.379Z,telemetry,boiler_01,12,0,52.66,1009,65,62.66
,,0,2026-09-13T12:46:02.379Z,2026-09-14T12:46:02.379Z,2026-09-13T20:11:02.379Z,telemetry,boiler_01,12,0,50.58,1010,65,60.58
,,0,2026-09-13T12:46:02.379Z,2026-09-14T12:46:02.379Z,2026-09-13T20:11:32.379Z,telemetry,boiler_01,12,0,48.6,1011,65,58.6
,,0,2026-09-13T12:46:02.379Z,2026-09-14T12:46:02.379Z,2026-09-13T20:12:02.382Z,telemetry,boiler_01,12,0,46.72,1012,65,56.72
,,0,2026-09-13T12:46:02.379Z,2026-09-14T12:46:02.379Z,2026-09-13T20:12:32.379Z,telemetry,boiler_01,12,0,44.93,1013,65,54.93
,,0,2026-09-13T12:46:02.379Z,2026-09-14T12:46:02.379Z,2026-09-13T20:13:02.38Z,telemetry,boiler_01,12,0,43.23,1014,65,53.23
,,0,2026-09-13T12:46:02.379Z,2026-09-14T12:46:02.379Z,2026-09-13T20:13:32.38Z,telemetry,boiler_01,12,0,41.61,1015,65,51.61
,,0,2026-09-13T12:46:02.379Z,2026-09-14T12:46:02.379Z,2026-09-13T20:14:02.379Z,telemetry,boiler_01,12,0,40.06,1016,65,50.06
,,0,2026-09-13T12:46:02.379Z,2026-09-14T12:46:02.379Z,2026-09-13T20:14:32.379Z,telemetry,boiler_01,12,0,38.6,1017,65,48.6
,,0,2026-09-13T12:46:02.379Z,2026-09-14T12:46:02.379Z,2026-09-13T20:15:02.379Z,telemetry,boiler_01,12,0,37.2,1018,65,47.2
,,0,2026-09-13T12:46:02.379Z,2026-09-14T12:46:02.379Z,2026-09-13T20:15:32.379Z,telemetry,boiler_01,12,0,35.88,1019,65,45.88
,,0,2026-09-13T12:46:02.379Z,2026-09-14T12:46:02.379Z,2026-09-13T20:16:02.379Z,telemetry,boiler_01,12,0,34.61,1020,65,44.61
,,0,2026-09-13T12:46:02.379Z,2026-09-14T12:46:02.379Z,2026-09-13T20:16:32.379Z,telemetry,boiler_01,12,0,33.41,1021,65,43.41
,,0,2026-09-13T12:46:02.379Z,2026-09-14T12:46:02.379Z,2026-09-13T20:17:02.379Z,telemetry,boiler_01,12,0,32.27,1022,65,42.27
,,0,2026-09-13T12:46:02.379Z,2026-09-14T12:46:02.379Z,2026-09-13T20:17:32.379Z,telemetry,boiler_01,12,0,31.19,1023,65,41.19
,,0,2026-09-13T12:46:02.379Z,2026-09-14T12:46:02.379Z,2026-09-13T20:18:02.383Z,telemetry,boiler_01,12,0,30.15,1024,65,40.15
,,0,2026-09-13T12:46:02.379Z,2026-09-14T12:46:02.379Z,2026-09-13T20:18:32.38Z,telemetry,boiler_01,12,0,29.17,1025,65,39.17
,,0,2026-09-13T12:46:02.379Z,2026-09-14T12:46:02.379Z,2026-09-13T20:19:02.379Z,telemetry,boiler_01,12,0,28.23,1026,65,38.23
,,0,2026-09-13T12:46:02.379Z,2026-09-14T12:46:02.379Z,2026-09-13T20:19:32.379Z,telemetry,boiler_01,12,0,27.35,1027,65,37.35
,,0,2026-09-13T12:46:02.379Z,2026-09-14T12:46:02.379Z,2026-09-13T20:20:02.379Z,telemetry,boiler_01,12,5,28.74,1028,65,38.74
,,0,2026-09-13T12:46:02.379Z,2026-09-14T12:46:02.379Z,2026-09-13T20:20:32.379Z,telemetry,boiler_01,12,5,47.09,1029,65,57.09
,,0,2026-09-13T12:46:02.379Z,2026-09-14T12:46:02.379Z,2026-09-13T20:21:02.379Z,telemetry,boiler_01,12,5,52.62,1030,65,62.62
,,0,2026-09-13T12:46:02.379Z,2026-09-14T12:46:02.379Z,2026-09-13T20:21:32.379Z,telemetry,boiler_01,12,5,54.28,1031,65,64.28
,,0,2026-09-13T12:46:02.379Z,2026-09-14T12:46:02.379Z,2026-09-13T20:22:02.379Z,telemetry,boiler_01,12,5,54.78,1032,65,64.78
,,0,2026-09-13T12:46:02.379Z,2026-09-14T12:46:02.379Z,2026-09-13T20:22:32.379Z,telemetry,boiler_01,12,5,54.93,1033,65,64.93
,,0,2026-09-13T12:46:02.379Z,2026-09-14T12:46:02.379Z,2026-09-13T20:23:02.379Z,telemetry,boiler_01,12,5,54.98,1034,65,64.98
,,0,2026-09-13T12:46:02.379Z,2026-09-14T12:46:02.379Z,2026-09-13T20:23:32.379Z,telemetry,boiler_01,12,5,54.99,1035,65,64.99
,,0,2026-09-13T12:46:02.379Z,2026-09-14T12:46:02.379Z,2026-09-13T20:24:02.379Z,telemetry,boiler_01,12,5,55,1036,65,65
,,0,2026-09-13T12:46:02.379Z,2026-09-14T12:46:02.379Z,2026-09-13T20:24:32.379Z,telemetry,boiler_01,12,5,55,1037,65,65
,,0,2026-09-13T12:46:02.379Z,2026-09-14T12:46:02.379Z,2026-09-13T20:25:02.379Z,telemetry,boiler_01,12,5,55,1038,65,65
,,0,2026-09-13T12:46:02.379Z,2026-09-14T12:46:02.379Z,2026-09-13T20:25:32.379Z,telemetry,boiler_01,12,5,55,1039,65,65
,,0,2026-09-13T12:46:02.379Z,2026-09-14T12:46:02.379Z,2026-09-13T20:26:02.379Z,telemetry,boiler_01,12,5,55,1040,65,65
,,0,2026-09-13T12:46:02.379Z,2026-09-14T12:46:02.379Z,2026-09-13T20:26:32.379Z,telemetry,boiler_01,12,5,55,1041,65,65
,,0,2026-09-13T12:46:02.379Z,2026-09-14T12:46:02.379Z,2026-09-13T20:27:02.379Z,telemetry,boiler_01,12,5,55,1042,65,65
,,0,2026-09-13T12:46:02.379Z,2026-09-14T12:46:02.379Z,2026-09-13T20:27:32.379Z,telemetry,boiler_01,12,5,55,1043,65,65
,,0,2026-09-13T12:46:02.379Z,2026-09-14T12:46:02.379Z,2026-09-13T20:28:02.379Z,telemetry,boiler_01,12,5,55,1044,65,65
,,0,2026-09-13T12:46:02.379Z,2026-09-14T12:46:02.379Z,2026-09-13T20:28:32.379Z,telemetry,boiler_01,12,5,55,1045,65,65
,,0,2026-09-13T12:46:02.379Z,2026-09-14T12:46:02.379Z,2026-09-13T20:29:02.379Z,telemetry,boiler_01,12,5,55,1046,65,65
,,0,2026-09-13T12:46:02.379Z,2026-09-14T12:46:02.379Z,2026-09-13T20:29:32.379Z,telemetry,boiler_01,12,5,55,1047,65,65
,,0,2026-09-13T12:46:02.379Z,2026-09-14T12:46:02.379Z,2026-09-13T20:30:02.379Z,telemetry,boiler_01,12,0,54.85,1048,65,64.85
,,0,2026-09-13T12:46:02.379Z,2026-09-14T12:46:02.379Z,2026-09-13T20:30:32.379Z,telemetry,boiler_01,12,0,52.66,1049,65,62.66
,,0,2026-09-13T12:46:02.379Z,2026-09-14T12:46:02.379Z,2026-09-13T20:31:02.379Z,telemetry,boiler_01,12,0,50.58,1050,65,60.58
,,0,2026-09-13T12:46:02.379Z,2026-09-14T12:46:02.379Z,2026-09-13T20:31:32.379Z,telemetry,boiler_01,12,0,48.6,1051,65,58.6
,,0,2026-09-13T12:46:02.379Z,2026-09-14T12:46:02.379Z,2026-09-13T20:32:02.382Z,telemetry,boiler_01,12,0,46.72,1052,65,56.72
,,0,2026-09-13T12:46:02.379Z,2026-09-14T12:46:02.379Z,2026-09-13T20:32:32.379Z,telemetry,boiler_01,12,0,44.93,1053,65,54.93
,,0,2026-09-13T12:46:02.379Z,2026-09-14T12:46:02.379Z,2026-09-13T20:33:02.379Z,telemetry,boiler_01,12,0,43.23,1054,65,53.23
,,0,2026-09-13T12:46:02.379Z,2026-09-14T12:46:02.379Z,2026-09-13T20:33:32.379Z,telemetry,boiler_01,12,0,41.61,1055,65,51.61
,,0,2026-09-13T12:46:02.379Z,2026-09-14T12:46:02.379Z,2026-09-13T20:34:02.379Z,telemetry,boiler_01,12,0,40.06,1056,65,50.06
,,0,2026-09-13T12:46:02.379Z,2026-09-14T12:46:02.379Z,2026-09-13T20:34:32.379Z,telemetry,boiler_01,12,0,38.6,1057,65,48.6
,,0,2026-09-13T12:46:02.379Z,2026-09-14T12:46:02.379Z,2026-09-13T20:35:02.379Z,telemetry,boiler_01,12,0,37.2,1058,65,47.2
,,0,2026-09-13T12:46:02.379Z,2026-09-14T12:46:02.379Z,2026-09-13T20:35:32.379Z,telemetry,boiler_01,12,0,35.88,1059,65,45.88
,,0,2026-09-13T12:46:02.379Z,2026-09-14T12:46:02.379Z,2026-09-13T20:36:02.379Z,telemetry,boiler_01,12,0,34.61,1060,65,44.61
,,0,2026-09-13T12:46:02.379Z,2026-09-14T12:46:02.379Z,2026-09-13T20:36:32.379Z,telemetry,boiler_01,12,0,33.41,1061,65,43.41
,,0,2026-09-13T12:46:02.379Z,2026-09-14T12:46:02.379Z,2026-09-13T20:37:02.38Z,telemetry,boiler_01,12,0,32.27,1062,65,42.27
,,0,2026-09-13T12:46:02.379Z,2026-09-14T12:46:02.379Z,2026-09-13T20:37:32.379Z,telemetry,boiler_01,12,0,31.19,1063,65,41.19
,,0,2026-09-13T12:46:02.379Z,2026-09-14T12:46:02.379Z,2026-09-13T20:38:02.379Z,telemetry,boiler_01,12,0,30.15,1064,65,40.15
,,0,2026-09-13T12:46:02.379Z,2026-09-14T12:46:02.379Z,2026-09-13T20:38:32.379Z,telemetry,boiler_01,12,0,29.17,1065,65,39.17
,,0,2026-09-13T12:46:02.379Z,2026-09-14T12:46:02.379Z,2026-09-13T20:39:02.38Z,telemetry,boiler_01,12,0,28.23,1066,65,38.23
,,0,2026-09-13T12:46:02.379Z,2026-09-14T12:46:02.379Z,2026-09-13T20:39:32.379Z,telemetry,boiler_01,12,0,27.35,1067,65,37.35
,,0,2026-09-13T12:46:02.379Z,2026-09-14T12:46:02.379Z,2026-09-13T20:40:02.379Z,telemetry,boiler_01,12,5,28.74,1068,65,38.74
,,0,2026-09-13T12:46:02.379Z,2026-09-14T12:46:02.379Z,2026-09-13T20:40:32.379Z,telemetry,boiler_01,12,5,47.09,1069,65,57.09
,,0,2026-09-13T12:46:02.379Z,2026-09-14T12:46:02.379Z,2026-09-13T20:41:02.38Z,telemetry,boiler_01,12,5,52.62,1070,65,62.62
,,0,2026-09-13T12:46:02.379Z,2026-09-14T12:46:02.379Z,2026-09-13T20:41:32.379Z,telemetry,boiler_01,12,5,54.28,1071,65,64.28
,,0,2026-09-13T12:46:02.379Z,2026-09-14T12:46:02.379Z,2026-09-13T20:42:02.379Z,telemetry,boiler_01,12,5,54.78,1072,65,64.78
,,0,2026-09-13T12:46:02.379Z,2026-09-14T12:46:02.379Z,2026-09-13T20:42:32.379Z,telemetry,boiler_01,12,5,54.93,1073,65,64.93
,,0,2026-09-13T12:46:02.379Z,2026-09-14T12:46:02.379Z,2026-09-13T20:43:02.379Z,telemetry,boiler_01,12,5,54.98,1074,65,64.98
,,0,2026-09-13T12:46:02.379Z,2026-09-14T12:46:02.379Z,2026-09-13T20:43:32.379Z,telemetry,boiler_01,12,5,54.99,1075,65,64.99
,,0,2026-09-13T12:46:02.379Z,2026-09-14T12:46:02.379Z,2026-09-13T20:44:02.379Z,telemetry,boiler_01,12,5,55,1076,65,65
,,0,2026-09-13T12:46:02.379Z,2026-09-14T12:46:02.379Z,2026-09-13T20:44:32.379Z,telemetry,boiler_01,12,5,55,1077,65,65
,,0,2026-09-13T12:46:02.379Z,2026-09-14T12:46:02.379Z,2026-09-13T20:45:02.379Z,telemetry,boiler_01,12,5,55,1078,65,65
,,0,2026-09-13T12:46:02.379Z,2026-09-14T12:46:02.379Z,2026-09-13T20:45:32.379Z,telemetry,boiler_01,12,5,55,1079,65,65
,,0,2026-09-13T12:46:02.379Z,2026-09-14T12:46:02.379Z,2026-09-13T20:46:02.38Z,telemetry,boiler_01,12,5,55,1080,65,65
,,0,2026-09-13T12:46:02.379Z,2026-09-14T12:46:02.379Z,2026-09-13T20:46:32.379Z,telemetry,boiler_01,12,5,55,1081,65,65
,,0,2026-09-13T12:46:02.379Z,2026-09-14T12:46:02.379Z,2026-09-13T20:47:02.379Z,telemetry,boiler_01,12,5,55,1082,65,65
,,0,2026-09-13T12:46:02.379Z,2026-09-14T12:46:02.379Z,2026-09-13T20:47:32.379Z,telemetry,boiler_01,12,5,55,1083,65,65
,,0,2026-09-13T12:46:02.379Z,2026-09-14T12:46:02.379Z,2026-09-13T20:48:02.383Z,telemetry,boiler_01,12,5,55,1084,65,65
,,0,2026-09-13T12:46:02.379Z,2026-09-14T12:46:02.379Z,2026-09-13T20:48:32.379Z,telemetry,boiler_01,12,5,55,1085,65,65
,,0,2026-09-13T12:46:02.379Z,2026-09-14T12:46:02.379Z,2026-09-13T20:49:02.379Z,telemetry,boiler_01,12,5,55,1086,65,65
,,0,2026-09-13T12:46:02.379Z,2026-09-14T12:46:02.379Z,2026-09-13T20:49:32.379Z,telemetry,boiler_01,12,5,55,1087,65,65
,,0,2026-09-13T12:46:02.379Z,2026-09-14T12:46:02.379Z,2026-09-13T20:50:02.383Z,telemetry,boiler_01,12,0,54.85,1088,65,64.85
,,0,2026-09-13T12:46:02.379Z,2026-09-14T12:46:02.379Z,2026-09-13T20:50:32.379Z,telemetry,boiler_01,12,0,52.66,1089,65,62.66
,,0,2026-09-13T12:46:02.379Z,2026-09-14T12:46:02.379Z,2026-09-13T20:51:02.382Z,telemetry,boiler_01,12,0,50.58,1090,65,60.58
,,0,2026-09-13T12:46:02.379Z,2026-09-14T12:46:02.379Z,2026-09-13T20:51:32.379Z,telemetry,boiler_01,12,0,48.6,1091,65,58.6
,,0,2026-09-13T12:46:02.379Z,2026-09-14T12:46:02.379Z,2026-09-13T20:52:02.379Z,telemetry,boiler_01,12,0,46.72,1092,65,56.72
,,0,2026-09-13T12:46:02.379Z,2026-09-14T12:46:02.379Z,2026-09-13T20:52:32.379Z,telemetry,boiler_01,12,0,44.93,1093,65,54.93
,,0,2026-09-13T12:46:02.379Z,2026-09-14T12:46:02.379Z,2026-09-13T20:53:02.379Z,telemetry,boiler_01,12,0,43.23,1094,65,53.23
,,0,2026-09-13T12:46:02.379Z,2026-09-14T12:46:02.379Z,2026-09-13T20:53:32.379Z,telemetry,boiler_01,12,0,41.61,1095,65,51.61
,,0,2026-09-13T12:46:02.379Z,2026-09-14T12:46:02.379Z,2026-09-13T20:54:02.383Z,telemetry,boiler_01,12,0,40.06,1096,65,50.06
,,0,2026-09-13T12:46:02.379Z,2026-09-14T12:46:02.379Z,2026-09-13T20:54:32.379Z,telemetry,boiler_01,12,0,38.6,1097,65,48.6
,,0,2026-09-13T12:46:02.379Z,2026-09-14T12:46:02.379Z,2026-09-13T20:55:02.379Z,telemetry,boiler_01,12,0,37.2,1098,65,47.2
,,0,2026-09-13T12:46:02.379Z,2026-09-14T12:46:02.379Z,2026-09-13T20:55:32.379Z,telemetry,boiler_01,12,0,35.88,1099,65,45.88
,,0,2026-09-13T12:46:02.379Z,2026-09-14T12:46:02.379Z,2026-09-13T20:56:02.384Z,telemetry,boiler_01,12,0,34.61,1100,65,44.61
,,0,2026-09-13T12:46:02.379Z,2026-09-14T12:46:02.379Z,2026-09-13T20:56:32.379Z,telemetry,boiler_01,12,0,33.41,1101,65,43.41
,,0,2026-09-13T12:46:02.379Z,2026-09-14T12:46:02.379Z,2026-09-13T20:57:02.38Z,telemetry,boiler_01,12,0,32.27,1102,65,42.27
,,0,2026-09-13T12:46:02.379Z,2026-09-14T12:46:02.379Z,2026-09-13T20:57:32.379Z,telemetry,boiler_01,12,0,31.19,1103,65,41.19
,,0,2026-09-13T12:46:02.379Z,2026-09-14T12:46:02.379Z,2026-09-13T20:58:02.379Z,telemetry,boiler_01,12,0,30.15,1104,65,40.15
,,0,2026-09-13T12:46:02.379Z,2026-09-14T12:46:02.379Z,2026-09-13T20:58:32.379Z,telemetry,boiler_01,12,0,29.17,1105,65,39.17
,,0,2026-09-13T12:46:02.379Z,2026-09-14T12:46:02.379Z,2026-09-13T20:59:02.379Z,telemetry,boiler_01,12,0,28.23,1106,65,38.23
,,0,2026-09-13T12:46:02.379Z,2026-09-14T12:46:02.379Z,2026-09-13T20:59:32.379Z,telemetry,boiler_01,12,0,27.35,1107,65,37.35
,,0,2026-09-13T12:46:02.379Z,2026-09-14T12:46:02.379Z,2026-09-13T21:00:02.379Z,telemetry,boiler_01,12,5,28.74,1108,65,38.74
,,0,2026-09-13T12:46:02.379Z,2026-09-14T12:46:02.379Z,2026-09-13T21:00:32.379Z,telemetry,boiler_01,12,5,47.09,1109,65,57.09
,,0,2026-09-13T12:46:02.379Z,2026-09-14T12:46:02.379Z,2026-09-13T21:01:02.379Z,telemetry,boiler_01,12,5,52.62,1110,65,62.62
,,0,2026-09-13T12:46:02.379Z,2026-09-14T12:46:02.379Z,2026-09-13T21:01:32.379Z,telemetry,boiler_01,12,5,54.28,1111,65,64.28
,,0,2026-09-13T12:46:02.379Z,2026-09-14T12:46:02.379Z,2026-09-13T21:02:02.379Z,telemetry,boiler_01,12,5,54.78,1112,65,64.78
,,0,2026-09-13T12:46:02.379Z,2026-09-14T12:46:02.379Z,2026-09-13T21:02:32.379Z,telemetry,boiler_01,12,5,54.93,1113,65,64.93
,,0,2026-09-13T12:46:02.379Z,2026-09-14T12:46:02.379Z,2026-09-13T21:03:02.379Z,telemetry,boiler_01,12,5,54.98,1114,65,64.98
,,0,2026-09-13T12:46:02.379Z,2026-09-14T12:46:02.379Z,2026-09-13T21:03:32.379Z,telemetry,boiler_01,12,5,54.99,1115,65,64.99
,,0,2026-09-13T12:46:02.379Z,2026-09-14T12:46:02.379Z,2026-09-13T21:04:02.379Z,telemetry,boiler_01,12,5,55,1116,65,65
,,0,2026-09-13T12:46:02.379Z,2026-09-14T12:46:02.379Z,2026-09-13T21:04:32.379Z,telemetry,boiler_01,12,5,55,1117,65,65
,,0,2026-09-13T12:46:02.379Z,2026-09-14T12:46:02.379Z,2026-09-13T21:05:02.379Z,telemetry,boiler_01,12,5,55,1118,65,65
,,0,2026-09-13T12:46:02.379Z,2026-09-14T12:46:02.379Z,2026-09-13T21:05:32.379Z,telemetry,boiler_01,12,5,55,1119,65,65
,,0,2026-09-13T12:46:02.379Z,2026-09-14T12:46:02.379Z,2026-09-13T21:06:02.38Z,telemetry,boiler_01,12,5,55,1120,65,65
,,0,2026-09-13T12:46:02.379Z,2026-09-14T12:46:02.379Z,2026-09-13T21:06:32.379Z,telemetry,boiler_01,12,5,55,1121,65,65
,,0,2026-09-13T12:46:02.379Z,2026-09-14T12:46:02.379Z,2026-09-13T21:07:02.38Z,telemetry,boiler_01,12,5,55,1122,65,65
,,0,2026-09-13T12:46:02.379Z,2026-09-14T12:46:02.379Z,2026-09-13T21:07:32.379Z,telemetry,boiler_01,12,5,55,1123,65,65
,,0,2026-09-13T12:46:02.379Z,2026-09-14T12:46:02.379Z,2026-09-13T21:08:02.379Z,telemetry,boiler_01,12,5,55,1124,65,65
,,0,2026-09-13T12:46:02.379Z,2026-09-14T12:46:02.379Z,2026-09-13T21:08:32.379Z,telemetry,boiler_01,12,5,55,1125,65,65
,,0,2026-09-13T12:46:02.379Z,2026-09-14T12:46:02.379Z,2026-09-13T21:09:02.379Z,telemetry,boiler_01,12,5,55,1126,65,65
,,0,2026-09-13T12:46:02.379Z,2026-09-14T12:46:02.379Z,2026-09-13T21:09:32.379Z,telemetry,boiler_01,12,5,55,1127,65,65
,,0,2026-09-13T12:46:02.379Z,2026-09-14T12:46:02.379Z,2026-09-13T21:10:02.379Z,telemetry,boiler_01,12,0,54.85,1128,65,64.85
,,0,2026-09-13T12:46:02.379Z,2026-09-14T12:46:02.379Z,2026-09-13T21:10:32.379Z,telemetry,boiler_01,12,0,52.66,1129,65,62.66
,,0,2026-09-13T12:46:02.379Z,2026-09-14T12:46:02.379Z,2026-09-13T21:11:02.38Z,telemetry,boiler_01,12,0,50.58,1130,65,60.58
,,0,2026-09-13T12:46:02.379Z,2026-09-14T12:46:02.379Z,2026-09-13T21:11:32.379Z,telemetry,boiler_01,12,0,48.6,1131,65,58.6
,,0,2026-09-13T12:46:02.379Z,2026-09-14T12:46:02.379Z,2026-09-13T21:12:02.388Z,telemetry,boiler_01,12,0,46.72,1132,65,56.72
,,0,2026-09-13T12:46:02.379Z,2026-09-14T12:46:02.379Z,2026-09-13T21:12:32.379Z,telemetry,boiler_01,12,0,44.93,1133,65,54.93
,,0,2026-09-13T12:46:02.379Z,2026-09-14T12:46:02.379Z,2026-09-13T21:13:02.38Z,telemetry,boiler_01,12,0,43.23,1134,65,53.23
,,0,2026-09-13T12:46:02.379Z,2026-09-14T12:46:02.379Z,2026-09-13T21:13:32.379Z,telemetry,boiler_01,12,0,41.61,1135,65,51.61
,,0,2026-09-13T12:46:02.379Z,2026-09-14T12:46:02.379Z,2026-09-13T21:14:02.38Z,telemetry,boiler_01,12,0,40.06,1136,65,50.06
,,0,2026-09-13T12:46:02.379Z,2026-09-14T12:46:02.379Z,2026-09-13T21:14:32.379Z,telemetry,boiler_01,12,0,38.6,1137,65,48.6
,,0,2026-09-13T12:46:02.379Z,2026-09-14T12:46:02.379Z,2026-09-13T21:15:02.379Z,telemetry,boiler_01,12,0,37.2,1138,65,47.2
,,0,2026-09-13T12:46:02.379Z,2026-09-14T12:46:02.379Z,2026-09-13T21:15:32.379Z,telemetry,boiler_01,12,0,35.88,1139,65,45.88
,,0,2026-09-13T12:46:02.379Z,2026-09-14T12:46:02.379Z,2026-09-13T21:16:02.38Z,telemetry,boiler_01,12,0,34.61,1140,65,44.61
,,0,2026-09-13T12:46:02.379Z,2026-09-14T12:46:02.379Z,2026-09-13T21:16:32.379Z,telemetry,boiler_01,12,0,33.41,1141,65,43.41
,,0,2026-09-13T12:46:02.379Z,2026-09-14T12:46:02.379Z,2026-09-13T21:17:02.381Z,telemetry,boiler_01,12,0,32.27,1142,65,42.27
,,0,2026-09-13T12:46:02.379Z,2026-09-14T12:46:02.379Z,2026-09-13T21:17:32.379Z,telemetry,boiler_01,12,0,31.19,1143,65,41.19
,,0,2026-09-13T12:46:02.379Z,2026-09-14T12:46:02.379Z,2026-09-13T21:18:02.379Z,telemetry,boiler_01,12,0,30.15,1144,65,40.15
,,0,2026-09-13T12:46:02.379Z,2026-09-14T12:46:02.379Z,2026-09-13T21:18:32.379Z,telemetry,boiler_01,12,0,29.17,1145,65,39.17
,,0,2026-09-13T12:46:02.379Z,2026-09-14T12:46:02.379Z,2026-09-13T21:19:02.379Z,telemetry,boiler_01,12,0,28.23,1146,65,38.23
,,0,2026-09-13T12:46:02.379Z,2026-09-14T12:46:02.379Z,2026-09-13T21:19:32.379Z,telemetry,boiler_01,12,0,27.35,1147,65,37.35
,,0,2026-09-13T12:46:02.379Z,2026-09-14T12:46:02.379Z,2026-09-13T21:20:02.379Z,telemetry,boiler_01,12,5,28.74,1148,65,38.74
,,0,2026-09-13T12:46:02.379Z,2026-09-14T12:46:02.379Z,2026-09-13T21:20:32.379Z,telemetry,boiler_01,12,5,47.09,1149,65,57.09
,,0,2026-09-13T12:46:02.379Z,2026-09-14T12:46:02.379Z,2026-09-13T21:21:02.379Z,telemetry,boiler_01,12,5,52.62,1150,65,62.62
,,0,2026-09-13T12:46:02.379Z,2026-09-14T12:46:02.379Z,2026-09-13T21:21:32.379Z,telemetry,boiler_01,12,5,54.28,1151,65,64.28
,,0,2026-09-13T12:46:02.379Z,2026-09-14T12:46:02.379Z,2026-09-13T21:22:02.385Z,telemetry,boiler_01,12,5,54.78,1152,65,64.78
,,0,2026-09-13T12:46:02.379Z,2026-09-14T12:46:02.379Z,2026-09-13T21:22:32.38Z,telemetry,boiler_01,12,5,54.93,1153,65,64.93
,,0,2026-09-13T12:46:02.379Z,2026-09-14T12:46:02.379Z,2026-09-13T21:23:02.379Z,telemetry,boiler_01,12,5,54.98,1154,65,64.98
,,0,2026-09-13T12:46:02.379Z,2026-09-14T12:46:02.379Z,2026-09-13T21:23:32.379Z,telemetry,boiler_01,12,5,54.99,1155,65,64.99
,,0,2026-09-13T12:46:02.379Z,2026-09-14T12:46:02.379Z,2026-09-13T21:24:02.379Z,telemetry,boiler_01,12,5,55,1156,65,65
,,0,2026-09-13T12:46:02.379Z,2026-09-14T12:46:02.379Z,2026-09-13T21:24:32.379Z,telemetry,boiler_01,12,5,55,1157,65,65
,,0,2026-09-13T12:46:02.379Z,2026-09-14T12:46:02.379Z,2026-09-13T21:25:02.379Z,telemetry,boiler_01,12,5,55,1158,65,65
,,0,2026-09-13T12:46:02.379Z,2026-09-14T12:46:02.379Z,2026-09-13T21:25:32.379Z,telemetry,boiler_01,12,5,55,1159,65,65
,,0,2026-09-13T12:46:02.379Z,2026-09-14T12:46:02.379Z,2026-09-13T21:26:02.383Z,telemetry,boiler_01,12,5,55,1160,65,65
,,0,2026-09-13T12:46:02.379Z,2026-09-14T12:46:02.379Z,2026-09-13T21:26:32.379Z,telemetry,boiler_01,12,5,55,1161,65,65
,,0,2026-09-13T12:46:02.379Z,2026-09-14T12:46:02.379Z,2026-09-13T21:27:02.38Z,telemetry,boiler_01,12,5,55,1162,65,65
,,0,2026-09-13T12:46:02.379Z,2026-09-14T12:46:02.379Z,2026-09-13T21:27:32.379Z,telemetry,boiler_01,12,5,55,1163,65,65
,,0,2026-09-13T12:46:02.379Z,2026-09-14T12:46:02.379Z,2026-09-13T21:28:02.38Z,telemetry,boiler_01,12,5,55,1164,65,65
,,0,2026-09-13T12:46:02.379Z,2026-09-14T12:46:02.379Z,2026-09-13T21:28:32.379Z,telemetry,boiler_01,12,5,55,1165,65,65
,,0,2026-09-13T12:46:02.379Z,2026-09-14T12:46:02.379Z,2026-09-13T21:29:02.379Z,telemetry,boiler_01,12,5,55,1166,65,65
,,0,2026-09-13T12:46:02.379Z,2026-09-14T12:46:02.379Z,2026-09-13T21:29:32.379Z,telemetry,boiler_01,12,5,55,1167,65,65
,,0,2026-09-13T12:46:02.379Z,2026-09-14T12:46:02.379Z,2026-09-13T21:30:02.379Z,telemetry,boiler_01,12,0,54.85,1168,65,64.85
,,0,2026-09-13T12:46:02.379Z,2026-09-14T12:46:02.379Z,2026-09-13T21:30:32.379Z,telemetry,boiler_01,12,0,52.66,1169,65,62.66
,,0,2026-09-13T12:46:02.379Z,2026-09-14T12:46:02.379Z,2026-09-13T21:31:02.379Z,telemetry,boiler_01,12,0,50.58,1170,65,60.58
,,0,2026-09-13T12:46:02.379Z,2026-09-14T12:46:02.379Z,2026-09-13T21:31:32.379Z,telemetry,boiler_01,12,0,48.6,1171,65,58.6
,,0,2026-09-13T12:46:02.379Z,2026-09-14T12:46:02.379Z,2026-09-13T21:32:02.379Z,telemetry,boiler_01,12,0,46.72,1172,65,56.72
,,0,2026-09-13T12:46:02.379Z,2026-09-14T12:46:02.379Z,2026-09-13T21:32:32.379Z,telemetry,boiler_01,12,0,44.93,1173,65,54.93
,,0,2026-09-13T12:46:02.379Z,2026-09-14T12:46:02.379Z,2026-09-13T21:33:02.38Z,telemetry,boiler_01,12,0,43.23,1174,65,53.23
,,0,2026-09-13T12:46:02.379Z,2026-09-14T12:46:02.379Z,2026-09-13T21:33:32.38Z,telemetry,boiler_01,12,0,41.61,1175,65,51.61
,,0,2026-09-13T12:46:02.379Z,2026-09-14T12:46:02.379Z,2026-09-13T21:34:02.379Z,telemetry,boiler_01,12,0,40.06,1176,65,50.06
,,0,2026-09-13T12:46:02.379Z,2026-09-14T12:46:02.379Z,2026-09-13T21:34:32.379Z,telemetry,boiler_01,12,0,38.6,1177,65,48.6
,,0,2026-09-13T12:46:02.379Z,2026-09-14T12:46:02.379Z,2026-09-13T21:35:02.384Z,telemetry,boiler_01,12,0,37.2,1178,65,47.2
,,0,2026-09-13T12:46:02.379Z,2026-09-14T12:46:02.379Z,2026-09-13T21:35:32.379Z,telemetry,boiler_01,12,0,35.88,1179,65,45.88
,,0,2026-09-13T12:46:02.379Z,2026-09-14T12:46:02.379Z,2026-09-13T21:36:02.379Z,telemetry,boiler_01,12,0,34.61,1180,65,44.61
,,0,2026-09-13T12:46:02.379Z,2026-09-14T12:46:02.379Z,2026-09-13T21:36:32.379Z,telemetry,boiler_01,12,0,33.41,1181,65,43.41
,,0,2026-09-13T12:46:02.379Z,2026-09-14T12:46:02.379Z,2026-09-13T21:37:02.38Z,telemetry,boiler_01,12,0,32.27,1182,65,42.27
,,0,2026-09-13T12:46:02.379Z,2026-09-14T12:46:02.379Z,2026-09-13T21:37:32.379Z,telemetry,boiler_01,12,0,31.19,1183,65,41.19
,,0,2026-09-13T12:46:02.379Z,2026-09-14T12:46:02.379Z,2026-09-13T21:38:02.379Z,telemetry,boiler_01,12,0,30.15,1184,65,40.15
,,0,2026-09-13T12:46:02.379Z,2026-09-14T12:46:02.379Z,2026-09-13T21:38:32.379Z,telemetry,boiler_01,12,0,29.17,1185,65,39.17
,,0,2026-09-13T12:46:02.379Z,2026-09-14T12:46:02.379Z,2026-09-13T21:39:02.379Z,telemetry,boiler_01,12,0,28.23,1186,65,38.23
,,0,2026-09-13T12:46:02.379Z,2026-09-14T12:46:02.379Z,2026-09-13T21:39:32.379Z,telemetry,boiler_01,12,0,27.35,1187,65,37.35
,,0,2026-09-13T12:46:02.379Z,2026-09-14T12:46:02.379Z,2026-09-13T21:40:02.379Z,telemetry,boiler_01,12,5,28.74,1188,65,38.74
,,0,2026-09-13T12:46:02.379Z,2026-09-14T12:46:02.379Z,2026-09-13T21:40:32.379Z,telemetry,boiler_01,12,5,47.09,1189,65,57.09
,,0,2026-09-13T12:46:02.379Z,2026-09-14T12:46:02.379Z,2026-09-13T21:41:02.38Z,telemetry,boiler_01,12,5,52.62,1190,65,62.62
,,0,2026-09-13T12:46:02.379Z,2026-09-14T12:46:02.379Z,2026-09-13T21:41:32.379Z,telemetry,boiler_01,12,5,54.28,1191,65,64.28
,,0,2026-09-13T12:46:02.379Z,2026-09-14T12:46:02.379Z,2026-09-13T21:42:02.388Z,telemetry,boiler_01,12,5,54.78,1192,65,64.78
,,0,2026-09-13T12:46:02.379Z,2026-09-14T12:46:02.379Z,2026-09-13T21:42:32.379Z,telemetry,boiler_01,12,5,54.93,1193,65,64.93
,,0,2026-09-13T12:46:02.379Z,2026-09-14T12:46:02.379Z,2026-09-13T21:43:02.379Z,telemetry,boiler_01,12,5,54.98,1194,65,64.98
,,0,2026-09-13T12:46:02.379Z,2026-09-14T12:46:02.379Z,2026-09-13T21:43:32.379Z,telemetry,boiler_01,12,5,54.99,1195,65,64.99
,,0,2026-09-13T12:46:02.379Z,2026-09-14T12:46:02.379Z,2026-09-13T21:44:02.379Z,telemetry,boiler_01,12,5,55,1196,65,65
,,0,2026-09-13T12:46:02.379Z,2026-09-14T12:46:02.379Z,2026-09-13T21:44:32.379Z,telemetry,boiler_01,12,5,55,1197,65,65
,,0,2026-09-13T12:46:02.379Z,2026-09-14T12:46:02.379Z,2026-09-13T21:45:02.379Z,telemetry,boiler_01,12,5,55,1198,65,65
,,0,2026-09-13T12:46:02.379Z,2026-09-14T12:46:02.379Z,2026-09-13T21:45:32.379Z,telemetry,boiler_01,12,5,55,1199,65,65
,,0,2026-09-13T12:46:02.379Z,2026-09-14T12:46:02.379Z,2026-09-13T21:46:02.379Z,telemetry,boiler_01,12,5,55,1200,65,65
,,0,2026-09-13T12:46:02.379Z,2026-09-14T12:46:02.379Z,2026-09-13T21:46:32.379Z,telemetry,boiler_01,12,5,55,1201,65,65
,,0,2026-09-13T12:46:02.379Z,2026-09-14T12:46:02.379Z,2026-09-13T21:47:02.379Z,telemetry,boiler_01,12,5,55,1202,65,65
,,0,2026-09-13T12:46:02.379Z,2026-09-14T12:46:02.379Z,2026-09-13T21:47:32.379Z,telemetry,boiler_01,12,5,55,1203,65,65
,,0,2026-09-13T12:46:02.379Z,2026-09-14T12:46:02.379Z,2026-09-13T21:48:02.379Z,telemetry,boiler_01,12,5,55,1204,65,65
,,0,2026-09-13T12:46:02.379Z,2026-09-14T12:46:02.379Z,2026-09-13T21:48:32.379Z,telemetry,boiler_01,12,5,55,1205,65,65
,,0,2026-09-13T12:46:02.379Z,2026-09-14T12:46:02.379Z,2026-09-13T21:49:02.38Z,telemetry,boiler_01,12,5,55,1206,65,65
,,0,2026-09-13T12:46:02.379Z,2026-09-14T12:46:02.379Z,2026-09-13T21:49:32.379Z,telemetry,boiler_01,12,5,55,1207,65,65
,,0,2026-09-13T12:46:02.379Z,2026-09-14T12:46:02.379Z,2026-09-13T21:50:02.381Z,telemetry,boiler_01,12,0,54.85,1208,65,64.85
,,0,2026-09-13T12:46:02.379Z,2026-09-14T12:46:02.379Z,2026-09-13T21:50:32.379Z,telemetry,boiler_01,12,0,52.66,1209,65,62.66
,,0,2026-09-13T12:46:02.379Z,2026-09-14T12:46:02.379Z,2026-09-13T21:51:02.379Z,telemetry,boiler_01,12,0,50.58,1210,65,60.58
,,0,2026-09-13T12:46:02.379Z,2026-09-14T12:46:02.379Z,2026-09-13T21:51:32.379Z,telemetry,boiler_01,12,0,48.6,1211,65,58.6
,,0,2026-09-13T12:46:02.379Z,2026-09-14T12:46:02.379Z,2026-09-13T21:52:02.379Z,telemetry,boiler_01,12,0,46.72,1212,65,56.72
,,0,2026-09-13T12:46:02.379Z,2026-09-14T12:46:02.379Z,2026-09-13T21:52:32.379Z,telemetry,boiler_01,12,0,44.93,1213,65,54.93
,,0,2026-09-13T12:46:02.379Z,2026-09-14T12:46:02.379Z,2026-09-13T21:53:02.379Z,telemetry,boiler_01,12,0,43.23,1214,65,53.23
,,0,2026-09-13T12:46:02.379Z,2026-09-14T12:46:02.379Z,2026-09-13T21:53:32.379Z,telemetry,boiler_01,12,0,41.61,1215,65,51.61
,,0,2026-09-13T12:46:02.379Z,2026-09-14T12:46:02.379Z,2026-09-13T21:54:02.379Z,telemetry,boiler_01,12,0,40.06,1216,65,50.06
,,0,2026-09-13T12:46:02.379Z,2026-09-14T12:46:02.379Z,2026-09-13T21:54:32.379Z,telemetry,boiler_01,12,0,38.6,1217,65,48.6
,,0,2026-09-13T12:46:02.379Z,2026-09-14T12:46:02.379Z,2026-09-13T21:55:02.379Z,telemetry,boiler_01,12,0,37.2,1218,65,47.2
,,0,2026-09-13T12:46:02.379Z,2026-09-14T12:46:02.379Z,2026-09-13T21:55:32.379Z,telemetry,boiler_01,12,0,35.88,1219,65,45.88
,,0,2026-09-13T12:46:02.379Z,2026-09-14T12:46:02.379Z,2026-09-13T21:56:02.38Z,telemetry,boiler_01,12,0,34.61,1220,65,44.61
,,0,2026-09-13T12:46:02.379Z,2026-09-14T12:46:02.379Z,2026-09-13T21:56:32.379Z,telemetry,boiler_01,12,0,33.41,1221,65,43.41
,,0,2026-09-13T12:46:02.379Z,2026-09-14T12:46:02.379Z,2026-09-13T21:57:02.379Z,telemetry,boiler_01,12,0,32.27,1222,65,42.27
,,0,2026-09-13T12:46:02.379Z,2026-09-14T12:46:02.379Z,2026-09-13T21:57:32.38Z,telemetry,boiler_01,12,0,31.19,1223,65,41.19
,,0,2026-09-13T12:46:02.379Z,2026-09-14T12:46:02.379Z,2026-09-13T21:58:02.379Z,telemetry,boiler_01,12,0,30.15,1224,65,40.15
,,0,2026-09-13T12:46:02.379Z,2026-09-14T12:46:02.379Z,2026-09-13T21:58:32.379Z,telemetry,boiler_01,12,0,29.17,1225,65,39.17
,,0,2026-09-13T12:46:02.379Z,2026-09-14T12:46:02.379Z,2026-09-13T21:59:02.379Z,telemetry,boiler_01,12,0,28.23,1226,65,38.23
,,0,2026-09-13T12:46:02.379Z,2026-09-14T12:46:02.379Z,2026-09-13T21:59:32.379Z,telemetry,boiler_01,12,0,27.35,1227,65,37.35
,,0,2026-09-13T12:46:02.379Z,2026-09-14T12:46:02.379Z,2026-09-13T22:00:02.38Z,telemetry,boiler_01,12,0,20,1228,65,20
,,0,2026-09-13T12:46:02.379Z,2026-09-14T12:46:02.379Z,2026-09-13T22:00:32.379Z,telemetry,boiler_01,12,0,20,1229,65,20
,,0,2026-09-13T12:46:02.379Z,2026-09-14T12:46:02.379Z,2026-09-13T22:01:02.381Z,telemetry,boiler_01,12,0,20,1230,65,20
,,0,2026-09-13T12:46:02.379Z,2026-09-14T12:46:02.379Z,2026-09-13T22:01:32.379Z,telemetry,boiler_01,12,0,20,1231,65,20
,,0,2026-09-13T12:46:02.379Z,2026-09-14T12:46:02.379Z,2026-09-13T22:02:02.379Z,telemetry,boiler_01,12,0,20,1232,65,20
,,0,2026-09-13T12:46:02.379Z,2026-09-14T12:46:02.379Z,2026-09-13T22:02:32.379Z,telemetry,boiler_01,12,0,20,1233,65,20
,,0,2026-09-13T12:46:02.379Z,2026-09-14T12:46:02.379Z,2026-09-13T22:03:02.379Z,telemetry,boiler_01,12,0,20,1234,65,20
,,0,2026-09-13T12:46:02.379Z,2026-09-14T12:46:02.379Z,2026-09-13T22:03:32.379Z,telemetry,boiler_01,12,0,20,1235,65,20
,,0,2026-09-13T12:46:02.379Z,2026-09-14T12:46:02.379Z,2026-09-13T22:04:02.379Z,telemetry,boiler_01,12,0,20,1236,65,20
,,0,2026-09-13T12:46:02.379Z,2026-09-14T12:46:02.379Z,2026-09-13T22:04:32.379Z,telemetry,boiler_01,12,0,20,1237,65,20
,,0,2026-09-13T12:46:02.379Z,2026-09-14T12:46:02.379Z,2026-09-13T22:05:02.379Z,telemetry,boiler_01,12,0,20,1238,65,20
,,0,2026-09-13T12:46:02.379Z,2026-09-14T12:46:02.379Z,2026-09-13T22:05:32.379Z,telemetry,boiler_01,12,0,20,1239,65,20
,,0,2026-09-13T12:46:02.379Z,2026-09-14T12:46:02.379Z,2026-09-13T22:06:02.38Z,telemetry,boiler_01,12,0,20,1240,65,20
,,0,2026-09-13T12:46:02.379Z,2026-09-14T12:46:02.379Z,2026-09-13T22:06:32.379Z,telemetry,boiler_01,12,0,20,1241,65,20
,,0,2026-09-13T12:46:02.379Z,2026-09-14T12:46:02.379Z,2026-09-13T22:07:02.382Z,telemetry,boiler_01,12,0,20,1242,65,20
,,0,2026-09-13T12:46:02.379Z,2026-09-14T12:46:02.379Z,2026-09-13T22:07:32.379Z,telemetry,boiler_01,12,0,20,1243,65,20
,,0,2026-09-13T12:46:02.379Z,2026-09-14T12:46:02.379Z,2026-09-13T22:08:02.384Z,telemetry,boiler_01,12,0,20,1244,65,20
,,0,2026-09-13T12:46:02.379Z,2026-09-14T12:46:02.379Z,2026-09-13T22:08:32.379Z,telemetry,boiler_01,12,0,20,1245,65,20
,,0,2026-09-13T12:46:02.379Z,2026-09-14T12:46:02.379Z,2026-09-13T22:09:02.379Z,telemetry,boiler_01,12,0,20,1246,65,20
,,0,2026-09-13T12:46:02.379Z,2026-09-14T12:46:02.379Z,2026-09-13T22:09:32.379Z,telemetry,boiler_01,12,0,20,1247,65,20
,,0,2026-09-13T12:46:02.379Z,2026-09-14T12:46:02.379Z,2026-09-13T22:10:02.379Z,telemetry,boiler_01,12,0,20,1248,65,20
,,0,2026-09-13T12:46:02.379Z,2026-09-14T12:46:02.379Z,2026-09-13T22:10:32.379Z,telemetry,boiler_01,12,0,20,1249,65,20
,,0,2026-09-13T12:46:02.379Z,2026-09-14T12:46:02.379Z,2026-09-13T22:11:02.379Z,telemetry,boiler_01,12,0,20,1250,65,20
,,0,2026-09-13T12:46:02.379Z,2026-09-14T12:46:02.379Z,2026-09-13T22:11:32.379Z,telemetry,boiler_01,12,0,20,1251,65,20
,,0,2026-09-13T12:46:02.379Z,2026-09-14T12:46:02.379Z,2026-09-13T22:12:02.38Z,telemetry,boiler_01,12,0,20,1252,65,20
,,0,2026-09-13T12:46:02.379Z,2026-09-14T12:46:02.379Z,2026-09-13T22:12:32.379Z,telemetry,boiler_01,12,0,20,1253,65,20
,,0,2026-09-13T12:46:02.379Z,2026-09-14T12:46:02.379Z,2026-09-13T22:13:02.379Z,telemetry,boiler_01,12,0,20,1254,65,20
,,0,2026-09-13T12:46:02.379Z,2026-09-14T12:46:02.379Z,2026-09-13T22:13:32.379Z,telemetry,boiler_01,12,0,20,1255,65,20
,,0,2026-09-13T12:46:02.379Z,2026-09-14T12:46:02.379Z,2026-09-13T22:14:02.389Z,telemetry,boiler_01,12,0,20,1256,65,20
,,0,2026-09-13T12:46:02.379Z,2026-09-14T12:46:02.379Z,2026-09-13T22:14:32.379Z,telemetry,boiler_01,12,0,20,1257,65,20
,,0,2026-09-13T12:46:02.379Z,2026-09-14T12:46:02.379Z,2026-09-13T22:15:02.379Z,telemetry,boiler_01,12,0,20,1258,65,20
,,0,2026-09-13T12:46:02.379Z,2026-09-14T12:46:02.379Z,2026-09-13T22:15:32.379Z,telemetry,boiler_01,12,0,20,1259,65,20
,,0,2026-09-13T12:46:02.379Z,2026-09-14T12:46:02.379Z,2026-09-13T22:16:02.379Z,telemetry,boiler_01,12,0,20,1260,65,20
,,0,2026-09-13T12:46:02.379Z,2026-09-14T12:46:02.379Z,2026-09-13T22:16:32.379Z,telemetry,boiler_01,12,0,20,1261,65,20
,,0,2026-09-13T12:46:02.379Z,2026-09-14T12:46:02.379Z,2026-09-13T22:17:02.379Z,telemetry,boiler_01,12,0,20,1262,65,20
,,0,2026-09-13T12:46:02.379Z,2026-09-14T12:46:02.379Z,2026-09-13T22:17:32.379Z,telemetry,boiler_01,12,0,20,1263,65,20
,,0,2026-09-13T12:46:02.379Z,2026-09-14T12:46:02.379Z,2026-09-13T22:18:02.379Z,telemetry,boiler_01,12,0,20,1264,65,20
,,0,2026-09-13T12:46:02.379Z,2026-09-14T12:46:02.379Z,2026-09-13T22:18:32.379Z,telemetry,boiler_01,12,0,20,1265,65,20
,,0,2026-09-13T12:46:02.379Z,2026-09-14T12:46:02.379Z,2026-09-13T22:19:02.383Z,telemetry,boiler_01,12,0,20,1266,65,20
,,0,2026-09-13T12:46:02.379Z,2026-09-14T12:46:02.379Z,2026-09-13T22:19:32.379Z,telemetry,boiler_01,12,0,20,1267,65,20
,,0,2026-09-13T12:46:02.379Z,2026-09-14T12:46:02.379Z,2026-09-13T22:20:02.379Z,telemetry,boiler_01,12,0,20,1268,65,20
,,0,2026-09-13T12:46:02.379Z,2026-09-14T12:46:02.379Z,2026-09-13T22:20:32.379Z,telemetry,boiler_01,12,0,20,1269,65,20
,,0,2026-09-13T12:46:02.379Z,2026-09-14T12:46:02.379Z,2026-09-13T22:21:02.39Z,telemetry,boiler_01,12,0,20,1270,65,20
,,0,2026-09-13T12:46:02.379Z,2026-09-14T12:46:02.379Z,2026-09-13T22:21:32.379Z,telemetry,boiler_01,12,0,20,1271,65,20
,,0,2026-09-13T12:46:02.379Z,2026-09-14T12:46:02.379Z,2026-09-13T22:22:02.379Z,telemetry,boiler_01,12,0,20,1272,65,20
,,0,2026-09-13T12:46:02.379Z,2026-09-14T12:46:02.379Z,2026-09-13T22:22:32.379Z,telemetry,boiler_01,12,0,20,1273,65,20
,,0,2026-09-13T12:46:02.379Z,2026-09-14T12:46:02.379Z,2026-09-13T22:23:02.38Z,telemetry,boiler_01,12,0,20,1274,65,20
,,0,2026-09-13T12:46:02.379Z,2026-09-14T12:46:02.379Z,2026-09-13T22:23:32.379Z,telemetry,boiler_01,12,0,20,1275,65,20
,,0,2026-09-13T12:46:02.379Z,2026-09-14T12:46:02.379Z,2026-09-13T22:24:02.384Z,telemetry,boiler_01,12,0,20,1276,65,20
,,0,2026-09-13T12:46:02.379Z,2026-09-14T12:46:02.379Z,2026-09-13T22:24:32.379Z,telemetry,boiler_01,12,0,20,1277,65,20
,,0,2026-09-13T12:46:02.379Z,2026-09-14T12:46:02.379Z,2026-09-13T22:25:02.379Z,telemetry,boiler_01,12,0,20,1278,65,20
,,0,2026-09-13T12:46:02.379Z,2026-09-14T12:46:02.379Z,2026-09-13T22:25:32.379Z,telemetry,boiler_01,12,0,20,1279,65,20
,,0,2026-09-13T12:46:02.379Z,2026-09-14T12:46:02.379Z,2026-09-13T22:26:02.381Z,telemetry,boiler_01,12,0,20,1280,65,20
,,0,2026-09-13T12:46:02.379Z,2026-09-14T12:46:02.379Z,2026-09-13T22:26:32.379Z,telemetry,boiler_01,12,0,20,1281,65,20
,,0,2026-09-13T12:46:02.379Z,2026-09-14T12:46:02.379Z,2026-09-13T22:27:02.379Z,telemetry,boiler_01,12,0,20,1282,65,20
,,0,2026-09-13T12:46:02.379Z,2026-09-14T12:46:02.379Z,2026-09-13T22:27:32.379Z,telemetry,boiler_01,12,0,20,1283,65,20
,,0,2026-09-13T12:46:02.379Z,2026-09-14T12:46:02.379Z,2026-09-13T22:28:02.379Z,telemetry,boiler_01,12,0,20,1284,65,20
,,0,2026-09-13T12:46:02.379Z,2026-09-14T12:46:02.379Z,2026-09-13T22:28:32.379Z,telemetry,boiler_01,12,0,20,1285,65,20
,,0,2026-09-13T12:46:02.379Z,2026-09-14T12:46:02.379Z,2026-09-13T22:29:02.38Z,telemetry,boiler_01,12,0,20,1286,65,20
,,0,2026-09-13T12:46:02.379Z,2026-09-14T12:46:02.379Z,2026-09-13T22:29:32.379Z,telemetry,boiler_01,12,0,20,1287,65,20
,,0,2026-09-13T12:46:02.379Z,2026-09-14T12:46:02.379Z,2026-09-13T22:30:02.38Z,telemetry,boiler_01,12,0,20,1288,65,20
,,0,2026-09-13T12:46:02.379Z,2026-09-14T12:46:02.379Z,2026-09-13T22:30:32.379Z,telemetry,boiler_01,12,0,20,1289,65,20
,,0,2026-09-13T12:46:02.379Z,2026-09-14T12:46:02.379Z,2026-09-13T22:31:02.379Z,telemetry,boiler_01,12,0,20,1290,65,20
,,0,2026-09-13T12:46:02.379Z,2026-09-14T12:46:02.379Z,2026-09-13T22:31:32.379Z,telemetry,boiler_01,12,0,20,1291,65,20
,,0,2026-09-13T12:46:02.379Z,2026-09-14T12:46:02.379Z,2026-09-13T22:32:02.379Z,telemetry,boiler_01,12,0,20,1292,65,20
,,0,2026-09-13T12:46:02.379Z,2026-09-14T12:46:02.379Z,2026-09-13T22:32:32.379Z,telemetry,boiler_01,12,0,20,1293,65,20
,,0,2026-09-13T12:46:02.379Z,2026-09-14T12:46:02.379Z,2026-09-13T22:33:02.379Z,telemetry,boiler_01,12,0,20,1294,65,20
,,0,2026-09-13T12:46:02.379Z,2026-09-14T12:46:02.379Z,2026-09-13T22:33:32.379Z,telemetry,boiler_01,12,0,20,1295,65,20
,,0,2026-09-13T12:46:02.379Z,2026-09-14T12:46:02.379Z,2026-09-13T22:34:02.379Z,telemetry,boiler_01,12,0,20,1296,65,20
,,0,2026-09-13T12:46:02.379Z,2026-09-14T12:46:02.379Z,2026-09-13T22:34:32.379Z,telemetry,boiler_01,12,0,20,1297,65,20
,,0,2026-09-13T12:46:02.379Z,2026-09-14T12:46:02.379Z,2026-09-13T22:35:02.379Z,telemetry,boiler_01,12,0,20,1298,65,20
,,0,2026-09-13T12:46:02.379Z,2026-09-14T12:46:02.379Z,2026-09-13T22:35:32.379Z,telemetry,boiler_01,12,0,20,1299,65,20
,,0,2026-09-13T12:46:02.379Z,2026-09-14T12:46:02.379Z,2026-09-13T22:36:02.379Z,telemetry,boiler_01,12,0,20,1300,65,20
,,0,2026-09-13T12:46:02.379Z,2026-09-14T12:46:02.379Z,2026-09-13T22:36:32.379Z,telemetry,boiler_01,12,0,20,1301,65,20
,,0,2026-09-13T12:46:02.379Z,2026-09-14T12:46:02.379Z,2026-09-13T22:37:02.38Z,telemetry,boiler_01,12,0,20,1302,65,20
,,0,2026-09-13T12:46:02.379Z,2026-09-14T12:46:02.379Z,2026-09-13T22:37:32.379Z,telemetry,boiler_01,12,0,20,1303,65,20
,,0,2026-09-13T12:46:02.379Z,2026-09-14T12:46:02.379Z,2026-09-13T22:38:02.379Z,telemetry,boiler_01,12,0,20,1304,65,20
,,0,2026-09-13T12:46:02.379Z,2026-09-14T12:46:02.379Z,2026-09-13T22:38:32.379Z,telemetry,boiler_01,12,0,20,1305,65,20
,,0,2026-09-13T12:46:02.379Z,2026-09-14T12:46:02.379Z,2026-09-13T22:39:02.381Z,telemetry,boiler_01,12,0,20,1306,65,20
,,0,2026-09-13T12:46:02.379Z,2026-09-14T12:46:02.379Z,2026-09-13T22:39:32.379Z,telemetry,boiler_01,12,0,20,1307,65,20
,,0,2026-09-13T12:46:02.379Z,2026-09-14T12:46:02.379Z,2026-09-13T22:40:02.379Z,telemetry,boiler_01,12,0,20,1308,65,20
,,0,2026-09-13T12:46:02.379Z,2026-09-14T12:46:02.379Z,2026-09-13T22:40:32.379Z,telemetry,boiler_01,12,0,20,1309,65,20
,,0,2026-09-13T12:46:02.379Z,2026-09-14T12:46:02.379Z,2026-09-13T22:41:02.38Z,telemetry,boiler_01,12,0,20,1310,65,20
,,0,2026-09-13T12:46:02.379Z,2026-09-14T12:46:02.379Z,2026-09-13T22:41:32.379Z,telemetry,boiler_01,12,0,20,1311,65,20
,,0,2026-09-13T12:46:02.379Z,2026-09-14T12:46:02.379Z,2026-09-13T22:42:02.422Z,telemetry,boiler_01,12,0,20,1312,65,20
,,0,2026-09-13T12:46:02.379Z,2026-09-14T12:46:02.379Z,2026-09-13T22:42:32.379Z,telemetry,boiler_01,12,0,20,1313,65,20
,,0,2026-09-13T12:46:02.379Z,2026-09-14T12:46:02.379Z,2026-09-13T22:43:02.379Z,telemetry,boiler_01,12,0,20,1314,65,20
,,0,2026-09-13T12:46:02.379Z,2026-09-14T12:46:02.379Z,2026-09-13T22:43:32.379Z,telemetry,boiler_01,12,0,20,1315,65,20
,,0,2026-09-13T12:46:02.379Z,2026-09-14T12:46:02.379Z,2026-09-13T22:44:02.379Z,telemetry,boiler_01,12,0,20,1316,65,20
,,0,2026-09-13T12:46:02.379Z,2026-09-14T12:46:02.379Z,2026-09-13T22:44:32.379Z,telemetry,boiler_01,12,0,20,1317,65,20
,,0,2026-09-13T12:46:02.379Z,2026-09-14T12:46:02.379Z,2026-09-13T22:45:02.379Z,telemetry,boiler_01,12,0,20,1318,65,20
,,0,2026-09-13T12:46:02.379Z,2026-09-14T12:46:02.379Z,2026-09-13T22:45:32.379Z,telemetry,boiler_01,12,0,20,1319,65,20
,,0,2026-09-13T12:46:02.379Z,2026-09-14T12:46:02.379Z,2026-09-13T22:46:02.381Z,telemetry,boiler_01,12,0,20,1320,65,20
,,0,2026-09-13T12:46:02.379Z,2026-09-14T12:46:02.379Z,2026-09-13T22:46:32.379Z,telemetry,boiler_01,12,0,20,1321,65,20
,,0,2026-09-13T12:46:02.379Z,2026-09-14T12:46:02.379Z,2026-09-13T22:47:02.379Z,telemetry,boiler_01,12,0,20,1322,65,20
,,0,2026-09-13T12:46:02.379Z,2026-09-14T12:46:02.379Z,2026-09-13T22:47:32.379Z,telemetry,boiler_01,12,0,20,1323,65,20
,,0,2026-09-13T12:46:02.379Z,2026-09-14T12:46:02.379Z,2026-09-13T22:48:02.379Z,telemetry,boiler_01,12,0,20,1324,65,20
,,0,2026-09-13T12:46:02.379Z,2026-09-14T12:46:02.379Z,2026-09-13T22:48:32.379Z,telemetry,boiler_01,12,0,20,1325,65,20
,,0,2026-09-13T12:46:02.379Z,2026-09-14T12:46:02.379Z,2026-09-13T22:49:02.388Z,telemetry,boiler_01,12,0,20,1326,65,20
,,0,2026-09-13T12:46:02.379Z,2026-09-14T12:46:02.379Z,2026-09-13T22:49:32.379Z,telemetry,boiler_01,12,0,20,1327,65,20
,,0,2026-09-13T12:46:02.379Z,2026-09-14T12:46:02.379Z,2026-09-13T22:50:02.379Z,telemetry,boiler_01,12,0,20,1328,65,20
,,0,2026-09-13T12:46:02.379Z,2026-09-14T12:46:02.379Z,2026-09-13T22:50:32.379Z,telemetry,boiler_01,12,0,20,1329,65,20
,,0,2026-09-13T12:46:02.379Z,2026-09-14T12:46:02.379Z,2026-09-13T22:51:02.379Z,telemetry,boiler_01,12,0,20,1330,65,20
,,0,2026-09-13T12:46:02.379Z,2026-09-14T12:46:02.379Z,2026-09-13T22:51:32.379Z,telemetry,boiler_01,12,0,20,1331,65,20
,,0,2026-09-13T12:46:02.379Z,2026-09-14T12:46:02.379Z,2026-09-13T22:52:02.387Z,telemetry,boiler_01,12,0,20,1332,65,20
,,0,2026-09-13T12:46:02.379Z,2026-09-14T12:46:02.379Z,2026-09-13T22:52:32.379Z,telemetry,boiler_01,12,0,20,1333,65,20
,,0,2026-09-13T12:46:02.379Z,2026-09-14T12:46:02.379Z,2026-09-13T22:53:02.38Z,telemetry,boiler_01,12,0,20,1334,65,20
,,0,2026-09-13T12:46:02.379Z,2026-09-14T12:46:02.379Z,2026-09-13T22:53:32.379Z,telemetry,boiler_01,12,0,20,1335,65,20
,,0,2026-09-13T12:46:02.379Z,2026-09-14T12:46:02.379Z,2026-09-13T22:54:02.379Z,telemetry,boiler_01,12,0,20,1336,65,20
,,0,2026-09-13T12:46:02.379Z,2026-09-14T12:46:02.379Z,2026-09-13T22:54:32.379Z,telemetry,boiler_01,12,0,20,1337,65,20
,,0,2026-09-13T12:46:02.379Z,2026-09-14T12:46:02.379Z,2026-09-13T22:55:02.379Z,telemetry,boiler_01,12,0,20,1338,65,20
,,0,2026-09-13T12:46:02.379Z,2026-09-14T12:46:02.379Z,2026-09-13T22:55:32.379Z,telemetry,boiler_01,12,0,20,1339,65,20
,,0,2026-09-13T12:46:02.379Z,2026-09-14T12:46:02.379Z,2026-09-13T22:56:02.379Z,telemetry,boiler_01,12,0,20,1340,65,20
,,0,2026-09-13T12:46:02.379Z,2026-09-14T12:46:02.379Z,2026-09-13T22:56:32.379Z,telemetry,boiler_01,12,0,20,1341,65,20
,,0,2026-09-13T12:46:02.379Z,2026-09-14T12:46:02.379Z,2026-09-13T22:57:02.379Z,telemetry,boiler_01,12,0,20,1342,65,20
,,0,2026-09-13T12:46:02.379Z,2026-09-14T12:46:02.379Z,2026-09-13T22:57:32.379Z,telemetry,boiler_01,12,0,20,1343,65,20
,,0,2026-09-13T12:46:02.379Z,2026-09-14T12:46:02.379Z,2026-09-13T22:58:02.379Z,telemetry,boiler_01,12,0,20,1344,65,20
,,0,2026-09-13T12:46:02.379Z,2026-09-14T12:46:02.379Z,2026-09-13T22:58:32.379Z,telemetry,boiler_01,12,0,20,1345,65,20
,,0,2026-09-13T12:46:02.379Z,2026-09-14T12:46:02.379Z,2026-09-13T22:59:02.379Z,telemetry,boiler_01,12,0,20,1346,65,20
,,0,2026-09-13T12:46:02.379Z,2026-09-14T12:46:02.379Z,2026-09-13T22:59:32.379Z,telemetry,boiler_01,12,0,20,1347,65,20
,,0,2026-09-13T12:46:02.379Z,2026-09-14T12:46:02.379Z,2026-09-13T23:00:02.379Z,telemetry,boiler_01,12,0,20,1348,65,20
,,0,2026-09-13T12:46:02.379Z,2026-09-14T12:46:02.379Z,2026-09-13T23:00:32.379Z,telemetry,boiler_01,12,0,20,1349,65,20
,,0,2026-09-13T12:46:02.379Z,2026-09-14T12:46:02.379Z,2026-09-13T23:01:02.379Z,telemetry,boiler_01,12,0,20,1350,65,20
,,0,2026-09-13T12:46:02.379Z,2026-09-14T12:46:02.379Z,2026-09-13T23:01:32.379Z,telemetry,boiler_01,12,0,20,1351,65,20
,,0,2026-09-13T12:46:02.379Z,2026-09-14T12:46:02.379Z,2026-09-13T23:02:02.379Z,telemetry,boiler_01,12,0,20,1352,65,20
,,0,2026-09-13T12:46:02.379Z,2026-09-14T12:46:02.379Z,2026-09-13T23:02:32.379Z,telemetry,boiler_01,12,0,20,1353,65,20
,,0,2026-09-13T12:46:02.379Z,2026-09-14T12:46:02.379Z,2026-09-13T23:03:02.379Z,telemetry,boiler_01,12,0,20,1354,65,20
,,0,2026-09-13T12:46:02.379Z,2026-09-14T12:46:02.379Z,2026-09-13T23:03:32.379Z,telemetry,boiler_01,12,0,20,1355,65,20
,,0,2026-09-13T12:46:02.379Z,2026-09-14T12:46:02.379Z,2026-09-13T23:04:02.379Z,telemetry,boiler_01,12,0,20,1356,65,20
,,0,2026-09-13T12:46:02.379Z,2026-09-14T12:46:02.379Z,2026-09-13T23:04:32.379Z,telemetry,boiler_01,12,0,20,1357,65,20
,,0,2026-09-13T12:46:02.379Z,2026-09-14T12:46:02.379Z,2026-09-13T23:05:02.38Z,telemetry,boiler_01,12,0,20,1358,65,20
,,0,2026-09-13T12:46:02.379Z,2026-09-14T12:46:02.379Z,2026-09-13T23:05:32.379Z,telemetry,boiler_01,12,0,20,1359,65,20
,,0,2026-09-13T12:46:02.379Z,2026-09-14T12:46:02.379Z,2026-09-13T23:06:02.381Z,telemetry,boiler_01,12,0,20,1360,65,20
,,0,2026-09-13T12:46:02.379Z,2026-09-14T12:46:02.379Z,2026-09-13T23:06:32.379Z,telemetry,boiler_01,12,0,20,1361,65,20
,,0,2026-09-13T12:46:02.379Z,2026-09-14T12:46:02.379Z,2026-09-13T23:07:02.381Z,telemetry,boiler_01,12,0,20,1362,65,20
,,0,2026-09-13T12:46:02.379Z,2026-09-14T12:46:02.379Z,2026-09-13T23:07:32.379Z,telemetry,boiler_01,12,0,20,1363,65,20
,,0,2026-09-13T12:46:02.379Z,2026-09-14T12:46:02.379Z,2026-09-13T23:08:02.404Z,telemetry,boiler_01,12,0,20,1364,65,20
,,0,2026-09-13T12:46:02.379Z,2026-09-14T12:46:02.379Z,2026-09-13T23:08:32.379Z,telemetry,boiler_01,12,0,20,1365,65,20
,,0,2026-09-13T12:46:02.379Z,2026-09-14T12:46:02.379Z,2026-09-13T23:09:02.379Z,telemetry,boiler_01,12,0,20,1366,65,20
,,0,2026-09-13T12:46:02.379Z,2026-09-14T12:46:02.379Z,2026-09-13T23:09:32.379Z,telemetry,boiler_01,12,0,20,1367,65,20
,,0,2026-09-13T12:46:02.379Z,2026-09-14T12:46:02.379Z,2026-09-13T23:10:02.379Z,telemetry,boiler_01,12,0,20,1368,65,20
,,0,2026-09-13T12:46:02.379Z,2026-09-14T12:46:02.379Z,2026-09-13T23:10:32.379Z,telemetry,boiler_01,12,0,20,1369,65,20
,,0,2026-09-13T12:46:02.379Z,2026-09-14T12:46:02.379Z,2026-09-13T23:11:02.379Z,telemetry,boiler_01,12,0,20,1370,65,20
,,0,2026-09-13T12:46:02.379Z,2026-09-14T12:46:02.379Z,2026-09-13T23:11:32.379Z,telemetry,boiler_01,12,0,20,1371,65,20
,,0,2026-09-13T12:46:02.379Z,2026-09-14T12:46:02.379Z,2026-09-13T23:12:02.379Z,telemetry,boiler_01,12,0,20,1372,65,20
,,0,2026-09-13T12:46:02.379Z,2026-09-14T12:46:02.379Z,2026-09-13T23:12:32.379Z,telemetry,boiler_01,12,0,20,1373,65,20
,,0,2026-09-13T12:46:02.379Z,2026-09-14T12:46:02.379Z,2026-09-13T23:13:02.38Z,telemetry,boiler_01,12,0,20,1374,65,20
,,0,2026-09-13T12:46:02.379Z,2026-09-14T12:46:02.379Z,2026-09-13T23:13:32.379Z,telemetry,boiler_01,12,0,20,1375,65,20
,,0,2026-09-13T12:46:02.379Z,2026-09-14T12:46:02.379Z,2026-09-13T23:14:02.38Z,telemetry,boiler_01,12,0,20,1376,65,20
,,0,2026-09-13T12:46:02.379Z,2026-09-14T12:46:02.379Z,2026-09-13T23:14:32.379Z,telemetry,boiler_01,12,0,20,1377,65,20
,,0,2026-09-13T12:46:02.379Z,2026-09-14T12:46:02.379Z,2026-09-13T23:15:02.379Z,telemetry,boiler_01,12,0,20,1378,65,20
,,0,2026-09-13T12:46:02.379Z,2026-09-14T12:46:02.379Z,2026-09-13T23:15:32.38Z,telemetry,boiler_01,12,0,20,1379,65,20
,,0,2026-09-13T12:46:02.379Z,2026-09-14T12:46:02.379Z,2026-09-13T23:16:02.38Z,telemetry,boiler_01,12,0,20,1380,65,20
,,0,2026-09-13T12:46:02.379Z,2026-09-14T12:46:02.379Z,2026-09-13T23:16:32.379Z,telemetry,boiler_01,12,0,20,1381,65,20
,,0,2026-09-13T12:46:02.379Z,2026-09-14T12:46:02.379Z,2026-09-13T23:17:02.379Z,telemetry,boiler_01,12,0,20,1382,65,20
,,0,2026-09-13T12:46:02.379Z,2026-09-14T12:46:02.379Z,2026-09-13T23:17:32.379Z,telemetry,boiler_01,12,0,20,1383,65,20
,,0,2026-09-13T12:46:02.379Z,2026-09-14T12:46:02.379Z,2026-09-13T23:18:02.379Z,telemetry,boiler_01,12,0,20,1384,65,20
,,0,2026-09-13T12:46:02.379Z,2026-09-14T12:46:02.379Z,2026-09-13T23:18:32.379Z,telemetry,boiler_01,12,0,20,1385,65,20
,,0,2026-09-13T12:46:02.379Z,2026-09-14T12:46:02.379Z,2026-09-13T23:19:02.379Z,telemetry,boiler_01,12,0,20,1386,65,20
,,0,2026-09-13T12:46:02.379Z,2026-09-14T12:46:02.379Z,2026-09-13T23:19:32.379Z,telemetry,boiler_01,12,0,20,1387,65,20
,,0,2026-09-13T12:46:02.379Z,2026-09-14T12:46:02.379Z,2026-09-13T23:20:02.379Z,telemetry,boiler_01,12,0,20,1388,65,20
,,0,2026-09-13T12:46:02.379Z,2026-09-14T12:46:02.379Z,2026-09-13T23:20:32.379Z,telemetry,boiler_01,12,0,20,1389,65,20
,,0,2026-09-13T12:46:02.379Z,2026-09-14T12:46:02.379Z,2026-09-13T23:21:02.38Z,telemetry,boiler_01,12,0,20,1390,65,20
,,0,2026-09-13T12:46:02.379Z,2026-09-14T12:46:02.379Z,2026-09-13T23:21:32.379Z,telemetry,boiler_01,12,0,20,1391,65,20
,,0,2026-09-13T12:46:02.379Z,2026-09-14T12:46:02.379Z,2026-09-13T23:22:02.38Z,telemetry,boiler_01,12,0,20,1392,65,20
,,0,2026-09-13T12:46:02.379Z,2026-09-14T12:46:02.379Z,2026-09-13T23:22:32.379Z,telemetry,boiler_01,12,0,20,1393,65,20
,,0,2026-09-13T12:46:02.379Z,2026-09-14T12:46:02.379Z,2026-09-13T23:23:02.379Z,telemetry,boiler_01,12,0,20,1394,65,20
,,0,2026-09-13T12:46:02.379Z,2026-09-14T12:46:02.379Z,2026-09-13T23:23:32.379Z,telemetry,boiler_01,12,0,20,1395,65,20
,,0,2026-09-13T12:46:02.379Z,2026-09-14T12:46:02.379Z,2026-09-13T23:24:02.379Z,telemetry,boiler_01,12,0,20,1396,65,20
,,0,2026-09-13T12:46:02.379Z,2026-09-14T12:46:02.379Z,2026-09-13T23:24:32.379Z,telemetry,boiler_01,12,0,20,1397,65,20
,,0,2026-09-13T12:46:02.379Z,2026-09-14T12:46:02.379Z,2026-09-13T23:25:02.379Z,telemetry,boiler_01,12,0,20,1398,65,20
,,0,2026-09-13T12:46:02.379Z,2026-09-14T12:46:02.379Z,2026-09-13T23:25:32.379Z,telemetry,boiler_01,12,0,20,1399,65,20
,,0,2026-09-13T12:46:02.379Z,2026-09-14T12:46:02.379Z,2026-09-13T23:26:02.379Z,telemetry,boiler_01,12,0,20,1400,65,20
,,0,2026-09-13T12:46:02.379Z,2026-09-14T12:46:02.379Z,2026-09-13T23:26:32.379Z,telemetry,boiler_01,12,0,20,1401,65,20
,,0,2026-09-13T12:46:02.379Z,2026-09-14T12:46:02.379Z,2026-09-13T23:27:02.379Z,telemetry,boiler_01,12,0,20,1402,65,20
,,0,2026-09-13T12:46:02.379Z,2026-09-14T12:46:02.379Z,2026-09-13T23:27:32.379Z,telemetry,boiler_01,12,0,20,1403,65,20
,,0,2026-09-13T12:46:02.379Z,2026-09-14T12:46:02.379Z,2026-09-13T23:28:02.379Z,telemetry,boiler_01,12,0,20,1404,65,20
,,0,2026-09-13T12:46:02.379Z,2026-09-14T12:46:02.379Z,2026-09-13T23:28:32.379Z,telemetry,boiler_01,12,0,20,1405,65,20
,,0,2026-09-13T12:46:02.379Z,2026-09-14T12:46:02.379Z,2026-09-13T23:29:02.38Z,telemetry,boiler_01,12,0,20,1406,65,20
,,0,2026-09-13T12:46:02.379Z,2026-09-14T12:46:02.379Z,2026-09-13T23:29:32.379Z,telemetry,boiler_01,12,0,20,1407,65,20
,,0,2026-09-13T12:46:02.379Z,2026-09-14T12:46:02.379Z,2026-09-13T23:30:02.379Z,telemetry,boiler_01,12,0,20,1408,65,20
,,0,2026-09-13T12:46:02.379Z,2026-09-14T12:46:02.379Z,2026-09-13T23:30:32.379Z,telemetry,boiler_01,12,0,20,1409,65,20
,,0,2026-09-13T12:46:02.379Z,2026-09-14T12:46:02.379Z,2026-09-13T23:31:02.379Z,telemetry,boiler_01,12,0,20,1410,65,20
,,0,2026-09-13T12:46:02.379Z,2026-09-14T12:46:02.379Z,2026-09-13T23:31:32.379Z,telemetry,boiler_01,12,0,20,1411,65,20
,,0,2026-09-13T12:46:02.379Z,2026-09-14T12:46:02.379Z,2026-09-13T23:32:02.39Z,telemetry,boiler_01,12,0,20,1412,65,20
,,0,2026-09-13T12:46:02.379Z,2026-09-14T12:46:02.379Z,2026-09-13T23:32:32.379Z,telemetry,boiler_01,12,0,20,1413,65,20
,,0,2026-09-13T12:46:02.379Z,2026-09-14T12:46:02.379Z,2026-09-13T23:33:02.38Z,telemetry,boiler_01,12,0,20,1414,65,20
,,0,2026-09-13T12:46:02.379Z,2026-09-14T12:46:02.379Z,2026-09-13T23:33:32.379Z,telemetry,boiler_01,12,0,20,1415,65,20
,,0,2026-09-13T12:46:02.379Z,2026-09-14T12:46:02.379Z,2026-09-13T23:34:02.379Z,telemetry,boiler_01,12,0,20,1416,65,20
,,0,2026-09-13T12:46:02.379Z,2026-09-14T12:46:02.379Z,2026-09-13T23:34:32.379Z,telemetry,boiler_01,12,0,20,1417,65,20
,,0,2026-09-13T12:46:02.379Z,2026-09-14T12:46:02.379Z,2026-09-13T23:35:02.379Z,telemetry,boiler_01,12,0,20,1418,65,20
,,0,2026-09-13T12:46:02.379Z,2026-09-14T12:46:02.379Z,2026-09-13T23:35:32.379Z,telemetry,boiler_01,12,0,20,1419,65,20
,,0,2026-09-13T12:46:02.379Z,2026-09-14T12:46:02.379Z,2026-09-13T23:36:02.383Z,telemetry,boiler_01,12,0,20,1420,65,20
,,0,2026-09-13T12:46:02.379Z,2026-09-14T12:46:02.379Z,2026-09-13T23:36:32.379Z,telemetry,boiler_01,12,0,20,1421,65,20
,,0,2026-09-13T12:46:02.379Z,2026-09-14T12:46:02.379Z,2026-09-13T23:37:02.379Z,telemetry,boiler_01,12,0,20,1422,65,20
,,0,2026-09-13T12:46:02.379Z,2026-09-14T12:46:02.379Z,2026-09-13T23:37:32.379Z,telemetry,boiler_01,12,0,20,1423,65,20
,,0,2026-09-13T12:46:02.379Z,2026-09-14T12:46:02.379Z,2026-09-13T23:38:02.38Z,telemetry,boiler_01,12,0,20,1424,65,20
,,0,2026-09-13T12:46:02.379Z,2026-09-14T12:46:02.379Z,2026-09-13T23:38:32.379Z,telemetry,boiler_01,12,0,20,1425,65,20
,,0,2026-09-13T12:46:02.379Z,2026-09-14T12:46:02.379Z,2026-09-13T23:39:02.38Z,telemetry,boiler_01,12,0,20,1426,65,20
,,0,2026-09-13T12:46:02.379Z,2026-09-14T12:46:02.379Z,2026-09-13T23:39:32.379Z,telemetry,boiler_01,12,0,20,1427,65,20
,,0,2026-09-13T12:46:02.379Z,2026-09-14T12:46:02.379Z,2026-09-13T23:40:02.379Z,telemetry,boiler_01,12,0,20,1428,65,20
,,0,2026-09-13T12:46:02.379Z,2026-09-14T12:46:02.379Z,2026-09-13T23:40:32.379Z,telemetry,boiler_01,12,0,20,1429,65,20
,,0,2026-09-13T12:46:02.379Z,2026-09-14T12:46:02.379Z,2026-09-13T23:41:02.381Z,telemetry,boiler_01,12,0,20,1430,65,20
,,0,2026-09-13T12:46:02.379Z,2026-09-14T12:46:02.379Z,2026-09-13T23:41:32.379Z,telemetry,boiler_01,12,0,20,1431,65,20
,,0,2026-09-13T12:46:02.379Z,2026-09-14T12:46:02.379Z,2026-09-13T23:42:02.384Z,telemetry,boiler_01,12,0,20,1432,65,20
,,0,2026-09-13T12:46:02.379Z,2026-09-14T12:46:02.379Z,2026-09-13T23:42:32.379Z,telemetry,boiler_01,12,0,20,1433,65,20
,,0,2026-09-13T12:46:02.379Z,2026-09-14T12:46:02.379Z,2026-09-13T23:43:02.379Z,telemetry,boiler_01,12,0,20,1434,65,20
,,0,2026-09-13T12:46:02.379Z,2026-09-14T12:46:02.379Z,2026-09-13T23:43:32.379Z,telemetry,boiler_01,12,0,20,1435,65,20
,,0,2026-09-13T12:46:02.379Z,2026-09-14T12:46:02.379Z,2026-09-13T23:44:02.379Z,telemetry,boiler_01,12,0,20,1436,65,20
,,0,2026-09-13T12:46:02.379Z,2026-09-14T12:46:02.379Z,2026-09-13T23:44:32.379Z,telemetry,boiler_01,12,0,20,1437,65,20
,,0,2026-09-13T12:46:02.379Z,2026-09-14T12:46:02.379Z,2026-09-13T23:45:02.379Z,telemetry,boiler_01,12,0,20,1438,65,20
,,0,2026-09-13T12:46:02.379Z,2026-09-14T12:46:02.379Z,2026-09-13T23:45:32.379Z,telemetry,boiler_01,12,0,20,1439,65,20
,,0,2026-09-13T12:46:02.379Z,2026-09-14T12:46:02.379Z,2026-09-13T23:46:02.379Z,telemetry,boiler_01,12,0,20,1440,65,20
,,0,2026-09-13T12:46:02.379Z,2026-09-14T12:46:02.379Z,2026-09-13T23:46:32.379Z,telemetry,boiler_01,12,0,20,1441,65,20
,,0,2026-09-13T12:46:02.379Z,2026-09-14T12:46:02.379Z,2026-09-13T23:47:02.381Z,telemetry,boiler_01,12,0,20,1442,65,20
,,0,2026-09-13T12:46:02.379Z,2026-09-14T12:46:02.379Z,2026-09-13T23:47:32.379Z,telemetry,boiler_01,12,0,20,1443,65,20
,,0,2026-09-13T12:46:02.379Z,2026-09-14T12:46:02.379Z,2026-09-13T23:48:02.379Z,telemetry,boiler_01,12,0,20,1444,65,20
,,0,2026-09-13T12:46:02.379Z,2026-09-14T12:46:02.379Z,2026-09-13T23:48:32.379Z,telemetry,boiler_01,12,0,20,1445,65,20
,,0,2026-09-13T12:46:02.379Z,2026-09-14T12:46:02.379Z,2026-09-13T23:49:02.381Z,telemetry,boiler_01,12,0,20,1446,65,20
,,0,2026-09-13T12:46:02.379Z,2026-09-14T12:46:02.379Z,2026-09-13T23:49:32.379Z,telemetry,boiler_01,12,0,20,1447,65,20
,,0,2026-09-13T12:46:02.379Z,2026-09-14T12:46:02.379Z,2026-09-13T23:50:02.379Z,telemetry,boiler_01,12,0,20,1448,65,20
,,0,2026-09-13T12:46:02.379Z,2026-09-14T12:46:02.379Z,2026-09-13T23:50:32.379Z,telemetry,boiler_01,12,0,20,1449,65,20
,,0,2026-09-13T12:46:02.379Z,2026-09-14T12:46:02.379Z,2026-09-13T23:51:02.379Z,telemetry,boiler_01,12,0,20,1450,65,20
,,0,2026-09-13T12:46:02.379Z,2026-09-14T12:46:02.379Z,2026-09-13T23:51:32.379Z,telemetry,boiler_01,12,0,20,1451,65,20
,,0,2026-09-13T12:46:02.379Z,2026-09-14T12:46:02.379Z,2026-09-13T23:52:02.379Z,telemetry,boiler_01,12,0,20,1452,65,20
,,0,2026-09-13T12:46:02.379Z,2026-09-14T12:46:02.379Z,2026-09-13T23:52:32.379Z,telemetry,boiler_01,12,0,20,1453,65,20
,,0,2026-09-13T12:46:02.379Z,2026-09-14T12:46:02.379Z,2026-09-13T23:53:02.379Z,telemetry,boiler_01,12,0,20,1454,65,20
,,0,2026-09-13T12:46:02.379Z,2026-09-14T12:46:02.379Z,2026-09-13T23:53:32.379Z,telemetry,boiler_01,12,0,20,1455,65,20
,,0,2026-09-13T12:46:02.379Z,2026-09-14T12:46:02.379Z,2026-09-13T23:54:02.379Z,telemetry,boiler_01,12,0,20,1456,65,20
,,0,2026-09-13T12:46:02.379Z,2026-09-14T12:46:02.379Z,2026-09-13T23:54:32.379Z,telemetry,boiler_01,12,0,20,1457,65,20
,,0,2026-09-13T12:46:02.379Z,2026-09-14T12:46:02.379Z,2026-09-13T23:55:02.379Z,telemetry,boiler_01,12,0,20,1458,65,20
,,0,2026-09-13T12:46:02.379Z,2026-09-14T12:46:02.379Z,2026-09-13T23:55:32.379Z,telemetry,boiler_01,12,0,20,1459,65,20
,,0,2026-09-13T12:46:02.379Z,2026-09-14T12:46:02.379Z,2026-09-13T23:56:02.38Z,telemetry,boiler_01,12,0,20,1460,65,20
,,0,2026-09-13T12:46:02.379Z,2026-09-14T12:46:02.379Z,2026-09-13T23:56:32.379Z,telemetry,boiler_01,12,0,20,1461,65,20
,,0,2026-09-13T12:46:02.379Z,2026-09-14T12:46:02.379Z,2026-09-13T23:57:02.379Z,telemetry,boiler_01,12,0,20,1462,65,20
,,0,2026-09-13T12:46:02.379Z,2026-09-14T12:46:02.379Z,2026-09-13T23:57:32.38Z,telemetry,boiler_01,12,0,20,1463,65,20
,,0,2026-09-13T12:46:02.379Z,2026-09-14T12:46:02.379Z,2026-09-13T23:58:02.379Z,telemetry,boiler_01,12,0,20,1464,65,20
,,0,2026-09-13T12:46:02.379Z,2026-09-14T12:46:02.379Z,2026-09-13T23:58:32.379Z,telemetry,boiler_01,12,0,20,1465,65,20
,,0,2026-09-13T12:46:02.379Z,2026-09-14T12:46:02.379Z,2026-09-13T23:59:02.379Z,telemetry,boiler_01,12,0,20,1466,65,20
,,0,2026-09-13T12:46:02.379Z,2026-09-14T12:46:02.379Z,2026-09-13T23:59:32.379Z,telemetry,boiler_01,12,0,20,1467,65,20
,,0,2026-09-13T12:46:02.379Z,2026-09-14T12:46:02.379Z,2026-09-14T00:00:02.379Z,telemetry,boiler_01,12,0,20,1468,65,20
,,0,2026-09-13T12:46:02.379Z,2026-09-14T12:46:02.379Z,2026-09-14T00:00:32.379Z,telemetry,boiler_01,12,0,20,1469,65,20
,,0,2026-09-13T12:46:02.379Z,2026-09-14T12:46:02.379Z,2026-09-14T00:01:02.38Z,telemetry,boiler_01,12,0,20,1470,65,20
,,0,2026-09-13T12:46:02.379Z,2026-09-14T12:46:02.379Z,2026-09-14T00:01:32.379Z,telemetry,boiler_01,12,0,20,1471,65,20
,,0,2026-09-13T12:46:02.379Z,2026-09-14T12:46:02.379Z,2026-09-14T00:02:02.38Z,telemetry,boiler_01,12,0,20,1472,65,20
,,0,2026-09-13T12:46:02.379Z,2026-09-14T12:46:02.379Z,2026-09-14T00:02:32.379Z,telemetry,boiler_01,12,0,20,1473,65,20
,,0,2026-09-13T12:46:02.379Z,2026-09-14T12:46:02.379Z,2026-09-14T00:03:02.379Z,telemetry,boiler_01,12,0,20,1474,65,20
,,0,2026-09-13T12:46:02.379Z,2026-09-14T12:46:02.379Z,2026-09-14T00:03:32.379Z,telemetry,boiler_01,12,0,20,1475,65,20
,,0,2026-09-13T12:46:02.379Z,2026-09-14T12:46:02.379Z,2026-09-14T00:04:02.38Z,telemetry,boiler_01,12,0,20,1476,65,20
,,0,2026-09-13T12:46:02.379Z,2026-09-14T12:46:02.379Z,2026-09-14T00:04:32.379Z,telemetry,boiler_01,12,0,20,1477,65,20
,,0,2026-09-13T12:46:02.379Z,2026-09-14T12:46:02.379Z,2026-09-14T00:05:02.38Z,telemetry,boiler_01,12,0,20,1478,65,20
,,0,2026-09-13T12:46:02.379Z,2026-09-14T12:46:02.379Z,2026-09-14T00:05:32.379Z,telemetry,boiler_01,12,0,20,1479,65,20
,,0,2026-09-13T12:46:02.379Z,2026-09-14T12:46:02.379Z,2026-09-14T00:06:02.379Z,telemetry,boiler_01,12,0,20,1480,65,20
,,0,2026-09-13T12:46:02.379Z,2026-09-14T12:46:02.379Z,2026-09-14T00:06:32.379Z,telemetry,boiler_01,12,0,20,1481,65,20
,,0,2026-09-13T12:46:02.379Z,2026-09-14T12:46:02.379Z,2026-09-14T00:07:02.379Z,telemetry,boiler_01,12,0,20,1482,65,20
,,0,2026-09-13T12:46:02.379Z,2026-09-14T12:46:02.379Z,2026-09-14T00:07:32.379Z,telemetry,boiler_01,12,0,20,1483,65,20
,,0,2026-09-13T12:46:02.379Z,2026-09-14T12:46:02.379Z,2026-09-14T00:08:02.379Z,telemetry,boiler_01,12,0,20,1484,65,20
,,0,2026-09-13T12:46:02.379Z,2026-09-14T12:46:02.379Z,2026-09-14T00:08:32.379Z,telemetry,boiler_01,12,0,20,1485,65,20
,,0,2026-09-13T12:46:02.379Z,2026-09-14T12:46:02.379Z,2026-09-14T00:09:02.404Z,telemetry,boiler_01,12,0,20,1486,65,20
,,0,2026-09-13T12:46:02.379Z,2026-09-14T12:46:02.379Z,2026-09-14T00:09:32.379Z,telemetry,boiler_01,12,0,20,1487,65,20
,,0,2026-09-13T12:46:02.379Z,2026-09-14T12:46:02.379Z,2026-09-14T00:10:02.379Z,telemetry,boiler_01,12,0,20,1488,65,20
,,0,2026-09-13T12:46:02.379Z,2026-09-14T12:46:02.379Z,2026-09-14T00:10:32.379Z,telemetry,boiler_01,12,0,20,1489,65,20
,,0,2026-09-13T12:46:02.379Z,2026-09-14T12:46:02.379Z,2026-09-14T00:11:02.379Z,telemetry,boiler_01,12,0,20,1490,65,20
,,0,2026-09-13T12:46:02.379Z,2026-09-14T12:46:02.379Z,2026-09-14T00:11:32.379Z,telemetry,boiler_01,12,0,20,1491,65,20
,,0,2026-09-13T12:46:02.379Z,2026-09-14T12:46:02.379Z,2026-09-14T00:12:02.379Z,telemetry,boiler_01,12,0,20,1492,65,20
,,0,2026-09-13T12:46:02.379Z,2026-09-14T12:46:02.379Z,2026-09-14T00:12:32.379Z,telemetry,boiler_01,12,0,20,1493,65,20
,,0,2026-09-13T12:46:02.379Z,2026-09-14T12:46:02.379Z,2026-09-14T00:13:02.379Z,telemetry,boiler_01,12,0,20,1494,65,20
,,0,2026-09-13T12:46:02.379Z,2026-09-14T12:46:02.379Z,2026-09-14T00:13:32.379Z,telemetry,boiler_01,12,0,20,1495,65,20
,,0,2026-09-13T12:46:02.379Z,2026-09-14T12:46:02.379Z,2026-09-14T00:14:02.392Z,telemetry,boiler_01,12,0,20,1496,65,20
,,0,2026-09-13T12:46:02.379Z,2026-09-14T12:46:02.379Z,2026-09-14T00:14:32.379Z,telemetry,boiler_01,12,0,20,1497,65,20
,,0,2026-09-13T12:46:02.379Z,2026-09-14T12:46:02.379Z,2026-09-14T00:15:02.379Z,telemetry,boiler_01,12,0,20,1498,65,20
,,0,2026-09-13T12:46:02.379Z,2026-09-14T12:46:02.379Z,2026-09-14T00:15:32.379Z,telemetry,boiler_01,12,0,20,1499,65,20
,,0,2026-09-13T12:46:02.379Z,2026-09-14T12:46:02.379Z,2026-09-14T00:16:02.38Z,telemetry,boiler_01,12,0,20,1500,65,20
,,0,2026-09-13T12:46:02.379Z,2026-09-14T12:46:02.379Z,2026-09-14T00:16:32.379Z,telemetry,boiler_01,12,0,20,1501,65,20
,,0,2026-09-13T12:46:02.379Z,2026-09-14T12:46:02.379Z,2026-09-14T00:17:02.379Z,telemetry,boiler_01,12,0,20,1502,65,20
,,0,2026-09-13T12:46:02.379Z,2026-09-14T12:46:02.379Z,2026-09-14T00:17:32.379Z,telemetry,boiler_01,12,0,20,1503,65,20
,,0,2026-09-13T12:46:02.379Z,2026-09-14T12:46:02.379Z,2026-09-14T00:18:02.379Z,telemetry,boiler_01,12,0,20,1504,65,20
,,0,2026-09-13T12:46:02.379Z,2026-09-14T12:46:02.379Z,2026-09-14T00:18:32.379Z,telemetry,boiler_01,12,0,20,1505,65,20
,,0,2026-09-13T12:46:02.379Z,2026-09-14T12:46:02.379Z,2026-09-14T00:19:02.381Z,telemetry,boiler_01,12,0,20,1506,65,20
,,0,2026-09-13T12:46:02.379Z,2026-09-14T12:46:02.379Z,2026-09-14T00:19:32.379Z,telemetry,boiler_01,12,0,20,1507,65,20
,,0,2026-09-13T12:46:02.379Z,2026-09-14T12:46:02.379Z,2026-09-14T00:20:02.385Z,telemetry,boiler_01,12,0,20,1508,65,20
,,0,2026-09-13T12:46:02.379Z,2026-09-14T12:46:02.379Z,2026-09-14T00:20:32.379Z,telemetry,boiler_01,12,0,20,1509,65,20
,,0,2026-09-13T12:46:02.379Z,2026-09-14T12:46:02.379Z,2026-09-14T00:21:02.382Z,telemetry,boiler_01,12,0,20,1510,65,20
,,0,2026-09-13T12:46:02.379Z,2026-09-14T12:46:02.379Z,2026-09-14T00:21:32.379Z,telemetry,boiler_01,12,0,20,1511,65,20
,,0,2026-09-13T12:46:02.379Z,2026-09-14T12:46:02.379Z,2026-09-14T00:22:02.379Z,telemetry,boiler_01,12,0,20,1512,65,20
,,0,2026-09-13T12:46:02.379Z,2026-09-14T12:46:02.379Z,2026-09-14T00:22:32.379Z,telemetry,boiler_01,12,0,20,1513,65,20
,,0,2026-09-13T12:46:02.379Z,2026-09-14T12:46:02.379Z,2026-09-14T00:23:02.379Z,telemetry,boiler_01,12,0,20,1514,65,20
,,0,2026-09-13T12:46:02.379Z,2026-09-14T12:46:02.379Z,2026-09-14T00:23:32.379Z,telemetry,boiler_01,12,0,20,1515,65,20
,,0,2026-09-13T12:46:02.379Z,2026-09-14T12:46:02.379Z,2026-09-14T00:24:02.379Z,telemetry,boiler_01,12,0,20,1516,65,20
,,0,2026-09-13T12:46:02.379Z,2026-09-14T12:46:02.379Z,2026-09-14T00:24:32.379Z,telemetry,boiler_01,12,0,20,1517,65,20
,,0,2026-09-13T12:46:02.379Z,2026-09-14T12:46:02.379Z,2026-09-14T00:25:02.379Z,telemetry,boiler_01,12,0,20,1518,65,20
,,0,2026-09-13T12:46:02.379Z,2026-09-14T12:46:02.379Z,2026-09-14T00:25:32.379Z,telemetry,boiler_01,12,0,20,1519,65,20
,,0,2026-09-13T12:46:02.379Z,2026-09-14T12:46:02.379Z,2026-09-14T00:26:02.385Z,telemetry,boiler_01,12,0,20,1520,65,20
,,0,2026-09-13T12:46:02.379Z,2026-09-14T12:46:02.379Z,2026-09-14T00:26:32.379Z,telemetry,boiler_01,12,0,20,1521,65,20
,,0,2026-09-13T12:46:02.379Z,2026-09-14T12:46:02.379Z,2026-09-14T00:27:02.379Z,telemetry,boiler_01,12,0,20,1522,65,20
,,0,2026-09-13T12:46:02.379Z,2026-09-14T12:46:02.379Z,2026-09-14T00:27:32.379Z,telemetry,boiler_01,12,0,20,1523,65,20
,,0,2026-09-13T12:46:02.379Z,2026-09-14T12:46:02.379Z,2026-09-14T00:28:02.379Z,telemetry,boiler_01,12,0,20,1524,65,20
,,0,2026-09-13T12:46:02.379Z,2026-09-14T12:46:02.379Z,2026-09-14T00:28:32.379Z,telemetry,boiler_01,12,0,20,1525,65,20
,,0,2026-09-13T12:46:02.379Z,2026-09-14T12:46:02.379Z,2026-09-14T00:29:02.379Z,telemetry,boiler_01,12,0,20,1526,65,20
,,0,2026-09-13T12:46:02.379Z,2026-09-14T12:46:02.379Z,2026-09-14T00:29:32.384Z,telemetry,boiler_01,12,0,20,1527,65,20
,,0,2026-09-13T12:46:02.379Z,2026-09-14T12:46:02.379Z,2026-09-14T00:30:02.384Z,telemetry,boiler_01,12,0,20,1528,65,20
,,0,2026-09-13T12:46:02.379Z,2026-09-14T12:46:02.379Z,2026-09-14T00:30:32.379Z,telemetry,boiler_01,12,0,20,1529,65,20
,,0,2026-09-13T12:46:02.379Z,2026-09-14T12:46:02.379Z,2026-09-14T00:31:02.379Z,telemetry,boiler_01,12,0,20,1530,65,20
,,0,2026-09-13T12:46:02.379Z,2026-09-14T12:46:02.379Z,2026-09-14T00:31:32.379Z,telemetry,boiler_01,12,0,20,1531,65,20
,,0,2026-09-13T12:46:02.379Z,2026-09-14T12:46:02.379Z,2026-09-14T00:32:02.38Z,telemetry,boiler_01,12,0,20,1532,65,20
,,0,2026-09-13T12:46:02.379Z,2026-09-14T12:46:02.379Z,2026-09-14T00:32:32.379Z,telemetry,boiler_01,12,0,20,1533,65,20
,,0,2026-09-13T12:46:02.379Z,2026-09-14T12:46:02.379Z,2026-09-14T00:33:02.379Z,telemetry,boiler_01,12,0,20,1534,65,20
,,0,2026-09-13T12:46:02.379Z,2026-09-14T12:46:02.379Z,2026-09-14T00:33:32.379Z,telemetry,boiler_01,12,0,20,1535,65,20
,,0,2026-09-13T12:46:02.379Z,2026-09-14T12:46:02.379Z,2026-09-14T00:34:02.379Z,telemetry,boiler_01,12,0,20,1536,65,20
,,0,2026-09-13T12:46:02.379Z,2026-09-14T12:46:02.379Z,2026-09-14T00:34:32.379Z,telemetry,boiler_01,12,0,20,1537,65,20
,,0,2026-09-13T12:46:02.379Z,2026-09-14T12:46:02.379Z,2026-09-14T00:35:02.379Z,telemetry,boiler_01,12,0,20,1538,65,20
,,0,2026-09-13T12:46:02.379Z,2026-09-14T12:46:02.379Z,2026-09-14T00:35:32.379Z,telemetry,boiler_01,12,0,20,1539,65,20
,,0,2026-09-13T12:46:02.379Z,2026-09-14T12:46:02.379Z,2026-09-14T00:36:02.382Z,telemetry,boiler_01,12,0,20,1540,65,20
,,0,2026-09-13T12:46:02.379Z,2026-09-14T12:46:02.379Z,2026-09-14T00:36:32.379Z,telemetry,boiler_01,12,0,20,1541,65,20
,,0,2026-09-13T12:46:02.379Z,2026-09-14T12:46:02.379Z,2026-09-14T00:37:02.379Z,telemetry,boiler_01,12,0,20,1542,65,20
,,0,2026-09-13T12:46:02.379Z,2026-09-14T12:46:02.379Z,2026-09-14T00:37:32.379Z,telemetry,boiler_01,12,0,20,1543,65,20
,,0,2026-09-13T12:46:02.379Z,2026-09-14T12:46:02.379Z,2026-09-14T00:38:02.379Z,telemetry,boiler_01,12,0,20,1544,65,20
,,0,2026-09-13T12:46:02.379Z,2026-09-14T12:46:02.379Z,2026-09-14T00:38:32.38Z,telemetry,boiler_01,12,0,20,1545,65,20
,,0,2026-09-13T12:46:02.379Z,2026-09-14T12:46:02.379Z,2026-09-14T00:39:02.379Z,telemetry,boiler_01,12,0,20,1546,65,20
,,0,2026-09-13T12:46:02.379Z,2026-09-14T12:46:02.379Z,2026-09-14T00:39:32.379Z,telemetry,boiler_01,12,0,20,1547,65,20
,,0,2026-09-13T12:46:02.379Z,2026-09-14T12:46:02.379Z,2026-09-14T00:40:02.379Z,telemetry,boiler_01,12,0,20,1548,65,20
,,0,2026-09-13T12:46:02.379Z,2026-09-14T12:46:02.379Z,2026-09-14T00:40:32.379Z,telemetry,boiler_01,12,0,20,1549,65,20
,,0,2026-09-13T12:46:02.379Z,2026-09-14T12:46:02.379Z,2026-09-14T00:41:02.379Z,telemetry,boiler_01,12,0,20,1550,65,20
,,0,2026-09-13T12:46:02.379Z,2026-09-14T12:46:02.379Z,2026-09-14T00:41:32.379Z,telemetry,boiler_01,12,0,20,1551,65,20
,,0,2026-09-13T12:46:02.379Z,2026-09-14T12:46:02.379Z,2026-09-14T00:42:02.379Z,telemetry,boiler_01,12,0,20,1552,65,20
,,0,2026-09-13T12:46:02.379Z,2026-09-14T12:46:02.379Z,2026-09-14T00:42:32.379Z,telemetry,boiler_01,12,0,20,1553,65,20
,,0,2026-09-13T12:46:02.379Z,2026-09-14T12:46:02.379Z,2026-09-14T00:43:02.379Z,telemetry,boiler_01,12,0,20,1554,65,20
,,0,2026-09-13T12:46:02.379Z,2026-09-14T12:46:02.379Z,2026-09-14T00:43:32.379Z,telemetry,boiler_01,12,0,20,1555,65,20
,,0,2026-09-13T12:46:02.379Z,2026-09-14T12:46:02.379Z,2026-09-14T00:44:02.379Z,telemetry,boiler_01,12,0,20,1556,65,20
,,0,2026-09-13T12:46:02.379Z,2026-09-14T12:46:02.379Z,2026-09-14T00:44:32.379Z,telemetry,boiler_01,12,0,20,1557,65,20
,,0,2026-09-13T12:46:02.379Z,2026-09-14T12:46:02.379Z,2026-09-14T00:45:02.379Z,telemetry,boiler_01,12,0,20,1558,65,20
,,0,2026-09-13T12:46:02.379Z,2026-09-14T12:46:02.379Z,2026-09-14T00:45:32.379Z,telemetry,boiler_01,12,0,20,1559,65,20
,,0,2026-09-13T12:46:02.379Z,2026-09-14T12:46:02.379Z,2026-09-14T00:46:02.379Z,telemetry,boiler_01,12,0,20,1560,65,20
,,0,2026-09-13T12:46:02.379Z,2026-09-14T12:46:02.379Z,2026-09-14T00:46:32.379Z,telemetry,boiler_01,12,0,20,1561,65,20
,,0,2026-09-13T12:46:02.379Z,2026-09-14T12:46:02.379Z,2026-09-14T00:47:02.38Z,telemetry,boiler_01,12,0,20,1562,65,20
,,0,2026-09-13T12:46:02.379Z,2026-09-14T12:46:02.379Z,2026-09-14T00:47:32.379Z,telemetry,boiler_01,12,0,20,1563,65,20
,,0,2026-09-13T12:46:02.379Z,2026-09-14T12:46:02.379Z,2026-09-14T00:48:02.379Z,telemetry,boiler_01,12,0,20,1564,65,20
,,0,2026-09-13T12:46:02.379Z,2026-09-14T12:46:02.379Z,2026-09-14T00:48:32.379Z,telemetry,boiler_01,12,0,20,1565,65,20
,,0,2026-09-13T12:46:02.379Z,2026-09-14T12:46:02.379Z,2026-09-14T00:49:02.384Z,telemetry,boiler_01,12,0,20,1566,65,20
,,0,2026-09-13T12:46:02.379Z,2026-09-14T12:46:02.379Z,2026-09-14T00:49:32.379Z,telemetry,boiler_01,12,0,20,1567,65,20
,,0,2026-09-13T12:46:02.379Z,2026-09-14T12:46:02.379Z,2026-09-14T00:50:02.38Z,telemetry,boiler_01,12,0,20,1568,65,20
,,0,2026-09-13T12:46:02.379Z,2026-09-14T12:46:02.379Z,2026-09-14T00:50:32.379Z,telemetry,boiler_01,12,0,20,1569,65,20
,,0,2026-09-13T12:46:02.379Z,2026-09-14T12:46:02.379Z,2026-09-14T00:51:02.38Z,telemetry,boiler_01,12,0,20,1570,65,20
,,0,2026-09-13T12:46:02.379Z,2026-09-14T12:46:02.379Z,2026-09-14T00:51:32.379Z,telemetry,boiler_01,12,0,20,1571,65,20
,,0,2026-09-13T12:46:02.379Z,2026-09-14T12:46:02.379Z,2026-09-14T00:52:02.379Z,telemetry,boiler_01,12,0,20,1572,65,20
,,0,2026-09-13T12:46:02.379Z,2026-09-14T12:46:02.379Z,2026-09-14T00:52:32.379Z,telemetry,boiler_01,12,0,20,1573,65,20
,,0,2026-09-13T12:46:02.379Z,2026-09-14T12:46:02.379Z,2026-09-14T00:53:02.379Z,telemetry,boiler_01,12,0,20,1574,65,20
,,0,2026-09-13T12:46:02.379Z,2026-09-14T12:46:02.379Z,2026-09-14T00:53:32.379Z,telemetry,boiler_01,12,0,20,1575,65,20
,,0,2026-09-13T12:46:02.379Z,2026-09-14T12:46:02.379Z,2026-09-14T00:54:02.379Z,telemetry,boiler_01,12,0,20,1576,65,20
,,0,2026-09-13T12:46:02.379Z,2026-09-14T12:46:02.379Z,2026-09-14T00:54:32.379Z,telemetry,boiler_01,12,0,20,1577,65,20
,,0,2026-09-13T12:46:02.379Z,2026-09-14T12:46:02.379Z,2026-09-14T00:55:02.379Z,telemetry,boiler_01,12,0,20,1578,65,20
,,0,2026-09-13T12:46:02.379Z,2026-09-14T12:46:02.379Z,2026-09-14T00:55:32.379Z,telemetry,boiler_01,12,0,20,1579,65,20
,,0,2026-09-13T12:46:02.379Z,2026-09-14T12:46:02.379Z,2026-09-14T00:56:02.379Z,telemetry,boiler_01,12,0,20,1580,65,20
,,0,2026-09-13T12:46:02.379Z,2026-09-14T12:46:02.379Z,2026-09-14T00:56:32.379Z,telemetry,boiler_01,12,0,20,1581,65,20
,,0,2026-09-13T12:46:02.379Z,2026-09-14T12:46:02.379Z,2026-09-14T00:57:02.379Z,telemetry,boiler_01,12,0,20,1582,65,20
,,0,2026-09-13T12:46:02.379Z,2026-09-14T12:46:02.379Z,2026-09-14T00:57:32.379Z,telemetry,boiler_01,12,0,20,1583,65,20
,,0,2026-09-13T12:46:02.379Z,2026-09-14T12:46:02.379Z,2026-09-14T00:58:02.379Z,telemetry,boiler_01,12,0,20,1584,65,20
,,0,2026-09-13T12:46:02.379Z,2026-09-14T12:46:02.379Z,2026-09-14T00:58:32.379Z,telemetry,boiler_01,12,0,20,1585,65,20
,,0,2026-09-13T12:46:02.379Z,2026-09-14T12:46:02.379Z,2026-09-14T00:59:02.38Z,telemetry,boiler_01,12,0,20,1586,65,20
,,0,2026-09-13T12:46:02.379Z,2026-09-14T12:46:02.379Z,2026-09-14T00:59:32.379Z,telemetry,boiler_01,12,0,20,1587,65,20
,,0,2026-09-13T12:46:02.379Z,2026-09-14T12:46:02.379Z,2026-09-14T01:00:02.403Z,telemetry,boiler_01,12,0,20,1588,65,20
,,0,2026-09-13T12:46:02.379Z,2026-09-14T12:46:02.379Z,2026-09-14T01:00:32.379Z,telemetry,boiler_01,12,0,20,1589,65,20
,,0,2026-09-13T12:46:02.379Z,2026-09-14T12:46:02.379Z,2026-09-14T01:01:02.38Z,telemetry,boiler_01,12,0,20,1590,65,20
,,0,2026-09-13T12:46:02.379Z,2026-09-14T12:46:02.379Z,2026-09-14T01:01:32.379Z,telemetry,boiler_01,12,0,20,1591,65,20
,,0,2026-09-13T12:46:02.379Z,2026-09-14T12:46:02.379Z,2026-09-14T01:02:02.381Z,telemetry,boiler_01,12,0,20,1592,65,20
,,0,2026-09-13T12:46:02.379Z,2026-09-14T12:46:02.379Z,2026-09-14T01:02:32.379Z,telemetry,boiler_01,12,0,20,1593,65,20
,,0,2026-09-13T12:46:02.379Z,2026-09-14T12:46:02.379Z,2026-09-14T01:03:02.379Z,telemetry,boiler_01,12,0,20,1594,65,20
,,0,2026-09-13T12:46:02.379Z,2026-09-14T12:46:02.379Z,2026-09-14T01:03:32.379Z,telemetry,boiler_01,12,0,20,1595,65,20
,,0,2026-09-13T12:46:02.379Z,2026-09-14T12:46:02.379Z,2026-09-14T01:04:02.379Z,telemetry,boiler_01,12,0,20,1596,65,20
,,0,2026-09-13T12:46:02.379Z,2026-09-14T12:46:02.379Z,2026-09-14T01:04:32.379Z,telemetry,boiler_01,12,0,20,1597,65,20
,,0,2026-09-13T12:46:02.379Z,2026-09-14T12:46:02.379Z,2026-09-14T01:05:02.384Z,telemetry,boiler_01,12,0,20,1598,65,20
,,0,2026-09-13T12:46:02.379Z,2026-09-14T12:46:02.379Z,2026-09-14T01:05:32.379Z,telemetry,boiler_01,12,0,20,1599,65,20
,,0,2026-09-13T12:46:02.379Z,2026-09-14T12:46:02.379Z,2026-09-14T01:06:02.38Z,telemetry,boiler_01,12,0,20,1600,65,20
,,0,2026-09-13T12:46:02.379Z,2026-09-14T12:46:02.379Z,2026-09-14T01:06:32.379Z,telemetry,boiler_01,12,0,20,1601,65,20
,,0,2026-09-13T12:46:02.379Z,2026-09-14T12:46:02.379Z,2026-09-14T01:07:02.379Z,telemetry,boiler_01,12,0,20,1602,65,20
,,0,2026-09-13T12:46:02.379Z,2026-09-14T12:46:02.379Z,2026-09-14T01:07:32.379Z,telemetry,boiler_01,12,0,20,1603,65,20
,,0,2026-09-13T12:46:02.379Z,2026-09-14T12:46:02.379Z,2026-09-14T01:08:02.379Z,telemetry,boiler_01,12,0,20,1604,65,20
,,0,2026-09-13T12:46:02.379Z,2026-09-14T12:46:02.379Z,2026-09-14T01:08:32.379Z,telemetry,boiler_01,12,0,20,1605,65,20
,,0,2026-09-13T12:46:02.379Z,2026-09-14T12:46:02.379Z,2026-09-14T01:09:02.379Z,telemetry,boiler_01,12,0,20,1606,65,20
,,0,2026-09-13T12:46:02.379Z,2026-09-14T12:46:02.379Z,2026-09-14T01:09:32.379Z,telemetry,boiler_01,12,0,20,1607,65,20
,,0,2026-09-13T12:46:02.379Z,2026-09-14T12:46:02.379Z,2026-09-14T01:10:02.379Z,telemetry,boiler_01,12,0,20,1608,65,20
,,0,2026-09-13T12:46:02.379Z,2026-09-14T12:46:02.379Z,2026-09-14T01:10:32.379Z,telemetry,boiler_01,12,0,20,1609,65,20
,,0,2026-09-13T12:46:02.379Z,2026-09-14T12:46:02.379Z,2026-09-14T01:11:02.379Z,telemetry,boiler_01,12,0,20,1610,65,20
,,0,2026-09-13T12:46:02.379Z,2026-09-14T12:46:02.379Z,2026-09-14T01:11:32.379Z,telemetry,boiler_01,12,0,20,1611,65,20
,,0,2026-09-13T12:46:02.379Z,2026-09-14T12:46:02.379Z,2026-09-14T01:12:02.379Z,telemetry,boiler_01,12,0,20,1612,65,20
,,0,2026-09-13T12:46:02.379Z,2026-09-14T12:46:02.379Z,2026-09-14T01:12:32.379Z,telemetry,boiler_01,12,0,20,1613,65,20
,,0,2026-09-13T12:46:02.379Z,2026-09-14T12:46:02.379Z,2026-09-14T01:13:02.379Z,telemetry,boiler_01,12,0,20,1614,65,20
,,0,2026-09-13T12:46:02.379Z,2026-09-14T12:46:02.379Z,2026-09-14T01:13:32.379Z,telemetry,boiler_01,12,0,20,1615,65,20
,,0,2026-09-13T12:46:02.379Z,2026-09-14T12:46:02.379Z,2026-09-14T01:14:02.379Z,telemetry,boiler_01,12,0,20,1616,65,20
,,0,2026-09-13T12:46:02.379Z,2026-09-14T12:46:02.379Z,2026-09-14T01:14:32.379Z,telemetry,boiler_01,12,0,20,1617,65,20
,,0,2026-09-13T12:46:02.379Z,2026-09-14T12:46:02.379Z,2026-09-14T01:15:02.379Z,telemetry,boiler_01,12,0,20,1618,65,20
,,0,2026-09-13T12:46:02.379Z,2026-09-14T12:46:02.379Z,2026-09-14T01:15:32.379Z,telemetry,boiler_01,12,0,20,1619,65,20
,,0,2026-09-13T12:46:02.379Z,2026-09-14T12:46:02.379Z,2026-09-14T01:16:02.38Z,telemetry,boiler_01,12,0,20,1620,65,20
,,0,2026-09-13T12:46:02.379Z,2026-09-14T12:46:02.379Z,2026-09-14T01:16:32.379Z,telemetry,boiler_01,12,0,20,1621,65,20
,,0,2026-09-13T12:46:02.379Z,2026-09-14T12:46:02.379Z,2026-09-14T01:17:02.384Z,telemetry,boiler_01,12,0,20,1622,65,20
,,0,2026-09-13T12:46:02.379Z,2026-09-14T12:46:02.379Z,2026-09-14T01:17:32.379Z,telemetry,boiler_01,12,0,20,1623,65,20
,,0,2026-09-13T12:46:02.379Z,2026-09-14T12:46:02.379Z,2026-09-14T01:18:02.379Z,telemetry,boiler_01,12,0,20,1624,65,20
,,0,2026-09-13T12:46:02.379Z,2026-09-14T12:46:02.379Z,2026-09-14T01:18:32.379Z,telemetry,boiler_01,12,0,20,1625,65,20
,,0,2026-09-13T12:46:02.379Z,2026-09-14T12:46:02.379Z,2026-09-14T01:19:02.379Z,telemetry,boiler_01,12,0,20,1626,65,20
,,0,2026-09-13T12:46:02.379Z,2026-09-14T12:46:02.379Z,2026-09-14T01:19:32.379Z,telemetry,boiler_01,12,0,20,1627,65,20
,,0,2026-09-13T12:46:02.379Z,2026-09-14T12:46:02.379Z,2026-09-14T01:20:02.379Z,telemetry,boiler_01,12,0,20,1628,65,20
,,0,2026-09-13T12:46:02.379Z,2026-09-14T12:46:02.379Z,2026-09-14T01:20:32.379Z,telemetry,boiler_01,12,0,20,1629,65,20
,,0,2026-09-13T12:46:02.379Z,2026-09-14T12:46:02.379Z,2026-09-14T01:21:02.38Z,telemetry,boiler_01,12,0,20,1630,65,20
,,0,2026-09-13T12:46:02.379Z,2026-09-14T12:46:02.379Z,2026-09-14T01:21:32.379Z,telemetry,boiler_01,12,0,20,1631,65,20
,,0,2026-09-13T12:46:02.379Z,2026-09-14T12:46:02.379Z,2026-09-14T01:22:02.379Z,telemetry,boiler_01,12,0,20,1632,65,20
,,0,2026-09-13T12:46:02.379Z,2026-09-14T12:46:02.379Z,2026-09-14T01:22:32.379Z,telemetry,boiler_01,12,0,20,1633,65,20
,,0,2026-09-13T12:46:02.379Z,2026-09-14T12:46:02.379Z,2026-09-14T01:23:02.38Z,telemetry,boiler_01,12,0,20,1634,65,20
,,0,2026-09-13T12:46:02.379Z,2026-09-14T12:46:02.379Z,2026-09-14T01:23:32.379Z,telemetry,boiler_01,12,0,20,1635,65,20
,,0,2026-09-13T12:46:02.379Z,2026-09-14T12:46:02.379Z,2026-09-14T01:24:02.379Z,telemetry,boiler_01,12,0,20,1636,65,20
,,0,2026-09-13T12:46:02.379Z,2026-09-14T12:46:02.379Z,2026-09-14T01:24:32.379Z,telemetry,boiler_01,12,0,20,1637,65,20
,,0,2026-09-13T12:46:02.379Z,2026-09-14T12:46:02.379Z,2026-09-14T01:25:02.379Z,telemetry,boiler_01,12,0,20,1638,65,20
,,0,2026-09-13T12:46:02.379Z,2026-09-14T12:46:02.379Z,2026-09-14T01:25:32.379Z,telemetry,boiler_01,12,0,20,1639,65,20
,,0,2026-09-13T12:46:02.379Z,2026-09-14T12:46:02.379Z,2026-09-14T01:26:02.379Z,telemetry,boiler_01,12,0,20,1640,65,20
,,0,2026-09-13T12:46:02.379Z,2026-09-14T12:46:02.379Z,2026-09-14T01:26:32.379Z,telemetry,boiler_01,12,0,20,1641,65,20
,,0,2026-09-13T12:46:02.379Z,2026-09-14T12:46:02.379Z,2026-09-14T01:27:02.379Z,telemetry,boiler_01,12,0,20,1642,65,20
,,0,2026-09-13T12:46:02.379Z,2026-09-14T12:46:02.379Z,2026-09-14T01:27:32.379Z,telemetry,boiler_01,12,0,20,1643,65,20
,,0,2026-09-13T12:46:02.379Z,2026-09-14T12:46:02.379Z,2026-09-14T01:28:02.379Z,telemetry,boiler_01,12,0,20,1644,65,20
,,0,2026-09-13T12:46:02.379Z,2026-09-14T12:46:02.379Z,2026-09-14T01:28:32.379Z,telemetry,boiler_01,12,0,20,1645,65,20
,,0,2026-09-13T12:46:02.379Z,2026-09-14T12:46:02.379Z,2026-09-14T01:29:02.379Z,telemetry,boiler_01,12,0,20,1646,65,20
,,0,2026-09-13T12:46:02.379Z,2026-09-14T12:46:02.379Z,2026-09-14T01:29:32.379Z,telemetry,boiler_01,12,0,20,1647,65,20
,,0,2026-09-13T12:46:02.379Z,2026-09-14T12:46:02.379Z,2026-09-14T01:30:02.38Z,telemetry,boiler_01,12,0,20,1648,65,20
,,0,2026-09-13T12:46:02.379Z,2026-09-14T12:46:02.379Z,2026-09-14T01:30:32.379Z,telemetry,boiler_01,12,0,20,1649,65,20
,,0,2026-09-13T12:46:02.379Z,2026-09-14T12:46:02.379Z,2026-09-14T01:31:02.384Z,telemetry,boiler_01,12,0,20,1650,65,20
,,0,2026-09-13T12:46:02.379Z,2026-09-14T12:46:02.379Z,2026-09-14T01:31:32.379Z,telemetry,boiler_01,12,0,20,1651,65,20
,,0,2026-09-13T12:46:02.379Z,2026-09-14T12:46:02.379Z,2026-09-14T01:32:02.379Z,telemetry,boiler_01,12,0,20,1652,65,20
,,0,2026-09-13T12:46:02.379Z,2026-09-14T12:46:02.379Z,2026-09-14T01:32:32.379Z,telemetry,boiler_01,12,0,20,1653,65,20
,,0,2026-09-13T12:46:02.379Z,2026-09-14T12:46:02.379Z,2026-09-14T01:33:02.379Z,telemetry,boiler_01,12,0,20,1654,65,20
,,0,2026-09-13T12:46:02.379Z,2026-09-14T12:46:02.379Z,2026-09-14T01:33:32.379Z,telemetry,boiler_01,12,0,20,1655,65,20
,,0,2026-09-13T12:46:02.379Z,2026-09-14T12:46:02.379Z,2026-09-14T01:34:02.379Z,telemetry,boiler_01,12,0,20,1656,65,20
,,0,2026-09-13T12:46:02.379Z,2026-09-14T12:46:02.379Z,2026-09-14T01:34:32.379Z,telemetry,boiler_01,12,0,20,1657,65,20
,,0,2026-09-13T12:46:02.379Z,2026-09-14T12:46:02.379Z,2026-09-14T01:35:02.379Z,telemetry,boiler_01,12,0,20,1658,65,20
,,0,2026-09-13T12:46:02.379Z,2026-09-14T12:46:02.379Z,2026-09-14T01:35:32.379Z,telemetry,boiler_01,12,0,20,1659,65,20
,,0,2026-09-13T12:46:02.379Z,2026-09-14T12:46:02.379Z,2026-09-14T01:36:02.379Z,telemetry,boiler_01,12,0,20,1660,65,20
,,0,2026-09-13T12:46:02.379Z,2026-09-14T12:46:02.379Z,2026-09-14T01:36:32.379Z,telemetry,boiler_01,12,0,20,1661,65,20
,,0,2026-09-13T12:46:02.379Z,2026-09-14T12:46:02.379Z,2026-09-14T01:37:02.379Z,telemetry,boiler_01,12,0,20,1662,65,20
,,0,2026-09-13T12:46:02.379Z,2026-09-14T12:46:02.379Z,2026-09-14T01:37:32.379Z,telemetry,boiler_01,12,0,20,1663,65,20
,,0,2026-09-13T12:46:02.379Z,2026-09-14T12:46:02.379Z,2026-09-14T01:38:02.379Z,telemetry,boiler_01,12,0,20,1664,65,20
,,0,2026-09-13T12:46:02.379Z,2026-09-14T12:46:02.379Z,2026-09-14T01:38:32.379Z,telemetry,boiler_01,12,0,20,1665,65,20
,,0,2026-09-13T12:46:02.379Z,2026-09-14T12:46:02.379Z,2026-09-14T01:39:02.379Z,telemetry,boiler_01,12,0,20,1666,65,20
,,0,2026-09-13T12:46:02.379Z,2026-09-14T12:46:02.379Z,2026-09-14T01:39:32.379Z,telemetry,boiler_01,12,0,20,1667,65,20
,,0,2026-09-13T12:46:02.379Z,2026-09-14T12:46:02.379Z,2026-09-14T01:40:02.379Z,telemetry,boiler_01,12,0,20,1668,65,20
,,0,2026-09-13T12:46:02.379Z,2026-09-14T12:46:02.379Z,2026-09-14T01:40:32.379Z,telemetry,boiler_01,12,0,20,1669,65,20
,,0,2026-09-13T12:46:02.379Z,2026-09-14T12:46:02.379Z,2026-09-14T01:41:02.379Z,telemetry,boiler_01,12,0,20,1670,65,20
,,0,2026-09-13T12:46:02.379Z,2026-09-14T12:46:02.379Z,2026-09-14T01:41:32.379Z,telemetry,boiler_01,12,0,20,1671,65,20
,,0,2026-09-13T12:46:02.379Z,2026-09-14T12:46:02.379Z,2026-09-14T01:42:02.379Z,telemetry,boiler_01,12,0,20,1672,65,20
,,0,2026-09-13T12:46:02.379Z,2026-09-14T12:46:02.379Z,2026-09-14T01:42:32.379Z,telemetry,boiler_01,12,0,20,1673,65,20
,,0,2026-09-13T12:46:02.379Z,2026-09-14T12:46:02.379Z,2026-09-14T01:43:02.379Z,telemetry,boiler_01,12,0,20,1674,65,20
,,0,2026-09-13T12:46:02.379Z,2026-09-14T12:46:02.379Z,2026-09-14T01:43:32.379Z,telemetry,boiler_01,12,0,20,1675,65,20
,,0,2026-09-13T12:46:02.379Z,2026-09-14T12:46:02.379Z,2026-09-14T01:44:02.379Z,telemetry,boiler_01,12,0,20,1676,65,20
,,0,2026-09-13T12:46:02.379Z,2026-09-14T12:46:02.379Z,2026-09-14T01:44:32.379Z,telemetry,boiler_01,12,0,20,1677,65,20
,,0,2026-09-13T12:46:02.379Z,2026-09-14T12:46:02.379Z,2026-09-14T01:45:02.379Z,telemetry,boiler_01,12,0,20,1678,65,20
,,0,2026-09-13T12:46:02.379Z,2026-09-14T12:46:02.379Z,2026-09-14T01:45:32.379Z,telemetry,boiler_01,12,0,20,1679,65,20
,,0,2026-09-13T12:46:02.379Z,2026-09-14T12:46:02.379Z,2026-09-14T01:46:02.38Z,telemetry,boiler_01,12,0,20,1680,65,20
,,0,2026-09-13T12:46:02.379Z,2026-09-14T12:46:02.379Z,2026-09-14T01:46:32.379Z,telemetry,boiler_01,12,0,20,1681,65,20
,,0,2026-09-13T12:46:02.379Z,2026-09-14T12:46:02.379Z,2026-09-14T01:47:02.379Z,telemetry,boiler_01,12,0,20,1682,65,20
,,0,2026-09-13T12:46:02.379Z,2026-09-14T12:46:02.379Z,2026-09-14T01:47:32.379Z,telemetry,boiler_01,12,0,20,1683,65,20
,,0,2026-09-13T12:46:02.379Z,2026-09-14T12:46:02.379Z,2026-09-14T01:48:02.379Z,telemetry,boiler_01,12,0,20,1684,65,20
,,0,2026-09-13T12:46:02.379Z,2026-09-14T12:46:02.379Z,2026-09-14T01:48:32.379Z,telemetry,boiler_01,12,0,20,1685,65,20
,,0,2026-09-13T12:46:02.379Z,2026-09-14T12:46:02.379Z,2026-09-14T01:49:02.379Z,telemetry,boiler_01,12,0,20,1686,65,20
,,0,2026-09-13T12:46:02.379Z,2026-09-14T12:46:02.379Z,2026-09-14T01:49:32.379Z,telemetry,boiler_01,12,0,20,1687,65,20
,,0,2026-09-13T12:46:02.379Z,2026-09-14T12:46:02.379Z,2026-09-14T01:50:02.379Z,telemetry,boiler_01,12,0,20,1688,65,20
,,0,2026-09-13T12:46:02.379Z,2026-09-14T12:46:02.379Z,2026-09-14T01:50:32.379Z,telemetry,boiler_01,12,0,20,1689,65,20
,,0,2026-09-13T12:46:02.379Z,2026-09-14T12:46:02.379Z,2026-09-14T01:51:02.379Z,telemetry,boiler_01,12,0,20,1690,65,20
,,0,2026-09-13T12:46:02.379Z,2026-09-14T12:46:02.379Z,2026-09-14T01:51:32.379Z,telemetry,boiler_01,12,0,20,1691,65,20
,,0,2026-09-13T12:46:02.379Z,2026-09-14T12:46:02.379Z,2026-09-14T01:52:02.379Z,telemetry,boiler_01,12,0,20,1692,65,20
,,0,2026-09-13T12:46:02.379Z,2026-09-14T12:46:02.379Z,2026-09-14T01:52:32.379Z,telemetry,boiler_01,12,0,20,1693,65,20
,,0,2026-09-13T12:46:02.379Z,2026-09-14T12:46:02.379Z,2026-09-14T01:53:02.379Z,telemetry,boiler_01,12,0,20,1694,65,20
,,0,2026-09-13T12:46:02.379Z,2026-09-14T12:46:02.379Z,2026-09-14T01:53:32.379Z,telemetry,boiler_01,12,0,20,1695,65,20
,,0,2026-09-13T12:46:02.379Z,2026-09-14T12:46:02.379Z,2026-09-14T01:54:02.379Z,telemetry,boiler_01,12,0,20,1696,65,20
,,0,2026-09-13T12:46:02.379Z,2026-09-14T12:46:02.379Z,2026-09-14T01:54:32.379Z,telemetry,boiler_01,12,0,20,1697,65,20
,,0,2026-09-13T12:46:02.379Z,2026-09-14T12:46:02.379Z,2026-09-14T01:55:02.379Z,telemetry,boiler_01,12,0,20,1698,65,20
,,0,2026-09-13T12:46:02.379Z,2026-09-14T12:46:02.379Z,2026-09-14T01:55:32.379Z,telemetry,boiler_01,12,0,20,1699,65,20
,,0,2026-09-13T12:46:02.379Z,2026-09-14T12:46:02.379Z,2026-09-14T01:56:02.381Z,telemetry,boiler_01,12,0,20,1700,65,20
,,0,2026-09-13T12:46:02.379Z,2026-09-14T12:46:02.379Z,2026-09-14T01:56:32.38Z,telemetry,boiler_01,12,0,20,1701,65,20
,,0,2026-09-13T12:46:02.379Z,2026-09-14T12:46:02.379Z,2026-09-14T01:57:02.379Z,telemetry,boiler_01,12,0,20,1702,65,20
,,0,2026-09-13T12:46:02.379Z,2026-09-14T12:46:02.379Z,2026-09-14T01:57:32.379Z,telemetry,boiler_01,12,0,20,1703,65,20
,,0,2026-09-13T12:46:02.379Z,2026-09-14T12:46:02.379Z,2026-09-14T01:58:02.379Z,telemetry,boiler_01,12,0,20,1704,65,20
,,0,2026-09-13T12:46:02.379Z,2026-09-14T12:46:02.379Z,2026-09-14T01:58:32.379Z,telemetry,boiler_01,12,0,20,1705,65,20
,,0,2026-09-13T12:46:02.379Z,2026-09-14T12:46:02.379Z,2026-09-14T01:59:02.379Z,telemetry,boiler_01,12,0,20,1706,65,20
,,0,2026-09-13T12:46:02.379Z,2026-09-14T12:46:02.379Z,2026-09-14T01:59:32.379Z,telemetry,boiler_01,12,0,20,1707,65,20
,,0,2026-09-13T12:46:02.379Z,2026-09-14T12:46:02.379Z,2026-09-14T02:00:02.379Z,telemetry,boiler_01,12,0,20,1708,65,20
,,0,2026-09-13T12:46:02.379Z,2026-09-14T12:46:02.379Z,2026-09-14T02:00:32.379Z,telemetry,boiler_01,12,0,20,1709,65,20
,,0,2026-09-13T12:46:02.379Z,2026-09-14T12:46:02.379Z,2026-09-14T02:01:02.379Z,telemetry,boiler_01,12,0,20,1710,65,20
,,0,2026-09-13T12:46:02.379Z,2026-09-14T12:46:02.379Z,2026-09-14T02:01:32.379Z,telemetry,boiler_01,12,0,20,1711,65,20
,,0,2026-09-13T12:46:02.379Z,2026-09-14T12:46:02.379Z,2026-09-14T02:02:02.379Z,telemetry,boiler_01,12,0,20,1712,65,20
,,0,2026-09-13T12:46:02.379Z,2026-09-14T12:46:02.379Z,2026-09-14T02:02:32.379Z,telemetry,boiler_01,12,0,20,1713,65,20
,,0,2026-09-13T12:46:02.379Z,2026-09-14T12:46:02.379Z,2026-09-14T02:03:02.379Z,telemetry,boiler_01,12,0,20,1714,65,20
,,0,2026-09-13T12:46:02.379Z,2026-09-14T12:46:02.379Z,2026-09-14T02:03:32.379Z,telemetry,boiler_01,12,0,20,1715,65,20
,,0,2026-09-13T12:46:02.379Z,2026-09-14T12:46:02.379Z,2026-09-14T02:04:02.38Z,telemetry,boiler_01,12,0,20,1716,65,20
,,0,2026-09-13T12:46:02.379Z,2026-09-14T12:46:02.379Z,2026-09-14T02:04:32.379Z,telemetry,boiler_01,12,0,20,1717,65,20
,,0,2026-09-13T12:46:02.379Z,2026-09-14T12:46:02.379Z,2026-09-14T02:05:02.379Z,telemetry,boiler_01,12,0,20,1718,65,20
,,0,2026-09-13T12:46:02.379Z,2026-09-14T12:46:02.379Z,2026-09-14T02:05:32.379Z,telemetry,boiler_01,12,0,20,1719,65,20
,,0,2026-09-13T12:46:02.379Z,2026-09-14T12:46:02.379Z,2026-09-14T02:06:02.379Z,telemetry,boiler_01,12,0,20,1720,65,20
,,0,2026-09-13T12:46:02.379Z,2026-09-14T12:46:02.379Z,2026-09-14T02:06:32.379Z,telemetry,boiler_01,12,0,20,1721,65,20
,,0,2026-09-13T12:46:02.379Z,2026-09-14T12:46:02.379Z,2026-09-14T02:07:02.387Z,telemetry,boiler_01,12,0,20,1722,65,20
,,0,2026-09-13T12:46:02.379Z,2026-09-14T12:46:02.379Z,2026-09-14T02:07:32.379Z,telemetry,boiler_01,12,0,20,1723,65,20
,,0,2026-09-13T12:46:02.379Z,2026-09-14T12:46:02.379Z,2026-09-14T02:08:02.379Z,telemetry,boiler_01,12,0,20,1724,65,20
,,0,2026-09-13T12:46:02.379Z,2026-09-14T12:46:02.379Z,2026-09-14T02:08:32.379Z,telemetry,boiler_01,12,0,20,1725,65,20
,,0,2026-09-13T12:46:02.379Z,2026-09-14T12:46:02.379Z,2026-09-14T02:09:02.379Z,telemetry,boiler_01,12,0,20,1726,65,20
,,0,2026-09-13T12:46:02.379Z,2026-09-14T12:46:02.379Z,2026-09-14T02:09:32.379Z,telemetry,boiler_01,12,0,20,1727,65,20
,,0,2026-09-13T12:46:02.379Z,2026-09-14T12:46:02.379Z,2026-09-14T02:10:02.379Z,telemetry,boiler_01,12,0,20,1728,65,20
,,0,2026-09-13T12:46:02.379Z,2026-09-14T12:46:02.379Z,2026-09-14T02:10:32.379Z,telemetry,boiler_01,12,0,20,1729,65,20
,,0,2026-09-13T12:46:02.379Z,2026-09-14T12:46:02.379Z,2026-09-14T02:11:02.379Z,telemetry,boiler_01,12,0,20,1730,65,20
,,0,2026-09-13T12:46:02.379Z,2026-09-14T12:46:02.379Z,2026-09-14T02:11:32.379Z,telemetry,boiler_01,12,0,20,1731,65,20
,,0,2026-09-13T12:46:02.379Z,2026-09-14T12:46:02.379Z,2026-09-14T02:12:02.379Z,telemetry,boiler_01,12,0,20,1732,65,20
,,0,2026-09-13T12:46:02.379Z,2026-09-14T12:46:02.379Z,2026-09-14T02:12:32.379Z,telemetry,boiler_01,12,0,20,1733,65,20
,,0,2026-09-13T12:46:02.379Z,2026-09-14T12:46:02.379Z,2026-09-14T02:13:02.38Z,telemetry,boiler_01,12,0,20,1734,65,20
,,0,2026-09-13T12:46:02.379Z,2026-09-14T12:46:02.379Z,2026-09-14T02:13:32.379Z,telemetry,boiler_01,12,0,20,1735,65,20
,,0,2026-09-13T12:46:02.379Z,2026-09-14T12:46:02.379Z,2026-09-14T02:14:02.379Z,telemetry,boiler_01,12,0,20,1736,65,20
,,0,2026-09-13T12:46:02.379Z,2026-09-14T12:46:02.379Z,2026-09-14T02:14:32.379Z,telemetry,boiler_01,12,0,20,1737,65,20
,,0,2026-09-13T12:46:02.379Z,2026-09-14T12:46:02.379Z,2026-09-14T02:15:02.379Z,telemetry,boiler_01,12,0,20,1738,65,20
,,0,2026-09-13T12:46:02.379Z,2026-09-14T12:46:02.379Z,2026-09-14T02:15:32.379Z,telemetry,boiler_01,12,0,20,1739,65,20
,,0,2026-09-13T12:46:02.379Z,2026-09-14T12:46:02.379Z,2026-09-14T02:16:02.379Z,telemetry,boiler_01,12,0,20,1740,65,20
,,0,2026-09-13T12:46:02.379Z,2026-09-14T12:46:02.379Z,2026-09-14T02:16:32.379Z,telemetry,boiler_01,12,0,20,1741,65,20
,,0,2026-09-13T12:46:02.379Z,2026-09-14T12:46:02.379Z,2026-09-14T02:17:02.379Z,telemetry,boiler_01,12,0,20,1742,65,20
,,0,2026-09-13T12:46:02.379Z,2026-09-14T12:46:02.379Z,2026-09-14T02:17:32.379Z,telemetry,boiler_01,12,0,20,1743,65,20
,,0,2026-09-13T12:46:02.379Z,2026-09-14T12:46:02.379Z,2026-09-14T02:18:02.379Z,telemetry,boiler_01,12,0,20,1744,65,20
,,0,2026-09-13T12:46:02.379Z,2026-09-14T12:46:02.379Z,2026-09-14T02:18:32.379Z,telemetry,boiler_01,12,0,20,1745,65,20
,,0,2026-09-13T12:46:02.379Z,2026-09-14T12:46:02.379Z,2026-09-14T02:19:02.383Z,telemetry,boiler_01,12,0,20,1746,65,20
,,0,2026-09-13T12:46:02.379Z,2026-09-14T12:46:02.379Z,2026-09-14T02:19:32.379Z,telemetry,boiler_01,12,0,20,1747,65,20
,,0,2026-09-13T12:46:02.379Z,2026-09-14T12:46:02.379Z,2026-09-14T02:20:02.379Z,telemetry,boiler_01,12,0,20,1748,65,20
,,0,2026-09-13T12:46:02.379Z,2026-09-14T12:46:02.379Z,2026-09-14T02:20:32.379Z,telemetry,boiler_01,12,0,20,1749,65,20
,,0,2026-09-13T12:46:02.379Z,2026-09-14T12:46:02.379Z,2026-09-14T02:21:02.38Z,telemetry,boiler_01,12,0,20,1750,65,20
,,0,2026-09-13T12:46:02.379Z,2026-09-14T12:46:02.379Z,2026-09-14T02:21:32.379Z,telemetry,boiler_01,12,0,20,1751,65,20
,,0,2026-09-13T12:46:02.379Z,2026-09-14T12:46:02.379Z,2026-09-14T02:22:02.379Z,telemetry,boiler_01,12,0,20,1752,65,20
,,0,2026-09-13T12:46:02.379Z,2026-09-14T12:46:02.379Z,2026-09-14T02:22:32.379Z,telemetry,boiler_01,12,0,20,1753,65,20
,,0,2026-09-13T12:46:02.379Z,2026-09-14T12:46:02.379Z,2026-09-14T02:23:02.379Z,telemetry,boiler_01,12,0,20,1754,65,20
,,0,2026-09-13T12:46:02.379Z,2026-09-14T12:46:02.379Z,2026-09-14T02:23:32.379Z,telemetry,boiler_01,12,0,20,1755,65,20
,,0,2026-09-13T12:46:02.379Z,2026-09-14T12:46:02.379Z,2026-09-14T02:24:02.379Z,telemetry,boiler_01,12,0,20,1756,65,20
,,0,2026-09-13T12:46:02.379Z,2026-09-14T12:46:02.379Z,2026-09-14T02:24:32.379Z,telemetry,boiler_01,12,0,20,1757,65,20
,,0,2026-09-13T12:46:02.379Z,2026-09-14T12:46:02.379Z,2026-09-14T02:25:02.379Z,telemetry,boiler_01,12,0,20,1758,65,20
,,0,2026-09-13T12:46:02.379Z,2026-09-14T12:46:02.379Z,2026-09-14T02:25:32.379Z,telemetry,boiler_01,12,0,20,1759,65,20
,,0,2026-09-13T12:46:02.379Z,2026-09-14T12:46:02.379Z,2026-09-14T02:26:02.38Z,telemetry,boiler_01,12,0,20,1760,65,20
,,0,2026-09-13T12:46:02.379Z,2026-09-14T12:46:02.379Z,2026-09-14T02:26:32.379Z,telemetry,boiler_01,12,0,20,1761,65,20
,,0,2026-09-13T12:46:02.379Z,2026-09-14T12:46:02.379Z,2026-09-14T02:27:02.379Z,telemetry,boiler_01,12,0,20,1762,65,20
,,0,2026-09-13T12:46:02.379Z,2026-09-14T12:46:02.379Z,2026-09-14T02:27:32.379Z,telemetry,boiler_01,12,0,20,1763,65,20
,,0,2026-09-13T12:46:02.379Z,2026-09-14T12:46:02.379Z,2026-09-14T02:28:02.379Z,telemetry,boiler_01,12,0,20,1764,65,20
,,0,2026-09-13T12:46:02.379Z,2026-09-14T12:46:02.379Z,2026-09-14T02:28:32.379Z,telemetry,boiler_01,12,0,20,1765,65,20
,,0,2026-09-13T12:46:02.379Z,2026-09-14T12:46:02.379Z,2026-09-14T02:29:02.379Z,telemetry,boiler_01,12,0,20,1766,65,20
,,0,2026-09-13T12:46:02.379Z,2026-09-14T12:46:02.379Z,2026-09-14T02:29:32.379Z,telemetry,boiler_01,12,0,20,1767,65,20
,,0,2026-09-13T12:46:02.379Z,2026-09-14T12:46:02.379Z,2026-09-14T02:30:02.38Z,telemetry,boiler_01,12,0,20,1768,65,20
,,0,2026-09-13T12:46:02.379Z,2026-09-14T12:46:02.379Z,2026-09-14T02:30:32.379Z,telemetry,boiler_01,12,0,20,1769,65,20
,,0,2026-09-13T12:46:02.379Z,2026-09-14T12:46:02.379Z,2026-09-14T02:31:02.38Z,telemetry,boiler_01,12,0,20,1770,65,20
,,0,2026-09-13T12:46:02.379Z,2026-09-14T12:46:02.379Z,2026-09-14T02:31:32.379Z,telemetry,boiler_01,12,0,20,1771,65,20
,,0,2026-09-13T12:46:02.379Z,2026-09-14T12:46:02.379Z,2026-09-14T02:32:02.379Z,telemetry,boiler_01,12,0,20,1772,65,20
,,0,2026-09-13T12:46:02.379Z,2026-09-14T12:46:02.379Z,2026-09-14T02:32:32.379Z,telemetry,boiler_01,12,0,20,1773,65,20
,,0,2026-09-13T12:46:02.379Z,2026-09-14T12:46:02.379Z,2026-09-14T02:33:02.379Z,telemetry,boiler_01,12,0,20,1774,65,20
,,0,2026-09-13T12:46:02.379Z,2026-09-14T12:46:02.379Z,2026-09-14T02:33:32.379Z,telemetry,boiler_01,12,0,20,1775,65,20
,,0,2026-09-13T12:46:02.379Z,2026-09-14T12:46:02.379Z,2026-09-14T02:34:02.384Z,telemetry,boiler_01,12,0,20,1776,65,20
,,0,2026-09-13T12:46:02.379Z,2026-09-14T12:46:02.379Z,2026-09-14T02:34:32.379Z,telemetry,boiler_01,12,0,20,1777,65,20
,,0,2026-09-13T12:46:02.379Z,2026-09-14T12:46:02.379Z,2026-09-14T02:35:02.379Z,telemetry,boiler_01,12,0,20,1778,65,20
,,0,2026-09-13T12:46:02.379Z,2026-09-14T12:46:02.379Z,2026-09-14T02:35:32.379Z,telemetry,boiler_01,12,0,20,1779,65,20
,,0,2026-09-13T12:46:02.379Z,2026-09-14T12:46:02.379Z,2026-09-14T02:36:02.38Z,telemetry,boiler_01,12,0,20,1780,65,20
,,0,2026-09-13T12:46:02.379Z,2026-09-14T12:46:02.379Z,2026-09-14T02:36:32.379Z,telemetry,boiler_01,12,0,20,1781,65,20
,,0,2026-09-13T12:46:02.379Z,2026-09-14T12:46:02.379Z,2026-09-14T02:37:02.379Z,telemetry,boiler_01,12,0,20,1782,65,20
,,0,2026-09-13T12:46:02.379Z,2026-09-14T12:46:02.379Z,2026-09-14T02:37:32.379Z,telemetry,boiler_01,12,0,20,1783,65,20
,,0,2026-09-13T12:46:02.379Z,2026-09-14T12:46:02.379Z,2026-09-14T02:38:02.38Z,telemetry,boiler_01,12,0,20,1784,65,20
,,0,2026-09-13T12:46:02.379Z,2026-09-14T12:46:02.379Z,2026-09-14T02:38:32.379Z,telemetry,boiler_01,12,0,20,1785,65,20
,,0,2026-09-13T12:46:02.379Z,2026-09-14T12:46:02.379Z,2026-09-14T02:39:02.379Z,telemetry,boiler_01,12,0,20,1786,65,20
,,0,2026-09-13T12:46:02.379Z,2026-09-14T12:46:02.379Z,2026-09-14T02:39:32.379Z,telemetry,boiler_01,12,0,20,1787,65,20
,,0,2026-09-13T12:46:02.379Z,2026-09-14T12:46:02.379Z,2026-09-14T02:40:02.379Z,telemetry,boiler_01,12,0,20,1788,65,20
,,0,2026-09-13T12:46:02.379Z,2026-09-14T12:46:02.379Z,2026-09-14T02:40:32.379Z,telemetry,boiler_01,12,0,20,1789,65,20
,,0,2026-09-13T12:46:02.379Z,2026-09-14T12:46:02.379Z,2026-09-14T02:41:02.379Z,telemetry,boiler_01,12,0,20,1790,65,20
,,0,2026-09-13T12:46:02.379Z,2026-09-14T12:46:02.379Z,2026-09-14T02:41:32.379Z,telemetry,boiler_01,12,0,20,1791,65,20
,,0,2026-09-13T12:46:02.379Z,2026-09-14T12:46:02.379Z,2026-09-14T02:42:02.379Z,telemetry,boiler_01,12,0,20,1792,65,20
,,0,2026-09-13T12:46:02.379Z,2026-09-14T12:46:02.379Z,2026-09-14T02:42:32.379Z,telemetry,boiler_01,12,0,20,1793,65,20
,,0,2026-09-13T12:46:02.379Z,2026-09-14T12:46:02.379Z,2026-09-14T02:43:02.379Z,telemetry,boiler_01,12,0,20,1794,65,20
,,0,2026-09-13T12:46:02.379Z,2026-09-14T12:46:02.379Z,2026-09-14T02:43:32.379Z,telemetry,boiler_01,12,0,20,1795,65,20
,,0,2026-09-13T12:46:02.379Z,2026-09-14T12:46:02.379Z,2026-09-14T02:44:02.379Z,telemetry,boiler_01,12,0,20,1796,65,20
,,0,2026-09-13T12:46:02.379Z,2026-09-14T12:46:02.379Z,2026-09-14T02:44:32.379Z,telemetry,boiler_01,12,0,20,1797,65,20
,,0,2026-09-13T12:46:02.379Z,2026-09-14T12:46:02.379Z,2026-09-14T02:45:02.379Z,telemetry,boiler_01,12,0,20,1798,65,20
,,0,2026-09-13T12:46:02.379Z,2026-09-14T12:46:02.379Z,2026-09-14T02:45:32.379Z,telemetry,boiler_01,12,0,20,1799,65,20
,,0,2026-09-13T12:46:02.379Z,2026-09-14T12:46:02.379Z,2026-09-14T02:46:02.379Z,telemetry,boiler_01,12,0,20,1800,65,20
,,0,2026-09-13T12:46:02.379Z,2026-09-14T12:46:02.379Z,2026-09-14T02:46:32.379Z,telemetry,boiler_01,12,0,20,1801,65,20
,,0,2026-09-13T12:46:02.379Z,2026-09-14T12:46:02.379Z,2026-09-14T02:47:02.379Z,telemetry,boiler_01,12,0,20,1802,65,20
,,0,2026-09-13T12:46:02.379Z,2026-09-14T12:46:02.379Z,2026-09-14T02:47:32.379Z,telemetry,boiler_01,12,0,20,1803,65,20
,,0,2026-09-13T12:46:02.379Z,2026-09-14T12:46:02.379Z,2026-09-14T02:48:02.379Z,telemetry,boiler_01,12,0,20,1804,65,20
,,0,2026-09-13T12:46:02.379Z,2026-09-14T12:46:02.379Z,2026-09-14T02:48:32.379Z,telemetry,boiler_01,12,0,20,1805,65,20
,,0,2026-09-13T12:46:02.379Z,2026-09-14T12:46:02.379Z,2026-09-14T02:49:02.379Z,telemetry,boiler_01,12,0,20,1806,65,20
,,0,2026-09-13T12:46:02.379Z,2026-09-14T12:46:02.379Z,2026-09-14T02:49:32.379Z,telemetry,boiler_01,12,0,20,1807,65,20
,,0,2026-09-13T12:46:02.379Z,2026-09-14T12:46:02.379Z,2026-09-14T02:50:02.38Z,telemetry,boiler_01,12,0,20,1808,65,20
,,0,2026-09-13T12:46:02.379Z,2026-09-14T12:46:02.379Z,2026-09-14T02:50:32.379Z,telemetry,boiler_01,12,0,20,1809,65,20
,,0,2026-09-13T12:46:02.379Z,2026-09-14T12:46:02.379Z,2026-09-14T02:51:02.379Z,telemetry,boiler_01,12,0,20,1810,65,20
,,0,2026-09-13T12:46:02.379Z,2026-09-14T12:46:02.379Z,2026-09-14T02:51:32.379Z,telemetry,boiler_01,12,0,20,1811,65,20
,,0,2026-09-13T12:46:02.379Z,2026-09-14T12:46:02.379Z,2026-09-14T02:52:02.379Z,telemetry,boiler_01,12,0,20,1812,65,20
,,0,2026-09-13T12:46:02.379Z,2026-09-14T12:46:02.379Z,2026-09-14T02:52:32.379Z,telemetry,boiler_01,12,0,20,1813,65,20
,,0,2026-09-13T12:46:02.379Z,2026-09-14T12:46:02.379Z,2026-09-14T02:53:02.379Z,telemetry,boiler_01,12,0,20,1814,65,20
,,0,2026-09-13T12:46:02.379Z,2026-09-14T12:46:02.379Z,2026-09-14T02:53:32.379Z,telemetry,boiler_01,12,0,20,1815,65,20
,,0,2026-09-13T12:46:02.379Z,2026-09-14T12:46:02.379Z,2026-09-14T02:54:02.409Z,telemetry,boiler_01,12,0,20,1816,65,20
,,0,2026-09-13T12:46:02.379Z,2026-09-14T12:46:02.379Z,2026-09-14T02:54:32.379Z,telemetry,boiler_01,12,0,20,1817,65,20
,,0,2026-09-13T12:46:02.379Z,2026-09-14T12:46:02.379Z,2026-09-14T02:55:02.379Z,telemetry,boiler_01,12,0,20,1818,65,20
,,0,2026-09-13T12:46:02.379Z,2026-09-14T12:46:02.379Z,2026-09-14T02:55:32.379Z,telemetry,boiler_01,12,0,20,1819,65,20
,,0,2026-09-13T12:46:02.379Z,2026-09-14T12:46:02.379Z,2026-09-14T02:56:02.38Z,telemetry,boiler_01,12,0,20,1820,65,20
,,0,2026-09-13T12:46:02.379Z,2026-09-14T12:46:02.379Z,2026-09-14T02:56:32.379Z,telemetry,boiler_01,12,0,20,1821,65,20
,,0,2026-09-13T12:46:02.379Z,2026-09-14T12:46:02.379Z,2026-09-14T02:57:02.379Z,telemetry,boiler_01,12,0,20,1822,65,20
,,0,2026-09-13T12:46:02.379Z,2026-09-14T12:46:02.379Z,2026-09-14T02:57:32.379Z,telemetry,boiler_01,12,0,20,1823,65,20
,,0,2026-09-13T12:46:02.379Z,2026-09-14T12:46:02.379Z,2026-09-14T02:58:02.379Z,telemetry,boiler_01,12,0,20,1824,65,20
,,0,2026-09-13T12:46:02.379Z,2026-09-14T12:46:02.379Z,2026-09-14T02:58:32.379Z,telemetry,boiler_01,12,0,20,1825,65,20
,,0,2026-09-13T12:46:02.379Z,2026-09-14T12:46:02.379Z,2026-09-14T02:59:02.379Z,telemetry,boiler_01,12,0,20,1826,65,20
,,0,2026-09-13T12:46:02.379Z,2026-09-14T12:46:02.379Z,2026-09-14T02:59:32.379Z,telemetry,boiler_01,12,0,20,1827,65,20
,,0,2026-09-13T12:46:02.379Z,2026-09-14T12:46:02.379Z,2026-09-14T03:00:02.379Z,telemetry,boiler_01,12,0,20,1828,65,20
,,0,2026-09-13T12:46:02.379Z,2026-09-14T12:46:02.379Z,2026-09-14T03:00:32.379Z,telemetry,boiler_01,12,0,20,1829,65,20
,,0,2026-09-13T12:46:02.379Z,2026-09-14T12:46:02.379Z,2026-09-14T03:01:02.379Z,telemetry,boiler_01,12,0,20,1830,65,20
,,0,2026-09-13T12:46:02.379Z,2026-09-14T12:46:02.379Z,2026-09-14T03:01:32.379Z,telemetry,boiler_01,12,0,20,1831,65,20
,,0,2026-09-13T12:46:02.379Z,2026-09-14T12:46:02.379Z,2026-09-14T03:02:02.379Z,telemetry,boiler_01,12,0,20,1832,65,20
,,0,2026-09-13T12:46:02.379Z,2026-09-14T12:46:02.379Z,2026-09-14T03:02:32.379Z,telemetry,boiler_01,12,0,20,1833,65,20
,,0,2026-09-13T12:46:02.379Z,2026-09-14T12:46:02.379Z,2026-09-14T03:03:02.379Z,telemetry,boiler_01,12,0,20,1834,65,20
,,0,2026-09-13T12:46:02.379Z,2026-09-14T12:46:02.379Z,2026-09-14T03:03:32.379Z,telemetry,boiler_01,12,0,20,1835,65,20
,,0,2026-09-13T12:46:02.379Z,2026-09-14T12:46:02.379Z,2026-09-14T03:04:02.385Z,telemetry,boiler_01,12,0,20,1836,65,20
,,0,2026-09-13T12:46:02.379Z,2026-09-14T12:46:02.379Z,2026-09-14T03:04:32.379Z,telemetry,boiler_01,12,0,20,1837,65,20
,,0,2026-09-13T12:46:02.379Z,2026-09-14T12:46:02.379Z,2026-09-14T03:05:02.379Z,telemetry,boiler_01,12,0,20,1838,65,20
,,0,2026-09-13T12:46:02.379Z,2026-09-14T12:46:02.379Z,2026-09-14T03:05:32.379Z,telemetry,boiler_01,12,0,20,1839,65,20
,,0,2026-09-13T12:46:02.379Z,2026-09-14T12:46:02.379Z,2026-09-14T03:06:02.38Z,telemetry,boiler_01,12,0,20,1840,65,20
,,0,2026-09-13T12:46:02.379Z,2026-09-14T12:46:02.379Z,2026-09-14T03:06:32.379Z,telemetry,boiler_01,12,0,20,1841,65,20
,,0,2026-09-13T12:46:02.379Z,2026-09-14T12:46:02.379Z,2026-09-14T03:07:02.379Z,telemetry,boiler_01,12,0,20,1842,65,20
,,0,2026-09-13T12:46:02.379Z,2026-09-14T12:46:02.379Z,2026-09-14T03:07:32.379Z,telemetry,boiler_01,12,0,20,1843,65,20
,,0,2026-09-13T12:46:02.379Z,2026-09-14T12:46:02.379Z,2026-09-14T03:08:02.379Z,telemetry,boiler_01,12,0,20,1844,65,20
,,0,2026-09-13T12:46:02.379Z,2026-09-14T12:46:02.379Z,2026-09-14T03:08:32.379Z,telemetry,boiler_01,12,0,20,1845,65,20
,,0,2026-09-13T12:46:02.379Z,2026-09-14T12:46:02.379Z,2026-09-14T03:09:02.379Z,telemetry,boiler_01,12,0,20,1846,65,20
,,0,2026-09-13T12:46:02.379Z,2026-09-14T12:46:02.379Z,2026-09-14T03:09:32.379Z,telemetry,boiler_01,12,0,20,1847,65,20
,,0,2026-09-13T12:46:02.379Z,2026-09-14T12:46:02.379Z,2026-09-14T03:10:02.385Z,telemetry,boiler_01,12,0,20,1848,65,20
,,0,2026-09-13T12:46:02.379Z,2026-09-14T12:46:02.379Z,2026-09-14T03:10:32.379Z,telemetry,boiler_01,12,0,20,1849,65,20
,,0,2026-09-13T12:46:02.379Z,2026-09-14T12:46:02.379Z,2026-09-14T03:11:02.379Z,telemetry,boiler_01,12,0,20,1850,65,20
,,0,2026-09-13T12:46:02.379Z,2026-09-14T12:46:02.379Z,2026-09-14T03:11:32.379Z,telemetry,boiler_01,12,0,20,1851,65,20
,,0,2026-09-13T12:46:02.379Z,2026-09-14T12:46:02.379Z,2026-09-14T03:12:02.379Z,telemetry,boiler_01,12,0,20,1852,65,20
,,0,2026-09-13T12:46:02.379Z,2026-09-14T12:46:02.379Z,2026-09-14T03:12:32.379Z,telemetry,boiler_01,12,0,20,1853,65,20
,,0,2026-09-13T12:46:02.379Z,2026-09-14T12:46:02.379Z,2026-09-14T03:13:02.379Z,telemetry,boiler_01,12,0,20,1854,65,20
,,0,2026-09-13T12:46:02.379Z,2026-09-14T12:46:02.379Z,2026-09-14T03:13:32.379Z,telemetry,boiler_01,12,0,20,1855,65,20
,,0,2026-09-13T12:46:02.379Z,2026-09-14T12:46:02.379Z,2026-09-14T03:14:02.381Z,telemetry,boiler_01,12,0,20,1856,65,20
,,0,2026-09-13T12:46:02.379Z,2026-09-14T12:46:02.379Z,2026-09-14T03:14:32.379Z,telemetry,boiler_01,12,0,20,1857,65,20
,,0,2026-09-13T12:46:02.379Z,2026-09-14T12:46:02.379Z,2026-09-14T03:15:02.379Z,telemetry,boiler_01,12,0,20,1858,65,20
,,0,2026-09-13T12:46:02.379Z,2026-09-14T12:46:02.379Z,2026-09-14T03:15:32.379Z,telemetry,boiler_01,12,0,20,1859,65,20
,,0,2026-09-13T12:46:02.379Z,2026-09-14T12:46:02.379Z,2026-09-14T03:16:02.379Z,telemetry,boiler_01,12,0,20,1860,65,20
,,0,2026-09-13T12:46:02.379Z,2026-09-14T12:46:02.379Z,2026-09-14T03:16:32.379Z,telemetry,boiler_01,12,0,20,1861,65,20
,,0,2026-09-13T12:46:02.379Z,2026-09-14T12:46:02.379Z,2026-09-14T03:17:02.379Z,telemetry,boiler_01,12,0,20,1862,65,20
,,0,2026-09-13T12:46:02.379Z,2026-09-14T12:46:02.379Z,2026-09-14T03:17:32.379Z,telemetry,boiler_01,12,0,20,1863,65,20
,,0,2026-09-13T12:46:02.379Z,2026-09-14T12:46:02.379Z,2026-09-14T03:18:02.379Z,telemetry,boiler_01,12,0,20,1864,65,20
,,0,2026-09-13T12:46:02.379Z,2026-09-14T12:46:02.379Z,2026-09-14T03:18:32.379Z,telemetry,boiler_01,12,0,20,1865,65,20
,,0,2026-09-13T12:46:02.379Z,2026-09-14T12:46:02.379Z,2026-09-14T03:19:02.379Z,telemetry,boiler_01,12,0,20,1866,65,20
,,0,2026-09-13T12:46:02.379Z,2026-09-14T12:46:02.379Z,2026-09-14T03:19:32.379Z,telemetry,boiler_01,12,0,20,1867,65,20
,,0,2026-09-13T12:46:02.379Z,2026-09-14T12:46:02.379Z,2026-09-14T03:20:02.379Z,telemetry,boiler_01,12,0,20,1868,65,20
,,0,2026-09-13T12:46:02.379Z,2026-09-14T12:46:02.379Z,2026-09-14T03:20:32.379Z,telemetry,boiler_01,12,0,20,1869,65,20
,,0,2026-09-13T12:46:02.379Z,2026-09-14T12:46:02.379Z,2026-09-14T03:21:02.379Z,telemetry,boiler_01,12,0,20,1870,65,20
,,0,2026-09-13T12:46:02.379Z,2026-09-14T12:46:02.379Z,2026-09-14T03:21:32.379Z,telemetry,boiler_01,12,0,20,1871,65,20
,,0,2026-09-13T12:46:02.379Z,2026-09-14T12:46:02.379Z,2026-09-14T03:22:02.379Z,telemetry,boiler_01,12,0,20,1872,65,20
,,0,2026-09-13T12:46:02.379Z,2026-09-14T12:46:02.379Z,2026-09-14T03:22:32.379Z,telemetry,boiler_01,12,0,20,1873,65,20
,,0,2026-09-13T12:46:02.379Z,2026-09-14T12:46:02.379Z,2026-09-14T03:23:02.379Z,telemetry,boiler_01,12,0,20,1874,65,20
,,0,2026-09-13T12:46:02.379Z,2026-09-14T12:46:02.379Z,2026-09-14T03:23:32.379Z,telemetry,boiler_01,12,0,20,1875,65,20
,,0,2026-09-13T12:46:02.379Z,2026-09-14T12:46:02.379Z,2026-09-14T03:24:02.379Z,telemetry,boiler_01,12,0,20,1876,65,20
,,0,2026-09-13T12:46:02.379Z,2026-09-14T12:46:02.379Z,2026-09-14T03:24:32.379Z,telemetry,boiler_01,12,0,20,1877,65,20
,,0,2026-09-13T12:46:02.379Z,2026-09-14T12:46:02.379Z,2026-09-14T03:25:02.379Z,telemetry,boiler_01,12,0,20,1878,65,20
,,0,2026-09-13T12:46:02.379Z,2026-09-14T12:46:02.379Z,2026-09-14T03:25:32.379Z,telemetry,boiler_01,12,0,20,1879,65,20
,,0,2026-09-13T12:46:02.379Z,2026-09-14T12:46:02.379Z,2026-09-14T03:26:02.379Z,telemetry,boiler_01,12,0,20,1880,65,20
,,0,2026-09-13T12:46:02.379Z,2026-09-14T12:46:02.379Z,2026-09-14T03:26:32.379Z,telemetry,boiler_01,12,0,20,1881,65,20
,,0,2026-09-13T12:46:02.379Z,2026-09-14T12:46:02.379Z,2026-09-14T03:27:02.384Z,telemetry,boiler_01,12,0,20,1882,65,20
,,0,2026-09-13T12:46:02.379Z,2026-09-14T12:46:02.379Z,2026-09-14T03:27:32.379Z,telemetry,boiler_01,12,0,20,1883,65,20
,,0,2026-09-13T12:46:02.379Z,2026-09-14T12:46:02.379Z,2026-09-14T03:28:02.379Z,telemetry,boiler_01,12,0,20,1884,65,20
,,0,2026-09-13T12:46:02.379Z,2026-09-14T12:46:02.379Z,2026-09-14T03:28:32.379Z,telemetry,boiler_01,12,0,20,1885,65,20
,,0,2026-09-13T12:46:02.379Z,2026-09-14T12:46:02.379Z,2026-09-14T03:29:02.379Z,telemetry,boiler_01,12,0,20,1886,65,20
,,0,2026-09-13T12:46:02.379Z,2026-09-14T12:46:02.379Z,2026-09-14T03:29:32.379Z,telemetry,boiler_01,12,0,20,1887,65,20
,,0,2026-09-13T12:46:02.379Z,2026-09-14T12:46:02.379Z,2026-09-14T03:30:02.382Z,telemetry,boiler_01,12,0,20,1888,65,20
,,0,2026-09-13T12:46:02.379Z,2026-09-14T12:46:02.379Z,2026-09-14T03:30:32.379Z,telemetry,boiler_01,12,0,20,1889,65,20
,,0,2026-09-13T12:46:02.379Z,2026-09-14T12:46:02.379Z,2026-09-14T03:31:02.379Z,telemetry,boiler_01,12,0,20,1890,65,20
,,0,2026-09-13T12:46:02.379Z,2026-09-14T12:46:02.379Z,2026-09-14T03:31:32.379Z,telemetry,boiler_01,12,0,20,1891,65,20
,,0,2026-09-13T12:46:02.379Z,2026-09-14T12:46:02.379Z,2026-09-14T03:32:02.382Z,telemetry,boiler_01,12,0,20,1892,65,20
,,0,2026-09-13T12:46:02.379Z,2026-09-14T12:46:02.379Z,2026-09-14T03:32:32.379Z,telemetry,boiler_01,12,0,20,1893,65,20
,,0,2026-09-13T12:46:02.379Z,2026-09-14T12:46:02.379Z,2026-09-14T03:33:02.379Z,telemetry,boiler_01,12,0,20,1894,65,20
,,0,2026-09-13T12:46:02.379Z,2026-09-14T12:46:02.379Z,2026-09-14T03:33:32.379Z,telemetry,boiler_01,12,0,20,1895,65,20
,,0,2026-09-13T12:46:02.379Z,2026-09-14T12:46:02.379Z,2026-09-14T03:34:02.379Z,telemetry,boiler_01,12,0,20,1896,65,20
,,0,2026-09-13T12:46:02.379Z,2026-09-14T12:46:02.379Z,2026-09-14T03:34:32.379Z,telemetry,boiler_01,12,0,20,1897,65,20
,,0,2026-09-13T12:46:02.379Z,2026-09-14T12:46:02.379Z,2026-09-14T03:35:02.379Z,telemetry,boiler_01,12,0,20,1898,65,20
,,0,2026-09-13T12:46:02.379Z,2026-09-14T12:46:02.379Z,2026-09-14T03:35:32.379Z,telemetry,boiler_01,12,0,20,1899,65,20
,,0,2026-09-13T12:46:02.379Z,2026-09-14T12:46:02.379Z,2026-09-14T03:36:02.381Z,telemetry,boiler_01,12,0,20,1900,65,20
,,0,2026-09-13T12:46:02.379Z,2026-09-14T12:46:02.379Z,2026-09-14T03:36:32.379Z,telemetry,boiler_01,12,0,20,1901,65,20
,,0,2026-09-13T12:46:02.379Z,2026-09-14T12:46:02.379Z,2026-09-14T03:37:02.379Z,telemetry,boiler_01,12,0,20,1902,65,20
,,0,2026-09-13T12:46:02.379Z,2026-09-14T12:46:02.379Z,2026-09-14T03:37:32.379Z,telemetry,boiler_01,12,0,20,1903,65,20
,,0,2026-09-13T12:46:02.379Z,2026-09-14T12:46:02.379Z,2026-09-14T03:38:02.384Z,telemetry,boiler_01,12,0,20,1904,65,20
,,0,2026-09-13T12:46:02.379Z,2026-09-14T12:46:02.379Z,2026-09-14T03:38:32.379Z,telemetry,boiler_01,12,0,20,1905,65,20
,,0,2026-09-13T12:46:02.379Z,2026-09-14T12:46:02.379Z,2026-09-14T03:39:02.38Z,telemetry,boiler_01,12,0,20,1906,65,20
,,0,2026-09-13T12:46:02.379Z,2026-09-14T12:46:02.379Z,2026-09-14T03:39:32.379Z,telemetry,boiler_01,12,0,20,1907,65,20
,,0,2026-09-13T12:46:02.379Z,2026-09-14T12:46:02.379Z,2026-09-14T03:40:02.379Z,telemetry,boiler_01,12,0,20,1908,65,20
,,0,2026-09-13T12:46:02.379Z,2026-09-14T12:46:02.379Z,2026-09-14T03:40:32.379Z,telemetry,boiler_01,12,0,20,1909,65,20
,,0,2026-09-13T12:46:02.379Z,2026-09-14T12:46:02.379Z,2026-09-14T03:41:02.38Z,telemetry,boiler_01,12,0,20,1910,65,20
,,0,2026-09-13T12:46:02.379Z,2026-09-14T12:46:02.379Z,2026-09-14T03:41:32.379Z,telemetry,boiler_01,12,0,20,1911,65,20
,,0,2026-09-13T12:46:02.379Z,2026-09-14T12:46:02.379Z,2026-09-14T03:42:02.393Z,telemetry,boiler_01,12,0,20,1912,65,20
,,0,2026-09-13T12:46:02.379Z,2026-09-14T12:46:02.379Z,2026-09-14T03:42:32.379Z,telemetry,boiler_01,12,0,20,1913,65,20
,,0,2026-09-13T12:46:02.379Z,2026-09-14T12:46:02.379Z,2026-09-14T03:43:02.379Z,telemetry,boiler_01,12,0,20,1914,65,20
,,0,2026-09-13T12:46:02.379Z,2026-09-14T12:46:02.379Z,2026-09-14T03:43:32.379Z,telemetry,boiler_01,12,0,20,1915,65,20
,,0,2026-09-13T12:46:02.379Z,2026-09-14T12:46:02.379Z,2026-09-14T03:44:02.379Z,telemetry,boiler_01,12,0,20,1916,65,20
,,0,2026-09-13T12:46:02.379Z,2026-09-14T12:46:02.379Z,2026-09-14T03:44:32.379Z,telemetry,boiler_01,12,0,20,1917,65,20
,,0,2026-09-13T12:46:02.379Z,2026-09-14T12:46:02.379Z,2026-09-14T03:45:02.379Z,telemetry,boiler_01,12,0,20,1918,65,20
,,0,2026-09-13T12:46:02.379Z,2026-09-14T12:46:02.379Z,2026-09-14T03:45:32.379Z,telemetry,boiler_01,12,0,20,1919,65,20
,,0,2026-09-13T12:46:02.379Z,2026-09-14T12:46:02.379Z,2026-09-14T03:46:02.38Z,telemetry,boiler_01,12,0,20,1920,65,20
,,0,2026-09-13T12:46:02.379Z,2026-09-14T12:46:02.379Z,2026-09-14T03:46:32.379Z,telemetry,boiler_01,12,0,20,1921,65,20
,,0,2026-09-13T12:46:02.379Z,2026-09-14T12:46:02.379Z,2026-09-14T03:47:02.384Z,telemetry,boiler_01,12,0,20,1922,65,20
,,0,2026-09-13T12:46:02.379Z,2026-09-14T12:46:02.379Z,2026-09-14T03:47:32.379Z,telemetry,boiler_01,12,0,20,1923,65,20
,,0,2026-09-13T12:46:02.379Z,2026-09-14T12:46:02.379Z,2026-09-14T03:48:02.379Z,telemetry,boiler_01,12,0,20,1924,65,20
,,0,2026-09-13T12:46:02.379Z,2026-09-14T12:46:02.379Z,2026-09-14T03:48:32.379Z,telemetry,boiler_01,12,0,20,1925,65,20
,,0,2026-09-13T12:46:02.379Z,2026-09-14T12:46:02.379Z,2026-09-14T03:49:02.379Z,telemetry,boiler_01,12,0,20,1926,65,20
,,0,2026-09-13T12:46:02.379Z,2026-09-14T12:46:02.379Z,2026-09-14T03:49:32.379Z,telemetry,boiler_01,12,0,20,1927,65,20
,,0,2026-09-13T12:46:02.379Z,2026-09-14T12:46:02.379Z,2026-09-14T03:50:02.379Z,telemetry,boiler_01,12,0,20,1928,65,20
,,0,2026-09-13T12:46:02.379Z,2026-09-14T12:46:02.379Z,2026-09-14T03:50:32.379Z,telemetry,boiler_01,12,0,20,1929,65,20
,,0,2026-09-13T12:46:02.379Z,2026-09-14T12:46:02.379Z,2026-09-14T03:51:02.379Z,telemetry,boiler_01,12,0,20,1930,65,20
,,0,2026-09-13T12:46:02.379Z,2026-09-14T12:46:02.379Z,2026-09-14T03:51:32.379Z,telemetry,boiler_01,12,0,20,1931,65,20
,,0,2026-09-13T12:46:02.379Z,2026-09-14T12:46:02.379Z,2026-09-14T03:52:02.379Z,telemetry,boiler_01,12,0,20,1932,65,20
,,0,2026-09-13T12:46:02.379Z,2026-09-14T12:46:02.379Z,2026-09-14T03:52:32.379Z,telemetry,boiler_01,12,0,20,1933,65,20
,,0,2026-09-13T12:46:02.379Z,2026-09-14T12:46:02.379Z,2026-09-14T03:53:02.38Z,telemetry,boiler_01,12,0,20,1934,65,20
,,0,2026-09-13T12:46:02.379Z,2026-09-14T12:46:02.379Z,2026-09-14T03:53:32.379Z,telemetry,boiler_01,12,0,20,1935,65,20
,,0,2026-09-13T12:46:02.379Z,2026-09-14T12:46:02.379Z,2026-09-14T03:54:02.379Z,telemetry,boiler_01,12,0,20,1936,65,20
,,0,2026-09-13T12:46:02.379Z,2026-09-14T12:46:02.379Z,2026-09-14T03:54:32.379Z,telemetry,boiler_01,12,0,20,1937,65,20
,,0,2026-09-13T12:46:02.379Z,2026-09-14T12:46:02.379Z,2026-09-14T03:55:02.38Z,telemetry,boiler_01,12,0,20,1938,65,20
,,0,2026-09-13T12:46:02.379Z,2026-09-14T12:46:02.379Z,2026-09-14T03:55:32.379Z,telemetry,boiler_01,12,0,20,1939,65,20
,,0,2026-09-13T12:46:02.379Z,2026-09-14T12:46:02.379Z,2026-09-14T03:56:02.379Z,telemetry,boiler_01,12,0,20,1940,65,20
,,0,2026-09-13T12:46:02.379Z,2026-09-14T12:46:02.379Z,2026-09-14T03:56:32.379Z,telemetry,boiler_01,12,0,20,1941,65,20
,,0,2026-09-13T12:46:02.379Z,2026-09-14T12:46:02.379Z,2026-09-14T03:57:02.382Z,telemetry,boiler_01,12,0,20,1942,65,20
,,0,2026-09-13T12:46:02.379Z,2026-09-14T12:46:02.379Z,2026-09-14T03:57:32.379Z,telemetry,boiler_01,12,0,20,1943,65,20
,,0,2026-09-13T12:46:02.379Z,2026-09-14T12:46:02.379Z,2026-09-14T03:58:02.38Z,telemetry,boiler_01,12,0,20,1944,65,20
,,0,2026-09-13T12:46:02.379Z,2026-09-14T12:46:02.379Z,2026-09-14T03:58:32.379Z,telemetry,boiler_01,12,0,20,1945,65,20
,,0,2026-09-13T12:46:02.379Z,2026-09-14T12:46:02.379Z,2026-09-14T03:59:02.379Z,telemetry,boiler_01,12,0,20,1946,65,20
,,0,2026-09-13T12:46:02.379Z,2026-09-14T12:46:02.379Z,2026-09-14T03:59:32.379Z,telemetry,boiler_01,12,0,20,1947,65,20
,,0,2026-09-13T12:46:02.379Z,2026-09-14T12:46:02.379Z,2026-09-14T04:00:02.379Z,telemetry,boiler_01,12,0,20,1948,65,20
,,0,2026-09-13T12:46:02.379Z,2026-09-14T12:46:02.379Z,2026-09-14T04:00:32.379Z,telemetry,boiler_01,12,0,20,1949,65,20
,,0,2026-09-13T12:46:02.379Z,2026-09-14T12:46:02.379Z,2026-09-14T04:01:02.379Z,telemetry,boiler_01,12,0,20,1950,65,20
,,0,2026-09-13T12:46:02.379Z,2026-09-14T12:46:02.379Z,2026-09-14T04:01:32.379Z,telemetry,boiler_01,12,0,20,1951,65,20
,,0,2026-09-13T12:46:02.379Z,2026-09-14T12:46:02.379Z,2026-09-14T04:02:02.379Z,telemetry,boiler_01,12,0,20,1952,65,20
,,0,2026-09-13T12:46:02.379Z,2026-09-14T12:46:02.379Z,2026-09-14T04:02:32.379Z,telemetry,boiler_01,12,0,20,1953,65,20
,,0,2026-09-13T12:46:02.379Z,2026-09-14T12:46:02.379Z,2026-09-14T04:03:02.38Z,telemetry,boiler_01,12,0,20,1954,65,20
,,0,2026-09-13T12:46:02.379Z,2026-09-14T12:46:02.379Z,2026-09-14T04:03:32.379Z,telemetry,boiler_01,12,0,20,1955,65,20
,,0,2026-09-13T12:46:02.379Z,2026-09-14T12:46:02.379Z,2026-09-14T04:04:02.379Z,telemetry,boiler_01,12,0,20,1956,65,20
,,0,2026-09-13T12:46:02.379Z,2026-09-14T12:46:02.379Z,2026-09-14T04:04:32.379Z,telemetry,boiler_01,12,0,20,1957,65,20
,,0,2026-09-13T12:46:02.379Z,2026-09-14T12:46:02.379Z,2026-09-14T04:05:02.379Z,telemetry,boiler_01,12,0,20,1958,65,20
,,0,2026-09-13T12:46:02.379Z,2026-09-14T12:46:02.379Z,2026-09-14T04:05:32.379Z,telemetry,boiler_01,12,0,20,1959,65,20
,,0,2026-09-13T12:46:02.379Z,2026-09-14T12:46:02.379Z,2026-09-14T04:06:02.379Z,telemetry,boiler_01,12,0,20,1960,65,20
,,0,2026-09-13T12:46:02.379Z,2026-09-14T12:46:02.379Z,2026-09-14T04:06:32.379Z,telemetry,boiler_01,12,0,20,1961,65,20
,,0,2026-09-13T12:46:02.379Z,2026-09-14T12:46:02.379Z,2026-09-14T04:07:02.379Z,telemetry,boiler_01,12,0,20,1962,65,20
,,0,2026-09-13T12:46:02.379Z,2026-09-14T12:46:02.379Z,2026-09-14T04:07:32.379Z,telemetry,boiler_01,12,0,20,1963,65,20
,,0,2026-09-13T12:46:02.379Z,2026-09-14T12:46:02.379Z,2026-09-14T04:08:02.379Z,telemetry,boiler_01,12,0,20,1964,65,20
,,0,2026-09-13T12:46:02.379Z,2026-09-14T12:46:02.379Z,2026-09-14T04:08:32.379Z,telemetry,boiler_01,12,0,20,1965,65,20
,,0,2026-09-13T12:46:02.379Z,2026-09-14T12:46:02.379Z,2026-09-14T04:09:02.379Z,telemetry,boiler_01,12,0,20,1966,65,20
,,0,2026-09-13T12:46:02.379Z,2026-09-14T12:46:02.379Z,2026-09-14T04:09:32.379Z,telemetry,boiler_01,12,0,20,1967,65,20
,,0,2026-09-13T12:46:02.379Z,2026-09-14T12:46:02.379Z,2026-09-14T04:10:02.381Z,telemetry,boiler_01,12,0,20,1968,65,20
,,0,2026-09-13T12:46:02.379Z,2026-09-14T12:46:02.379Z,2026-09-14T04:10:32.379Z,telemetry,boiler_01,12,0,20,1969,65,20
,,0,2026-09-13T12:46:02.379Z,2026-09-14T12:46:02.379Z,2026-09-14T04:11:02.379Z,telemetry,boiler_01,12,0,20,1970,65,20
,,0,2026-09-13T12:46:02.379Z,2026-09-14T12:46:02.379Z,2026-09-14T04:11:32.379Z,telemetry,boiler_01,12,0,20,1971,65,20
,,0,2026-09-13T12:46:02.379Z,2026-09-14T12:46:02.379Z,2026-09-14T04:12:02.379Z,telemetry,boiler_01,12,0,20,1972,65,20
,,0,2026-09-13T12:46:02.379Z,2026-09-14T12:46:02.379Z,2026-09-14T04:12:32.379Z,telemetry,boiler_01,12,0,20,1973,65,20
,,0,2026-09-13T12:46:02.379Z,2026-09-14T12:46:02.379Z,2026-09-14T04:13:02.379Z,telemetry,boiler_01,12,0,20,1974,65,20
,,0,2026-09-13T12:46:02.379Z,2026-09-14T12:46:02.379Z,2026-09-14T04:13:32.379Z,telemetry,boiler_01,12,0,20,1975,65,20
,,0,2026-09-13T12:46:02.379Z,2026-09-14T12:46:02.379Z,2026-09-14T04:14:02.379Z,telemetry,boiler_01,12,0,20,1976,65,20
,,0,2026-09-13T12:46:02.379Z,2026-09-14T12:46:02.379Z,2026-09-14T04:14:32.379Z,telemetry,boiler_01,12,0,20,1977,65,20
,,0,2026-09-13T12:46:02.379Z,2026-09-14T12:46:02.379Z,2026-09-14T04:15:02.379Z,telemetry,boiler_01,12,0,20,1978,65,20
,,0,2026-09-13T12:46:02.379Z,2026-09-14T12:46:02.379Z,2026-09-14T04:15:32.379Z,telemetry,boiler_01,12,0,20,1979,65,20
,,0,2026-09-13T12:46:02.379Z,2026-09-14T12:46:02.379Z,2026-09-14T04:16:02.38Z,telemetry,boiler_01,12,0,20,1980,65,20
,,0,2026-09-13T12:46:02.379Z,2026-09-14T12:46:02.379Z,2026-09-14T04:16:32.379Z,telemetry,boiler_01,12,0,20,1981,65,20
,,0,2026-09-13T12:46:02.379Z,2026-09-14T12:46:02.379Z,2026-09-14T04:17:02.379Z,telemetry,boiler_01,12,0,20,1982,65,20
,,0,2026-09-13T12:46:02.379Z,2026-09-14T12:46:02.379Z,2026-09-14T04:17:32.379Z,telemetry,boiler_01,12,0,20,1983,65,20
,,0,2026-09-13T12:46:02.379Z,2026-09-14T12:46:02.379Z,2026-09-14T04:18:02.379Z,telemetry,boiler_01,12,0,20,1984,65,20
,,0,2026-09-13T12:46:02.379Z,2026-09-14T12:46:02.379Z,2026-09-14T04:18:32.379Z,telemetry,boiler_01,12,0,20,1985,65,20
,,0,2026-09-13T12:46:02.379Z,2026-09-14T12:46:02.379Z,2026-09-14T04:19:02.379Z,telemetry,boiler_01,12,0,20,1986,65,20
,,0,2026-09-13T12:46:02.379Z,2026-09-14T12:46:02.379Z,2026-09-14T04:19:32.379Z,telemetry,boiler_01,12,0,20,1987,65,20
,,0,2026-09-13T12:46:02.379Z,2026-09-14T12:46:02.379Z,2026-09-14T04:20:02.381Z,telemetry,boiler_01,12,0,20,1988,65,20
,,0,2026-09-13T12:46:02.379Z,2026-09-14T12:46:02.379Z,2026-09-14T04:20:32.379Z,telemetry,boiler_01,12,0,20,1989,65,20
,,0,2026-09-13T12:46:02.379Z,2026-09-14T12:46:02.379Z,2026-09-14T04:21:02.391Z,telemetry,boiler_01,12,0,20,1990,65,20
,,0,2026-09-13T12:46:02.379Z,2026-09-14T12:46:02.379Z,2026-09-14T04:21:32.379Z,telemetry,boiler_01,12,0,20,1991,65,20
,,0,2026-09-13T12:46:02.379Z,2026-09-14T12:46:02.379Z,2026-09-14T04:22:02.379Z,telemetry,boiler_01,12,0,20,1992,65,20
,,0,2026-09-13T12:46:02.379Z,2026-09-14T12:46:02.379Z,2026-09-14T04:22:32.379Z,telemetry,boiler_01,12,0,20,1993,65,20
,,0,2026-09-13T12:46:02.379Z,2026-09-14T12:46:02.379Z,2026-09-14T04:23:02.38Z,telemetry,boiler_01,12,0,20,1994,65,20
,,0,2026-09-13T12:46:02.379Z,2026-09-14T12:46:02.379Z,2026-09-14T04:23:32.379Z,telemetry,boiler_01,12,0,20,1995,65,20
,,0,2026-09-13T12:46:02.379Z,2026-09-14T12:46:02.379Z,2026-09-14T04:24:02.381Z,telemetry,boiler_01,12,0,20,1996,65,20
,,0,2026-09-13T12:46:02.379Z,2026-09-14T12:46:02.379Z,2026-09-14T04:24:32.379Z,telemetry,boiler_01,12,0,20,1997,65,20
,,0,2026-09-13T12:46:02.379Z,2026-09-14T12:46:02.379Z,2026-09-14T04:25:02.379Z,telemetry,boiler_01,12,0,20,1998,65,20
,,0,2026-09-13T12:46:02.379Z,2026-09-14T12:46:02.379Z,2026-09-14T04:25:32.379Z,telemetry,boiler_01,12,0,20,1999,65,20
,,0,2026-09-13T12:46:02.379Z,2026-09-14T12:46:02.379Z,2026-09-14T04:26:02.379Z,telemetry,boiler_01,12,0,20,2000,65,20
,,0,2026-09-13T12:46:02.379Z,2026-09-14T12:46:02.379Z,2026-09-14T04:26:32.379Z,telemetry,boiler_01,12,0,20,2001,65,20
,,0,2026-09-13T12:46:02.379Z,2026-09-14T12:46:02.379Z,2026-09-14T04:27:02.379Z,telemetry,boiler_01,12,0,20,2002,65,20
,,0,2026-09-13T12:46:02.379Z,2026-09-14T12:46:02.379Z,2026-09-14T04:27:32.379Z,telemetry,boiler_01,12,0,20,2003,65,20
,,0,2026-09-13T12:46:02.379Z,2026-09-14T12:46:02.379Z,2026-09-14T04:28:02.379Z,telemetry,boiler_01,12,0,20,2004,65,20
,,0,2026-09-13T12:46:02.379Z,2026-09-14T12:46:02.379Z,2026-09-14T04:28:32.379Z,telemetry,boiler_01,12,0,20,2005,65,20
,,0,2026-09-13T12:46:02.379Z,2026-09-14T12:46:02.379Z,2026-09-14T04:29:02.379Z,telemetry,boiler_01,12,0,20,2006,65,20
,,0,2026-09-13T12:46:02.379Z,2026-09-14T12:46:02.379Z,2026-09-14T04:29:32.379Z,telemetry,boiler_01,12,0,20,2007,65,20
,,0,2026-09-13T12:46:02.379Z,2026-09-14T12:46:02.379Z,2026-09-14T04:30:02.38Z,telemetry,boiler_01,12,0,20,2008,65,20
,,0,2026-09-13T12:46:02.379Z,2026-09-14T12:46:02.379Z,2026-09-14T04:30:32.379Z,telemetry,boiler_01,12,0,20,2009,65,20
,,0,2026-09-13T12:46:02.379Z,2026-09-14T12:46:02.379Z,2026-09-14T04:31:02.381Z,telemetry,boiler_01,12,0,20,2010,65,20
,,0,2026-09-13T12:46:02.379Z,2026-09-14T12:46:02.379Z,2026-09-14T04:31:32.379Z,telemetry,boiler_01,12,0,20,2011,65,20
,,0,2026-09-13T12:46:02.379Z,2026-09-14T12:46:02.379Z,2026-09-14T04:32:02.379Z,telemetry,boiler_01,12,0,20,2012,65,20
,,0,2026-09-13T12:46:02.379Z,2026-09-14T12:46:02.379Z,2026-09-14T04:32:32.379Z,telemetry,boiler_01,12,0,20,2013,65,20
,,0,2026-09-13T12:46:02.379Z,2026-09-14T12:46:02.379Z,2026-09-14T04:33:02.379Z,telemetry,boiler_01,12,0,20,2014,65,20
,,0,2026-09-13T12:46:02.379Z,2026-09-14T12:46:02.379Z,2026-09-14T04:33:32.379Z,telemetry,boiler_01,12,0,20,2015,65,20
,,0,2026-09-13T12:46:02.379Z,2026-09-14T12:46:02.379Z,2026-09-14T04:34:02.379Z,telemetry,boiler_01,12,0,20,2016,65,20
,,0,2026-09-13T12:46:02.379Z,2026-09-14T12:46:02.379Z,2026-09-14T04:34:32.379Z,telemetry,boiler_01,12,0,20,2017,65,20
,,0,2026-09-13T12:46:02.379Z,2026-09-14T12:46:02.379Z,2026-09-14T04:35:02.379Z,telemetry,boiler_01,12,0,20,2018,65,20
,,0,2026-09-13T12:46:02.379Z,2026-09-14T12:46:02.379Z,2026-09-14T04:35:32.379Z,telemetry,boiler_01,12,0,20,2019,65,20
,,0,2026-09-13T12:46:02.379Z,2026-09-14T12:46:02.379Z,2026-09-14T04:36:02.38Z,telemetry,boiler_01,12,0,20,2020,65,20
,,0,2026-09-13T12:46:02.379Z,2026-09-14T12:46:02.379Z,2026-09-14T04:36:32.379Z,telemetry,boiler_01,12,0,20,2021,65,20
,,0,2026-09-13T12:46:02.379Z,2026-09-14T12:46:02.379Z,2026-09-14T04:37:02.38Z,telemetry,boiler_01,12,0,20,2022,65,20
,,0,2026-09-13T12:46:02.379Z,2026-09-14T12:46:02.379Z,2026-09-14T04:37:32.379Z,telemetry,boiler_01,12,0,20,2023,65,20
,,0,2026-09-13T12:46:02.379Z,2026-09-14T12:46:02.379Z,2026-09-14T04:38:02.379Z,telemetry,boiler_01,12,0,20,2024,65,20
,,0,2026-09-13T12:46:02.379Z,2026-09-14T12:46:02.379Z,2026-09-14T04:38:32.379Z,telemetry,boiler_01,12,0,20,2025,65,20
,,0,2026-09-13T12:46:02.379Z,2026-09-14T12:46:02.379Z,2026-09-14T04:39:02.379Z,telemetry,boiler_01,12,0,20,2026,65,20
,,0,2026-09-13T12:46:02.379Z,2026-09-14T12:46:02.379Z,2026-09-14T04:39:32.379Z,telemetry,boiler_01,12,0,20,2027,65,20
,,0,2026-09-13T12:46:02.379Z,2026-09-14T12:46:02.379Z,2026-09-14T04:40:02.379Z,telemetry,boiler_01,12,0,20,2028,65,20
,,0,2026-09-13T12:46:02.379Z,2026-09-14T12:46:02.379Z,2026-09-14T04:40:32.379Z,telemetry,boiler_01,12,0,20,2029,65,20
,,0,2026-09-13T12:46:02.379Z,2026-09-14T12:46:02.379Z,2026-09-14T04:41:02.38Z,telemetry,boiler_01,12,0,20,2030,65,20
,,0,2026-09-13T12:46:02.379Z,2026-09-14T12:46:02.379Z,2026-09-14T04:41:32.379Z,telemetry,boiler_01,12,0,20,2031,65,20
,,0,2026-09-13T12:46:02.379Z,2026-09-14T12:46:02.379Z,2026-09-14T04:42:02.379Z,telemetry,boiler_01,12,0,20,2032,65,20
,,0,2026-09-13T12:46:02.379Z,2026-09-14T12:46:02.379Z,2026-09-14T04:42:32.379Z,telemetry,boiler_01,12,0,20,2033,65,20
,,0,2026-09-13T12:46:02.379Z,2026-09-14T12:46:02.379Z,2026-09-14T04:43:02.379Z,telemetry,boiler_01,12,0,20,2034,65,20
,,0,2026-09-13T12:46:02.379Z,2026-09-14T12:46:02.379Z,2026-09-14T04:43:32.379Z,telemetry,boiler_01,12,0,20,2035,65,20
,,0,2026-09-13T12:46:02.379Z,2026-09-14T12:46:02.379Z,2026-09-14T04:44:02.379Z,telemetry,boiler_01,12,0,20,2036,65,20
,,0,2026-09-13T12:46:02.379Z,2026-09-14T12:46:02.379Z,2026-09-14T04:44:32.379Z,telemetry,boiler_01,12,0,20,2037,65,20
,,0,2026-09-13T12:46:02.379Z,2026-09-14T12:46:02.379Z,2026-09-14T04:45:02.379Z,telemetry,boiler_01,12,0,20,2038,65,20
,,0,2026-09-13T12:46:02.379Z,2026-09-14T12:46:02.379Z,2026-09-14T04:45:32.379Z,telemetry,boiler_01,12,0,20,2039,65,20
,,0,2026-09-13T12:46:02.379Z,2026-09-14T12:46:02.379Z,2026-09-14T04:46:02.379Z,telemetry,boiler_01,12,0,20,2040,65,20
,,0,2026-09-13T12:46:02.379Z,2026-09-14T12:46:02.379Z,2026-09-14T04:46:32.379Z,telemetry,boiler_01,12,0,20,2041,65,20
,,0,2026-09-13T12:46:02.379Z,2026-09-14T12:46:02.379Z,2026-09-14T04:47:02.379Z,telemetry,boiler_01,12,0,20,2042,65,20
,,0,2026-09-13T12:46:02.379Z,2026-09-14T12:46:02.379Z,2026-09-14T04:47:32.379Z,telemetry,boiler_01,12,0,20,2043,65,20
,,0,2026-09-13T12:46:02.379Z,2026-09-14T12:46:02.379Z,2026-09-14T04:48:02.379Z,telemetry,boiler_01,12,0,20,2044,65,20
,,0,2026-09-13T12:46:02.379Z,2026-09-14T12:46:02.379Z,2026-09-14T04:48:32.379Z,telemetry,boiler_01,12,0,20,2045,65,20
,,0,2026-09-13T12:46:02.379Z,2026-09-14T12:46:02.379Z,2026-09-14T04:49:02.379Z,telemetry,boiler_01,12,0,20,2046,65,20
,,0,2026-09-13T12:46:02.379Z,2026-09-14T12:46:02.379Z,2026-09-14T04:49:32.379Z,telemetry,boiler_01,12,0,20,2047,65,20
,,0,2026-09-13T12:46:02.379Z,2026-09-14T12:46:02.379Z,2026-09-14T04:50:02.379Z,telemetry,boiler_01,12,0,20,2048,65,20
,,0,2026-09-13T12:46:02.379Z,2026-09-14T12:46:02.379Z,2026-09-14T04:50:32.379Z,telemetry,boiler_01,12,0,20,2049,65,20
,,0,2026-09-13T12:46:02.379Z,2026-09-14T12:46:02.379Z,2026-09-14T04:51:02.38Z,telemetry,boiler_01,12,0,20,2050,65,20
,,0,2026-09-13T12:46:02.379Z,2026-09-14T12:46:02.379Z,2026-09-14T04:51:32.379Z,telemetry,boiler_01,12,0,20,2051,65,20
,,0,2026-09-13T12:46:02.379Z,2026-09-14T12:46:02.379Z,2026-09-14T04:52:02.379Z,telemetry,boiler_01,12,0,20,2052,65,20
,,0,2026-09-13T12:46:02.379Z,2026-09-14T12:46:02.379Z,2026-09-14T04:52:32.379Z,telemetry,boiler_01,12,0,20,2053,65,20
,,0,2026-09-13T12:46:02.379Z,2026-09-14T12:46:02.379Z,2026-09-14T04:53:02.38Z,telemetry,boiler_01,12,0,20,2054,65,20
,,0,2026-09-13T12:46:02.379Z,2026-09-14T12:46:02.379Z,2026-09-14T04:53:32.379Z,telemetry,boiler_01,12,0,20,2055,65,20
,,0,2026-09-13T12:46:02.379Z,2026-09-14T12:46:02.379Z,2026-09-14T04:54:02.379Z,telemetry,boiler_01,12,0,20,2056,65,20
,,0,2026-09-13T12:46:02.379Z,2026-09-14T12:46:02.379Z,2026-09-14T04:54:32.379Z,telemetry,boiler_01,12,0,20,2057,65,20
,,0,2026-09-13T12:46:02.379Z,2026-09-14T12:46:02.379Z,2026-09-14T04:55:02.379Z,telemetry,boiler_01,12,0,20,2058,65,20
,,0,2026-09-13T12:46:02.379Z,2026-09-14T12:46:02.379Z,2026-09-14T04:55:32.379Z,telemetry,boiler_01,12,0,20,2059,65,20
,,0,2026-09-13T12:46:02.379Z,2026-09-14T12:46:02.379Z,2026-09-14T04:56:02.383Z,telemetry,boiler_01,12,0,20,2060,65,20
,,0,2026-09-13T12:46:02.379Z,2026-09-14T12:46:02.379Z,2026-09-14T04:56:32.379Z,telemetry,boiler_01,12,0,20,2061,65,20
,,0,2026-09-13T12:46:02.379Z,2026-09-14T12:46:02.379Z,2026-09-14T04:57:02.379Z,telemetry,boiler_01,12,0,20,2062,65,20
,,0,2026-09-13T12:46:02.379Z,2026-09-14T12:46:02.379Z,2026-09-14T04:57:32.379Z,telemetry,boiler_01,12,0,20,2063,65,20
,,0,2026-09-13T12:46:02.379Z,2026-09-14T12:46:02.379Z,2026-09-14T04:58:02.397Z,telemetry,boiler_01,12,0,20,2064,65,20
,,0,2026-09-13T12:46:02.379Z,2026-09-14T12:46:02.379Z,2026-09-14T04:58:32.379Z,telemetry,boiler_01,12,0,20,2065,65,20
,,0,2026-09-13T12:46:02.379Z,2026-09-14T12:46:02.379Z,2026-09-14T04:59:02.38Z,telemetry,boiler_01,12,0,20,2066,65,20
,,0,2026-09-13T12:46:02.379Z,2026-09-14T12:46:02.379Z,2026-09-14T04:59:32.379Z,telemetry,boiler_01,12,0,20,2067,65,20
,,0,2026-09-13T12:46:02.379Z,2026-09-14T12:46:02.379Z,2026-09-14T05:00:02.379Z,telemetry,boiler_01,12,0,20,2068,65,20
,,0,2026-09-13T12:46:02.379Z,2026-09-14T12:46:02.379Z,2026-09-14T05:00:32.379Z,telemetry,boiler_01,12,0,20,2069,65,20
,,0,2026-09-13T12:46:02.379Z,2026-09-14T12:46:02.379Z,2026-09-14T05:01:02.384Z,telemetry,boiler_01,12,0,20,2070,65,20
,,0,2026-09-13T12:46:02.379Z,2026-09-14T12:46:02.379Z,2026-09-14T05:01:32.379Z,telemetry,boiler_01,12,0,20,2071,65,20
,,0,2026-09-13T12:46:02.379Z,2026-09-14T12:46:02.379Z,2026-09-14T05:02:02.379Z,telemetry,boiler_01,12,0,20,2072,65,20
,,0,2026-09-13T12:46:02.379Z,2026-09-14T12:46:02.379Z,2026-09-14T05:02:32.379Z,telemetry,boiler_01,12,0,20,2073,65,20
,,0,2026-09-13T12:46:02.379Z,2026-09-14T12:46:02.379Z,2026-09-14T05:03:02.379Z,telemetry,boiler_01,12,0,20,2074,65,20
,,0,2026-09-13T12:46:02.379Z,2026-09-14T12:46:02.379Z,2026-09-14T05:03:32.38Z,telemetry,boiler_01,12,0,20,2075,65,20
,,0,2026-09-13T12:46:02.379Z,2026-09-14T12:46:02.379Z,2026-09-14T05:04:02.379Z,telemetry,boiler_01,12,0,20,2076,65,20
,,0,2026-09-13T12:46:02.379Z,2026-09-14T12:46:02.379Z,2026-09-14T05:04:32.379Z,telemetry,boiler_01,12,0,20,2077,65,20
,,0,2026-09-13T12:46:02.379Z,2026-09-14T12:46:02.379Z,2026-09-14T05:05:02.379Z,telemetry,boiler_01,12,0,20,2078,65,20
,,0,2026-09-13T12:46:02.379Z,2026-09-14T12:46:02.379Z,2026-09-14T05:05:32.379Z,telemetry,boiler_01,12,0,20,2079,65,20
,,0,2026-09-13T12:46:02.379Z,2026-09-14T12:46:02.379Z,2026-09-14T05:06:02.379Z,telemetry,boiler_01,12,0,20,2080,65,20
,,0,2026-09-13T12:46:02.379Z,2026-09-14T12:46:02.379Z,2026-09-14T05:06:32.379Z,telemetry,boiler_01,12,0,20,2081,65,20
,,0,2026-09-13T12:46:02.379Z,2026-09-14T12:46:02.379Z,2026-09-14T05:07:02.379Z,telemetry,boiler_01,12,0,20,2082,65,20
,,0,2026-09-13T12:46:02.379Z,2026-09-14T12:46:02.379Z,2026-09-14T05:07:32.379Z,telemetry,boiler_01,12,0,20,2083,65,20
,,0,2026-09-13T12:46:02.379Z,2026-09-14T12:46:02.379Z,2026-09-14T05:08:02.379Z,telemetry,boiler_01,12,0,20,2084,65,20
,,0,2026-09-13T12:46:02.379Z,2026-09-14T12:46:02.379Z,2026-09-14T05:08:32.379Z,telemetry,boiler_01,12,0,20,2085,65,20
,,0,2026-09-13T12:46:02.379Z,2026-09-14T12:46:02.379Z,2026-09-14T05:09:02.379Z,telemetry,boiler_01,12,0,20,2086,65,20
,,0,2026-09-13T12:46:02.379Z,2026-09-14T12:46:02.379Z,2026-09-14T05:09:32.379Z,telemetry,boiler_01,12,0,20,2087,65,20
,,0,2026-09-13T12:46:02.379Z,2026-09-14T12:46:02.379Z,2026-09-14T05:10:02.38Z,telemetry,boiler_01,12,0,20,2088,65,20
,,0,2026-09-13T12:46:02.379Z,2026-09-14T12:46:02.379Z,2026-09-14T05:10:32.379Z,telemetry,boiler_01,12,0,20,2089,65,20
,,0,2026-09-13T12:46:02.379Z,2026-09-14T12:46:02.379Z,2026-09-14T05:11:02.379Z,telemetry,boiler_01,12,0,20,2090,65,20
,,0,2026-09-13T12:46:02.379Z,2026-09-14T12:46:02.379Z,2026-09-14T05:11:32.379Z,telemetry,boiler_01,12,0,20,2091,65,20
,,0,2026-09-13T12:46:02.379Z,2026-09-14T12:46:02.379Z,2026-09-14T05:12:02.379Z,telemetry,boiler_01,12,0,20,2092,65,20
,,0,2026-09-13T12:46:02.379Z,2026-09-14T12:46:02.379Z,2026-09-14T05:12:32.379Z,telemetry,boiler_01,12,0,20,2093,65,20
,,0,2026-09-13T12:46:02.379Z,2026-09-14T12:46:02.379Z,2026-09-14T05:13:02.379Z,telemetry,boiler_01,12,0,20,2094,65,20
,,0,2026-09-13T12:46:02.379Z,2026-09-14T12:46:02.379Z,2026-09-14T05:13:32.379Z,telemetry,boiler_01,12,0,20,2095,65,20
,,0,2026-09-13T12:46:02.379Z,2026-09-14T12:46:02.379Z,2026-09-14T05:14:02.379Z,telemetry,boiler_01,12,0,20,2096,65,20
,,0,2026-09-13T12:46:02.379Z,2026-09-14T12:46:02.379Z,2026-09-14T05:14:32.379Z,telemetry,boiler_01,12,0,20,2097,65,20
,,0,2026-09-13T12:46:02.379Z,2026-09-14T12:46:02.379Z,2026-09-14T05:15:02.38Z,telemetry,boiler_01,12,0,20,2098,65,20
,,0,2026-09-13T12:46:02.379Z,2026-09-14T12:46:02.379Z,2026-09-14T05:15:32.379Z,telemetry,boiler_01,12,0,20,2099,65,20
,,0,2026-09-13T12:46:02.379Z,2026-09-14T12:46:02.379Z,2026-09-14T05:16:02.379Z,telemetry,boiler_01,12,0,20,2100,65,20
,,0,2026-09-13T12:46:02.379Z,2026-09-14T12:46:02.379Z,2026-09-14T05:16:32.379Z,telemetry,boiler_01,12,0,20,2101,65,20
,,0,2026-09-13T12:46:02.379Z,2026-09-14T12:46:02.379Z,2026-09-14T05:17:02.379Z,telemetry,boiler_01,12,0,20,2102,65,20
,,0,2026-09-13T12:46:02.379Z,2026-09-14T12:46:02.379Z,2026-09-14T05:17:32.379Z,telemetry,boiler_01,12,0,20,2103,65,20
,,0,2026-09-13T12:46:02.379Z,2026-09-14T12:46:02.379Z,2026-09-14T05:18:02.379Z,telemetry,boiler_01,12,0,20,2104,65,20
,,0,2026-09-13T12:46:02.379Z,2026-09-14T12:46:02.379Z,2026-09-14T05:18:32.379Z,telemetry,boiler_01,12,0,20,2105,65,20
,,0,2026-09-13T12:46:02.379Z,2026-09-14T12:46:02.379Z,2026-09-14T05:19:02.38Z,telemetry,boiler_01,12,0,20,2106,65,20
,,0,2026-09-13T12:46:02.379Z,2026-09-14T12:46:02.379Z,2026-09-14T05:19:32.379Z,telemetry,boiler_01,12,0,20,2107,65,20
,,0,2026-09-13T12:46:02.379Z,2026-09-14T12:46:02.379Z,2026-09-14T05:20:02.379Z,telemetry,boiler_01,12,0,20,2108,65,20
,,0,2026-09-13T12:46:02.379Z,2026-09-14T12:46:02.379Z,2026-09-14T05:20:32.379Z,telemetry,boiler_01,12,0,20,2109,65,20
,,0,2026-09-13T12:46:02.379Z,2026-09-14T12:46:02.379Z,2026-09-14T05:21:02.379Z,telemetry,boiler_01,12,0,20,2110,65,20
,,0,2026-09-13T12:46:02.379Z,2026-09-14T12:46:02.379Z,2026-09-14T05:21:32.379Z,telemetry,boiler_01,12,0,20,2111,65,20
,,0,2026-09-13T12:46:02.379Z,2026-09-14T12:46:02.379Z,2026-09-14T05:22:02.379Z,telemetry,boiler_01,12,0,20,2112,65,20
,,0,2026-09-13T12:46:02.379Z,2026-09-14T12:46:02.379Z,2026-09-14T05:22:32.379Z,telemetry,boiler_01,12,0,20,2113,65,20
,,0,2026-09-13T12:46:02.379Z,2026-09-14T12:46:02.379Z,2026-09-14T05:23:02.379Z,telemetry,boiler_01,12,0,20,2114,65,20
,,0,2026-09-13T12:46:02.379Z,2026-09-14T12:46:02.379Z,2026-09-14T05:23:32.379Z,telemetry,boiler_01,12,0,20,2115,65,20
,,0,2026-09-13T12:46:02.379Z,2026-09-14T12:46:02.379Z,2026-09-14T05:24:02.381Z,telemetry,boiler_01,12,0,20,2116,65,20
,,0,2026-09-13T12:46:02.379Z,2026-09-14T12:46:02.379Z,2026-09-14T05:24:32.379Z,telemetry,boiler_01,12,0,20,2117,65,20
,,0,2026-09-13T12:46:02.379Z,2026-09-14T12:46:02.379Z,2026-09-14T05:25:02.379Z,telemetry,boiler_01,12,0,20,2118,65,20
,,0,2026-09-13T12:46:02.379Z,2026-09-14T12:46:02.379Z,2026-09-14T05:25:32.379Z,telemetry,boiler_01,12,0,20,2119,65,20
,,0,2026-09-13T12:46:02.379Z,2026-09-14T12:46:02.379Z,2026-09-14T05:26:02.38Z,telemetry,boiler_01,12,0,20,2120,65,20
,,0,2026-09-13T12:46:02.379Z,2026-09-14T12:46:02.379Z,2026-09-14T05:26:32.379Z,telemetry,boiler_01,12,0,20,2121,65,20
,,0,2026-09-13T12:46:02.379Z,2026-09-14T12:46:02.379Z,2026-09-14T05:27:02.379Z,telemetry,boiler_01,12,0,20,2122,65,20
,,0,2026-09-13T12:46:02.379Z,2026-09-14T12:46:02.379Z,2026-09-14T05:27:32.379Z,telemetry,boiler_01,12,0,20,2123,65,20
,,0,2026-09-13T12:46:02.379Z,2026-09-14T12:46:02.379Z,2026-09-14T05:28:02.384Z,telemetry,boiler_01,12,0,20,2124,65,20
,,0,2026-09-13T12:46:02.379Z,2026-09-14T12:46:02.379Z,2026-09-14T05:28:32.379Z,telemetry,boiler_01,12,0,20,2125,65,20
,,0,2026-09-13T12:46:02.379Z,2026-09-14T12:46:02.379Z,2026-09-14T05:29:02.379Z,telemetry,boiler_01,12,0,20,2126,65,20
,,0,2026-09-13T12:46:02.379Z,2026-09-14T12:46:02.379Z,2026-09-14T05:29:32.379Z,telemetry,boiler_01,12,0,20,2127,65,20
,,0,2026-09-13T12:46:02.379Z,2026-09-14T12:46:02.379Z,2026-09-14T05:30:02.383Z,telemetry,boiler_01,12,0,20,2128,65,20
,,0,2026-09-13T12:46:02.379Z,2026-09-14T12:46:02.379Z,2026-09-14T05:30:32.379Z,telemetry,boiler_01,12,0,20,2129,65,20
,,0,2026-09-13T12:46:02.379Z,2026-09-14T12:46:02.379Z,2026-09-14T05:31:02.379Z,telemetry,boiler_01,12,0,20,2130,65,20
,,0,2026-09-13T12:46:02.379Z,2026-09-14T12:46:02.379Z,2026-09-14T05:31:32.379Z,telemetry,boiler_01,12,0,20,2131,65,20
,,0,2026-09-13T12:46:02.379Z,2026-09-14T12:46:02.379Z,2026-09-14T05:32:02.38Z,telemetry,boiler_01,12,0,20,2132,65,20
,,0,2026-09-13T12:46:02.379Z,2026-09-14T12:46:02.379Z,2026-09-14T05:32:32.379Z,telemetry,boiler_01,12,0,20,2133,65,20
,,0,2026-09-13T12:46:02.379Z,2026-09-14T12:46:02.379Z,2026-09-14T05:33:02.38Z,telemetry,boiler_01,12,0,20,2134,65,20
,,0,2026-09-13T12:46:02.379Z,2026-09-14T12:46:02.379Z,2026-09-14T05:33:32.379Z,telemetry,boiler_01,12,0,20,2135,65,20
,,0,2026-09-13T12:46:02.379Z,2026-09-14T12:46:02.379Z,2026-09-14T05:34:02.379Z,telemetry,boiler_01,12,0,20,2136,65,20
,,0,2026-09-13T12:46:02.379Z,2026-09-14T12:46:02.379Z,2026-09-14T05:34:32.379Z,telemetry,boiler_01,12,0,20,2137,65,20
,,0,2026-09-13T12:46:02.379Z,2026-09-14T12:46:02.379Z,2026-09-14T05:35:02.379Z,telemetry,boiler_01,12,0,20,2138,65,20
,,0,2026-09-13T12:46:02.379Z,2026-09-14T12:46:02.379Z,2026-09-14T05:35:32.379Z,telemetry,boiler_01,12,0,20,2139,65,20
,,0,2026-09-13T12:46:02.379Z,2026-09-14T12:46:02.379Z,2026-09-14T05:36:02.38Z,telemetry,boiler_01,12,0,20,2140,65,20
,,0,2026-09-13T12:46:02.379Z,2026-09-14T12:46:02.379Z,2026-09-14T05:36:32.379Z,telemetry,boiler_01,12,0,20,2141,65,20
,,0,2026-09-13T12:46:02.379Z,2026-09-14T12:46:02.379Z,2026-09-14T05:37:02.379Z,telemetry,boiler_01,12,0,20,2142,65,20
,,0,2026-09-13T12:46:02.379Z,2026-09-14T12:46:02.379Z,2026-09-14T05:37:32.379Z,telemetry,boiler_01,12,0,20,2143,65,20
,,0,2026-09-13T12:46:02.379Z,2026-09-14T12:46:02.379Z,2026-09-14T05:38:02.379Z,telemetry,boiler_01,12,0,20,2144,65,20
,,0,2026-09-13T12:46:02.379Z,2026-09-14T12:46:02.379Z,2026-09-14T05:38:32.379Z,telemetry,boiler_01,12,0,20,2145,65,20
,,0,2026-09-13T12:46:02.379Z,2026-09-14T12:46:02.379Z,2026-09-14T05:39:02.379Z,telemetry,boiler_01,12,0,20,2146,65,20
,,0,2026-09-13T12:46:02.379Z,2026-09-14T12:46:02.379Z,2026-09-14T05:39:32.379Z,telemetry,boiler_01,12,0,20,2147,65,20
,,0,2026-09-13T12:46:02.379Z,2026-09-14T12:46:02.379Z,2026-09-14T05:40:02.379Z,telemetry,boiler_01,12,0,20,2148,65,20
,,0,2026-09-13T12:46:02.379Z,2026-09-14T12:46:02.379Z,2026-09-14T05:40:32.379Z,telemetry,boiler_01,12,0,20,2149,65,20
,,0,2026-09-13T12:46:02.379Z,2026-09-14T12:46:02.379Z,2026-09-14T05:41:02.379Z,telemetry,boiler_01,12,0,20,2150,65,20
,,0,2026-09-13T12:46:02.379Z,2026-09-14T12:46:02.379Z,2026-09-14T05:41:32.379Z,telemetry,boiler_01,12,0,20,2151,65,20
,,0,2026-09-13T12:46:02.379Z,2026-09-14T12:46:02.379Z,2026-09-14T05:42:02.379Z,telemetry,boiler_01,12,0,20,2152,65,20
,,0,2026-09-13T12:46:02.379Z,2026-09-14T12:46:02.379Z,2026-09-14T05:42:32.379Z,telemetry,boiler_01,12,0,20,2153,65,20
,,0,2026-09-13T12:46:02.379Z,2026-09-14T12:46:02.379Z,2026-09-14T05:43:02.379Z,telemetry,boiler_01,12,0,20,2154,65,20
,,0,2026-09-13T12:46:02.379Z,2026-09-14T12:46:02.379Z,2026-09-14T05:43:32.379Z,telemetry,boiler_01,12,0,20,2155,65,20
,,0,2026-09-13T12:46:02.379Z,2026-09-14T12:46:02.379Z,2026-09-14T05:44:02.379Z,telemetry,boiler_01,12,0,20,2156,65,20
,,0,2026-09-13T12:46:02.379Z,2026-09-14T12:46:02.379Z,2026-09-14T05:44:32.379Z,telemetry,boiler_01,12,0,20,2157,65,20
,,0,2026-09-13T12:46:02.379Z,2026-09-14T12:46:02.379Z,2026-09-14T05:45:02.38Z,telemetry,boiler_01,12,0,20,2158,65,20
,,0,2026-09-13T12:46:02.379Z,2026-09-14T12:46:02.379Z,2026-09-14T05:45:32.379Z,telemetry,boiler_01,12,0,20,2159,65,20
,,0,2026-09-13T12:46:02.379Z,2026-09-14T12:46:02.379Z,2026-09-14T05:46:02.38Z,telemetry,boiler_01,12,0,20,2160,65,20
,,0,2026-09-13T12:46:02.379Z,2026-09-14T12:46:02.379Z,2026-09-14T05:46:32.379Z,telemetry,boiler_01,12,0,20,2161,65,20
,,0,2026-09-13T12:46:02.379Z,2026-09-14T12:46:02.379Z,2026-09-14T05:47:02.379Z,telemetry,boiler_01,12,0,20,2162,65,20
,,0,2026-09-13T12:46:02.379Z,2026-09-14T12:46:02.379Z,2026-09-14T05:47:32.379Z,telemetry,boiler_01,12,0,20,2163,65,20
,,0,2026-09-13T12:46:02.379Z,2026-09-14T12:46:02.379Z,2026-09-14T05:48:02.379Z,telemetry,boiler_01,12,0,20,2164,65,20
,,0,2026-09-13T12:46:02.379Z,2026-09-14T12:46:02.379Z,2026-09-14T05:48:32.379Z,telemetry,boiler_01,12,0,20,2165,65,20
,,0,2026-09-13T12:46:02.379Z,2026-09-14T12:46:02.379Z,2026-09-14T05:49:02.379Z,telemetry,boiler_01,12,0,20,2166,65,20
,,0,2026-09-13T12:46:02.379Z,2026-09-14T12:46:02.379Z,2026-09-14T05:49:32.379Z,telemetry,boiler_01,12,0,20,2167,65,20
,,0,2026-09-13T12:46:02.379Z,2026-09-14T12:46:02.379Z,2026-09-14T05:50:02.379Z,telemetry,boiler_01,12,0,20,2168,65,20
,,0,2026-09-13T12:46:02.379Z,2026-09-14T12:46:02.379Z,2026-09-14T05:50:32.379Z,telemetry,boiler_01,12,0,20,2169,65,20
,,0,2026-09-13T12:46:02.379Z,2026-09-14T12:46:02.379Z,2026-09-14T05:51:02.384Z,telemetry,boiler_01,12,0,20,2170,65,20
,,0,2026-09-13T12:46:02.379Z,2026-09-14T12:46:02.379Z,2026-09-14T05:51:32.383Z,telemetry,boiler_01,12,0,20,2171,65,20
,,0,2026-09-13T12:46:02.379Z,2026-09-14T12:46:02.379Z,2026-09-14T05:52:02.379Z,telemetry,boiler_01,12,0,20,2172,65,20
,,0,2026-09-13T12:46:02.379Z,2026-09-14T12:46:02.379Z,2026-09-14T05:52:32.379Z,telemetry,boiler_01,12,0,20,2173,65,20
,,0,2026-09-13T12:46:02.379Z,2026-09-14T12:46:02.379Z,2026-09-14T05:53:02.379Z,telemetry,boiler_01,12,0,20,2174,65,20
,,0,2026-09-13T12:46:02.379Z,2026-09-14T12:46:02.379Z,2026-09-14T05:53:32.379Z,telemetry,boiler_01,12,0,20,2175,65,20
,,0,2026-09-13T12:46:02.379Z,2026-09-14T12:46:02.379Z,2026-09-14T05:54:02.381Z,telemetry,boiler_01,12,0,20,2176,65,20
,,0,2026-09-13T12:46:02.379Z,2026-09-14T12:46:02.379Z,2026-09-14T05:54:32.379Z,telemetry,boiler_01,12,0,20,2177,65,20
,,0,2026-09-13T12:46:02.379Z,2026-09-14T12:46:02.379Z,2026-09-14T05:55:02.379Z,telemetry,boiler_01,12,0,20,2178,65,20
,,0,2026-09-13T12:46:02.379Z,2026-09-14T12:46:02.379Z,2026-09-14T05:55:32.379Z,telemetry,boiler_01,12,0,20,2179,65,20
,,0,2026-09-13T12:46:02.379Z,2026-09-14T12:46:02.379Z,2026-09-14T05:56:02.383Z,telemetry,boiler_01,12,0,20,2180,65,20
,,0,2026-09-13T12:46:02.379Z,2026-09-14T12:46:02.379Z,2026-09-14T05:56:32.379Z,telemetry,boiler_01,12,0,20,2181,65,20
,,0,2026-09-13T12:46:02.379Z,2026-09-14T12:46:02.379Z,2026-09-14T05:57:02.379Z,telemetry,boiler_01,12,0,20,2182,65,20
,,0,2026-09-13T12:46:02.379Z,2026-09-14T12:46:02.379Z,2026-09-14T05:57:32.379Z,telemetry,boiler_01,12,0,20,2183,65,20
,,0,2026-09-13T12:46:02.379Z,2026-09-14T12:46:02.379Z,2026-09-14T05:58:02.379Z,telemetry,boiler_01,12,0,20,2184,65,20
,,0,2026-09-13T12:46:02.379Z,2026-09-14T12:46:02.379Z,2026-09-14T05:58:32.379Z,telemetry,boiler_01,12,0,20,2185,65,20
,,0,2026-09-13T12:46:02.379Z,2026-09-14T12:46:02.379Z,2026-09-14T05:59:02.38Z,telemetry,boiler_01,12,0,20,2186,65,20
,,0,2026-09-13T12:46:02.379Z,2026-09-14T12:46:02.379Z,2026-09-14T05:59:32.379Z,telemetry,boiler_01,12,0,20,2187,65,20
,,0,2026-09-13T12:46:02.379Z,2026-09-14T12:46:02.379Z,2026-09-14T06:00:02.379Z,telemetry,boiler_01,12,5,13.46,2188,65,23.46
,,0,2026-09-13T12:46:02.379Z,2026-09-14T12:46:02.379Z,2026-09-14T06:00:32.379Z,telemetry,boiler_01,12,5,42.49,2189,65,52.49
,,0,2026-09-13T12:46:02.379Z,2026-09-14T12:46:02.379Z,2026-09-14T06:01:02.38Z,telemetry,boiler_01,12,5,51.23,2190,65,61.23
,,0,2026-09-13T12:46:02.379Z,2026-09-14T12:46:02.379Z,2026-09-14T06:01:32.379Z,telemetry,boiler_01,12,5,53.86,2191,65,63.86
,,0,2026-09-13T12:46:02.379Z,2026-09-14T12:46:02.379Z,2026-09-14T06:02:02.379Z,telemetry,boiler_01,12,5,54.66,2192,65,64.66
,,0,2026-09-13T12:46:02.379Z,2026-09-14T12:46:02.379Z,2026-09-14T06:02:32.379Z,telemetry,boiler_01,12,5,54.9,2193,65,64.9
,,0,2026-09-13T12:46:02.379Z,2026-09-14T12:46:02.379Z,2026-09-14T06:03:02.379Z,telemetry,boiler_01,12,5,54.97,2194,65,64.97
,,0,2026-09-13T12:46:02.379Z,2026-09-14T12:46:02.379Z,2026-09-14T06:03:32.379Z,telemetry,boiler_01,12,5,54.99,2195,65,64.99
,,0,2026-09-13T12:46:02.379Z,2026-09-14T12:46:02.379Z,2026-09-14T06:04:02.379Z,telemetry,boiler_01,12,5,55,2196,65,65
,,0,2026-09-13T12:46:02.379Z,2026-09-14T12:46:02.379Z,2026-09-14T06:04:32.379Z,telemetry,boiler_01,12,5,55,2197,65,65
,,0,2026-09-13T12:46:02.379Z,2026-09-14T12:46:02.379Z,2026-09-14T06:05:02.379Z,telemetry,boiler_01,12,5,55,2198,65,65
,,0,2026-09-13T12:46:02.379Z,2026-09-14T12:46:02.379Z,2026-09-14T06:05:32.379Z,telemetry,boiler_01,12,5,55,2199,65,65
,,0,2026-09-13T12:46:02.379Z,2026-09-14T12:46:02.379Z,2026-09-14T06:06:02.381Z,telemetry,boiler_01,12,5,55,2200,65,65
,,0,2026-09-13T12:46:02.379Z,2026-09-14T12:46:02.379Z,2026-09-14T06:06:32.379Z,telemetry,boiler_01,12,5,55,2201,65,65
,,0,2026-09-13T12:46:02.379Z,2026-09-14T12:46:02.379Z,2026-09-14T06:07:02.379Z,telemetry,boiler_01,12,5,55,2202,65,65
,,0,2026-09-13T12:46:02.379Z,2026-09-14T12:46:02.379Z,2026-09-14T06:07:32.379Z,telemetry,boiler_01,12,5,55,2203,65,65
,,0,2026-09-13T12:46:02.379Z,2026-09-14T12:46:02.379Z,2026-09-14T06:08:02.38Z,telemetry,boiler_01,12,5,55,2204,65,65
,,0,2026-09-13T12:46:02.379Z,2026-09-14T12:46:02.379Z,2026-09-14T06:08:32.379Z,telemetry,boiler_01,12,5,55,2205,65,65
,,0,2026-09-13T12:46:02.379Z,2026-09-14T12:46:02.379Z,2026-09-14T06:09:02.38Z,telemetry,boiler_01,12,5,55,2206,65,65
,,0,2026-09-13T12:46:02.379Z,2026-09-14T12:46:02.379Z,2026-09-14T06:09:32.379Z,telemetry,boiler_01,12,5,55,2207,65,65
,,0,2026-09-13T12:46:02.379Z,2026-09-14T12:46:02.379Z,2026-09-14T06:10:02.379Z,telemetry,boiler_01,12,0,54.85,2208,65,64.85
,,0,2026-09-13T12:46:02.379Z,2026-09-14T12:46:02.379Z,2026-09-14T06:10:32.379Z,telemetry,boiler_01,12,0,52.66,2209,65,62.66
,,0,2026-09-13T12:46:02.379Z,2026-09-14T12:46:02.379Z,2026-09-14T06:11:02.379Z,telemetry,boiler_01,12,0,50.58,2210,65,60.58
,,0,2026-09-13T12:46:02.379Z,2026-09-14T12:46:02.379Z,2026-09-14T06:11:32.379Z,telemetry,boiler_01,12,0,48.6,2211,65,58.6
,,0,2026-09-13T12:46:02.379Z,2026-09-14T12:46:02.379Z,2026-09-14T06:12:02.379Z,telemetry,boiler_01,12,0,46.72,2212,65,56.72
,,0,2026-09-13T12:46:02.379Z,2026-09-14T12:46:02.379Z,2026-09-14T06:12:32.379Z,telemetry,boiler_01,12,0,44.93,2213,65,54.93
,,0,2026-09-13T12:46:02.379Z,2026-09-14T12:46:02.379Z,2026-09-14T06:13:02.38Z,telemetry,boiler_01,12,0,43.23,2214,65,53.23
,,0,2026-09-13T12:46:02.379Z,2026-09-14T12:46:02.379Z,2026-09-14T06:13:32.379Z,telemetry,boiler_01,12,0,41.61,2215,65,51.61
,,0,2026-09-13T12:46:02.379Z,2026-09-14T12:46:02.379Z,2026-09-14T06:14:02.379Z,telemetry,boiler_01,12,0,40.06,2216,65,50.06
,,0,2026-09-13T12:46:02.379Z,2026-09-14T12:46:02.379Z,2026-09-14T06:14:32.379Z,telemetry,boiler_01,12,0,38.6,2217,65,48.6
,,0,2026-09-13T12:46:02.379Z,2026-09-14T12:46:02.379Z,2026-09-14T06:15:02.379Z,telemetry,boiler_01,12,0,37.2,2218,65,47.2
,,0,2026-09-13T12:46:02.379Z,2026-09-14T12:46:02.379Z,2026-09-14T06:15:32.379Z,telemetry,boiler_01,12,0,35.88,2219,65,45.88
,,0,2026-09-13T12:46:02.379Z,2026-09-14T12:46:02.379Z,2026-09-14T06:16:02.379Z,telemetry,boiler_01,12,0,34.61,2220,65,44.61
,,0,2026-09-13T12:46:02.379Z,2026-09-14T12:46:02.379Z,2026-09-14T06:16:32.379Z,telemetry,boiler_01,12,0,33.41,2221,65,43.41
,,0,2026-09-13T12:46:02.379Z,2026-09-14T12:46:02.379Z,2026-09-14T06:17:02.379Z,telemetry,boiler_01,12,0,32.27,2222,65,42.27
,,0,2026-09-13T12:46:02.379Z,2026-09-14T12:46:02.379Z,2026-09-14T06:17:32.379Z,telemetry,boiler_01,12,0,31.19,2223,65,41.19
,,0,2026-09-13T12:46:02.379Z,2026-09-14T12:46:02.379Z,2026-09-14T06:18:02.379Z,telemetry,boiler_01,12,0,30.15,2224,65,40.15
,,0,2026-09-13T12:46:02.379Z,2026-09-14T12:46:02.379Z,2026-09-14T06:18:32.379Z,telemetry,boiler_01,12,0,29.17,2225,65,39.17
,,0,2026-09-13T12:46:02.379Z,2026-09-14T12:46:02.379Z,2026-09-14T06:19:02.379Z,telemetry,boiler_01,12,0,28.23,2226,65,38.23
,,0,2026-09-13T12:46:02.379Z,2026-09-14T12:46:02.379Z,2026-09-14T06:19:32.379Z,telemetry,boiler_01,12,0,27.35,2227,65,37.35
,,0,2026-09-13T12:46:02.379Z,2026-09-14T12:46:02.379Z,2026-09-14T06:20:02.379Z,telemetry,boiler_01,12,5,28.74,2228,65,38.74
,,0,2026-09-13T12:46:02.379Z,2026-09-14T12:46:02.379Z,2026-09-14T06:20:32.379Z,telemetry,boiler_01,12,5,47.09,2229,65,57.09
,,0,2026-09-13T12:46:02.379Z,2026-09-14T12:46:02.379Z,2026-09-14T06:21:02.38Z,telemetry,boiler_01,12,5,52.62,2230,65,62.62
,,0,2026-09-13T12:46:02.379Z,2026-09-14T12:46:02.379Z,2026-09-14T06:21:32.379Z,telemetry,boiler_01,12,5,54.28,2231,65,64.28
,,0,2026-09-13T12:46:02.379Z,2026-09-14T12:46:02.379Z,2026-09-14T06:22:02.379Z,telemetry,boiler_01,12,5,54.78,2232,65,64.78
,,0,2026-09-13T12:46:02.379Z,2026-09-14T12:46:02.379Z,2026-09-14T06:22:32.379Z,telemetry,boiler_01,12,5,54.93,2233,65,64.93
,,0,2026-09-13T12:46:02.379Z,2026-09-14T12:46:02.379Z,2026-09-14T06:23:02.381Z,telemetry,boiler_01,12,5,54.98,2234,65,64.98
,,0,2026-09-13T12:46:02.379Z,2026-09-14T12:46:02.379Z,2026-09-14T06:23:32.379Z,telemetry,boiler_01,12,5,54.99,2235,65,64.99
,,0,2026-09-13T12:46:02.379Z,2026-09-14T12:46:02.379Z,2026-09-14T06:24:02.379Z,telemetry,boiler_01,12,5,55,2236,65,65
,,0,2026-09-13T12:46:02.379Z,2026-09-14T12:46:02.379Z,2026-09-14T06:24:32.379Z,telemetry,boiler_01,12,5,55,2237,65,65
,,0,2026-09-13T12:46:02.379Z,2026-09-14T12:46:02.379Z,2026-09-14T06:25:02.379Z,telemetry,boiler_01,12,5,55,2238,65,65
,,0,2026-09-13T12:46:02.379Z,2026-09-14T12:46:02.379Z,2026-09-14T06:25:32.379Z,telemetry,boiler_01,12,5,55,2239,65,65
,,0,2026-09-13T12:46:02.379Z,2026-09-14T12:46:02.379Z,2026-09-14T06:26:02.379Z,telemetry,boiler_01,12,5,55,2240,65,65
,,0,2026-09-13T12:46:02.379Z,2026-09-14T12:46:02.379Z,2026-09-14T06:26:32.379Z,telemetry,boiler_01,12,5,55,2241,65,65
,,0,2026-09-13T12:46:02.379Z,2026-09-14T12:46:02.379Z,2026-09-14T06:27:02.379Z,telemetry,boiler_01,12,5,55,2242,65,65
,,0,2026-09-13T12:46:02.379Z,2026-09-14T12:46:02.379Z,2026-09-14T06:27:32.379Z,telemetry,boiler_01,12,5,55,2243,65,65
,,0,2026-09-13T12:46:02.379Z,2026-09-14T12:46:02.379Z,2026-09-14T06:28:02.379Z,telemetry,boiler_01,12,5,55,2244,65,65
,,0,2026-09-13T12:46:02.379Z,2026-09-14T12:46:02.379Z,2026-09-14T06:28:32.379Z,telemetry,boiler_01,12,5,55,2245,65,65
,,0,2026-09-13T12:46:02.379Z,2026-09-14T12:46:02.379Z,2026-09-14T06:29:02.38Z,telemetry,boiler_01,12,5,55,2246,65,65
,,0,2026-09-13T12:46:02.379Z,2026-09-14T12:46:02.379Z,2026-09-14T06:29:32.379Z,telemetry,boiler_01,12,5,55,2247,65,65
,,0,2026-09-13T12:46:02.379Z,2026-09-14T12:46:02.379Z,2026-09-14T06:30:02.379Z,telemetry,boiler_01,12,0,54.85,2248,65,64.85
,,0,2026-09-13T12:46:02.379Z,2026-09-14T12:46:02.379Z,2026-09-14T06:30:32.379Z,telemetry,boiler_01,12,0,52.66,2249,65,62.66
,,0,2026-09-13T12:46:02.379Z,2026-09-14T12:46:02.379Z,2026-09-14T06:31:02.379Z,telemetry,boiler_01,12,0,50.58,2250,65,60.58
,,0,2026-09-13T12:46:02.379Z,2026-09-14T12:46:02.379Z,2026-09-14T06:31:32.379Z,telemetry,boiler_01,12,0,48.6,2251,65,58.6
,,0,2026-09-13T12:46:02.379Z,2026-09-14T12:46:02.379Z,2026-09-14T06:32:02.379Z,telemetry,boiler_01,12,0,46.72,2252,65,56.72
,,0,2026-09-13T12:46:02.379Z,2026-09-14T12:46:02.379Z,2026-09-14T06:32:32.379Z,telemetry,boiler_01,12,0,44.93,2253,65,54.93
,,0,2026-09-13T12:46:02.379Z,2026-09-14T12:46:02.379Z,2026-09-14T06:33:02.379Z,telemetry,boiler_01,12,0,43.23,2254,65,53.23
,,0,2026-09-13T12:46:02.379Z,2026-09-14T12:46:02.379Z,2026-09-14T06:33:32.379Z,telemetry,boiler_01,12,0,41.61,2255,65,51.61
,,0,2026-09-13T12:46:02.379Z,2026-09-14T12:46:02.379Z,2026-09-14T06:34:02.382Z,telemetry,boiler_01,12,0,40.06,2256,65,50.06
,,0,2026-09-13T12:46:02.379Z,2026-09-14T12:46:02.379Z,2026-09-14T06:34:32.379Z,telemetry,boiler_01,12,0,38.6,2257,65,48.6
,,0,2026-09-13T12:46:02.379Z,2026-09-14T12:46:02.379Z,2026-09-14T06:35:02.38Z,telemetry,boiler_01,12,0,37.2,2258,65,47.2
,,0,2026-09-13T12:46:02.379Z,2026-09-14T12:46:02.379Z,2026-09-14T06:35:32.379Z,telemetry,boiler_01,12,0,35.88,2259,65,45.88
,,0,2026-09-13T12:46:02.379Z,2026-09-14T12:46:02.379Z,2026-09-14T06:36:02.38Z,telemetry,boiler_01,12,0,34.61,2260,65,44.61
,,0,2026-09-13T12:46:02.379Z,2026-09-14T12:46:02.379Z,2026-09-14T06:36:32.379Z,telemetry,boiler_01,12,0,33.41,2261,65,43.41
,,0,2026-09-13T12:46:02.379Z,2026-09-14T12:46:02.379Z,2026-09-14T06:37:02.379Z,telemetry,boiler_01,12,0,32.27,2262,65,42.27
,,0,2026-09-13T12:46:02.379Z,2026-09-14T12:46:02.379Z,2026-09-14T06:37:32.379Z,telemetry,boiler_01,12,0,31.19,2263,65,41.19
,,0,2026-09-13T12:46:02.379Z,2026-09-14T12:46:02.379Z,2026-09-14T06:38:02.379Z,telemetry,boiler_01,12,0,30.15,2264,65,40.15
,,0,2026-09-13T12:46:02.379Z,2026-09-14T12:46:02.379Z,2026-09-14T06:38:32.379Z,telemetry,boiler_01,12,0,29.17,2265,65,39.17
,,0,2026-09-13T12:46:02.379Z,2026-09-14T12:46:02.379Z,2026-09-14T06:39:02.379Z,telemetry,boiler_01,12,0,28.23,2266,65,38.23
,,0,2026-09-13T12:46:02.379Z,2026-09-14T12:46:02.379Z,2026-09-14T06:39:32.379Z,telemetry,boiler_01,12,0,27.35,2267,65,37.35
,,0,2026-09-13T12:46:02.379Z,2026-09-14T12:46:02.379Z,2026-09-14T06:40:02.379Z,telemetry,boiler_01,12,5,28.74,2268,65,38.74
,,0,2026-09-13T12:46:02.379Z,2026-09-14T12:46:02.379Z,2026-09-14T06:40:32.379Z,telemetry,boiler_01,12,5,47.09,2269,65,57.09
,,0,2026-09-13T12:46:02.379Z,2026-09-14T12:46:02.379Z,2026-09-14T06:41:02.379Z,telemetry,boiler_01,12,5,52.62,2270,65,62.62
,,0,2026-09-13T12:46:02.379Z,2026-09-14T12:46:02.379Z,2026-09-14T06:41:32.379Z,telemetry,boiler_01,12,5,54.28,2271,65,64.28
,,0,2026-09-13T12:46:02.379Z,2026-09-14T12:46:02.379Z,2026-09-14T06:42:02.38Z,telemetry,boiler_01,12,5,54.78,2272,65,64.78
,,0,2026-09-13T12:46:02.379Z,2026-09-14T12:46:02.379Z,2026-09-14T06:42:32.379Z,telemetry,boiler_01,12,5,54.93,2273,65,64.93
,,0,2026-09-13T12:46:02.379Z,2026-09-14T12:46:02.379Z,2026-09-14T06:43:02.383Z,telemetry,boiler_01,12,5,54.98,2274,65,64.98
,,0,2026-09-13T12:46:02.379Z,2026-09-14T12:46:02.379Z,2026-09-14T06:43:32.379Z,telemetry,boiler_01,12,5,54.99,2275,65,64.99
,,0,2026-09-13T12:46:02.379Z,2026-09-14T12:46:02.379Z,2026-09-14T06:44:02.38Z,telemetry,boiler_01,12,5,55,2276,65,65
,,0,2026-09-13T12:46:02.379Z,2026-09-14T12:46:02.379Z,2026-09-14T06:44:32.379Z,telemetry,boiler_01,12,5,55,2277,65,65
,,0,2026-09-13T12:46:02.379Z,2026-09-14T12:46:02.379Z,2026-09-14T06:45:02.379Z,telemetry,boiler_01,12,5,55,2278,65,65
,,0,2026-09-13T12:46:02.379Z,2026-09-14T12:46:02.379Z,2026-09-14T06:45:32.379Z,telemetry,boiler_01,12,5,55,2279,65,65
,,0,2026-09-13T12:46:02.379Z,2026-09-14T12:46:02.379Z,2026-09-14T06:46:02.381Z,telemetry,boiler_01,12,5,55,2280,65,65
,,0,2026-09-13T12:46:02.379Z,2026-09-14T12:46:02.379Z,2026-09-14T06:46:32.379Z,telemetry,boiler_01,12,5,55,2281,65,65
,,0,2026-09-13T12:46:02.379Z,2026-09-14T12:46:02.379Z,2026-09-14T06:47:02.379Z,telemetry,boiler_01,12,5,55,2282,65,65
,,0,2026-09-13T12:46:02.379Z,2026-09-14T12:46:02.379Z,2026-09-14T06:47:32.379Z,telemetry,boiler_01,12,5,55,2283,65,65
,,0,2026-09-13T12:46:02.379Z,2026-09-14T12:46:02.379Z,2026-09-14T06:48:02.379Z,telemetry,boiler_01,12,5,55,2284,65,65
,,0,2026-09-13T12:46:02.379Z,2026-09-14T12:46:02.379Z,2026-09-14T06:48:32.379Z,telemetry,boiler_01,12,5,55,2285,65,65
,,0,2026-09-13T12:46:02.379Z,2026-09-14T12:46:02.379Z,2026-09-14T06:49:02.379Z,telemetry,boiler_01,12,5,55,2286,65,65
,,0,2026-09-13T12:46:02.379Z,2026-09-14T12:46:02.379Z,2026-09-14T06:49:32.379Z,telemetry,boiler_01,12,5,55,2287,65,65
,,0,2026-09-13T12:46:02.379Z,2026-09-14T12:46:02.379Z,2026-09-14T06:50:02.379Z,telemetry,boiler_01,12,0,54.85,2288,65,64.85
,,0,2026-09-13T12:46:02.379Z,2026-09-14T12:46:02.379Z,2026-09-14T06:50:32.379Z,telemetry,boiler_01,12,0,52.66,2289,65,62.66
,,0,2026-09-13T12:46:02.379Z,2026-09-14T12:46:02.379Z,2026-09-14T06:51:02.379Z,telemetry,boiler_01,12,0,50.58,2290,65,60.58
,,0,2026-09-13T12:46:02.379Z,2026-09-14T12:46:02.379Z,2026-09-14T06:51:32.379Z,telemetry,boiler_01,12,0,48.6,2291,65,58.6
,,0,2026-09-13T12:46:02.379Z,2026-09-14T12:46:02.379Z,2026-09-14T06:52:02.379Z,telemetry,boiler_01,12,0,46.72,2292,65,56.72
,,0,2026-09-13T12:46:02.379Z,2026-09-14T12:46:02.379Z,2026-09-14T06:52:32.379Z,telemetry,boiler_01,12,0,44.93,2293,65,54.93
,,0,2026-09-13T12:46:02.379Z,2026-09-14T12:46:02.379Z,2026-09-14T06:53:02.38Z,telemetry,boiler_01,12,0,43.23,2294,65,53.23
,,0,2026-09-13T12:46:02.379Z,2026-09-14T12:46:02.379Z,2026-09-14T06:53:32.379Z,telemetry,boiler_01,12,0,41.61,2295,65,51.61
,,0,2026-09-13T12:46:02.379Z,2026-09-14T12:46:02.379Z,2026-09-14T06:54:02.379Z,telemetry,boiler_01,12,0,40.06,2296,65,50.06
,,0,2026-09-13T12:46:02.379Z,2026-09-14T12:46:02.379Z,2026-09-14T06:54:32.379Z,telemetry,boiler_01,12,0,38.6,2297,65,48.6
,,0,2026-09-13T12:46:02.379Z,2026-09-14T12:46:02.379Z,2026-09-14T06:55:02.379Z,telemetry,boiler_01,12,0,37.2,2298,65,47.2
,,0,2026-09-13T12:46:02.379Z,2026-09-14T12:46:02.379Z,2026-09-14T06:55:32.379Z,telemetry,boiler_01,12,0,35.88,2299,65,45.88
,,0,2026-09-13T12:46:02.379Z,2026-09-14T12:46:02.379Z,2026-09-14T06:56:02.38Z,telemetry,boiler_01,12,0,34.61,2300,65,44.61
,,0,2026-09-13T12:46:02.379Z,2026-09-14T12:46:02.379Z,2026-09-14T06:56:32.379Z,telemetry,boiler_01,12,0,33.41,2301,65,43.41
,,0,2026-09-13T12:46:02.379Z,2026-09-14T12:46:02.379Z,2026-09-14T06:57:02.38Z,telemetry,boiler_01,12,0,32.27,2302,65,42.27
,,0,2026-09-13T12:46:02.379Z,2026-09-14T12:46:02.379Z,2026-09-14T06:57:32.379Z,telemetry,boiler_01,12,0,31.19,2303,65,41.19
,,0,2026-09-13T12:46:02.379Z,2026-09-14T12:46:02.379Z,2026-09-14T06:58:02.379Z,telemetry,boiler_01,12,0,30.15,2304,65,40.15
,,0,2026-09-13T12:46:02.379Z,2026-09-14T12:46:02.379Z,2026-09-14T06:58:32.379Z,telemetry,boiler_01,12,0,29.17,2305,65,39.17
,,0,2026-09-13T12:46:02.379Z,2026-09-14T12:46:02.379Z,2026-09-14T06:59:02.379Z,telemetry,boiler_01,12,0,28.23,2306,65,38.23
,,0,2026-09-13T12:46:02.379Z,2026-09-14T12:46:02.379Z,2026-09-14T06:59:32.379Z,telemetry,boiler_01,12,0,27.35,2307,65,37.35
,,0,2026-09-13T12:46:02.379Z,2026-09-14T12:46:02.379Z,2026-09-14T07:00:02.379Z,telemetry,boiler_01,12,5,28.74,2308,65,38.74
,,0,2026-09-13T12:46:02.379Z,2026-09-14T12:46:02.379Z,2026-09-14T07:00:32.379Z,telemetry,boiler_01,12,5,47.09,2309,65,57.09
,,0,2026-09-13T12:46:02.379Z,2026-09-14T12:46:02.379Z,2026-09-14T07:01:02.379Z,telemetry,boiler_01,12,5,52.62,2310,65,62.62
,,0,2026-09-13T12:46:02.379Z,2026-09-14T12:46:02.379Z,2026-09-14T07:01:32.379Z,telemetry,boiler_01,12,5,54.28,2311,65,64.28
,,0,2026-09-13T12:46:02.379Z,2026-09-14T12:46:02.379Z,2026-09-14T07:02:02.379Z,telemetry,boiler_01,12,5,54.78,2312,65,64.78
,,0,2026-09-13T12:46:02.379Z,2026-09-14T12:46:02.379Z,2026-09-14T07:02:32.379Z,telemetry,boiler_01,12,5,54.93,2313,65,64.93
,,0,2026-09-13T12:46:02.379Z,2026-09-14T12:46:02.379Z,2026-09-14T07:03:02.379Z,telemetry,boiler_01,12,5,54.98,2314,65,64.98
,,0,2026-09-13T12:46:02.379Z,2026-09-14T12:46:02.379Z,2026-09-14T07:03:32.379Z,telemetry,boiler_01,12,5,54.99,2315,65,64.99
,,0,2026-09-13T12:46:02.379Z,2026-09-14T12:46:02.379Z,2026-09-14T07:04:02.379Z,telemetry,boiler_01,12,5,55,2316,65,65
,,0,2026-09-13T12:46:02.379Z,2026-09-14T12:46:02.379Z,2026-09-14T07:04:32.379Z,telemetry,boiler_01,12,5,55,2317,65,65
,,0,2026-09-13T12:46:02.379Z,2026-09-14T12:46:02.379Z,2026-09-14T07:05:02.379Z,telemetry,boiler_01,12,5,55,2318,65,65
,,0,2026-09-13T12:46:02.379Z,2026-09-14T12:46:02.379Z,2026-09-14T07:05:32.379Z,telemetry,boiler_01,12,5,55,2319,65,65
,,0,2026-09-13T12:46:02.379Z,2026-09-14T12:46:02.379Z,2026-09-14T07:06:02.38Z,telemetry,boiler_01,12,5,55,2320,65,65
,,0,2026-09-13T12:46:02.379Z,2026-09-14T12:46:02.379Z,2026-09-14T07:06:32.379Z,telemetry,boiler_01,12,5,55,2321,65,65
,,0,2026-09-13T12:46:02.379Z,2026-09-14T12:46:02.379Z,2026-09-14T07:07:02.379Z,telemetry,boiler_01,12,5,55,2322,65,65
,,0,2026-09-13T12:46:02.379Z,2026-09-14T12:46:02.379Z,2026-09-14T07:07:32.379Z,telemetry,boiler_01,12,5,55,2323,65,65
,,0,2026-09-13T12:46:02.379Z,2026-09-14T12:46:02.379Z,2026-09-14T07:08:02.379Z,telemetry,boiler_01,12,5,55,2324,65,65
,,0,2026-09-13T12:46:02.379Z,2026-09-14T12:46:02.379Z,2026-09-14T07:08:32.379Z,telemetry,boiler_01,12,5,55,2325,65,65
,,0,2026-09-13T12:46:02.379Z,2026-09-14T12:46:02.379Z,2026-09-14T07:09:02.38Z,telemetry,boiler_01,12,5,55,2326,65,65
,,0,2026-09-13T12:46:02.379Z,2026-09-14T12:46:02.379Z,2026-09-14T07:09:32.379Z,telemetry,boiler_01,12,5,55,2327,65,65
,,0,2026-09-13T12:46:02.379Z,2026-09-14T12:46:02.379Z,2026-09-14T07:10:02.379Z,telemetry,boiler_01,12,0,54.85,2328,65,64.85
,,0,2026-09-13T12:46:02.379Z,2026-09-14T12:46:02.379Z,2026-09-14T07:10:32.379Z,telemetry,boiler_01,12,0,52.66,2329,65,62.66
,,0,2026-09-13T12:46:02.379Z,2026-09-14T12:46:02.379Z,2026-09-14T07:11:02.38Z,telemetry,boiler_01,12,0,50.58,2330,65,60.58
,,0,2026-09-13T12:46:02.379Z,2026-09-14T12:46:02.379Z,2026-09-14T07:11:32.379Z,telemetry,boiler_01,12,0,48.6,2331,65,58.6
,,0,2026-09-13T12:46:02.379Z,2026-09-14T12:46:02.379Z,2026-09-14T07:12:02.379Z,telemetry,boiler_01,12,0,46.72,2332,65,56.72
,,0,2026-09-13T12:46:02.379Z,2026-09-14T12:46:02.379Z,2026-09-14T07:12:32.379Z,telemetry,boiler_01,12,0,44.93,2333,65,54.93
,,0,2026-09-13T12:46:02.379Z,2026-09-14T12:46:02.379Z,2026-09-14T07:13:02.379Z,telemetry,boiler_01,12,0,43.23,2334,65,53.23
,,0,2026-09-13T12:46:02.379Z,2026-09-14T12:46:02.379Z,2026-09-14T07:13:32.379Z,telemetry,boiler_01,12,0,41.61,2335,65,51.61
,,0,2026-09-13T12:46:02.379Z,2026-09-14T12:46:02.379Z,2026-09-14T07:14:02.379Z,telemetry,boiler_01,12,0,40.06,2336,65,50.06
,,0,2026-09-13T12:46:02.379Z,2026-09-14T12:46:02.379Z,2026-09-14T07:14:32.379Z,telemetry,boiler_01,12,0,38.6,2337,65,48.6
,,0,2026-09-13T12:46:02.379Z,2026-09-14T12:46:02.379Z,2026-09-14T07:15:02.403Z,telemetry,boiler_01,12,0,37.2,2338,65,47.2
,,0,2026-09-13T12:46:02.379Z,2026-09-14T12:46:02.379Z,2026-09-14T07:15:32.379Z,telemetry,boiler_01,12,0,35.88,2339,65,45.88
,,0,2026-09-13T12:46:02.379Z,2026-09-14T12:46:02.379Z,2026-09-14T07:16:02.38Z,telemetry,boiler_01,12,0,34.61,2340,65,44.61
,,0,2026-09-13T12:46:02.379Z,2026-09-14T12:46:02.379Z,2026-09-14T07:16:32.379Z,telemetry,boiler_01,12,0,33.41,2341,65,43.41
,,0,2026-09-13T12:46:02.379Z,2026-09-14T12:46:02.379Z,2026-09-14T07:17:02.379Z,telemetry,boiler_01,12,0,32.27,2342,65,42.27
,,0,2026-09-13T12:46:02.379Z,2026-09-14T12:46:02.379Z,2026-09-14T07:17:32.379Z,telemetry,boiler_01,12,0,31.19,2343,65,41.19
,,0,2026-09-13T12:46:02.379Z,2026-09-14T12:46:02.379Z,2026-09-14T07:18:02.379Z,telemetry,boiler_01,12,0,30.15,2344,65,40.15
,,0,2026-09-13T12:46:02.379Z,2026-09-14T12:46:02.379Z,2026-09-14T07:18:32.379Z,telemetry,boiler_01,12,0,29.17,2345,65,39.17
,,0,2026-09-13T12:46:02.379Z,2026-09-14T12:46:02.379Z,2026-09-14T07:19:02.379Z,telemetry,boiler_01,12,0,28.23,2346,65,38.23
,,0,2026-09-13T12:46:02.379Z,2026-09-14T12:46:02.379Z,2026-09-14T07:19:32.379Z,telemetry,boiler_01,12,0,27.35,2347,65,37.35
,,0,2026-09-13T12:46:02.379Z,2026-09-14T12:46:02.379Z,2026-09-14T07:20:02.38Z,telemetry,boiler_01,12,5,28.74,2348,65,38.74
,,0,2026-09-13T12:46:02.379Z,2026-09-14T12:46:02.379Z,2026-09-14T07:20:32.379Z,telemetry,boiler_01,12,5,47.09,2349,65,57.09
,,0,2026-09-13T12:46:02.379Z,2026-09-14T12:46:02.379Z,2026-09-14T07:21:02.379Z,telemetry,boiler_01,12,5,52.62,2350,65,62.62
,,0,2026-09-13T12:46:02.379Z,2026-09-14T12:46:02.379Z,2026-09-14T07:21:32.379Z,telemetry,boiler_01,12,5,54.28,2351,65,64.28
,,0,2026-09-13T12:46:02.379Z,2026-09-14T12:46:02.379Z,2026-09-14T07:22:02.38Z,telemetry,boiler_01,12,5,54.78,2352,65,64.78
,,0,2026-09-13T12:46:02.379Z,2026-09-14T12:46:02.379Z,2026-09-14T07:22:32.379Z,telemetry,boiler_01,12,5,54.93,2353,65,64.93
,,0,2026-09-13T12:46:02.379Z,2026-09-14T12:46:02.379Z,2026-09-14T07:23:02.38Z,telemetry,boiler_01,12,5,54.98,2354,65,64.98
,,0,2026-09-13T12:46:02.379Z,2026-09-14T12:46:02.379Z,2026-09-14T07:23:32.379Z,telemetry,boiler_01,12,5,54.99,2355,65,64.99
,,0,2026-09-13T12:46:02.379Z,2026-09-14T12:46:02.379Z,2026-09-14T07:24:02.388Z,telemetry,boiler_01,12,5,55,2356,65,65
,,0,2026-09-13T12:46:02.379Z,2026-09-14T12:46:02.379Z,2026-09-14T07:24:32.379Z,telemetry,boiler_01,12,5,55,2357,65,65
,,0,2026-09-13T12:46:02.379Z,2026-09-14T12:46:02.379Z,2026-09-14T07:25:02.379Z,telemetry,boiler_01,12,5,55,2358,65,65
,,0,2026-09-13T12:46:02.379Z,2026-09-14T12:46:02.379Z,2026-09-14T07:25:32.379Z,telemetry,boiler_01,12,5,55,2359,65,65
,,0,2026-09-13T12:46:02.379Z,2026-09-14T12:46:02.379Z,2026-09-14T07:26:02.38Z,telemetry,boiler_01,12,5,55,2360,65,65
,,0,2026-09-13T12:46:02.379Z,2026-09-14T12:46:02.379Z,2026-09-14T07:26:32.379Z,telemetry,boiler_01,12,5,55,2361,65,65
,,0,2026-09-13T12:46:02.379Z,2026-09-14T12:46:02.379Z,2026-09-14T07:27:02.383Z,telemetry,boiler_01,12,5,55,2362,65,65
,,0,2026-09-13T12:46:02.379Z,2026-09-14T12:46:02.379Z,2026-09-14T07:27:32.379Z,telemetry,boiler_01,12,5,55,2363,65,65
,,0,2026-09-13T12:46:02.379Z,2026-09-14T12:46:02.379Z,2026-09-14T07:28:02.38Z,telemetry,boiler_01,12,5,55,2364,65,65
,,0,2026-09-13T12:46:02.379Z,2026-09-14T12:46:02.379Z,2026-09-14T07:28:32.38Z,telemetry,boiler_01,12,5,55,2365,65,65
,,0,2026-09-13T12:46:02.379Z,2026-09-14T12:46:02.379Z,2026-09-14T07:29:02.379Z,telemetry,boiler_01,12,5,55,2366,65,65
,,0,2026-09-13T12:46:02.379Z,2026-09-14T12:46:02.379Z,2026-09-14T07:29:32.379Z,telemetry,boiler_01,12,5,55,2367,65,65
,,0,2026-09-13T12:46:02.379Z,2026-09-14T12:46:02.379Z,2026-09-14T07:30:02.379Z,telemetry,boiler_01,12,0,54.85,2368,65,64.85
,,0,2026-09-13T12:46:02.379Z,2026-09-14T12:46:02.379Z,2026-09-14T07:30:32.379Z,telemetry,boiler_01,12,0,52.66,2369,65,62.66
,,0,2026-09-13T12:46:02.379Z,2026-09-14T12:46:02.379Z,2026-09-14T07:31:02.379Z,telemetry,boiler_01,12,0,50.58,2370,65,60.58
,,0,2026-09-13T12:46:02.379Z,2026-09-14T12:46:02.379Z,2026-09-14T07:31:32.379Z,telemetry,boiler_01,12,0,48.6,2371,65,58.6
,,0,2026-09-13T12:46:02.379Z,2026-09-14T12:46:02.379Z,2026-09-14T07:32:02.385Z,telemetry,boiler_01,12,0,46.72,2372,65,56.72
,,0,2026-09-13T12:46:02.379Z,2026-09-14T12:46:02.379Z,2026-09-14T07:32:32.379Z,telemetry,boiler_01,12,0,44.93,2373,65,54.93
,,0,2026-09-13T12:46:02.379Z,2026-09-14T12:46:02.379Z,2026-09-14T07:33:02.38Z,telemetry,boiler_01,12,0,43.23,2374,65,53.23
,,0,2026-09-13T12:46:02.379Z,2026-09-14T12:46:02.379Z,2026-09-14T07:33:32.379Z,telemetry,boiler_01,12,0,41.61,2375,65,51.61
,,0,2026-09-13T12:46:02.379Z,2026-09-14T12:46:02.379Z,2026-09-14T07:34:02.379Z,telemetry,boiler_01,12,0,40.06,2376,65,50.06
,,0,2026-09-13T12:46:02.379Z,2026-09-14T12:46:02.379Z,2026-09-14T07:34:32.379Z,telemetry,boiler_01,12,0,38.6,2377,65,48.6
,,0,2026-09-13T12:46:02.379Z,2026-09-14T12:46:02.379Z,2026-09-14T07:35:02.379Z,telemetry,boiler_01,12,0,37.2,2378,65,47.2
,,0,2026-09-13T12:46:02.379Z,2026-09-14T12:46:02.379Z,2026-09-14T07:35:32.379Z,telemetry,boiler_01,12,0,35.88,2379,65,45.88
,,0,2026-09-13T12:46:02.379Z,2026-09-14T12:46:02.379Z,2026-09-14T07:36:02.379Z,telemetry,boiler_01,12,0,34.61,2380,65,44.61
,,0,2026-09-13T12:46:02.379Z,2026-09-14T12:46:02.379Z,2026-09-14T07:36:32.379Z,telemetry,boiler_01,12,0,33.41,2381,65,43.41
,,0,2026-09-13T12:46:02.379Z,2026-09-14T12:46:02.379Z,2026-09-14T07:37:02.379Z,telemetry,boiler_01,12,0,32.27,2382,65,42.27
,,0,2026-09-13T12:46:02.379Z,2026-09-14T12:46:02.379Z,2026-09-14T07:37:32.379Z,telemetry,boiler_01,12,0,31.19,2383,65,41.19
,,0,2026-09-13T12:46:02.379Z,2026-09-14T12:46:02.379Z,2026-09-14T07:38:02.379Z,telemetry,boiler_01,12,0,30.15,2384,65,40.15
,,0,2026-09-13T12:46:02.379Z,2026-09-14T12:46:02.379Z,2026-09-14T07:38:32.379Z,telemetry,boiler_01,12,0,29.17,2385,65,39.17
,,0,2026-09-13T12:46:02.379Z,2026-09-14T12:46:02.379Z,2026-09-14T07:39:02.379Z,telemetry,boiler_01,12,0,28.23,2386,65,38.23
,,0,2026-09-13T12:46:02.379Z,2026-09-14T12:46:02.379Z,2026-09-14T07:39:32.379Z,telemetry,boiler_01,12,0,27.35,2387,65,37.35
,,0,2026-09-13T12:46:02.379Z,2026-09-14T12:46:02.379Z,2026-09-14T07:40:02.379Z,telemetry,boiler_01,12,5,28.74,2388,65,38.74
,,0,2026-09-13T12:46:02.379Z,2026-09-14T12:46:02.379Z,2026-09-14T07:40:32.379Z,telemetry,boiler_01,12,5,47.09,2389,65,57.09
,,0,2026-09-13T12:46:02.379Z,2026-09-14T12:46:02.379Z,2026-09-14T07:41:02.379Z,telemetry,boiler_01,12,5,52.62,2390,65,62.62
,,0,2026-09-13T12:46:02.379Z,2026-09-14T12:46:02.379Z,2026-09-14T07:41:32.379Z,telemetry,boiler_01,12,5,54.28,2391,65,64.28
,,0,2026-09-13T12:46:02.379Z,2026-09-14T12:46:02.379Z,2026-09-14T07:42:02.379Z,telemetry,boiler_01,12,5,54.78,2392,65,64.78
,,0,2026-09-13T12:46:02.379Z,2026-09-14T12:46:02.379Z,2026-09-14T07:42:32.379Z,telemetry,boiler_01,12,5,54.93,2393,65,64.93
,,0,2026-09-13T12:46:02.379Z,2026-09-14T12:46:02.379Z,2026-09-14T07:43:02.379Z,telemetry,boiler_01,12,5,54.98,2394,65,64.98
,,0,2026-09-13T12:46:02.379Z,2026-09-14T12:46:02.379Z,2026-09-14T07:43:32.379Z,telemetry,boiler_01,12,5,54.99,2395,65,64.99
,,0,2026-09-13T12:46:02.379Z,2026-09-14T12:46:02.379Z,2026-09-14T07:44:02.379Z,telemetry,boiler_01,12,5,55,2396,65,65
,,0,2026-09-13T12:46:02.379Z,2026-09-14T12:46:02.379Z,2026-09-14T07:44:32.379Z,telemetry,boiler_01,12,5,55,2397,65,65
,,0,2026-09-13T12:46:02.379Z,2026-09-14T12:46:02.379Z,2026-09-14T07:45:02.379Z,telemetry,boiler_01,12,5,55,2398,65,65
,,0,2026-09-13T12:46:02.379Z,2026-09-14T12:46:02.379Z,2026-09-14T07:45:32.379Z,telemetry,boiler_01,12,5,55,2399,65,65
,,0,2026-09-13T12:46:02.379Z,2026-09-14T12:46:02.379Z,2026-09-14T07:46:02.38Z,telemetry,boiler_01,12,5,55,2400,65,65
,,0,2026-09-13T12:46:02.379Z,2026-09-14T12:46:02.379Z,2026-09-14T07:46:32.379Z,telemetry,boiler_01,12,5,55,2401,65,65
,,0,2026-09-13T12:46:02.379Z,2026-09-14T12:46:02.379Z,2026-09-14T07:47:02.379Z,telemetry,boiler_01,12,5,55,2402,65,65
,,0,2026-09-13T12:46:02.379Z,2026-09-14T12:46:02.379Z,2026-09-14T07:47:32.379Z,telemetry,boiler_01,12,5,55,2403,65,65
,,0,2026-09-13T12:46:02.379Z,2026-09-14T12:46:02.379Z,2026-09-14T07:48:02.379Z,telemetry,boiler_01,12,5,55,2404,65,65
,,0,2026-09-13T12:46:02.379Z,2026-09-14T12:46:02.379Z,2026-09-14T07:48:32.379Z,telemetry,boiler_01,12,5,55,2405,65,65
,,0,2026-09-13T12:46:02.379Z,2026-09-14T12:46:02.379Z,2026-09-14T07:49:02.379Z,telemetry,boiler_01,12,5,55,2406,65,65
,,0,2026-09-13T12:46:02.379Z,2026-09-14T12:46:02.379Z,2026-09-14T07:49:32.379Z,telemetry,boiler_01,12,5,55,2407,65,65
,,0,2026-09-13T12:46:02.379Z,2026-09-14T12:46:02.379Z,2026-09-14T07:50:02.379Z,telemetry,boiler_01,12,0,54.85,2408,65,64.85
,,0,2026-09-13T12:46:02.379Z,2026-09-14T12:46:02.379Z,2026-09-14T07:50:32.379Z,telemetry,boiler_01,12,0,52.66,2409,65,62.66
,,0,2026-09-13T12:46:02.379Z,2026-09-14T12:46:02.379Z,2026-09-14T07:51:02.379Z,telemetry,boiler_01,12,0,50.58,2410,65,60.58
,,0,2026-09-13T12:46:02.379Z,2026-09-14T12:46:02.379Z,2026-09-14T07:51:32.379Z,telemetry,boiler_01,12,0,48.6,2411,65,58.6
,,0,2026-09-13T12:46:02.379Z,2026-09-14T12:46:02.379Z,2026-09-14T07:52:02.379Z,telemetry,boiler_01,12,0,46.72,2412,65,56.72
,,0,2026-09-13T12:46:02.379Z,2026-09-14T12:46:02.379Z,2026-09-14T07:52:32.379Z,telemetry,boiler_01,12,0,44.93,2413,65,54.93
,,0,2026-09-13T12:46:02.379Z,2026-09-14T12:46:02.379Z,2026-09-14T07:53:02.382Z,telemetry,boiler_01,12,0,43.23,2414,65,53.23
,,0,2026-09-13T12:46:02.379Z,2026-09-14T12:46:02.379Z,2026-09-14T07:53:32.379Z,telemetry,boiler_01,12,0,41.61,2415,65,51.61
,,0,2026-09-13T12:46:02.379Z,2026-09-14T12:46:02.379Z,2026-09-14T07:54:02.379Z,telemetry,boiler_01,12,0,40.06,2416,65,50.06
,,0,2026-09-13T12:46:02.379Z,2026-09-14T12:46:02.379Z,2026-09-14T07:54:32.379Z,telemetry,boiler_01,12,0,38.6,2417,65,48.6
,,0,2026-09-13T12:46:02.379Z,2026-09-14T12:46:02.379Z,2026-09-14T07:55:02.379Z,telemetry,boiler_01,12,0,37.2,2418,65,47.2
,,0,2026-09-13T12:46:02.379Z,2026-09-14T12:46:02.379Z,2026-09-14T07:55:32.379Z,telemetry,boiler_01,12,0,35.88,2419,65,45.88
,,0,2026-09-13T12:46:02.379Z,2026-09-14T12:46:02.379Z,2026-09-14T07:56:02.382Z,telemetry,boiler_01,12,0,34.61,2420,65,44.61
,,0,2026-09-13T12:46:02.379Z,2026-09-14T12:46:02.379Z,2026-09-14T07:56:32.379Z,telemetry,boiler_01,12,0,33.41,2421,65,43.41
,,0,2026-09-13T12:46:02.379Z,2026-09-14T12:46:02.379Z,2026-09-14T07:57:02.379Z,telemetry,boiler_01,12,0,32.27,2422,65,42.27
,,0,2026-09-13T12:46:02.379Z,2026-09-14T12:46:02.379Z,2026-09-14T07:57:32.379Z,telemetry,boiler_01,12,0,31.19,2423,65,41.19
,,0,2026-09-13T12:46:02.379Z,2026-09-14T12:46:02.379Z,2026-09-14T07:58:02.381Z,telemetry,boiler_01,12,0,30.15,2424,65,40.15
,,0,2026-09-13T12:46:02.379Z,2026-09-14T12:46:02.379Z,2026-09-14T07:58:32.379Z,telemetry,boiler_01,12,0,29.17,2425,65,39.17
,,0,2026-09-13T12:46:02.379Z,2026-09-14T12:46:02.379Z,2026-09-14T07:59:02.38Z,telemetry,boiler_01,12,0,28.23,2426,65,38.23
,,0,2026-09-13T12:46:02.379Z,2026-09-14T12:46:02.379Z,2026-09-14T07:59:32.379Z,telemetry,boiler_01,12,0,27.35,2427,65,37.35
,,0,2026-09-13T12:46:02.379Z,2026-09-14T12:46:02.379Z,2026-09-14T08:00:02.379Z,telemetry,boiler_01,12,5,28.74,2428,65,38.74
,,0,2026-09-13T12:46:02.379Z,2026-09-14T12:46:02.379Z,2026-09-14T08:00:32.379Z,telemetry,boiler_01,12,5,47.09,2429,65,57.09
,,0,2026-09-13T12:46:02.379Z,2026-09-14T12:46:02.379Z,2026-09-14T08:01:02.379Z,telemetry,boiler_01,12,5,52.62,2430,65,62.62
,,0,2026-09-13T12:46:02.379Z,2026-09-14T12:46:02.379Z,2026-09-14T08:01:32.379Z,telemetry,boiler_01,12,5,54.28,2431,65,64.28
,,0,2026-09-13T12:46:02.379Z,2026-09-14T12:46:02.379Z,2026-09-14T08:02:02.379Z,telemetry,boiler_01,12,5,54.78,2432,65,64.78
,,0,2026-09-13T12:46:02.379Z,2026-09-14T12:46:02.379Z,2026-09-14T08:02:32.379Z,telemetry,boiler_01,12,5,54.93,2433,65,64.93
,,0,2026-09-13T12:46:02.379Z,2026-09-14T12:46:02.379Z,2026-09-14T08:03:02.379Z,telemetry,boiler_01,12,5,54.98,2434,65,64.98
,,0,2026-09-13T12:46:02.379Z,2026-09-14T12:46:02.379Z,2026-09-14T08:03:32.379Z,telemetry,boiler_01,12,5,54.99,2435,65,64.99
,,0,2026-09-13T12:46:02.379Z,2026-09-14T12:46:02.379Z,2026-09-14T08:04:02.379Z,telemetry,boiler_01,12,5,55,2436,65,65
,,0,2026-09-13T12:46:02.379Z,2026-09-14T12:46:02.379Z,2026-09-14T08:04:32.379Z,telemetry,boiler_01,12,5,55,2437,65,65
,,0,2026-09-13T12:46:02.379Z,2026-09-14T12:46:02.379Z,2026-09-14T08:05:02.379Z,telemetry,boiler_01,12,5,55,2438,65,65
,,0,2026-09-13T12:46:02.379Z,2026-09-14T12:46:02.379Z,2026-09-14T08:05:32.379Z,telemetry,boiler_01,12,5,55,2439,65,65
,,0,2026-09-13T12:46:02.379Z,2026-09-14T12:46:02.379Z,2026-09-14T08:06:02.379Z,telemetry,boiler_01,12,5,55,2440,65,65
,,0,2026-09-13T12:46:02.379Z,2026-09-14T12:46:02.379Z,2026-09-14T08:06:32.379Z,telemetry,boiler_01,12,5,55,2441,65,65
,,0,2026-09-13T12:46:02.379Z,2026-09-14T12:46:02.379Z,2026-09-14T08:07:02.379Z,telemetry,boiler_01,12,5,55,2442,65,65
,,0,2026-09-13T12:46:02.379Z,2026-09-14T12:46:02.379Z,2026-09-14T08:07:32.379Z,telemetry,boiler_01,12,5,55,2443,65,65
,,0,2026-09-13T12:46:02.379Z,2026-09-14T12:46:02.379Z,2026-09-14T08:08:02.38Z,telemetry,boiler_01,12,5,55,2444,65,65
,,0,2026-09-13T12:46:02.379Z,2026-09-14T12:46:02.379Z,2026-09-14T08:08:32.379Z,telemetry,boiler_01,12,5,55,2445,65,65
,,0,2026-09-13T12:46:02.379Z,2026-09-14T12:46:02.379Z,2026-09-14T08:09:02.38Z,telemetry,boiler_01,12,5,55,2446,65,65
,,0,2026-09-13T12:46:02.379Z,2026-09-14T12:46:02.379Z,2026-09-14T08:09:32.379Z,telemetry,boiler_01,12,5,55,2447,65,65
,,0,2026-09-13T12:46:02.379Z,2026-09-14T12:46:02.379Z,2026-09-14T08:10:02.379Z,telemetry,boiler_01,12,0,54.85,2448,65,64.85
,,0,2026-09-13T12:46:02.379Z,2026-09-14T12:46:02.379Z,2026-09-14T08:10:32.379Z,telemetry,boiler_01,12,0,52.66,2449,65,62.66
,,0,2026-09-13T12:46:02.379Z,2026-09-14T12:46:02.379Z,2026-09-14T08:11:02.382Z,telemetry,boiler_01,12,0,50.58,2450,65,60.58
,,0,2026-09-13T12:46:02.379Z,2026-09-14T12:46:02.379Z,2026-09-14T08:11:32.379Z,telemetry,boiler_01,12,0,48.6,2451,65,58.6
,,0,2026-09-13T12:46:02.379Z,2026-09-14T12:46:02.379Z,2026-09-14T08:12:02.379Z,telemetry,boiler_01,12,0,46.72,2452,65,56.72
,,0,2026-09-13T12:46:02.379Z,2026-09-14T12:46:02.379Z,2026-09-14T08:12:32.379Z,telemetry,boiler_01,12,0,44.93,2453,65,54.93
,,0,2026-09-13T12:46:02.379Z,2026-09-14T12:46:02.379Z,2026-09-14T08:13:02.383Z,telemetry,boiler_01,12,0,43.23,2454,65,53.23
,,0,2026-09-13T12:46:02.379Z,2026-09-14T12:46:02.379Z,2026-09-14T08:13:32.379Z,telemetry,boiler_01,12,0,41.61,2455,65,51.61
,,0,2026-09-13T12:46:02.379Z,2026-09-14T12:46:02.379Z,2026-09-14T08:14:02.379Z,telemetry,boiler_01,12,0,40.06,2456,65,50.06
,,0,2026-09-13T12:46:02.379Z,2026-09-14T12:46:02.379Z,2026-09-14T08:14:32.379Z,telemetry,boiler_01,12,0,38.6,2457,65,48.6
,,0,2026-09-13T12:46:02.379Z,2026-09-14T12:46:02.379Z,2026-09-14T08:15:02.379Z,telemetry,boiler_01,12,0,37.2,2458,65,47.2
,,0,2026-09-13T12:46:02.379Z,2026-09-14T12:46:02.379Z,2026-09-14T08:15:32.379Z,telemetry,boiler_01,12,0,35.88,2459,65,45.88
,,0,2026-09-13T12:46:02.379Z,2026-09-14T12:46:02.379Z,2026-09-14T08:16:02.379Z,telemetry,boiler_01,12,0,34.61,2460,65,44.61
,,0,2026-09-13T12:46:02.379Z,2026-09-14T12:46:02.379Z,2026-09-14T08:16:32.379Z,telemetry,boiler_01,12,0,33.41,2461,65,43.41
,,0,2026-09-13T12:46:02.379Z,2026-09-14T12:46:02.379Z,2026-09-14T08:17:02.379Z,telemetry,boiler_01,12,0,32.27,2462,65,42.27
,,0,2026-09-13T12:46:02.379Z,2026-09-14T12:46:02.379Z,2026-09-14T08:17:32.379Z,telemetry,boiler_01,12,0,31.19,2463,65,41.19
,,0,2026-09-13T12:46:02.379Z,2026-09-14T12:46:02.379Z,2026-09-14T08:18:02.38Z,telemetry,boiler_01,12,0,30.15,2464,65,40.15
,,0,2026-09-13T12:46:02.379Z,2026-09-14T12:46:02.379Z,2026-09-14T08:18:32.379Z,telemetry,boiler_01,12,0,29.17,2465,65,39.17
,,0,2026-09-13T12:46:02.379Z,2026-09-14T12:46:02.379Z,2026-09-14T08:19:02.379Z,telemetry,boiler_01,12,0,28.23,2466,65,38.23
,,0,2026-09-13T12:46:02.379Z,2026-09-14T12:46:02.379Z,2026-09-14T08:19:32.379Z,telemetry,boiler_01,12,0,27.35,2467,65,37.35
,,0,2026-09-13T12:46:02.379Z,2026-09-14T12:46:02.379Z,2026-09-14T08:20:02.379Z,telemetry,boiler_01,12,5,28.74,2468,65,38.74
,,0,2026-09-13T12:46:02.379Z,2026-09-14T12:46:02.379Z,2026-09-14T08:20:32.379Z,telemetry,boiler_01,12,5,47.09,2469,65,57.09
,,0,2026-09-13T12:46:02.379Z,2026-09-14T12:46:02.379Z,2026-09-14T08:21:02.379Z,telemetry,boiler_01,12,5,52.62,2470,65,62.62
,,0,2026-09-13T12:46:02.379Z,2026-09-14T12:46:02.379Z,2026-09-14T08:21:32.379Z,telemetry,boiler_01,12,5,54.28,2471,65,64.28
,,0,2026-09-13T12:46:02.379Z,2026-09-14T12:46:02.379Z,2026-09-14T08:22:02.379Z,telemetry,boiler_01,12,5,54.78,2472,65,64.78
,,0,2026-09-13T12:46:02.379Z,2026-09-14T12:46:02.379Z,2026-09-14T08:22:32.379Z,telemetry,boiler_01,12,5,54.93,2473,65,64.93
,,0,2026-09-13T12:46:02.379Z,2026-09-14T12:46:02.379Z,2026-09-14T08:23:02.384Z,telemetry,boiler_01,12,5,54.98,2474,65,64.98
,,0,2026-09-13T12:46:02.379Z,2026-09-14T12:46:02.379Z,2026-09-14T08:23:32.379Z,telemetry,boiler_01,12,5,54.99,2475,65,64.99
,,0,2026-09-13T12:46:02.379Z,2026-09-14T12:46:02.379Z,2026-09-14T08:24:02.379Z,telemetry,boiler_01,12,5,55,2476,65,65
,,0,2026-09-13T12:46:02.379Z,2026-09-14T12:46:02.379Z,2026-09-14T08:24:32.379Z,telemetry,boiler_01,12,5,55,2477,65,65
,,0,2026-09-13T12:46:02.379Z,2026-09-14T12:46:02.379Z,2026-09-14T08:25:02.379Z,telemetry,boiler_01,12,5,55,2478,65,65
,,0,2026-09-13T12:46:02.379Z,2026-09-14T12:46:02.379Z,2026-09-14T08:25:32.379Z,telemetry,boiler_01,12,5,55,2479,65,65
,,0,2026-09-13T12:46:02.379Z,2026-09-14T12:46:02.379Z,2026-09-14T08:26:02.379Z,telemetry,boiler_01,12,5,55,2480,65,65
,,0,2026-09-13T12:46:02.379Z,2026-09-14T12:46:02.379Z,2026-09-14T08:26:32.379Z,telemetry,boiler_01,12,5,55,2481,65,65
,,0,2026-09-13T12:46:02.379Z,2026-09-14T12:46:02.379Z,2026-09-14T08:27:02.379Z,telemetry,boiler_01,12,5,55,2482,65,65
,,0,2026-09-13T12:46:02.379Z,2026-09-14T12:46:02.379Z,2026-09-14T08:27:32.379Z,telemetry,boiler_01,12,5,55,2483,65,65
,,0,2026-09-13T12:46:02.379Z,2026-09-14T12:46:02.379Z,2026-09-14T08:28:02.38Z,telemetry,boiler_01,12,5,55,2484,65,65
,,0,2026-09-13T12:46:02.379Z,2026-09-14T12:46:02.379Z,2026-09-14T08:28:32.379Z,telemetry,boiler_01,12,5,55,2485,65,65
,,0,2026-09-13T12:46:02.379Z,2026-09-14T12:46:02.379Z,2026-09-14T08:29:02.379Z,telemetry,boiler_01,12,5,55,2486,65,65
,,0,2026-09-13T12:46:02.379Z,2026-09-14T12:46:02.379Z,2026-09-14T08:29:32.379Z,telemetry,boiler_01,12,5,55,2487,65,65
,,0,2026-09-13T12:46:02.379Z,2026-09-14T12:46:02.379Z,2026-09-14T08:30:02.379Z,telemetry,boiler_01,12,0,54.85,2488,65,64.85
,,0,2026-09-13T12:46:02.379Z,2026-09-14T12:46:02.379Z,2026-09-14T08:30:32.379Z,telemetry,boiler_01,12,0,52.66,2489,65,62.66
,,0,2026-09-13T12:46:02.379Z,2026-09-14T12:46:02.379Z,2026-09-14T08:31:02.379Z,telemetry,boiler_01,12,0,50.58,2490,65,60.58
,,0,2026-09-13T12:46:02.379Z,2026-09-14T12:46:02.379Z,2026-09-14T08:31:32.379Z,telemetry,boiler_01,12,0,48.6,2491,65,58.6
,,0,2026-09-13T12:46:02.379Z,2026-09-14T12:46:02.379Z,2026-09-14T08:32:02.379Z,telemetry,boiler_01,12,0,46.72,2492,65,56.72
,,0,2026-09-13T12:46:02.379Z,2026-09-14T12:46:02.379Z,2026-09-14T08:32:32.379Z,telemetry,boiler_01,12,0,44.93,2493,65,54.93
,,0,2026-09-13T12:46:02.379Z,2026-09-14T12:46:02.379Z,2026-09-14T08:33:02.379Z,telemetry,boiler_01,12,0,43.23,2494,65,53.23
,,0,2026-09-13T12:46:02.379Z,2026-09-14T12:46:02.379Z,2026-09-14T08:33:32.379Z,telemetry,boiler_01,12,0,41.61,2495,65,51.61
,,0,2026-09-13T12:46:02.379Z,2026-09-14T12:46:02.379Z,2026-09-14T08:34:02.379Z,telemetry,boiler_01,12,0,40.06,2496,65,50.06
,,0,2026-09-13T12:46:02.379Z,2026-09-14T12:46:02.379Z,2026-09-14T08:34:32.379Z,telemetry,boiler_01,12,0,38.6,2497,65,48.6
,,0,2026-09-13T12:46:02.379Z,2026-09-14T12:46:02.379Z,2026-09-14T08:35:02.379Z,telemetry,boiler_01,12,0,37.2,2498,65,47.2
,,0,2026-09-13T12:46:02.379Z,2026-09-14T12:46:02.379Z,2026-09-14T08:35:32.379Z,telemetry,boiler_01,12,0,35.88,2499,65,45.88
,,0,2026-09-13T12:46:02.379Z,2026-09-14T12:46:02.379Z,2026-09-14T08:36:02.379Z,telemetry,boiler_01,12,0,34.61,2500,65,44.61
,,0,2026-09-13T12:46:02.379Z,2026-09-14T12:46:02.379Z,2026-09-14T08:36:32.379Z,telemetry,boiler_01,12,0,33.41,2501,65,43.41
,,0,2026-09-13T12:46:02.379Z,2026-09-14T12:46:02.379Z,2026-09-14T08:37:02.384Z,telemetry,boiler_01,12,0,32.27,2502,65,42.27
,,0,2026-09-13T12:46:02.379Z,2026-09-14T12:46:02.379Z,2026-09-14T08:37:32.379Z,telemetry,boiler_01,12,0,31.19,2503,65,41.19
,,0,2026-09-13T12:46:02.379Z,2026-09-14T12:46:02.379Z,2026-09-14T08:38:02.381Z,telemetry,boiler_01,12,0,30.15,2504,65,40.15
,,0,2026-09-13T12:46:02.379Z,2026-09-14T12:46:02.379Z,2026-09-14T08:38:32.379Z,telemetry,boiler_01,12,0,29.17,2505,65,39.17
,,0,2026-09-13T12:46:02.379Z,2026-09-14T12:46:02.379Z,2026-09-14T08:39:02.379Z,telemetry,boiler_01,12,0,28.23,2506,65,38.23
,,0,2026-09-13T12:46:02.379Z,2026-09-14T12:46:02.379Z,2026-09-14T08:39:32.379Z,telemetry,boiler_01,12,0,27.35,2507,65,37.35
,,0,2026-09-13T12:46:02.379Z,2026-09-14T12:46:02.379Z,2026-09-14T08:40:02.379Z,telemetry,boiler_01,12,5,28.74,2508,65,38.74
,,0,2026-09-13T12:46:02.379Z,2026-09-14T12:46:02.379Z,2026-09-14T08:40:32.379Z,telemetry,boiler_01,12,5,47.09,2509,65,57.09
,,0,2026-09-13T12:46:02.379Z,2026-09-14T12:46:02.379Z,2026-09-14T08:41:02.379Z,telemetry,boiler_01,12,5,52.62,2510,65,62.62
,,0,2026-09-13T12:46:02.379Z,2026-09-14T12:46:02.379Z,2026-09-14T08:41:32.379Z,telemetry,boiler_01,12,5,54.28,2511,65,64.28
,,0,2026-09-13T12:46:02.379Z,2026-09-14T12:46:02.379Z,2026-09-14T08:42:02.379Z,telemetry,boiler_01,12,5,54.78,2512,65,64.78
,,0,2026-09-13T12:46:02.379Z,2026-09-14T12:46:02.379Z,2026-09-14T08:42:32.379Z,telemetry,boiler_01,12,5,54.93,2513,65,64.93
,,0,2026-09-13T12:46:02.379Z,2026-09-14T12:46:02.379Z,2026-09-14T08:43:02.38Z,telemetry,boiler_01,12,5,54.98,2514,65,64.98
,,0,2026-09-13T12:46:02.379Z,2026-09-14T12:46:02.379Z,2026-09-14T08:43:32.379Z,telemetry,boiler_01,12,5,54.99,2515,65,64.99
,,0,2026-09-13T12:46:02.379Z,2026-09-14T12:46:02.379Z,2026-09-14T08:44:02.379Z,telemetry,boiler_01,12,5,55,2516,65,65
,,0,2026-09-13T12:46:02.379Z,2026-09-14T12:46:02.379Z,2026-09-14T08:44:32.379Z,telemetry,boiler_01,12,5,55,2517,65,65
,,0,2026-09-13T12:46:02.379Z,2026-09-14T12:46:02.379Z,2026-09-14T08:45:02.38Z,telemetry,boiler_01,12,5,55,2518,65,65
,,0,2026-09-13T12:46:02.379Z,2026-09-14T12:46:02.379Z,2026-09-14T08:45:32.379Z,telemetry,boiler_01,12,5,55,2519,65,65
,,0,2026-09-13T12:46:02.379Z,2026-09-14T12:46:02.379Z,2026-09-14T08:46:02.38Z,telemetry,boiler_01,12,5,55,2520,65,65
,,0,2026-09-13T12:46:02.379Z,2026-09-14T12:46:02.379Z,2026-09-14T08:46:32.379Z,telemetry,boiler_01,12,5,55,2521,65,65
,,0,2026-09-13T12:46:02.379Z,2026-09-14T12:46:02.379Z,2026-09-14T08:47:02.379Z,telemetry,boiler_01,12,5,55,2522,65,65
,,0,2026-09-13T12:46:02.379Z,2026-09-14T12:46:02.379Z,2026-09-14T08:47:32.379Z,telemetry,boiler_01,12,5,55,2523,65,65
,,0,2026-09-13T12:46:02.379Z,2026-09-14T12:46:02.379Z,2026-09-14T08:48:02.379Z,telemetry,boiler_01,12,5,55,2524,65,65
,,0,2026-09-13T12:46:02.379Z,2026-09-14T12:46:02.379Z,2026-09-14T08:48:32.379Z,telemetry,boiler_01,12,5,55,2525,65,65
,,0,2026-09-13T12:46:02.379Z,2026-09-14T12:46:02.379Z,2026-09-14T08:49:02.379Z,telemetry,boiler_01,12,5,55,2526,65,65
,,0,2026-09-13T12:46:02.379Z,2026-09-14T12:46:02.379Z,2026-09-14T08:49:32.379Z,telemetry,boiler_01,12,5,55,2527,65,65
,,0,2026-09-13T12:46:02.379Z,2026-09-14T12:46:02.379Z,2026-09-14T08:50:02.379Z,telemetry,boiler_01,12,0,54.85,2528,65,64.85
,,0,2026-09-13T12:46:02.379Z,2026-09-14T12:46:02.379Z,2026-09-14T08:50:32.379Z,telemetry,boiler_01,12,0,52.66,2529,65,62.66
,,0,2026-09-13T12:46:02.379Z,2026-09-14T12:46:02.379Z,2026-09-14T08:51:02.383Z,telemetry,boiler_01,12,0,50.58,2530,65,60.58
,,0,2026-09-13T12:46:02.379Z,2026-09-14T12:46:02.379Z,2026-09-14T08:51:32.379Z,telemetry,boiler_01,12,0,48.6,2531,65,58.6
,,0,2026-09-13T12:46:02.379Z,2026-09-14T12:46:02.379Z,2026-09-14T08:52:02.379Z,telemetry,boiler_01,12,0,46.72,2532,65,56.72
,,0,2026-09-13T12:46:02.379Z,2026-09-14T12:46:02.379Z,2026-09-14T08:52:32.379Z,telemetry,boiler_01,12,0,44.93,2533,65,54.93
,,0,2026-09-13T12:46:02.379Z,2026-09-14T12:46:02.379Z,2026-09-14T08:53:02.379Z,telemetry,boiler_01,12,0,43.23,2534,65,53.23
,,0,2026-09-13T12:46:02.379Z,2026-09-14T12:46:02.379Z,2026-09-14T08:53:32.381Z,telemetry,boiler_01,12,0,41.61,2535,65,51.61
,,0,2026-09-13T12:46:02.379Z,2026-09-14T12:46:02.379Z,2026-09-14T08:54:02.379Z,telemetry,boiler_01,12,0,40.06,2536,65,50.06
,,0,2026-09-13T12:46:02.379Z,2026-09-14T12:46:02.379Z,2026-09-14T08:54:32.379Z,telemetry,boiler_01,12,0,38.6,2537,65,48.6
,,0,2026-09-13T12:46:02.379Z,2026-09-14T12:46:02.379Z,2026-09-14T08:55:02.379Z,telemetry,boiler_01,12,0,37.2,2538,65,47.2
,,0,2026-09-13T12:46:02.379Z,2026-09-14T12:46:02.379Z,2026-09-14T08:55:32.379Z,telemetry,boiler_01,12,0,35.88,2539,65,45.88
,,0,2026-09-13T12:46:02.379Z,2026-09-14T12:46:02.379Z,2026-09-14T08:56:02.381Z,telemetry,boiler_01,12,0,34.61,2540,65,44.61
,,0,2026-09-13T12:46:02.379Z,2026-09-14T12:46:02.379Z,2026-09-14T08:56:32.379Z,telemetry,boiler_01,12,0,33.41,2541,65,43.41
,,0,2026-09-13T12:46:02.379Z,2026-09-14T12:46:02.379Z,2026-09-14T08:57:02.379Z,telemetry,boiler_01,12,0,32.27,2542,65,42.27
,,0,2026-09-13T12:46:02.379Z,2026-09-14T12:46:02.379Z,2026-09-14T08:57:32.379Z,telemetry,boiler_01,12,0,31.19,2543,65,41.19
,,0,2026-09-13T12:46:02.379Z,2026-09-14T12:46:02.379Z,2026-09-14T08:58:02.398Z,telemetry,boiler_01,12,0,30.15,2544,65,40.15
,,0,2026-09-13T12:46:02.379Z,2026-09-14T12:46:02.379Z,2026-09-14T08:58:32.379Z,telemetry,boiler_01,12,0,29.17,2545,65,39.17
,,0,2026-09-13T12:46:02.379Z,2026-09-14T12:46:02.379Z,2026-09-14T08:59:02.382Z,telemetry,boiler_01,12,0,28.23,2546,65,38.23
,,0,2026-09-13T12:46:02.379Z,2026-09-14T12:46:02.379Z,2026-09-14T08:59:32.379Z,telemetry,boiler_01,12,0,27.35,2547,65,37.35
,,0,2026-09-13T12:46:02.379Z,2026-09-14T12:46:02.379Z,2026-09-14T09:00:02.379Z,telemetry,boiler_01,12,5,28.74,2548,65,38.74
,,0,2026-09-13T12:46:02.379Z,2026-09-14T12:46:02.379Z,2026-09-14T09:00:32.379Z,telemetry,boiler_01,12,5,47.09,2549,65,57.09
,,0,2026-09-13T12:46:02.379Z,2026-09-14T12:46:02.379Z,2026-09-14T09:01:02.384Z,telemetry,boiler_01,12,5,52.62,2550,65,62.62
,,0,2026-09-13T12:46:02.379Z,2026-09-14T12:46:02.379Z,2026-09-14T09:01:32.379Z,telemetry,boiler_01,12,5,54.28,2551,65,64.28
,,0,2026-09-13T12:46:02.379Z,2026-09-14T12:46:02.379Z,2026-09-14T09:02:02.379Z,telemetry,boiler_01,12,5,54.78,2552,65,64.78
,,0,2026-09-13T12:46:02.379Z,2026-09-14T12:46:02.379Z,2026-09-14T09:02:32.379Z,telemetry,boiler_01,12,5,54.93,2553,65,64.93
,,0,2026-09-13T12:46:02.379Z,2026-09-14T12:46:02.379Z,2026-09-14T09:03:02.379Z,telemetry,boiler_01,12,5,54.98,2554,65,64.98
,,0,2026-09-13T12:46:02.379Z,2026-09-14T12:46:02.379Z,2026-09-14T09:03:32.379Z,telemetry,boiler_01,12,5,54.99,2555,65,64.99
,,0,2026-09-13T12:46:02.379Z,2026-09-14T12:46:02.379Z,2026-09-14T09:04:02.38Z,telemetry,boiler_01,12,5,55,2556,65,65
,,0,2026-09-13T12:46:02.379Z,2026-09-14T12:46:02.379Z,2026-09-14T09:04:32.379Z,telemetry,boiler_01,12,5,55,2557,65,65
,,0,2026-09-13T12:46:02.379Z,2026-09-14T12:46:02.379Z,2026-09-14T09:05:02.379Z,telemetry,boiler_01,12,5,55,2558,65,65
,,0,2026-09-13T12:46:02.379Z,2026-09-14T12:46:02.379Z,2026-09-14T09:05:32.379Z,telemetry,boiler_01,12,5,55,2559,65,65
,,0,2026-09-13T12:46:02.379Z,2026-09-14T12:46:02.379Z,2026-09-14T09:06:02.379Z,telemetry,boiler_01,12,5,55,2560,65,65
,,0,2026-09-13T12:46:02.379Z,2026-09-14T12:46:02.379Z,2026-09-14T09:06:32.379Z,telemetry,boiler_01,12,5,55,2561,65,65
,,0,2026-09-13T12:46:02.379Z,2026-09-14T12:46:02.379Z,2026-09-14T09:07:02.379Z,telemetry,boiler_01,12,5,55,2562,65,65
,,0,2026-09-13T12:46:02.379Z,2026-09-14T12:46:02.379Z,2026-09-14T09:07:32.379Z,telemetry,boiler_01,12,5,55,2563,65,65
,,0,2026-09-13T12:46:02.379Z,2026-09-14T12:46:02.379Z,2026-09-14T09:08:02.379Z,telemetry,boiler_01,12,5,55,2564,65,65
,,0,2026-09-13T12:46:02.379Z,2026-09-14T12:46:02.379Z,2026-09-14T09:08:32.379Z,telemetry,boiler_01,12,5,55,2565,65,65
,,0,2026-09-13T12:46:02.379Z,2026-09-14T12:46:02.379Z,2026-09-14T09:09:02.379Z,telemetry,boiler_01,12,5,55,2566,65,65
,,0,2026-09-13T12:46:02.379Z,2026-09-14T12:46:02.379Z,2026-09-14T09:09:32.379Z,telemetry,boiler_01,12,5,55,2567,65,65
,,0,2026-09-13T12:46:02.379Z,2026-09-14T12:46:02.379Z,2026-09-14T09:10:02.379Z,telemetry,boiler_01,12,0,54.85,2568,65,64.85
,,0,2026-09-13T12:46:02.379Z,2026-09-14T12:46:02.379Z,2026-09-14T09:10:32.379Z,telemetry,boiler_01,12,0,52.66,2569,65,62.66
,,0,2026-09-13T12:46:02.379Z,2026-09-14T12:46:02.379Z,2026-09-14T09:11:02.381Z,telemetry,boiler_01,12,0,50.58,2570,65,60.58
,,0,2026-09-13T12:46:02.379Z,2026-09-14T12:46:02.379Z,2026-09-14T09:11:32.379Z,telemetry,boiler_01,12,0,48.6,2571,65,58.6
,,0,2026-09-13T12:46:02.379Z,2026-09-14T12:46:02.379Z,2026-09-14T09:12:02.379Z,telemetry,boiler_01,12,0,46.72,2572,65,56.72
,,0,2026-09-13T12:46:02.379Z,2026-09-14T12:46:02.379Z,2026-09-14T09:12:32.379Z,telemetry,boiler_01,12,0,44.93,2573,65,54.93
,,0,2026-09-13T12:46:02.379Z,2026-09-14T12:46:02.379Z,2026-09-14T09:13:02.38Z,telemetry,boiler_01,12,0,43.23,2574,65,53.23
,,0,2026-09-13T12:46:02.379Z,2026-09-14T12:46:02.379Z,2026-09-14T09:13:32.379Z,telemetry,boiler_01,12,0,41.61,2575,65,51.61
,,0,2026-09-13T12:46:02.379Z,2026-09-14T12:46:02.379Z,2026-09-14T09:14:02.383Z,telemetry,boiler_01,12,0,40.06,2576,65,50.06
,,0,2026-09-13T12:46:02.379Z,2026-09-14T12:46:02.379Z,2026-09-14T09:14:32.379Z,telemetry,boiler_01,12,0,38.6,2577,65,48.6
,,0,2026-09-13T12:46:02.379Z,2026-09-14T12:46:02.379Z,2026-09-14T09:15:02.383Z,telemetry,boiler_01,12,0,37.2,2578,65,47.2
,,0,2026-09-13T12:46:02.379Z,2026-09-14T12:46:02.379Z,2026-09-14T09:15:32.379Z,telemetry,boiler_01,12,0,35.88,2579,65,45.88
,,0,2026-09-13T12:46:02.379Z,2026-09-14T12:46:02.379Z,2026-09-14T09:16:02.379Z,telemetry,boiler_01,12,0,34.61,2580,65,44.61
,,0,2026-09-13T12:46:02.379Z,2026-09-14T12:46:02.379Z,2026-09-14T09:16:32.379Z,telemetry,boiler_01,12,0,33.41,2581,65,43.41
,,0,2026-09-13T12:46:02.379Z,2026-09-14T12:46:02.379Z,2026-09-14T09:17:02.379Z,telemetry,boiler_01,12,0,32.27,2582,65,42.27
,,0,2026-09-13T12:46:02.379Z,2026-09-14T12:46:02.379Z,2026-09-14T09:17:32.379Z,telemetry,boiler_01,12,0,31.19,2583,65,41.19
,,0,2026-09-13T12:46:02.379Z,2026-09-14T12:46:02.379Z,2026-09-14T09:18:02.404Z,telemetry,boiler_01,12,0,30.15,2584,65,40.15
,,0,2026-09-13T12:46:02.379Z,2026-09-14T12:46:02.379Z,2026-09-14T09:18:32.379Z,telemetry,boiler_01,12,0,29.17,2585,65,39.17
,,0,2026-09-13T12:46:02.379Z,2026-09-14T12:46:02.379Z,2026-09-14T09:19:02.379Z,telemetry,boiler_01,12,0,28.23,2586,65,38.23
,,0,2026-09-13T12:46:02.379Z,2026-09-14T12:46:02.379Z,2026-09-14T09:19:32.379Z,telemetry,boiler_01,12,0,27.35,2587,65,37.35
,,0,2026-09-13T12:46:02.379Z,2026-09-14T12:46:02.379Z,2026-09-14T09:20:02.379Z,telemetry,boiler_01,12,5,28.74,2588,65,38.74
,,0,2026-09-13T12:46:02.379Z,2026-09-14T12:46:02.379Z,2026-09-14T09:20:32.379Z,telemetry,boiler_01,12,5,47.09,2589,65,57.09
,,0,2026-09-13T12:46:02.379Z,2026-09-14T12:46:02.379Z,2026-09-14T09:21:02.383Z,telemetry,boiler_01,12,5,52.62,2590,65,62.62
,,0,2026-09-13T12:46:02.379Z,2026-09-14T12:46:02.379Z,2026-09-14T09:21:32.379Z,telemetry,boiler_01,12,5,54.28,2591,65,64.28
,,0,2026-09-13T12:46:02.379Z,2026-09-14T12:46:02.379Z,2026-09-14T09:22:02.382Z,telemetry,boiler_01,12,5,54.78,2592,65,64.78
,,0,2026-09-13T12:46:02.379Z,2026-09-14T12:46:02.379Z,2026-09-14T09:22:32.379Z,telemetry,boiler_01,12,5,54.93,2593,65,64.93
,,0,2026-09-13T12:46:02.379Z,2026-09-14T12:46:02.379Z,2026-09-14T09:23:02.379Z,telemetry,boiler_01,12,5,54.98,2594,65,64.98
,,0,2026-09-13T12:46:02.379Z,2026-09-14T12:46:02.379Z,2026-09-14T09:23:32.379Z,telemetry,boiler_01,12,5,54.99,2595,65,64.99
,,0,2026-09-13T12:46:02.379Z,2026-09-14T12:46:02.379Z,2026-09-14T09:24:02.379Z,telemetry,boiler_01,12,5,55,2596,65,65
,,0,2026-09-13T12:46:02.379Z,2026-09-14T12:46:02.379Z,2026-09-14T09:24:32.379Z,telemetry,boiler_01,12,5,55,2597,65,65
,,0,2026-09-13T12:46:02.379Z,2026-09-14T12:46:02.379Z,2026-09-14T09:25:02.379Z,telemetry,boiler_01,12,5,55,2598,65,65
,,0,2026-09-13T12:46:02.379Z,2026-09-14T12:46:02.379Z,2026-09-14T09:25:32.379Z,telemetry,boiler_01,12,5,55,2599,65,65
,,0,2026-09-13T12:46:02.379Z,2026-09-14T12:46:02.379Z,2026-09-14T09:26:02.379Z,telemetry,boiler_01,12,5,55,2600,65,65
,,0,2026-09-13T12:46:02.379Z,2026-09-14T12:46:02.379Z,2026-09-14T09:26:32.379Z,telemetry,boiler_01,12,5,55,2601,65,65
,,0,2026-09-13T12:46:02.379Z,2026-09-14T12:46:02.379Z,2026-09-14T09:27:02.379Z,telemetry,boiler_01,12,5,55,2602,65,65
,,0,2026-09-13T12:46:02.379Z,2026-09-14T12:46:02.379Z,2026-09-14T09:27:32.379Z,telemetry,boiler_01,12,5,55,2603,65,65
,,0,2026-09-13T12:46:02.379Z,2026-09-14T12:46:02.379Z,2026-09-14T09:28:02.379Z,telemetry,boiler_01,12,5,55,2604,65,65
,,0,2026-09-13T12:46:02.379Z,2026-09-14T12:46:02.379Z,2026-09-14T09:28:32.379Z,telemetry,boiler_01,12,5,55,2605,65,65
,,0,2026-09-13T12:46:02.379Z,2026-09-14T12:46:02.379Z,2026-09-14T09:29:02.379Z,telemetry,boiler_01,12,5,55,2606,65,65
,,0,2026-09-13T12:46:02.379Z,2026-09-14T12:46:02.379Z,2026-09-14T09:29:32.379Z,telemetry,boiler_01,12,5,55,2607,65,65
,,0,2026-09-13T12:46:02.379Z,2026-09-14T12:46:02.379Z,2026-09-14T09:30:02.392Z,telemetry,boiler_01,12,0,54.85,2608,65,64.85
,,0,2026-09-13T12:46:02.379Z,2026-09-14T12:46:02.379Z,2026-09-14T09:30:32.379Z,telemetry,boiler_01,12,0,52.66,2609,65,62.66
,,0,2026-09-13T12:46:02.379Z,2026-09-14T12:46:02.379Z,2026-09-14T09:31:02.379Z,telemetry,boiler_01,12,0,50.58,2610,65,60.58
,,0,2026-09-13T12:46:02.379Z,2026-09-14T12:46:02.379Z,2026-09-14T09:31:32.379Z,telemetry,boiler_01,12,0,48.6,2611,65,58.6
,,0,2026-09-13T12:46:02.379Z,2026-09-14T12:46:02.379Z,2026-09-14T09:32:02.379Z,telemetry,boiler_01,12,0,46.72,2612,65,56.72
,,0,2026-09-13T12:46:02.379Z,2026-09-14T12:46:02.379Z,2026-09-14T09:32:32.379Z,telemetry,boiler_01,12,0,44.93,2613,65,54.93
,,0,2026-09-13T12:46:02.379Z,2026-09-14T12:46:02.379Z,2026-09-14T09:33:02.38Z,telemetry,boiler_01,12,0,43.23,2614,65,53.23
,,0,2026-09-13T12:46:02.379Z,2026-09-14T12:46:02.379Z,2026-09-14T09:33:32.379Z,telemetry,boiler_01,12,0,41.61,2615,65,51.61
,,0,2026-09-13T12:46:02.379Z,2026-09-14T12:46:02.379Z,2026-09-14T09:34:02.38Z,telemetry,boiler_01,12,0,40.06,2616,65,50.06
,,0,2026-09-13T12:46:02.379Z,2026-09-14T12:46:02.379Z,2026-09-14T09:34:32.379Z,telemetry,boiler_01,12,0,38.6,2617,65,48.6
,,0,2026-09-13T12:46:02.379Z,2026-09-14T12:46:02.379Z,2026-09-14T09:35:02.379Z,telemetry,boiler_01,12,0,37.2,2618,65,47.2
,,0,2026-09-13T12:46:02.379Z,2026-09-14T12:46:02.379Z,2026-09-14T09:35:32.379Z,telemetry,boiler_01,12,0,35.88,2619,65,45.88
,,0,2026-09-13T12:46:02.379Z,2026-09-14T12:46:02.379Z,2026-09-14T09:36:02.379Z,telemetry,boiler_01,12,0,34.61,2620,65,44.61
,,0,2026-09-13T12:46:02.379Z,2026-09-14T12:46:02.379Z,2026-09-14T09:36:32.379Z,telemetry,boiler_01,12,0,33.41,2621,65,43.41
,,0,2026-09-13T12:46:02.379Z,2026-09-14T12:46:02.379Z,2026-09-14T09:37:02.379Z,telemetry,boiler_01,12,0,32.27,2622,65,42.27
,,0,2026-09-13T12:46:02.379Z,2026-09-14T12:46:02.379Z,2026-09-14T09:37:32.379Z,telemetry,boiler_01,12,0,31.19,2623,65,41.19
,,0,2026-09-13T12:46:02.379Z,2026-09-14T12:46:02.379Z,2026-09-14T09:38:02.379Z,telemetry,boiler_01,12,0,30.15,2624,65,40.15
,,0,2026-09-13T12:46:02.379Z,2026-09-14T12:46:02.379Z,2026-09-14T09:38:32.379Z,telemetry,boiler_01,12,0,29.17,2625,65,39.17
,,0,2026-09-13T12:46:02.379Z,2026-09-14T12:46:02.379Z,2026-09-14T09:39:02.379Z,telemetry,boiler_01,12,0,28.23,2626,65,38.23
,,0,2026-09-13T12:46:02.379Z,2026-09-14T12:46:02.379Z,2026-09-14T09:39:32.379Z,telemetry,boiler_01,12,0,27.35,2627,65,37.35
,,0,2026-09-13T12:46:02.379Z,2026-09-14T12:46:02.379Z,2026-09-14T09:40:02.379Z,telemetry,boiler_01,12,5,28.74,2628,65,38.74
,,0,2026-09-13T12:46:02.379Z,2026-09-14T12:46:02.379Z,2026-09-14T09:40:32.379Z,telemetry,boiler_01,12,5,47.09,2629,65,57.09
,,0,2026-09-13T12:46:02.379Z,2026-09-14T12:46:02.379Z,2026-09-14T09:41:02.379Z,telemetry,boiler_01,12,5,52.62,2630,65,62.62
,,0,2026-09-13T12:46:02.379Z,2026-09-14T12:46:02.379Z,2026-09-14T09:41:32.379Z,telemetry,boiler_01,12,5,54.28,2631,65,64.28
,,0,2026-09-13T12:46:02.379Z,2026-09-14T12:46:02.379Z,2026-09-14T09:42:02.379Z,telemetry,boiler_01,12,5,54.78,2632,65,64.78
,,0,2026-09-13T12:46:02.379Z,2026-09-14T12:46:02.379Z,2026-09-14T09:42:32.379Z,telemetry,boiler_01,12,5,54.93,2633,65,64.93
,,0,2026-09-13T12:46:02.379Z,2026-09-14T12:46:02.379Z,2026-09-14T09:43:02.381Z,telemetry,boiler_01,12,5,54.98,2634,65,64.98
,,0,2026-09-13T12:46:02.379Z,2026-09-14T12:46:02.379Z,2026-09-14T09:43:32.379Z,telemetry,boiler_01,12,5,54.99,2635,65,64.99
,,0,2026-09-13T12:46:02.379Z,2026-09-14T12:46:02.379Z,2026-09-14T09:44:02.38Z,telemetry,boiler_01,12,5,55,2636,65,65
,,0,2026-09-13T12:46:02.379Z,2026-09-14T12:46:02.379Z,2026-09-14T09:44:32.379Z,telemetry,boiler_01,12,5,55,2637,65,65
,,0,2026-09-13T12:46:02.379Z,2026-09-14T12:46:02.379Z,2026-09-14T09:45:02.38Z,telemetry,boiler_01,12,5,55,2638,65,65
,,0,2026-09-13T12:46:02.379Z,2026-09-14T12:46:02.379Z,2026-09-14T09:45:32.379Z,telemetry,boiler_01,12,5,55,2639,65,65
,,0,2026-09-13T12:46:02.379Z,2026-09-14T12:46:02.379Z,2026-09-14T09:46:02.38Z,telemetry,boiler_01,12,5,55,2640,65,65
,,0,2026-09-13T12:46:02.379Z,2026-09-14T12:46:02.379Z,2026-09-14T09:46:32.379Z,telemetry,boiler_01,12,5,55,2641,65,65
,,0,2026-09-13T12:46:02.379Z,2026-09-14T12:46:02.379Z,2026-09-14T09:47:02.379Z,telemetry,boiler_01,12,5,55,2642,65,65
,,0,2026-09-13T12:46:02.379Z,2026-09-14T12:46:02.379Z,2026-09-14T09:47:32.379Z,telemetry,boiler_01,12,5,55,2643,65,65
,,0,2026-09-13T12:46:02.379Z,2026-09-14T12:46:02.379Z,2026-09-14T09:48:02.379Z,telemetry,boiler_01,12,5,55,2644,65,65
,,0,2026-09-13T12:46:02.379Z,2026-09-14T12:46:02.379Z,2026-09-14T09:48:32.379Z,telemetry,boiler_01,12,5,55,2645,65,65
,,0,2026-09-13T12:46:02.379Z,2026-09-14T12:46:02.379Z,2026-09-14T09:49:02.38Z,telemetry,boiler_01,12,5,55,2646,65,65
,,0,2026-09-13T12:46:02.379Z,2026-09-14T12:46:02.379Z,2026-09-14T09:49:32.379Z,telemetry,boiler_01,12,5,55,2647,65,65
,,0,2026-09-13T12:46:02.379Z,2026-09-14T12:46:02.379Z,2026-09-14T09:50:02.379Z,telemetry,boiler_01,12,0,54.85,2648,65,64.85
,,0,2026-09-13T12:46:02.379Z,2026-09-14T12:46:02.379Z,2026-09-14T09:50:32.379Z,telemetry,boiler_01,12,0,52.66,2649,65,62.66
,,0,2026-09-13T12:46:02.379Z,2026-09-14T12:46:02.379Z,2026-09-14T09:51:02.379Z,telemetry,boiler_01,12,0,50.58,2650,65,60.58
,,0,2026-09-13T12:46:02.379Z,2026-09-14T12:46:02.379Z,2026-09-14T09:51:32.379Z,telemetry,boiler_01,12,0,48.6,2651,65,58.6
,,0,2026-09-13T12:46:02.379Z,2026-09-14T12:46:02.379Z,2026-09-14T09:52:02.379Z,telemetry,boiler_01,12,0,46.72,2652,65,56.72
,,0,2026-09-13T12:46:02.379Z,2026-09-14T12:46:02.379Z,2026-09-14T09:52:32.379Z,telemetry,boiler_01,12,0,44.93,2653,65,54.93
,,0,2026-09-13T12:46:02.379Z,2026-09-14T12:46:02.379Z,2026-09-14T09:53:02.379Z,telemetry,boiler_01,12,0,43.23,2654,65,53.23
,,0,2026-09-13T12:46:02.379Z,2026-09-14T12:46:02.379Z,2026-09-14T09:53:32.379Z,telemetry,boiler_01,12,0,41.61,2655,65,51.61
,,0,2026-09-13T12:46:02.379Z,2026-09-14T12:46:02.379Z,2026-09-14T09:54:02.379Z,telemetry,boiler_01,12,0,40.06,2656,65,50.06
,,0,2026-09-13T12:46:02.379Z,2026-09-14T12:46:02.379Z,2026-09-14T09:54:32.379Z,telemetry,boiler_01,12,0,38.6,2657,65,48.6
,,0,2026-09-13T12:46:02.379Z,2026-09-14T12:46:02.379Z,2026-09-14T09:55:02.379Z,telemetry,boiler_01,12,0,37.2,2658,65,47.2
,,0,2026-09-13T12:46:02.379Z,2026-09-14T12:46:02.379Z,2026-09-14T09:55:32.379Z,telemetry,boiler_01,12,0,35.88,2659,65,45.88
,,0,2026-09-13T12:46:02.379Z,2026-09-14T12:46:02.379Z,2026-09-14T09:56:02.38Z,telemetry,boiler_01,12,0,34.61,2660,65,44.61
,,0,2026-09-13T12:46:02.379Z,2026-09-14T12:46:02.379Z,2026-09-14T09:56:32.379Z,telemetry,boiler_01,12,0,33.41,2661,65,43.41
,,0,2026-09-13T12:46:02.379Z,2026-09-14T12:46:02.379Z,2026-09-14T09:57:02.38Z,telemetry,boiler_01,12,0,32.27,2662,65,42.27
,,0,2026-09-13T12:46:02.379Z,2026-09-14T12:46:02.379Z,2026-09-14T09:57:32.379Z,telemetry,boiler_01,12,0,31.19,2663,65,41.19
,,0,2026-09-13T12:46:02.379Z,2026-09-14T12:46:02.379Z,2026-09-14T09:58:02.379Z,telemetry,boiler_01,12,0,30.15,2664,65,40.15
,,0,2026-09-13T12:46:02.379Z,2026-09-14T12:46:02.379Z,2026-09-14T09:58:32.379Z,telemetry,boiler_01,12,0,29.17,2665,65,39.17
,,0,2026-09-13T12:46:02.379Z,2026-09-14T12:46:02.379Z,2026-09-14T09:59:02.379Z,telemetry,boiler_01,12,0,28.23,2666,65,38.23
,,0,2026-09-13T12:46:02.379Z,2026-09-14T12:46:02.379Z,2026-09-14T09:59:32.379Z,telemetry,boiler_01,12,0,27.35,2667,65,37.35
,,0,2026-09-13T12:46:02.379Z,2026-09-14T12:46:02.379Z,2026-09-14T10:00:02.379Z,telemetry,boiler_01,12,5,28.74,2668,65,38.74
,,0,2026-09-13T12:46:02.379Z,2026-09-14T12:46:02.379Z,2026-09-14T10:00:32.379Z,telemetry,boiler_01,12,5,47.09,2669,65,57.09
,,0,2026-09-13T12:46:02.379Z,2026-09-14T12:46:02.379Z,2026-09-14T10:01:02.381Z,telemetry,boiler_01,12,5,52.62,2670,65,62.62
,,0,2026-09-13T12:46:02.379Z,2026-09-14T12:46:02.379Z,2026-09-14T10:01:32.379Z,telemetry,boiler_01,12,5,54.28,2671,65,64.28
,,0,2026-09-13T12:46:02.379Z,2026-09-14T12:46:02.379Z,2026-09-14T10:02:02.384Z,telemetry,boiler_01,12,5,54.78,2672,65,64.78
,,0,2026-09-13T12:46:02.379Z,2026-09-14T12:46:02.379Z,2026-09-14T10:02:32.379Z,telemetry,boiler_01,12,5,54.93,2673,65,64.93
,,0,2026-09-13T12:46:02.379Z,2026-09-14T12:46:02.379Z,2026-09-14T10:03:02.379Z,telemetry,boiler_01,12,5,54.98,2674,65,64.98
,,0,2026-09-13T12:46:02.379Z,2026-09-14T12:46:02.379Z,2026-09-14T10:03:32.379Z,telemetry,boiler_01,12,5,54.99,2675,65,64.99
,,0,2026-09-13T12:46:02.379Z,2026-09-14T12:46:02.379Z,2026-09-14T10:04:02.38Z,telemetry,boiler_01,12,5,55,2676,65,65
,,0,2026-09-13T12:46:02.379Z,2026-09-14T12:46:02.379Z,2026-09-14T10:04:32.379Z,telemetry,boiler_01,12,5,55,2677,65,65
,,0,2026-09-13T12:46:02.379Z,2026-09-14T12:46:02.379Z,2026-09-14T10:05:02.379Z,telemetry,boiler_01,12,5,55,2678,65,65
,,0,2026-09-13T12:46:02.379Z,2026-09-14T12:46:02.379Z,2026-09-14T10:05:32.379Z,telemetry,boiler_01,12,5,55,2679,65,65
,,0,2026-09-13T12:46:02.379Z,2026-09-14T12:46:02.379Z,2026-09-14T10:06:02.381Z,telemetry,boiler_01,12,5,55,2680,65,65
,,0,2026-09-13T12:46:02.379Z,2026-09-14T12:46:02.379Z,2026-09-14T10:06:32.38Z,telemetry,boiler_01,12,5,55,2681,65,65
,,0,2026-09-13T12:46:02.379Z,2026-09-14T12:46:02.379Z,2026-09-14T10:07:02.379Z,telemetry,boiler_01,12,5,55,2682,65,65
,,0,2026-09-13T12:46:02.379Z,2026-09-14T12:46:02.379Z,2026-09-14T10:07:32.379Z,telemetry,boiler_01,12,5,55,2683,65,65
,,0,2026-09-13T12:46:02.379Z,2026-09-14T12:46:02.379Z,2026-09-14T10:08:02.379Z,telemetry,boiler_01,12,5,55,2684,65,65
,,0,2026-09-13T12:46:02.379Z,2026-09-14T12:46:02.379Z,2026-09-14T10:08:32.38Z,telemetry,boiler_01,12,5,55,2685,65,65
,,0,2026-09-13T12:46:02.379Z,2026-09-14T12:46:02.379Z,2026-09-14T10:09:02.38Z,telemetry,boiler_01,12,5,55,2686,65,65
,,0,2026-09-13T12:46:02.379Z,2026-09-14T12:46:02.379Z,2026-09-14T10:09:32.379Z,telemetry,boiler_01,12,5,55,2687,65,65
,,0,2026-09-13T12:46:02.379Z,2026-09-14T12:46:02.379Z,2026-09-14T10:10:02.379Z,telemetry,boiler_01,12,0,54.85,2688,65,64.85
,,0,2026-09-13T12:46:02.379Z,2026-09-14T12:46:02.379Z,2026-09-14T10:10:32.379Z,telemetry,boiler_01,12,0,52.66,2689,65,62.66
,,0,2026-09-13T12:46:02.379Z,2026-09-14T12:46:02.379Z,2026-09-14T10:11:02.385Z,telemetry,boiler_01,12,0,50.58,2690,65,60.58
,,0,2026-09-13T12:46:02.379Z,2026-09-14T12:46:02.379Z,2026-09-14T10:11:32.379Z,telemetry,boiler_01,12,0,48.6,2691,65,58.6
,,0,2026-09-13T12:46:02.379Z,2026-09-14T12:46:02.379Z,2026-09-14T10:12:02.379Z,telemetry,boiler_01,12,0,46.72,2692,65,56.72
,,0,2026-09-13T12:46:02.379Z,2026-09-14T12:46:02.379Z,2026-09-14T10:12:32.379Z,telemetry,boiler_01,12,0,44.93,2693,65,54.93
,,0,2026-09-13T12:46:02.379Z,2026-09-14T12:46:02.379Z,2026-09-14T10:13:02.379Z,telemetry,boiler_01,12,0,43.23,2694,65,53.23
,,0,2026-09-13T12:46:02.379Z,2026-09-14T12:46:02.379Z,2026-09-14T10:13:32.379Z,telemetry,boiler_01,12,0,41.61,2695,65,51.61
,,0,2026-09-13T12:46:02.379Z,2026-09-14T12:46:02.379Z,2026-09-14T10:14:02.379Z,telemetry,boiler_01,12,0,40.06,2696,65,50.06
,,0,2026-09-13T12:46:02.379Z,2026-09-14T12:46:02.379Z,2026-09-14T10:14:32.379Z,telemetry,boiler_01,12,0,38.6,2697,65,48.6
,,0,2026-09-13T12:46:02.379Z,2026-09-14T12:46:02.379Z,2026-09-14T10:15:02.379Z,telemetry,boiler_01,12,0,37.2,2698,65,47.2
,,0,2026-09-13T12:46:02.379Z,2026-09-14T12:46:02.379Z,2026-09-14T10:15:32.379Z,telemetry,boiler_01,12,0,35.88,2699,65,45.88
,,0,2026-09-13T12:46:02.379Z,2026-09-14T12:46:02.379Z,2026-09-14T10:16:02.379Z,telemetry,boiler_01,12,0,34.61,2700,65,44.61
,,0,2026-09-13T12:46:02.379Z,2026-09-14T12:46:02.379Z,2026-09-14T10:16:32.379Z,telemetry,boiler_01,12,0,33.41,2701,65,43.41
,,0,2026-09-13T12:46:02.379Z,2026-09-14T12:46:02.379Z,2026-09-14T10:17:02.385Z,telemetry,boiler_01,12,0,32.27,2702,65,42.27
,,0,2026-09-13T12:46:02.379Z,2026-09-14T12:46:02.379Z,2026-09-14T10:17:32.379Z,telemetry,boiler_01,12,0,31.19,2703,65,41.19
,,0,2026-09-13T12:46:02.379Z,2026-09-14T12:46:02.379Z,2026-09-14T10:18:02.379Z,telemetry,boiler_01,12,0,30.15,2704,65,40.15
,,0,2026-09-13T12:46:02.379Z,2026-09-14T12:46:02.379Z,2026-09-14T10:18:32.379Z,telemetry,boiler_01,12,0,29.17,2705,65,39.17
,,0,2026-09-13T12:46:02.379Z,2026-09-14T12:46:02.379Z,2026-09-14T10:19:02.383Z,telemetry,boiler_01,12,0,28.23,2706,65,38.23
,,0,2026-09-13T12:46:02.379Z,2026-09-14T12:46:02.379Z,2026-09-14T10:19:32.379Z,telemetry,boiler_01,12,0,27.35,2707,65,37.35
,,0,2026-09-13T12:46:02.379Z,2026-09-14T12:46:02.379Z,2026-09-14T10:20:02.382Z,telemetry,boiler_01,12,5,28.74,2708,65,38.74
,,0,2026-09-13T12:46:02.379Z,2026-09-14T12:46:02.379Z,2026-09-14T10:20:32.379Z,telemetry,boiler_01,12,5,47.09,2709,65,57.09
,,0,2026-09-13T12:46:02.379Z,2026-09-14T12:46:02.379Z,2026-09-14T10:21:02.38Z,telemetry,boiler_01,12,5,52.62,2710,65,62.62
,,0,2026-09-13T12:46:02.379Z,2026-09-14T12:46:02.379Z,2026-09-14T10:21:32.379Z,telemetry,boiler_01,12,5,54.28,2711,65,64.28
,,0,2026-09-13T12:46:02.379Z,2026-09-14T12:46:02.379Z,2026-09-14T10:22:02.379Z,telemetry,boiler_01,12,5,54.78,2712,65,64.78
,,0,2026-09-13T12:46:02.379Z,2026-09-14T12:46:02.379Z,2026-09-14T10:22:32.379Z,telemetry,boiler_01,12,5,54.93,2713,65,64.93
,,0,2026-09-13T12:46:02.379Z,2026-09-14T12:46:02.379Z,2026-09-14T10:23:02.379Z,telemetry,boiler_01,12,5,54.98,2714,65,64.98
,,0,2026-09-13T12:46:02.379Z,2026-09-14T12:46:02.379Z,2026-09-14T10:23:32.379Z,telemetry,boiler_01,12,5,54.99,2715,65,64.99
,,0,2026-09-13T12:46:02.379Z,2026-09-14T12:46:02.379Z,2026-09-14T10:24:02.379Z,telemetry,boiler_01,12,5,55,2716,65,65
,,0,2026-09-13T12:46:02.379Z,2026-09-14T12:46:02.379Z,2026-09-14T10:24:32.379Z,telemetry,boiler_01,12,5,55,2717,65,65
,,0,2026-09-13T12:46:02.379Z,2026-09-14T12:46:02.379Z,2026-09-14T10:25:02.379Z,telemetry,boiler_01,12,5,55,2718,65,65
,,0,2026-09-13T12:46:02.379Z,2026-09-14T12:46:02.379Z,2026-09-14T10:25:32.379Z,telemetry,boiler_01,12,5,55,2719,65,65
,,0,2026-09-13T12:46:02.379Z,2026-09-14T12:46:02.379Z,2026-09-14T10:26:02.38Z,telemetry,boiler_01,12,5,55,2720,65,65
,,0,2026-09-13T12:46:02.379Z,2026-09-14T12:46:02.379Z,2026-09-14T10:26:32.38Z,telemetry,boiler_01,12,5,55,2721,65,65
,,0,2026-09-13T12:46:02.379Z,2026-09-14T12:46:02.379Z,2026-09-14T10:27:02.379Z,telemetry,boiler_01,12,5,55,2722,65,65
,,0,2026-09-13T12:46:02.379Z,2026-09-14T12:46:02.379Z,2026-09-14T10:27:32.379Z,telemetry,boiler_01,12,5,55,2723,65,65
,,0,2026-09-13T12:46:02.379Z,2026-09-14T12:46:02.379Z,2026-09-14T10:28:02.379Z,telemetry,boiler_01,12,5,55,2724,65,65
,,0,2026-09-13T12:46:02.379Z,2026-09-14T12:46:02.379Z,2026-09-14T10:28:32.379Z,telemetry,boiler_01,12,5,55,2725,65,65
,,0,2026-09-13T12:46:02.379Z,2026-09-14T12:46:02.379Z,2026-09-14T10:29:02.379Z,telemetry,boiler_01,12,5,55,2726,65,65
,,0,2026-09-13T12:46:02.379Z,2026-09-14T12:46:02.379Z,2026-09-14T10:29:32.379Z,telemetry,boiler_01,12,5,55,2727,65,65
,,0,2026-09-13T12:46:02.379Z,2026-09-14T12:46:02.379Z,2026-09-14T10:30:02.379Z,telemetry,boiler_01,12,0,54.85,2728,65,64.85
,,0,2026-09-13T12:46:02.379Z,2026-09-14T12:46:02.379Z,2026-09-14T10:30:32.379Z,telemetry,boiler_01,12,0,52.66,2729,65,62.66
,,0,2026-09-13T12:46:02.379Z,2026-09-14T12:46:02.379Z,2026-09-14T10:31:02.379Z,telemetry,boiler_01,12,0,50.58,2730,65,60.58
,,0,2026-09-13T12:46:02.379Z,2026-09-14T12:46:02.379Z,2026-09-14T10:31:32.379Z,telemetry,boiler_01,12,0,48.6,2731,65,58.6
,,0,2026-09-13T12:46:02.379Z,2026-09-14T12:46:02.379Z,2026-09-14T10:32:02.379Z,telemetry,boiler_01,12,0,46.72,2732,65,56.72
,,0,2026-09-13T12:46:02.379Z,2026-09-14T12:46:02.379Z,2026-09-14T10:32:32.379Z,telemetry,boiler_01,12,0,44.93,2733,65,54.93
,,0,2026-09-13T12:46:02.379Z,2026-09-14T12:46:02.379Z,2026-09-14T10:33:02.379Z,telemetry,boiler_01,12,0,43.23,2734,65,53.23
,,0,2026-09-13T12:46:02.379Z,2026-09-14T12:46:02.379Z,2026-09-14T10:33:32.379Z,telemetry,boiler_01,12,0,41.61,2735,65,51.61
,,0,2026-09-13T12:46:02.379Z,2026-09-14T12:46:02.379Z,2026-09-14T10:34:02.379Z,telemetry,boiler_01,12,0,40.06,2736,65,50.06
,,0,2026-09-13T12:46:02.379Z,2026-09-14T12:46:02.379Z,2026-09-14T10:34:32.379Z,telemetry,boiler_01,12,0,38.6,2737,65,48.6
,,0,2026-09-13T12:46:02.379Z,2026-09-14T12:46:02.379Z,2026-09-14T10:35:02.381Z,telemetry,boiler_01,12,0,37.2,2738,65,47.2
,,0,2026-09-13T12:46:02.379Z,2026-09-14T12:46:02.379Z,2026-09-14T10:35:32.379Z,telemetry,boiler_01,12,0,35.88,2739,65,45.88
,,0,2026-09-13T12:46:02.379Z,2026-09-14T12:46:02.379Z,2026-09-14T10:36:02.38Z,telemetry,boiler_01,12,0,34.61,2740,65,44.61
,,0,2026-09-13T12:46:02.379Z,2026-09-14T12:46:02.379Z,2026-09-14T10:36:32.379Z,telemetry,boiler_01,12,0,33.41,2741,65,43.41
,,0,2026-09-13T12:46:02.379Z,2026-09-14T12:46:02.379Z,2026-09-14T10:37:02.379Z,telemetry,boiler_01,12,0,32.27,2742,65,42.27
,,0,2026-09-13T12:46:02.379Z,2026-09-14T12:46:02.379Z,2026-09-14T10:37:32.379Z,telemetry,boiler_01,12,0,31.19,2743,65,41.19
,,0,2026-09-13T12:46:02.379Z,2026-09-14T12:46:02.379Z,2026-09-14T10:38:02.379Z,telemetry,boiler_01,12,0,30.15,2744,65,40.15
,,0,2026-09-13T12:46:02.379Z,2026-09-14T12:46:02.379Z,2026-09-14T10:38:32.379Z,telemetry,boiler_01,12,0,29.17,2745,65,39.17
,,0,2026-09-13T12:46:02.379Z,2026-09-14T12:46:02.379Z,2026-09-14T10:39:02.379Z,telemetry,boiler_01,12,0,28.23,2746,65,38.23
,,0,2026-09-13T12:46:02.379Z,2026-09-14T12:46:02.379Z,2026-09-14T10:39:32.379Z,telemetry,boiler_01,12,0,27.35,2747,65,37.35
,,0,2026-09-13T12:46:02.379Z,2026-09-14T12:46:02.379Z,2026-09-14T10:40:02.379Z,telemetry,boiler_01,12,5,28.74,2748,65,38.74
,,0,2026-09-13T12:46:02.379Z,2026-09-14T12:46:02.379Z,2026-09-14T10:40:32.379Z,telemetry,boiler_01,12,5,47.09,2749,65,57.09
,,0,2026-09-13T12:46:02.379Z,2026-09-14T12:46:02.379Z,2026-09-14T10:41:02.379Z,telemetry,boiler_01,12,5,52.62,2750,65,62.62
,,0,2026-09-13T12:46:02.379Z,2026-09-14T12:46:02.379Z,2026-09-14T10:41:32.379Z,telemetry,boiler_01,12,5,54.28,2751,65,64.28
,,0,2026-09-13T12:46:02.379Z,2026-09-14T12:46:02.379Z,2026-09-14T10:42:02.385Z,telemetry,boiler_01,12,5,54.78,2752,65,64.78
,,0,2026-09-13T12:46:02.379Z,2026-09-14T12:46:02.379Z,2026-09-14T10:42:32.379Z,telemetry,boiler_01,12,5,54.93,2753,65,64.93
,,0,2026-09-13T12:46:02.379Z,2026-09-14T12:46:02.379Z,2026-09-14T10:43:02.379Z,telemetry,boiler_01,12,5,54.98,2754,65,64.98
,,0,2026-09-13T12:46:02.379Z,2026-09-14T12:46:02.379Z,2026-09-14T10:43:32.379Z,telemetry,boiler_01,12,5,54.99,2755,65,64.99
,,0,2026-09-13T12:46:02.379Z,2026-09-14T12:46:02.379Z,2026-09-14T10:44:02.379Z,telemetry,boiler_01,12,5,55,2756,65,65
,,0,2026-09-13T12:46:02.379Z,2026-09-14T12:46:02.379Z,2026-09-14T10:44:32.379Z,telemetry,boiler_01,12,5,55,2757,65,65
,,0,2026-09-13T12:46:02.379Z,2026-09-14T12:46:02.379Z,2026-09-14T10:45:02.379Z,telemetry,boiler_01,12,5,55,2758,65,65
,,0,2026-09-13T12:46:02.379Z,2026-09-14T12:46:02.379Z,2026-09-14T10:45:32.379Z,telemetry,boiler_01,12,5,55,2759,65,65
,,0,2026-09-13T12:46:02.379Z,2026-09-14T12:46:02.379Z,2026-09-14T10:46:02.38Z,telemetry,boiler_01,12,5,55,2760,65,65
,,0,2026-09-13T12:46:02.379Z,2026-09-14T12:46:02.379Z,2026-09-14T10:46:32.379Z,telemetry,boiler_01,12,5,55,2761,65,65
,,0,2026-09-13T12:46:02.379Z,2026-09-14T12:46:02.379Z,2026-09-14T10:47:02.379Z,telemetry,boiler_01,12,5,55,2762,65,65
,,0,2026-09-13T12:46:02.379Z,2026-09-14T12:46:02.379Z,2026-09-14T10:47:32.379Z,telemetry,boiler_01,12,5,55,2763,65,65
,,0,2026-09-13T12:46:02.379Z,2026-09-14T12:46:02.379Z,2026-09-14T10:48:02.379Z,telemetry,boiler_01,12,5,55,2764,65,65
,,0,2026-09-13T12:46:02.379Z,2026-09-14T12:46:02.379Z,2026-09-14T10:48:32.379Z,telemetry,boiler_01,12,5,55,2765,65,65
,,0,2026-09-13T12:46:02.379Z,2026-09-14T12:46:02.379Z,2026-09-14T10:49:02.379Z,telemetry,boiler_01,12,5,55,2766,65,65
,,0,2026-09-13T12:46:02.379Z,2026-09-14T12:46:02.379Z,2026-09-14T10:49:32.379Z,telemetry,boiler_01,12,5,55,2767,65,65
,,0,2026-09-13T12:46:02.379Z,2026-09-14T12:46:02.379Z,2026-09-14T10:50:02.38Z,telemetry,boiler_01,12,0,54.85,2768,65,64.85
,,0,2026-09-13T12:46:02.379Z,2026-09-14T12:46:02.379Z,2026-09-14T10:50:32.379Z,telemetry,boiler_01,12,0,52.66,2769,65,62.66
,,0,2026-09-13T12:46:02.379Z,2026-09-14T12:46:02.379Z,2026-09-14T10:51:02.381Z,telemetry,boiler_01,12,0,50.58,2770,65,60.58
,,0,2026-09-13T12:46:02.379Z,2026-09-14T12:46:02.379Z,2026-09-14T10:51:32.379Z,telemetry,boiler_01,12,0,48.6,2771,65,58.6
,,0,2026-09-13T12:46:02.379Z,2026-09-14T12:46:02.379Z,2026-09-14T10:52:02.379Z,telemetry,boiler_01,12,0,46.72,2772,65,56.72
,,0,2026-09-13T12:46:02.379Z,2026-09-14T12:46:02.379Z,2026-09-14T10:52:32.379Z,telemetry,boiler_01,12,0,44.93,2773,65,54.93
,,0,2026-09-13T12:46:02.379Z,2026-09-14T12:46:02.379Z,2026-09-14T10:53:02.385Z,telemetry,boiler_01,12,0,43.23,2774,65,53.23
,,0,2026-09-13T12:46:02.379Z,2026-09-14T12:46:02.379Z,2026-09-14T10:53:32.379Z,telemetry,boiler_01,12,0,41.61,2775,65,51.61
,,0,2026-09-13T12:46:02.379Z,2026-09-14T12:46:02.379Z,2026-09-14T10:54:02.383Z,telemetry,boiler_01,12,0,40.06,2776,65,50.06
,,0,2026-09-13T12:46:02.379Z,2026-09-14T12:46:02.379Z,2026-09-14T10:54:32.379Z,telemetry,boiler_01,12,0,38.6,2777,65,48.6
,,0,2026-09-13T12:46:02.379Z,2026-09-14T12:46:02.379Z,2026-09-14T10:55:02.381Z,telemetry,boiler_01,12,0,37.2,2778,65,47.2
,,0,2026-09-13T12:46:02.379Z,2026-09-14T12:46:02.379Z,2026-09-14T10:55:32.379Z,telemetry,boiler_01,12,0,35.88,2779,65,45.88
,,0,2026-09-13T12:46:02.379Z,2026-09-14T12:46:02.379Z,2026-09-14T10:56:02.379Z,telemetry,boiler_01,12,0,34.61,2780,65,44.61
,,0,2026-09-13T12:46:02.379Z,2026-09-14T12:46:02.379Z,2026-09-14T10:56:32.379Z,telemetry,boiler_01,12,0,33.41,2781,65,43.41
,,0,2026-09-13T12:46:02.379Z,2026-09-14T12:46:02.379Z,2026-09-14T10:57:02.379Z,telemetry,boiler_01,12,0,32.27,2782,65,42.27
,,0,2026-09-13T12:46:02.379Z,2026-09-14T12:46:02.379Z,2026-09-14T10:57:32.379Z,telemetry,boiler_01,12,0,31.19,2783,65,41.19
,,0,2026-09-13T12:46:02.379Z,2026-09-14T12:46:02.379Z,2026-09-14T10:58:02.38Z,telemetry,boiler_01,12,0,30.15,2784,65,40.15
,,0,2026-09-13T12:46:02.379Z,2026-09-14T12:46:02.379Z,2026-09-14T10:58:32.379Z,telemetry,boiler_01,12,0,29.17,2785,65,39.17
,,0,2026-09-13T12:46:02.379Z,2026-09-14T12:46:02.379Z,2026-09-14T10:59:02.38Z,telemetry,boiler_01,12,0,28.23,2786,65,38.23
,,0,2026-09-13T12:46:02.379Z,2026-09-14T12:46:02.379Z,2026-09-14T10:59:32.379Z,telemetry,boiler_01,12,0,27.35,2787,65,37.35
,,0,2026-09-13T12:46:02.379Z,2026-09-14T12:46:02.379Z,2026-09-14T11:00:02.379Z,telemetry,boiler_01,12,5,28.74,2788,65,38.74
,,0,2026-09-13T12:46:02.379Z,2026-09-14T12:46:02.379Z,2026-09-14T11:00:32.379Z,telemetry,boiler_01,12,5,47.09,2789,65,57.09
,,0,2026-09-13T12:46:02.379Z,2026-09-14T12:46:02.379Z,2026-09-14T11:01:02.379Z,telemetry,boiler_01,12,5,52.62,2790,65,62.62
,,0,2026-09-13T12:46:02.379Z,2026-09-14T12:46:02.379Z,2026-09-14T11:01:32.379Z,telemetry,boiler_01,12,5,54.28,2791,65,64.28
,,0,2026-09-13T12:46:02.379Z,2026-09-14T12:46:02.379Z,2026-09-14T11:02:02.379Z,telemetry,boiler_01,12,5,54.78,2792,65,64.78
,,0,2026-09-13T12:46:02.379Z,2026-09-14T12:46:02.379Z,2026-09-14T11:02:32.379Z,telemetry,boiler_01,12,5,54.93,2793,65,64.93
,,0,2026-09-13T12:46:02.379Z,2026-09-14T12:46:02.379Z,2026-09-14T11:03:02.379Z,telemetry,boiler_01,12,5,54.98,2794,65,64.98
,,0,2026-09-13T12:46:02.379Z,2026-09-14T12:46:02.379Z,2026-09-14T11:03:32.379Z,telemetry,boiler_01,12,5,54.99,2795,65,64.99
,,0,2026-09-13T12:46:02.379Z,2026-09-14T12:46:02.379Z,2026-09-14T11:04:02.379Z,telemetry,boiler_01,12,5,55,2796,65,65
,,0,2026-09-13T12:46:02.379Z,2026-09-14T12:46:02.379Z,2026-09-14T11:04:32.379Z,telemetry,boiler_01,12,5,55,2797,65,65
,,0,2026-09-13T12:46:02.379Z,2026-09-14T12:46:02.379Z,2026-09-14T11:05:02.379Z,telemetry,boiler_01,12,5,55,2798,65,65
,,0,2026-09-13T12:46:02.379Z,2026-09-14T12:46:02.379Z,2026-09-14T11:05:32.379Z,telemetry,boiler_01,12,5,55,2799,65,65
,,0,2026-09-13T12:46:02.379Z,2026-09-14T12:46:02.379Z,2026-09-14T11:06:02.379Z,telemetry,boiler_01,12,5,55,2800,65,65
,,0,2026-09-13T12:46:02.379Z,2026-09-14T12:46:02.379Z,2026-09-14T11:06:32.379Z,telemetry,boiler_01,12,5,55,2801,65,65
,,0,2026-09-13T12:46:02.379Z,2026-09-14T12:46:02.379Z,2026-09-14T11:07:02.379Z,telemetry,boiler_01,12,5,55,2802,65,65
,,0,2026-09-13T12:46:02.379Z,2026-09-14T12:46:02.379Z,2026-09-14T11:07:32.379Z,telemetry,boiler_01,12,5,55,2803,65,65
,,0,2026-09-13T12:46:02.379Z,2026-09-14T12:46:02.379Z,2026-09-14T11:08:02.385Z,telemetry,boiler_01,12,5,55,2804,65,65
,,0,2026-09-13T12:46:02.379Z,2026-09-14T12:46:02.379Z,2026-09-14T11:08:32.379Z,telemetry,boiler_01,12,5,55,2805,65,65
,,0,2026-09-13T12:46:02.379Z,2026-09-14T12:46:02.379Z,2026-09-14T11:09:02.384Z,telemetry,boiler_01,12,5,55,2806,65,65
,,0,2026-09-13T12:46:02.379Z,2026-09-14T12:46:02.379Z,2026-09-14T11:09:32.379Z,telemetry,boiler_01,12,5,55,2807,65,65
,,0,2026-09-13T12:46:02.379Z,2026-09-14T12:46:02.379Z,2026-09-14T11:10:02.379Z,telemetry,boiler_01,12,0,54.85,2808,65,64.85
,,0,2026-09-13T12:46:02.379Z,2026-09-14T12:46:02.379Z,2026-09-14T11:10:32.379Z,telemetry,boiler_01,12,0,52.66,2809,65,62.66
,,0,2026-09-13T12:46:02.379Z,2026-09-14T12:46:02.379Z,2026-09-14T11:11:02.379Z,telemetry,boiler_01,12,0,50.58,2810,65,60.58
,,0,2026-09-13T12:46:02.379Z,2026-09-14T12:46:02.379Z,2026-09-14T11:11:32.379Z,telemetry,boiler_01,12,0,48.6,2811,65,58.6
,,0,2026-09-13T12:46:02.379Z,2026-09-14T12:46:02.379Z,2026-09-14T11:12:02.379Z,telemetry,boiler_01,12,0,46.72,2812,65,56.72
,,0,2026-09-13T12:46:02.379Z,2026-09-14T12:46:02.379Z,2026-09-14T11:12:32.379Z,telemetry,boiler_01,12,0,44.93,2813,65,54.93
,,0,2026-09-13T12:46:02.379Z,2026-09-14T12:46:02.379Z,2026-09-14T11:13:02.379Z,telemetry,boiler_01,12,0,43.23,2814,65,53.23
,,0,2026-09-13T12:46:02.379Z,2026-09-14T12:46:02.379Z,2026-09-14T11:13:32.379Z,telemetry,boiler_01,12,0,41.61,2815,65,51.61
,,0,2026-09-13T12:46:02.379Z,2026-09-14T12:46:02.379Z,2026-09-14T11:14:02.379Z,telemetry,boiler_01,12,0,40.06,2816,65,50.06
,,0,2026-09-13T12:46:02.379Z,2026-09-14T12:46:02.379Z,2026-09-14T11:14:32.379Z,telemetry,boiler_01,12,0,38.6,2817,65,48.6
,,0,2026-09-13T12:46:02.379Z,2026-09-14T12:46:02.379Z,2026-09-14T11:15:02.382Z,telemetry,boiler_01,12,0,37.2,2818,65,47.2
,,0,2026-09-13T12:46:02.379Z,2026-09-14T12:46:02.379Z,2026-09-14T11:15:32.379Z,telemetry,boiler_01,12,0,35.88,2819,65,45.88
,,0,2026-09-13T12:46:02.379Z,2026-09-14T12:46:02.379Z,2026-09-14T11:16:02.38Z,telemetry,boiler_01,12,0,34.61,2820,65,44.61
,,0,2026-09-13T12:46:02.379Z,2026-09-14T12:46:02.379Z,2026-09-14T11:16:32.379Z,telemetry,boiler_01,12,0,33.41,2821,65,43.41
,,0,2026-09-13T12:46:02.379Z,2026-09-14T12:46:02.379Z,2026-09-14T11:17:02.38Z,telemetry,boiler_01,12,0,32.27,2822,65,42.27
,,0,2026-09-13T12:46:02.379Z,2026-09-14T12:46:02.379Z,2026-09-14T11:17:32.379Z,telemetry,boiler_01,12,0,31.19,2823,65,41.19
,,0,2026-09-13T12:46:02.379Z,2026-09-14T12:46:02.379Z,2026-09-14T11:18:02.379Z,telemetry,boiler_01,12,0,30.15,2824,65,40.15
,,0,2026-09-13T12:46:02.379Z,2026-09-14T12:46:02.379Z,2026-09-14T11:18:32.379Z,telemetry,boiler_01,12,0,29.17,2825,65,39.17
,,0,2026-09-13T12:46:02.379Z,2026-09-14T12:46:02.379Z,2026-09-14T11:19:02.379Z,telemetry,boiler_01,12,0,28.23,2826,65,38.23
,,0,2026-09-13T12:46:02.379Z,2026-09-14T12:46:02.379Z,2026-09-14T11:19:32.379Z,telemetry,boiler_01,12,0,27.35,2827,65,37.35
,,0,2026-09-13T12:46:02.379Z,2026-09-14T12:46:02.379Z,2026-09-14T11:20:02.379Z,telemetry,boiler_01,12,5,28.74,2828,65,38.74
,,0,2026-09-13T12:46:02.379Z,2026-09-14T12:46:02.379Z,2026-09-14T11:20:32.379Z,telemetry,boiler_01,12,5,47.09,2829,65,57.09
,,0,2026-09-13T12:46:02.379Z,2026-09-14T12:46:02.379Z,2026-09-14T11:21:02.379Z,telemetry,boiler_01,12,5,52.62,2830,65,62.62
,,0,2026-09-13T12:46:02.379Z,2026-09-14T12:46:02.379Z,2026-09-14T11:21:32.379Z,telemetry,boiler_01,12,5,54.28,2831,65,64.28
,,0,2026-09-13T12:46:02.379Z,2026-09-14T12:46:02.379Z,2026-09-14T11:22:02.379Z,telemetry,boiler_01,12,5,54.78,2832,65,64.78
,,0,2026-09-13T12:46:02.379Z,2026-09-14T12:46:02.379Z,2026-09-14T11:22:32.379Z,telemetry,boiler_01,12,5,54.93,2833,65,64.93
,,0,2026-09-13T12:46:02.379Z,2026-09-14T12:46:02.379Z,2026-09-14T11:23:02.38Z,telemetry,boiler_01,12,5,54.98,2834,65,64.98
,,0,2026-09-13T12:46:02.379Z,2026-09-14T12:46:02.379Z,2026-09-14T11:23:32.379Z,telemetry,boiler_01,12,5,54.99,2835,65,64.99
,,0,2026-09-13T12:46:02.379Z,2026-09-14T12:46:02.379Z,2026-09-14T11:24:02.379Z,telemetry,boiler_01,12,5,55,2836,65,65
,,0,2026-09-13T12:46:02.379Z,2026-09-14T12:46:02.379Z,2026-09-14T11:24:32.379Z,telemetry,boiler_01,12,5,55,2837,65,65
,,0,2026-09-13T12:46:02.379Z,2026-09-14T12:46:02.379Z,2026-09-14T11:25:02.379Z,telemetry,boiler_01,12,5,55,2838,65,65
,,0,2026-09-13T12:46:02.379Z,2026-09-14T12:46:02.379Z,2026-09-14T11:25:32.379Z,telemetry,boiler_01,12,5,55,2839,65,65
,,0,2026-09-13T12:46:02.379Z,2026-09-14T12:46:02.379Z,2026-09-14T11:26:02.379Z,telemetry,boiler_01,12,5,55,2840,65,65
,,0,2026-09-13T12:46:02.379Z,2026-09-14T12:46:02.379Z,2026-09-14T11:26:32.379Z,telemetry,boiler_01,12,5,55,2841,65,65
,,0,2026-09-13T12:46:02.379Z,2026-09-14T12:46:02.379Z,2026-09-14T11:27:02.381Z,telemetry,boiler_01,12,5,55,2842,65,65
,,0,2026-09-13T12:46:02.379Z,2026-09-14T12:46:02.379Z,2026-09-14T11:27:32.379Z,telemetry,boiler_01,12,5,55,2843,65,65
,,0,2026-09-13T12:46:02.379Z,2026-09-14T12:46:02.379Z,2026-09-14T11:28:02.379Z,telemetry,boiler_01,12,5,55,2844,65,65
,,0,2026-09-13T12:46:02.379Z,2026-09-14T12:46:02.379Z,2026-09-14T11:28:32.379Z,telemetry,boiler_01,12,5,55,2845,65,65
,,0,2026-09-13T12:46:02.379Z,2026-09-14T12:46:02.379Z,2026-09-14T11:29:02.379Z,telemetry,boiler_01,12,5,55,2846,65,65
,,0,2026-09-13T12:46:02.379Z,2026-09-14T12:46:02.379Z,2026-09-14T11:29:32.379Z,telemetry,boiler_01,12,5,55,2847,65,65
,,0,2026-09-13T12:46:02.379Z,2026-09-14T12:46:02.379Z,2026-09-14T11:30:02.379Z,telemetry,boiler_01,12,0,54.85,2848,65,64.85
,,0,2026-09-13T12:46:02.379Z,2026-09-14T12:46:02.379Z,2026-09-14T11:30:32.379Z,telemetry,boiler_01,12,0,52.66,2849,65,62.66
,,0,2026-09-13T12:46:02.379Z,2026-09-14T12:46:02.379Z,2026-09-14T11:31:02.379Z,telemetry,boiler_01,12,0,50.58,2850,65,60.58
,,0,2026-09-13T12:46:02.379Z,2026-09-14T12:46:02.379Z,2026-09-14T11:31:32.379Z,telemetry,boiler_01,12,0,48.6,2851,65,58.6
,,0,2026-09-13T12:46:02.379Z,2026-09-14T12:46:02.379Z,2026-09-14T11:32:02.379Z,telemetry,boiler_01,12,0,46.72,2852,65,56.72
,,0,2026-09-13T12:46:02.379Z,2026-09-14T12:46:02.379Z,2026-09-14T11:32:32.379Z,telemetry,boiler_01,12,0,44.93,2853,65,54.93
,,0,2026-09-13T12:46:02.379Z,2026-09-14T12:46:02.379Z,2026-09-14T11:33:02.379Z,telemetry,boiler_01,12,0,43.23,2854,65,53.23
,,0,2026-09-13T12:46:02.379Z,2026-09-14T12:46:02.379Z,2026-09-14T11:33:32.379Z,telemetry,boiler_01,12,0,41.61,2855,65,51.61
,,0,2026-09-13T12:46:02.379Z,2026-09-14T12:46:02.379Z,2026-09-14T11:34:02.379Z,telemetry,boiler_01,12,0,40.06,2856,65,50.06
,,0,2026-09-13T12:46:02.379Z,2026-09-14T12:46:02.379Z,2026-09-14T11:34:32.379Z,telemetry,boiler_01,12,0,38.6,2857,65,48.6
,,0,2026-09-13T12:46:02.379Z,2026-09-14T12:46:02.379Z,2026-09-14T11:35:02.38Z,telemetry,boiler_01,12,0,37.2,2858,65,47.2
,,0,2026-09-13T12:46:02.379Z,2026-09-14T12:46:02.379Z,2026-09-14T11:35:32.381Z,telemetry,boiler_01,12,0,35.88,2859,65,45.88
,,0,2026-09-13T12:46:02.379Z,2026-09-14T12:46:02.379Z,2026-09-14T11:36:02.384Z,telemetry,boiler_01,12,0,34.61,2860,65,44.61
,,0,2026-09-13T12:46:02.379Z,2026-09-14T12:46:02.379Z,2026-09-14T11:36:32.379Z,telemetry,boiler_01,12,0,33.41,2861,65,43.41
,,0,2026-09-13T12:46:02.379Z,2026-09-14T12:46:02.379Z,2026-09-14T11:37:02.379Z,telemetry,boiler_01,12,0,32.27,2862,65,42.27
,,0,2026-09-13T12:46:02.379Z,2026-09-14T12:46:02.379Z,2026-09-14T11:37:32.379Z,telemetry,boiler_01,12,0,31.19,2863,65,41.19
,,0,2026-09-13T12:46:02.379Z,2026-09-14T12:46:02.379Z,2026-09-14T11:38:02.379Z,telemetry,boiler_01,12,0,30.15,2864,65,40.15
,,0,2026-09-13T12:46:02.379Z,2026-09-14T12:46:02.379Z,2026-09-14T11:38:32.379Z,telemetry,boiler_01,12,0,29.17,2865,65,39.17
,,0,2026-09-13T12:46:02.379Z,2026-09-14T12:46:02.379Z,2026-09-14T11:39:02.379Z,telemetry,boiler_01,12,0,28.23,2866,65,38.23
,,0,2026-09-13T12:46:02.379Z,2026-09-14T12:46:02.379Z,2026-09-14T11:39:32.379Z,telemetry,boiler_01,12,0,27.35,2867,65,37.35
,,0,2026-09-13T12:46:02.379Z,2026-09-14T12:46:02.379Z,2026-09-14T11:40:02.379Z,telemetry,boiler_01,12,5,28.74,2868,65,38.74
,,0,2026-09-13T12:46:02.379Z,2026-09-14T12:46:02.379Z,2026-09-14T11:40:32.379Z,telemetry,boiler_01,12,5,47.09,2869,65,57.09
,,0,2026-09-13T12:46:02.379Z,2026-09-14T12:46:02.379Z,2026-09-14T11:41:02.379Z,telemetry,boiler_01,12,5,52.62,2870,65,62.62
,,0,2026-09-13T12:46:02.379Z,2026-09-14T12:46:02.379Z,2026-09-14T11:41:32.379Z,telemetry,boiler_01,12,5,54.28,2871,65,64.28
,,0,2026-09-13T12:46:02.379Z,2026-09-14T12:46:02.379Z,2026-09-14T11:42:02.379Z,telemetry,boiler_01,12,5,54.78,2872,65,64.78
,,0,2026-09-13T12:46:02.379Z,2026-09-14T12:46:02.379Z,2026-09-14T11:42:32.379Z,telemetry,boiler_01,12,5,54.93,2873,65,64.93
,,0,2026-09-13T12:46:02.379Z,2026-09-14T12:46:02.379Z,2026-09-14T11:43:02.379Z,telemetry,boiler_01,12,5,54.98,2874,65,64.98
,,0,2026-09-13T12:46:02.379Z,2026-09-14T12:46:02.379Z,2026-09-14T11:43:32.379Z,telemetry,boiler_01,12,5,54.99,2875,65,64.99
,,0,2026-09-13T12:46:02.379Z,2026-09-14T12:46:02.379Z,2026-09-14T11:44:02.379Z,telemetry,boiler_01,12,5,55,2876,65,65
,,0,2026-09-13T12:46:02.379Z,2026-09-14T12:46:02.379Z,2026-09-14T11:44:32.379Z,telemetry,boiler_01,12,5,55,2877,65,65
,,0,2026-09-13T12:46:02.379Z,2026-09-14T12:46:02.379Z,2026-09-14T11:45:02.379Z,telemetry,boiler_01,12,5,55,2878,65,65
,,0,2026-09-13T12:46:02.379Z,2026-09-14T12:46:02.379Z,2026-09-14T11:45:32.379Z,telemetry,boiler_01,12,5,55,2879,65,65
,,0,2026-09-13T12:46:02.379Z,2026-09-14T12:46:02.379Z,2026-09-14T11:46:02.379Z,telemetry,boiler_01,12,5,55,2880,65,65
,,0,2026-09-13T12:46:02.379Z,2026-09-14T12:46:02.379Z,2026-09-14T11:46:32.379Z,telemetry,boiler_01,12,5,55,2881,65,65
,,0,2026-09-13T12:46:02.379Z,2026-09-14T12:46:02.379Z,2026-09-14T11:47:02.379Z,telemetry,boiler_01,12,5,55,2882,65,65
,,0,2026-09-13T12:46:02.379Z,2026-09-14T12:46:02.379Z,2026-09-14T11:47:32.379Z,telemetry,boiler_01,12,5,55,2883,65,65
,,0,2026-09-13T12:46:02.379Z,2026-09-14T12:46:02.379Z,2026-09-14T11:48:02.38Z,telemetry,boiler_01,12,5,55,2884,65,65
,,0,2026-09-13T12:46:02.379Z,2026-09-14T12:46:02.379Z,2026-09-14T11:48:32.379Z,telemetry,boiler_01,12,5,55,2885,65,65
,,0,2026-09-13T12:46:02.379Z,2026-09-14T12:46:02.379Z,2026-09-14T11:49:02.379Z,telemetry,boiler_01,12,5,55,2886,65,65
,,0,2026-09-13T12:46:02.379Z,2026-09-14T12:46:02.379Z,2026-09-14T11:49:32.379Z,telemetry,boiler_01,12,5,55,2887,65,65
,,0,2026-09-13T12:46:02.379Z,2026-09-14T12:46:02.379Z,2026-09-14T11:50:02.379Z,telemetry,boiler_01,12,0,54.85,2888,65,64.85
,,0,2026-09-13T12:46:02.379Z,2026-09-14T12:46:02.379Z,2026-09-14T11:50:32.379Z,telemetry,boiler_01,12,0,52.66,2889,65,62.66
,,0,2026-09-13T12:46:02.379Z,2026-09-14T12:46:02.379Z,2026-09-14T11:51:02.38Z,telemetry,boiler_01,12,0,50.58,2890,65,60.58
,,0,2026-09-13T12:46:02.379Z,2026-09-14T12:46:02.379Z,2026-09-14T11:51:32.379Z,telemetry,boiler_01,12,0,48.6,2891,65,58.6
,,0,2026-09-13T12:46:02.379Z,2026-09-14T12:46:02.379Z,2026-09-14T11:52:02.379Z,telemetry,boiler_01,12,0,46.72,2892,65,56.72
,,0,2026-09-13T12:46:02.379Z,2026-09-14T12:46:02.379Z,2026-09-14T11:52:32.379Z,telemetry,boiler_01,12,0,44.93,2893,65,54.93
,,0,2026-09-13T12:46:02.379Z,2026-09-14T12:46:02.379Z,2026-09-14T11:53:02.379Z,telemetry,boiler_01,12,0,43.23,2894,65,53.23
,,0,2026-09-13T12:46:02.379Z,2026-09-14T12:46:02.379Z,2026-09-14T11:53:32.379Z,telemetry,boiler_01,12,0,41.61,2895,65,51.61
,,0,2026-09-13T12:46:02.379Z,2026-09-14T12:46:02.379Z,2026-09-14T11:54:02.379Z,telemetry,boiler_01,12,0,40.06,2896,65,50.06
,,0,2026-09-13T12:46:02.379Z,2026-09-14T12:46:02.379Z,2026-09-14T11:54:32.379Z,telemetry,boiler_01,12,0,38.6,2897,65,48.6
,,0,2026-09-13T12:46:02.379Z,2026-09-14T12:46:02.379Z,2026-09-14T11:55:02.379Z,telemetry,boiler_01,12,0,37.2,2898,65,47.2
,,0,2026-09-13T12:46:02.379Z,2026-09-14T12:46:02.379Z,2026-09-14T11:55:32.379Z,telemetry,boiler_01,12,0,35.88,2899,65,45.88
,,0,2026-09-13T12:46:02.379Z,2026-09-14T12:46:02.379Z,2026-09-14T11:56:02.379Z,telemetry,boiler_01,12,0,34.61,2900,65,44.61
,,0,2026-09-13T12:46:02.379Z,2026-09-14T12:46:02.379Z,2026-09-14T11:56:32.379Z,telemetry,boiler_01,12,0,33.41,2901,65,43.41
,,0,2026-09-13T12:46:02.379Z,2026-09-14T12:46:02.379Z,2026-09-14T11:57:02.379Z,telemetry,boiler_01,12,0,32.27,2902,65,42.27
,,0,2026-09-13T12:46:02.379Z,2026-09-14T12:46:02.379Z,2026-09-14T11:57:32.379Z,telemetry,boiler_01,12,0,31.19,2903,65,41.19
,,0,2026-09-13T12:46:02.379Z,2026-09-14T12:46:02.379Z,2026-09-14T11:58:02.38Z,telemetry,boiler_01,12,0,30.15,2904,65,40.15
,,0,2026-09-13T12:46:02.379Z,2026-09-14T12:46:02.379Z,2026-09-14T11:58:32.379Z,telemetry,boiler_01,12,0,29.17,2905,65,39.17
,,0,2026-09-13T12:46:02.379Z,2026-09-14T12:46:02.379Z,2026-09-14T11:59:02.379Z,telemetry,boiler_01,12,0,28.23,2906,65,38.23
,,0,2026-09-13T12:46:02.379Z,2026-09-14T12:46:02.379Z,2026-09-14T11:59:32.379Z,telemetry,boiler_01,12,0,27.35,2907,65,37.35
,,0,2026-09-13T12:46:02.379Z,2026-09-14T12:46:02.379Z,2026-09-14T12:00:02.381Z,telemetry,boiler_01,12,5,28.74,2908,65,38.74
,,0,2026-09-13T12:46:02.379Z,2026-09-14T12:46:02.379Z,2026-09-14T12:00:32.379Z,telemetry,boiler_01,12,5,47.09,2909,65,57.09
,,0,2026-09-13T12:46:02.379Z,2026-09-14T12:46:02.379Z,2026-09-14T12:01:02.379Z,telemetry,boiler_01,12,5,52.62,2910,65,62.62
,,0,2026-09-13T12:46:02.379Z,2026-09-14T12:46:02.379Z,2026-09-14T12:01:32.379Z,telemetry,boiler_01,12,5,54.28,2911,65,64.28
,,0,2026-09-13T12:46:02.379Z,2026-09-14T12:46:02.379Z,2026-09-14T12:02:02.379Z,telemetry,boiler_01,12,5,54.78,2912,65,64.78
,,0,2026-09-13T12:46:02.379Z,2026-09-14T12:46:02.379Z,2026-09-14T12:02:32.379Z,telemetry,boiler_01,12,5,54.93,2913,65,64.93
,,0,2026-09-13T12:46:02.379Z,2026-09-14T12:46:02.379Z,2026-09-14T12:03:02.379Z,telemetry,boiler_01,12,5,54.98,2914,65,64.98
,,0,2026-09-13T12:46:02.379Z,2026-09-14T12:46:02.379Z,2026-09-14T12:03:32.379Z,telemetry,boiler_01,12,5,54.99,2915,65,64.99
,,0,2026-09-13T12:46:02.379Z,2026-09-14T12:46:02.379Z,2026-09-14T12:04:02.379Z,telemetry,boiler_01,12,5,55,2916,65,65
,,0,2026-09-13T12:46:02.379Z,2026-09-14T12:46:02.379Z,2026-09-14T12:04:32.379Z,telemetry,boiler_01,12,5,55,2917,65,65
,,0,2026-09-13T12:46:02.379Z,2026-09-14T12:46:02.379Z,2026-09-14T12:05:02.379Z,telemetry,boiler_01,12,5,55,2918,65,65
,,0,2026-09-13T12:46:02.379Z,2026-09-14T12:46:02.379Z,2026-09-14T12:05:32.379Z,telemetry,boiler_01,12,5,55,2919,65,65
,,0,2026-09-13T12:46:02.379Z,2026-09-14T12:46:02.379Z,2026-09-14T12:06:02.379Z,telemetry,boiler_01,12,5,55,2920,65,65
,,0,2026-09-13T12:46:02.379Z,2026-09-14T12:46:02.379Z,2026-09-14T12:06:32.379Z,telemetry,boiler_01,12,5,55,2921,65,65
,,0,2026-09-13T12:46:02.379Z,2026-09-14T12:46:02.379Z,2026-09-14T12:07:02.379Z,telemetry,boiler_01,12,5,55,2922,65,65
,,0,2026-09-13T12:46:02.379Z,2026-09-14T12:46:02.379Z,2026-09-14T12:07:32.379Z,telemetry,boiler_01,12,5,55,2923,65,65
,,0,2026-09-13T12:46:02.379Z,2026-09-14T12:46:02.379Z,2026-09-14T12:08:02.38Z,telemetry,boiler_01,12,5,55,2924,65,65
,,0,2026-09-13T12:46:02.379Z,2026-09-14T12:46:02.379Z,2026-09-14T12:08:32.379Z,telemetry,boiler_01,12,5,55,2925,65,65
,,0,2026-09-13T12:46:02.379Z,2026-09-14T12:46:02.379Z,2026-09-14T12:09:02.399Z,telemetry,boiler_01,12,5,55,2926,65,65
,,0,2026-09-13T12:46:02.379Z,2026-09-14T12:46:02.379Z,2026-09-14T12:09:32.379Z,telemetry,boiler_01,12,5,55,2927,65,65
,,0,2026-09-13T12:46:02.379Z,2026-09-14T12:46:02.379Z,2026-09-14T12:10:02.379Z,telemetry,boiler_01,12,0,54.85,2928,65,64.85
,,0,2026-09-13T12:46:02.379Z,2026-09-14T12:46:02.379Z,2026-09-14T12:10:32.379Z,telemetry,boiler_01,12,0,52.66,2929,65,62.66
,,0,2026-09-13T12:46:02.379Z,2026-09-14T12:46:02.379Z,2026-09-14T12:11:02.379Z,telemetry,boiler_01,12,0,50.58,2930,65,60.58
,,0,2026-09-13T12:46:02.379Z,2026-09-14T12:46:02.379Z,2026-09-14T12:11:32.379Z,telemetry,boiler_01,12,0,48.6,2931,65,58.6
,,0,2026-09-13T12:46:02.379Z,2026-09-14T12:46:02.379Z,2026-09-14T12:12:02.38Z,telemetry,boiler_01,12,0,46.72,2932,65,56.72
,,0,2026-09-13T12:46:02.379Z,2026-09-14T12:46:02.379Z,2026-09-14T12:12:32.379Z,telemetry,boiler_01,12,0,44.93,2933,65,54.93
,,0,2026-09-13T12:46:02.379Z,2026-09-14T12:46:02.379Z,2026-09-14T12:13:02.379Z,telemetry,boiler_01,12,0,43.23,2934,65,53.23
,,0,2026-09-13T12:46:02.379Z,2026-09-14T12:46:02.379Z,2026-09-14T12:13:32.379Z,telemetry,boiler_01,12,0,41.61,2935,65,51.61
,,0,2026-09-13T12:46:02.379Z,2026-09-14T12:46:02.379Z,2026-09-14T12:14:02.379Z,telemetry,boiler_01,12,0,40.06,2936,65,50.06
,,0,2026-09-13T12:46:02.379Z,2026-09-14T12:46:02.379Z,2026-09-14T12:14:32.379Z,telemetry,boiler_01,12,0,38.6,2937,65,48.6
,,0,2026-09-13T12:46:02.379Z,2026-09-14T12:46:02.379Z,2026-09-14T12:15:02.38Z,telemetry,boiler_01,12,0,37.2,2938,65,47.2
,,0,2026-09-13T12:46:02.379Z,2026-09-14T12:46:02.379Z,2026-09-14T12:15:32.379Z,telemetry,boiler_01,12,0,35.88,2939,65,45.88
,,0,2026-09-13T12:46:02.379Z,2026-09-14T12:46:02.379Z,2026-09-14T12:16:02.379Z,telemetry,boiler_01,12,0,34.61,2940,65,44.61
,,0,2026-09-13T12:46:02.379Z,2026-09-14T12:46:02.379Z,2026-09-14T12:16:32.379Z,telemetry,boiler_01,12,0,33.41,2941,65,43.41
,,0,2026-09-13T12:46:02.379Z,2026-09-14T12:46:02.379Z,2026-09-14T12:17:02.379Z,telemetry,boiler_01,12,0,32.27,2942,65,42.27
,,0,2026-09-13T12:46:02.379Z,2026-09-14T12:46:02.379Z,2026-09-14T12:17:32.379Z,telemetry,boiler_01,12,0,31.19,2943,65,41.19
,,0,2026-09-13T12:46:02.379Z,2026-09-14T12:46:02.379Z,2026-09-14T12:18:02.379Z,telemetry,boiler_01,12,0,30.15,2944,65,40.15
,,0,2026-09-13T12:46:02.379Z,2026-09-14T12:46:02.379Z,2026-09-14T12:18:32.379Z,telemetry,boiler_01,12,0,29.17,2945,65,39.17
,,0,2026-09-13T12:46:02.379Z,2026-09-14T12:46:02.379Z,2026-09-14T12:19:02.379Z,telemetry,boiler_01,12,0,28.23,2946,65,38.23
,,0,2026-09-13T12:46:02.379Z,2026-09-14T12:46:02.379Z,2026-09-14T12:19:32.379Z,telemetry,boiler_01,12,0,27.35,2947,65,37.35
,,0,2026-09-13T12:46:02.379Z,2026-09-14T12:46:02.379Z,2026-09-14T12:20:02.379Z,telemetry,boiler_01,12,5,28.74,2948,65,38.74
,,0,2026-09-13T12:46:02.379Z,2026-09-14T12:46:02.379Z,2026-09-14T12:20:32.379Z,telemetry,boiler_01,12,5,47.09,2949,65,57.09
,,0,2026-09-13T12:46:02.379Z,2026-09-14T12:46:02.379Z,2026-09-14T12:21:02.379Z,telemetry,boiler_01,12,5,52.62,2950,65,62.62
,,0,2026-09-13T12:46:02.379Z,2026-09-14T12:46:02.379Z,2026-09-14T12:21:32.379Z,telemetry,boiler_01,12,5,54.28,2951,65,64.28
,,0,2026-09-13T12:46:02.379Z,2026-09-14T12:46:02.379Z,2026-09-14T12:22:02.379Z,telemetry,boiler_01,12,5,54.78,2952,65,64.78
,,0,2026-09-13T12:46:02.379Z,2026-09-14T12:46:02.379Z,2026-09-14T12:22:32.379Z,telemetry,boiler_01,12,5,54.93,2953,65,64.93
,,0,2026-09-13T12:46:02.379Z,2026-09-14T12:46:02.379Z,2026-09-14T12:23:02.379Z,telemetry,boiler_01,12,5,54.98,2954,65,64.98
,,0,2026-09-13T12:46:02.379Z,2026-09-14T12:46:02.379Z,2026-09-14T12:23:32.379Z,telemetry,boiler_01,12,5,54.99,2955,65,64.99
,,0,2026-09-13T12:46:02.379Z,2026-09-14T12:46:02.379Z,2026-09-14T12:24:02.388Z,telemetry,boiler_01,12,5,55,2956,65,65
,,0,2026-09-13T12:46:02.379Z,2026-09-14T12:46:02.379Z,2026-09-14T12:24:32.379Z,telemetry,boiler_01,12,5,55,2957,65,65
,,0,2026-09-13T12:46:02.379Z,2026-09-14T12:46:02.379Z,2026-09-14T12:25:02.379Z,telemetry,boiler_01,12,5,55,2958,65,65
,,0,2026-09-13T12:46:02.379Z,2026-09-14T12:46:02.379Z,2026-09-14T12:25:32.379Z,telemetry,boiler_01,12,5,55,2959,65,65
,,0,2026-09-13T12:46:02.379Z,2026-09-14T12:46:02.379Z,2026-09-14T12:26:02.384Z,telemetry,boiler_01,12,5,55,2960,65,65
,,0,2026-09-13T12:46:02.379Z,2026-09-14T12:46:02.379Z,2026-09-14T12:26:32.379Z,telemetry,boiler_01,12,5,55,2961,65,65
,,0,2026-09-13T12:46:02.379Z,2026-09-14T12:46:02.379Z,2026-09-14T12:27:02.379Z,telemetry,boiler_01,12,5,55,2962,65,65
,,0,2026-09-13T12:46:02.379Z,2026-09-14T12:46:02.379Z,2026-09-14T12:27:32.379Z,telemetry,boiler_01,12,5,55,2963,65,65
,,0,2026-09-13T12:46:02.379Z,2026-09-14T12:46:02.379Z,2026-09-14T12:28:02.379Z,telemetry,boiler_01,12,5,55,2964,65,65
,,0,2026-09-13T12:46:02.379Z,2026-09-14T12:46:02.379Z,2026-09-14T12:28:32.379Z,telemetry,boiler_01,12,5,55,2965,65,65
,,0,2026-09-13T12:46:02.379Z,2026-09-14T12:46:02.379Z,2026-09-14T12:29:02.379Z,telemetry,boiler_01,12,5,55,2966,65,65
,,0,2026-09-13T12:46:02.379Z,2026-09-14T12:46:02.379Z,2026-09-14T12:29:32.379Z,telemetry,boiler_01,12,5,55,2967,65,65
,,0,2026-09-13T12:46:02.379Z,2026-09-14T12:46:02.379Z,2026-09-14T12:30:02.379Z,telemetry,boiler_01,12,0,54.85,2968,65,64.85
,,0,2026-09-13T12:46:02.379Z,2026-09-14T12:46:02.379Z,2026-09-14T12:30:32.379Z,telemetry,boiler_01,12,0,52.66,2969,65,62.66
,,0,2026-09-13T12:46:02.379Z,2026-09-14T12:46:02.379Z,2026-09-14T12:31:02.379Z,telemetry,boiler_01,12,0,50.58,2970,65,60.58
,,0,2026-09-13T12:46:02.379Z,2026-09-14T12:46:02.379Z,2026-09-14T12:31:32.379Z,telemetry,boiler_01,12,0,48.6,2971,65,58.6
,,0,2026-09-13T12:46:02.379Z,2026-09-14T12:46:02.379Z,2026-09-14T12:32:02.379Z,telemetry,boiler_01,12,0,46.72,2972,65,56.72
,,0,2026-09-13T12:46:02.379Z,2026-09-14T12:46:02.379Z,2026-09-14T12:32:32.379Z,telemetry,boiler_01,12,0,44.93,2973,65,54.93
,,0,2026-09-13T12:46:02.379Z,2026-09-14T12:46:02.379Z,2026-09-14T12:33:02.379Z,telemetry,boiler_01,12,0,43.23,2974,65,53.23
,,0,2026-09-13T12:46:02.379Z,2026-09-14T12:46:02.379Z,2026-09-14T12:33:32.379Z,telemetry,boiler_01,12,0,41.61,2975,65,51.61
,,0,2026-09-13T12:46:02.379Z,2026-09-14T12:46:02.379Z,2026-09-14T12:34:02.379Z,telemetry,boiler_01,12,0,40.06,2976,65,50.06
,,0,2026-09-13T12:46:02.379Z,2026-09-14T12:46:02.379Z,2026-09-14T12:34:32.379Z,telemetry,boiler_01,12,0,38.6,2977,65,48.6
,,0,2026-09-13T12:46:02.379Z,2026-09-14T12:46:02.379Z,2026-09-14T12:35:02.379Z,telemetry,boiler_01,12,0,37.2,2978,65,47.2
,,0,2026-09-13T12:46:02.379Z,2026-09-14T12:46:02.379Z,2026-09-14T12:35:32.379Z,telemetry,boiler_01,12,0,35.88,2979,65,45.88
,,0,2026-09-13T12:46:02.379Z,2026-09-14T12:46:02.379Z,2026-09-14T12:36:02.38Z,telemetry,boiler_01,12,0,34.61,2980,65,44.61
,,0,2026-09-13T12:46:02.379Z,2026-09-14T12:46:02.379Z,2026-09-14T12:36:32.379Z,telemetry,boiler_01,12,0,33.41,2981,65,43.41
,,0,2026-09-13T12:46:02.379Z,2026-09-14T12:46:02.379Z,2026-09-14T12:37:02.379Z,telemetry,boiler_01,12,0,32.27,2982,65,42.27
,,0,2026-09-13T12:46:02.379Z,2026-09-14T12:46:02.379Z,2026-09-14T12:37:32.379Z,telemetry,boiler_01,12,0,31.19,2983,65,41.19
,,0,2026-09-13T12:46:02.379Z,2026-09-14T12:46:02.379Z,2026-09-14T12:38:02.379Z,telemetry,boiler_01,12,0,30.15,2984,65,40.15
,,0,2026-09-13T12:46:02.379Z,2026-09-14T12:46:02.379Z,2026-09-14T12:38:32.379Z,telemetry,boiler_01,12,0,29.17,2985,65,39.17
,,0,2026-09-13T12:46:02.379Z,2026-09-14T12:46:02.379Z,2026-09-14T12:39:02.382Z,telemetry,boiler_01,12,0,28.23,2986,65,38.23
,,0,2026-09-13T12:46:02.379Z,2026-09-14T12:46:02.379Z,2026-09-14T12:39:32.379Z,telemetry,boiler_01,12,0,27.35,2987,65,37.35
,,0,2026-09-13T12:46:02.379Z,2026-09-14T12:46:02.379Z,2026-09-14T12:40:02.379Z,telemetry,boiler_01,12,5,28.74,2988,65,38.74
,,0,2026-09-13T12:46:02.379Z,2026-09-14T12:46:02.379Z,2026-09-14T12:40:32.379Z,telemetry,boiler_01,12,5,47.09,2989,65,57.09
,,0,2026-09-13T12:46:02.379Z,2026-09-14T12:46:02.379Z,2026-09-14T12:41:02.383Z,telemetry,boiler_01,12,5,52.62,2990,65,62.62
,,0,2026-09-13T12:46:02.379Z,2026-09-14T12:46:02.379Z,2026-09-14T12:41:32.379Z,telemetry,boiler_01,12,5,54.28,2991,65,64.28
,,0,2026-09-13T12:46:02.379Z,2026-09-14T12:46:02.379Z,2026-09-14T12:42:02.379Z,telemetry,boiler_01,12,5,54.78,2992,65,64.78
,,0,2026-09-13T12:46:02.379Z,2026-09-14T12:46:02.379Z,2026-09-14T12:42:32.379Z,telemetry,boiler_01,12,5,54.93,2993,65,64.93
,,0,2026-09-13T12:46:02.379Z,2026-09-14T12:46:02.379Z,2026-09-14T12:43:02.379Z,telemetry,boiler_01,12,5,54.98,2994,65,64.98
,,0,2026-09-13T12:46:02.379Z,2026-09-14T12:46:02.379Z,2026-09-14T12:43:32.379Z,telemetry,boiler_01,12,5,54.99,2995,65,64.99
,,0,2026-09-13T12:46:02.379Z,2026-09-14T12:46:02.379Z,2026-09-14T12:44:02.379Z,telemetry,boiler_01,12,5,55,2996,65,65
,,0,2026-09-13T12:46:02.379Z,2026-09-14T12:46:02.379Z,2026-09-14T12:44:32.379Z,telemetry,boiler_01,12,5,55,2997,65,65
,,0,2026-09-13T12:46:02.379Z,2026-09-14T12:46:02.379Z,2026-09-14T12:45:02.379Z,telemetry,boiler_01,12,5,55,2998,65,65
,,0,2026-09-13T12:46:02.379Z,2026-09-14T12:46:02.379Z,2026-09-14T12:45:32.379Z,telemetry,boiler_01,12,5,55,2999,65,65

