2026-09-13T11:46:07.514890982Z logger=settings t=2026-09-13T11:46:07.514269993Z level=info msg="Starting Grafana" version=11.6.6 commit=cfda836b8ea47cce107455099c35b58643d0d766 branch=release-11.6.6 compiled=2026-09-13T11:46:07Z
2026-09-13T11:46:07.515063400Z logger=settings t=2026-09-13T11:46:07.514803513Z level=info msg="Config loaded from" file=/usr/share/grafana/conf/defaults.ini
2026-09-13T11:46:07.515072057Z logger=settings t=2026-09-13T11:46:07.51482247Z level=info msg="Config loaded from" file=/etc/grafana/grafana.ini
2026-09-13T11:46:07.515075623Z logger=settings t=2026-09-13T11:46:07.514828683Z level=info msg="Config overridden from command line" arg="default.paths.data=/var/lib/grafana"
2026-09-13T11:46:07.515079911Z logger=settings t=2026-09-13T11:46:07.514834303Z level=info msg="Config overridden from command line" arg="default.paths.logs=/var/log/grafana"
2026-09-13T11:46:07.515107210Z logger=settings t=2026-09-13T11:46:07.51483962Z level=info msg="Config overridden from command line" arg="default.paths.plugins=/var/lib/grafana/plugins"
2026-09-13T11:46:07.515111265Z logger=settings t=2026-09-13T11:46:07.514845155Z level=info msg="Config overridden from command line" arg="default.paths.provisioning=/etc/grafana/provisioning"
2026-09-13T11:46:07.515114664Z logger=settings t=2026-09-13T11:46:07.514850078Z level=info msg="Config overridden from command line" arg="default.log.mode=console"
2026-09-13T11:46:07.515117981Z logger=settings t=2026-09-13T11:46:07.514856371Z level=info msg="Config overridden from Environment variable" var="GF_PATHS_DATA=/var/lib/grafana"
2026-09-13T11:46:07.515121281Z logger=settings t=2026-09-13T11:46:07.514861779Z level=info msg="Config overridden from Environment variable" var="GF_PATHS_LOGS=/var/log/grafana"
2026-09-13T11:46:07.515124809Z logger=settings t=2026-09-13T11:46:07.514867297Z level=info msg="Config overridden from Environment variable" var="GF_PATHS_PLUGINS=/var/lib/grafana/plugins"
2026-09-13T11:46:07.515128344Z logger=settings t=2026-09-13T11:46:07.514872774Z level=info msg="Config overridden from Environment variable" var="GF_PATHS_PROVISIONING=/etc/grafana/provisioning"
2026-09-13T11:46:07.515131606Z logger=settings t=2026-09-13T11:46:07.514878101Z level=info msg="Config overridden from Environment variable" var="GF_SECURITY_ADMIN_PASSWORD=*********"
2026-09-13T11:46:07.515135092Z logger=settings t=2026-09-13T11:46:07.514883794Z level=info msg="Config overridden from Environment variable" var="GF_USERS_ALLOW_SIGN_UP=false"
2026-09-13T11:46:07.515138572Z logger=settings t=2026-09-13T11:46:07.514890831Z level=info msg=Target target=[all]
2026-09-13T11:46:07.515142282Z logger=settings t=2026-09-13T11:46:07.514912713Z level=info msg="Path Home" path=/usr/share/grafana
2026-09-13T11:46:07.515146082Z logger=settings t=2026-09-13T11:46:07.514917357Z level=info msg="Path Data" path=/var/lib/grafana
2026-09-13T11:46:07.515149461Z logger=settings t=2026-09-13T11:46:07.51492188Z level=info msg="Path Logs" path=/var/log/grafana
2026-09-13T11:46:07.515152775Z logger=settings t=2026-09-13T11:46:07.514926511Z level=info msg="Path Plugins" path=/var/lib/grafana/plugins
2026-09-13T11:46:07.515156099Z logger=settings t=2026-09-13T11:46:07.51493225Z level=info msg="Path Provisioning" path=/etc/grafana/provisioning
2026-09-13T11:46:07.515183152Z logger=settings t=2026-09-13T11:46:07.514937754Z level=info msg="App mode production"
2026-09-13T11:46:07.515762265Z logger=featuremgmt t=2026-09-13T11:46:07.515578306Z level=info msg=FeatureToggles logsInfiniteScrolling=true panelMonitoring=true pinNavItems=true preinstallAutoUpdate=true logRowsPopoverMenu=true lokiLabelNamesQueryApi=true addFieldFromCalculationStatFunctions=true formatString=true newDashboardSharingComponent=true logsContextDatasourceUi=true awsAsyncQueryCaching=true promQLScope=true dashboardSceneSolo=true dashboardScene=true dashboardSceneForViewers=true accessActionSets=true tlsMemcached=true influxdbBackendMigration=true alertingSimplifiedRouting=true dashgpt=true dataplaneFrontendFallback=true recoveryThreshold=true unifiedRequestLog=true cloudWatchCrossAccountQuerying=true kubernetesPlaylists=true alertingInsights=true newPDFRendering=true annotationPermissionUpdate=true prometheusAzureOverrideAudience=true onPremToCloudMigrations=true useSessionStorageForRedirection=true publicDashboardsScene=true lokiQueryHints=true groupToNestedTableTransformation=true nestedFolders=true alertingNoDataErrorExecution=true exploreMetrics=true correlations=true alertingNotificationsStepMode=true alertingApiServer=true logsExploreTableVisualisation=true ssoSettingsApi=true lokiStructuredMetadata=true alertingQueryAndExpressionsStepMode=true alertRuleRestore=true angularDeprecationUI=true transformationsRedesign=true lokiQuerySplitting=true userStorageAPI=true reportingUseRawTimeRange=true ssoSettingsSAML=true newFiltersUI=true azureMonitorEnableUserAuth=true cloudWatchNewLabelParsing=true alertingUIOptimizeReducer=true recordedQueriesMulti=true cloudWatchRoundUpEndTime=true alertingRuleVersionHistoryRestore=true
2026-09-13T11:46:07.515780339Z logger=sqlstore t=2026-09-13T11:46:07.515699971Z level=info msg="Connecting to DB" dbtype=sqlite3
2026-09-13T11:46:07.515870059Z logger=sqlstore t=2026-09-13T11:46:07.515724471Z level=info msg="Creating SQLite database file" path=/var/lib/grafana/grafana.db
2026-09-13T11:46:07.518795507Z logger=migrator t=2026-09-13T11:46:07.518365096Z level=info msg="Locking database"
2026-09-13T11:46:07.518838631Z logger=migrator t=2026-09-13T11:46:07.518394639Z level=info msg="Starting DB migrations"
2026-09-13T11:46:07.519742852Z logger=migrator t=2026-09-13T11:46:07.519414569Z level=info msg="Executing migration" id="create migration_log table"
2026-09-13T11:46:07.520974142Z logger=migrator t=2026-09-13T11:46:07.520776955Z level=info msg="Migration successfully executed" id="create migration_log table" duration=1.361152ms
2026-09-13T11:46:07.528537702Z logger=migrator t=2026-09-13T11:46:07.52838428Z level=info msg="Executing migration" id="create user table"
2026-09-13T11:46:07.530360411Z logger=migrator t=2026-09-13T11:46:07.529786876Z level=info msg="Migration successfully executed" id="create user table" duration=1.425657ms
2026-09-13T11:46:07.537022438Z logger=migrator t=2026-09-13T11:46:07.536603947Z level=info msg="Executing migration" id="add unique index user.login"
2026-09-13T11:46:07.538059765Z logger=migrator t=2026-09-13T11:46:07.537925322Z level=info msg="Migration successfully executed" id="add unique index user.login" duration=1.321608ms
2026-09-13T11:46:07.545114101Z logger=migrator t=2026-09-13T11:46:07.54496584Z level=info msg="Executing migration" id="add unique index user.email"
2026-09-13T11:46:07.546611002Z logger=migrator t=2026-09-13T11:46:07.546443526Z level=info msg="Migration successfully executed" id="add unique index user.email" duration=1.477675ms
2026-09-13T11:46:07.555991761Z logger=migrator t=2026-09-13T11:46:07.554301316Z level=info msg="Executing migration" id="drop index UQE_user_login - v1"
2026-09-13T11:46:07.556011653Z logger=migrator t=2026-09-13T11:46:07.555128643Z level=info msg="Migration successfully executed" id="drop index UQE_user_login - v1" duration=836.023µs
2026-09-13T11:46:07.564374604Z logger=migrator t=2026-09-13T11:46:07.564201202Z level=info msg="Executing migration" id="drop index UQE_user_email - v1"
2026-09-13T11:46:07.565348804Z logger=migrator t=2026-09-13T11:46:07.565245278Z level=info msg="Migration successfully executed" id="drop index UQE_user_email - v1" duration=1.045709ms
2026-09-13T11:46:07.572388911Z logger=migrator t=2026-09-13T11:46:07.572248004Z level=info msg="Executing migration" id="Rename table user to user_v1 - v1"
2026-09-13T11:46:07.574737580Z logger=migrator t=2026-09-13T11:46:07.574580352Z level=info msg="Migration successfully executed" id="Rename table user to user_v1 - v1" duration=2.331167ms
2026-09-13T11:46:07.581723616Z logger=migrator t=2026-09-13T11:46:07.581467065Z level=info msg="Executing migration" id="create user table v2"
2026-09-13T11:46:07.582565143Z logger=migrator t=2026-09-13T11:46:07.582405941Z level=info msg="Migration successfully executed" id="create user table v2" duration=939.328µs
2026-09-13T11:46:07.589531316Z logger=migrator t=2026-09-13T11:46:07.589397111Z level=info msg="Executing migration" id="create index UQE_user_login - v2"
2026-09-13T11:46:07.590470657Z logger=migrator t=2026-09-13T11:46:07.590347836Z level=info msg="Migration successfully executed" id="create index UQE_user_login - v2" duration=950.834µs
2026-09-13T11:46:07.597478256Z logger=migrator t=2026-09-13T11:46:07.597324665Z level=info msg="Executing migration" id="create index UQE_user_email - v2"
2026-09-13T11:46:07.598391534Z logger=migrator t=2026-09-13T11:46:07.598271462Z level=info msg="Migration successfully executed" id="create index UQE_user_email - v2" duration=947.915µs
2026-09-13T11:46:07.605442336Z logger=migrator t=2026-09-13T11:46:07.605224159Z level=info msg="Executing migration" id="copy data_source v1 to v2"
2026-09-13T11:46:07.605872427Z logger=migrator t=2026-09-13T11:46:07.605775608Z level=info msg="Migration successfully executed" id="copy data_source v1 to v2" duration=551.787µs
2026-09-13T11:46:07.612830235Z logger=migrator t=2026-09-13T11:46:07.612569892Z level=info msg="Executing migration" id="Drop old table user_v1"
2026-09-13T11:46:07.613377753Z logger=migrator t=2026-09-13T11:46:07.61328165Z level=info msg="Migration successfully executed" id="Drop old table user_v1" duration=712.737µs
2026-09-13T11:46:07.620451645Z logger=migrator t=2026-09-13T11:46:07.620300229Z level=info msg="Executing migration" id="Add column help_flags1 to user table"
2026-09-13T11:46:07.621548575Z logger=migrator t=2026-09-13T11:46:07.621423408Z level=info msg="Migration successfully executed" id="Add column help_flags1 to user table" duration=1.123964ms
2026-09-13T11:46:07.628273936Z logger=migrator t=2026-09-13T11:46:07.62813719Z level=info msg="Executing migration" id="Update user table charset"
2026-09-13T11:46:07.628309049Z logger=migrator t=2026-09-13T11:46:07.628195005Z level=info msg="Migration successfully executed" id="Update user table charset" duration=140.484µs
2026-09-13T11:46:07.634987717Z logger=migrator t=2026-09-13T11:46:07.634844765Z level=info msg="Executing migration" id="Add last_seen_at column to user"
2026-09-13T11:46:07.636207555Z logger=migrator t=2026-09-13T11:46:07.635956482Z level=info msg="Migration successfully executed" id="Add last_seen_at column to user" duration=1.111305ms
2026-09-13T11:46:07.643004931Z logger=migrator t=2026-09-13T11:46:07.642858236Z level=info msg="Executing migration" id="Add missing user data"
2026-09-13T11:46:07.643726600Z logger=migrator t=2026-09-13T11:46:07.643212775Z level=info msg="Migration successfully executed" id="Add missing user data" duration=353.351µs
2026-09-13T11:46:07.650246843Z logger=migrator t=2026-09-13T11:46:07.650086157Z level=info msg="Executing migration" id="Add is_disabled column to user"
2026-09-13T11:46:07.652434488Z logger=migrator t=2026-09-13T11:46:07.65229747Z level=info msg="Migration successfully executed" id="Add is_disabled column to user" duration=2.211052ms
2026-09-13T11:46:07.659215634Z logger=migrator t=2026-09-13T11:46:07.659070761Z level=info msg="Executing migration" id="Add index user.login/user.email"
2026-09-13T11:46:07.660038910Z logger=migrator t=2026-09-13T11:46:07.659920807Z level=info msg="Migration successfully executed" id="Add index user.login/user.email" duration=851.323µs
2026-09-13T11:46:07.667151935Z logger=migrator t=2026-09-13T11:46:07.666989366Z level=info msg="Executing migration" id="Add is_service_account column to user"
2026-09-13T11:46:07.668610070Z logger=migrator t=2026-09-13T11:46:07.668485972Z level=info msg="Migration successfully executed" id="Add is_service_account column to user" duration=1.480641ms
2026-09-13T11:46:07.675616297Z logger=migrator t=2026-09-13T11:46:07.675447074Z level=info msg="Executing migration" id="Update is_service_account column to nullable"
2026-09-13T11:46:07.681847307Z logger=migrator t=2026-09-13T11:46:07.681630701Z level=info msg="Migration successfully executed" id="Update is_service_account column to nullable" duration=6.182206ms
2026-09-13T11:46:07.688716425Z logger=migrator t=2026-09-13T11:46:07.688573817Z level=info msg="Executing migration" id="Add uid column to user"
2026-09-13T11:46:07.689947862Z logger=migrator t=2026-09-13T11:46:07.689780899Z level=info msg="Migration successfully executed" id="Add uid column to user" duration=1.206888ms
2026-09-13T11:46:07.697270794Z logger=migrator t=2026-09-13T11:46:07.696997838Z level=info msg="Executing migration" id="Update uid column values for users"
2026-09-13T11:46:07.697435842Z logger=migrator t=2026-09-13T11:46:07.697346175Z level=info msg="Migration successfully executed" id="Update uid column values for users" duration=348.377µs
2026-09-13T11:46:07.704736804Z logger=migrator t=2026-09-13T11:46:07.70449454Z level=info msg="Executing migration" id="Add unique index user_uid"
2026-09-13T11:46:07.705499464Z logger=migrator t=2026-09-13T11:46:07.705394405Z level=info msg="Migration successfully executed" id="Add unique index user_uid" duration=901.392µs
2026-09-13T11:46:07.712391572Z logger=migrator t=2026-09-13T11:46:07.712216973Z level=info msg="Executing migration" id="Add is_provisioned column to user"
2026-09-13T11:46:07.713512162Z logger=migrator t=2026-09-13T11:46:07.713385845Z level=info msg="Migration successfully executed" id="Add is_provisioned column to user" duration=1.165481ms
2026-09-13T11:46:07.720416397Z logger=migrator t=2026-09-13T11:46:07.720212622Z level=info msg="Executing migration" id="update login field with orgid to allow for multiple service accounts with same name across orgs"
2026-09-13T11:46:07.720825020Z logger=migrator t=2026-09-13T11:46:07.720724714Z level=info msg="Migration successfully executed" id="update login field with orgid to allow for multiple service accounts with same name across orgs" duration=513.43µs
2026-09-13T11:46:07.728017164Z logger=migrator t=2026-09-13T11:46:07.727823935Z level=info msg="Executing migration" id="update service accounts login field orgid to appear only once"
2026-09-13T11:46:07.728734243Z logger=migrator t=2026-09-13T11:46:07.72861651Z level=info msg="Migration successfully executed" id="update service accounts login field orgid to appear only once" duration=795.269µs
2026-09-13T11:46:07.735756351Z logger=migrator t=2026-09-13T11:46:07.73555597Z level=info msg="Executing migration" id="update login and email fields to lowercase"
2026-09-13T11:46:07.736386433Z logger=migrator t=2026-09-13T11:46:07.736271821Z level=info msg="Migration successfully executed" id="update login and email fields to lowercase" duration=715.723µs
2026-09-13T11:46:07.743332623Z logger=migrator t=2026-09-13T11:46:07.743102574Z level=info msg="Executing migration" id="update login and email fields to lowercase2"
2026-09-13T11:46:07.743697070Z logger=migrator t=2026-09-13T11:46:07.743591798Z level=info msg="Migration successfully executed" id="update login and email fields to lowercase2" duration=471.927µs
2026-09-13T11:46:07.750784905Z logger=migrator t=2026-09-13T11:46:07.750628634Z level=info msg="Executing migration" id="Add index on user.is_service_account and user.last_seen_at"
2026-09-13T11:46:07.751792431Z logger=migrator t=2026-09-13T11:46:07.751616568Z level=info msg="Migration successfully executed" id="Add index on user.is_service_account and user.last_seen_at" duration=988.312µs
2026-09-13T11:46:07.759790390Z logger=migrator t=2026-09-13T11:46:07.758619307Z level=info msg="Executing migration" id="create temp user table v1-7"
2026-09-13T11:46:07.759810753Z logger=migrator t=2026-09-13T11:46:07.759405121Z level=info msg="Migration successfully executed" id="create temp user table v1-7" duration=787.589µs
2026-09-13T11:46:07.766736861Z logger=migrator t=2026-09-13T11:46:07.766585266Z level=info msg="Executing migration" id="create index IDX_temp_user_email - v1-7"
2026-09-13T11:46:07.767578644Z logger=migrator t=2026-09-13T11:46:07.767427509Z level=info msg="Migration successfully executed" id="create index IDX_temp_user_email - v1-7" duration=844.302µs
2026-09-13T11:46:07.774435693Z logger=migrator t=2026-09-13T11:46:07.774312993Z level=info msg="Executing migration" id="create index IDX_temp_user_org_id - v1-7"
2026-09-13T11:46:07.775360677Z logger=migrator t=2026-09-13T11:46:07.77520279Z level=info msg="Migration successfully executed" id="create index IDX_temp_user_org_id - v1-7" duration=892.953µs
2026-09-13T11:46:07.782292256Z logger=migrator t=2026-09-13T11:46:07.782147588Z level=info msg="Executing migration" id="create index IDX_temp_user_code - v1-7"
2026-09-13T11:46:07.783639474Z logger=migrator t=2026-09-13T11:46:07.783288542Z level=info msg="Migration successfully executed" id="create index IDX_temp_user_code - v1-7" duration=1.141954ms
2026-09-13T11:46:07.792940802Z logger=migrator t=2026-09-13T11:46:07.792794453Z level=info msg="Executing migration" id="create index IDX_temp_user_status - v1-7"
2026-09-13T11:46:07.794014901Z logger=migrator t=2026-09-13T11:46:07.793847672Z level=info msg="Migration successfully executed" id="create index IDX_temp_user_status - v1-7" duration=1.055139ms
2026-09-13T11:46:07.800922103Z logger=migrator t=2026-09-13T11:46:07.800776802Z level=info msg="Executing migration" id="Update temp_user table charset"
2026-09-13T11:46:07.800945351Z logger=migrator t=2026-09-13T11:46:07.80082755Z level=info msg="Migration successfully executed" id="Update temp_user table charset" duration=53.49µs
2026-09-13T11:46:07.807958537Z logger=migrator t=2026-09-13T11:46:07.807695102Z level=info msg="Executing migration" id="drop index IDX_temp_user_email - v1"
2026-09-13T11:46:07.808887404Z logger=migrator t=2026-09-13T11:46:07.808784257Z level=info msg="Migration successfully executed" id="drop index IDX_temp_user_email - v1" duration=1.119295ms
2026-09-13T11:46:07.815848959Z logger=migrator t=2026-09-13T11:46:07.815685214Z level=info msg="Executing migration" id="drop index IDX_temp_user_org_id - v1"
2026-09-13T11:46:07.817239560Z logger=migrator t=2026-09-13T11:46:07.81692088Z level=info msg="Migration successfully executed" id="drop index IDX_temp_user_org_id - v1" duration=1.254785ms
2026-09-13T11:46:07.824167074Z logger=migrator t=2026-09-13T11:46:07.823921895Z level=info msg="Executing migration" id="drop index IDX_temp_user_code - v1"
2026-09-13T11:46:07.825024174Z logger=migrator t=2026-09-13T11:46:07.824910422Z level=info msg="Migration successfully executed" id="drop index IDX_temp_user_code - v1" duration=989.614µs
2026-09-13T11:46:07.832261623Z logger=migrator t=2026-09-13T11:46:07.832005118Z level=info msg="Executing migration" id="drop index IDX_temp_user_status - v1"
2026-09-13T11:46:07.833157386Z logger=migrator t=2026-09-13T11:46:07.833043302Z level=info msg="Migration successfully executed" id="drop index IDX_temp_user_status - v1" duration=1.040077ms
2026-09-13T11:46:07.840306818Z logger=migrator t=2026-09-13T11:46:07.840027114Z level=info msg="Executing migration" id="Rename table temp_user to temp_user_tmp_qwerty - v1"
2026-09-13T11:46:07.843494547Z logger=migrator t=2026-09-13T11:46:07.843366641Z level=info msg="Migration successfully executed" id="Rename table temp_user to temp_user_tmp_qwerty - v1" duration=3.339008ms
2026-09-13T11:46:07.851410013Z logger=migrator t=2026-09-13T11:46:07.850051785Z level=info msg="Executing migration" id="create temp_user v2"
2026-09-13T11:46:07.851425981Z logger=migrator t=2026-09-13T11:46:07.850998648Z level=info msg="Migration successfully executed" id="create temp_user v2" duration=946.181µs
2026-09-13T11:46:07.858037018Z logger=migrator t=2026-09-13T11:46:07.857904697Z level=info msg="Executing migration" id="create index IDX_temp_user_email - v2"
2026-09-13T11:46:07.859073988Z logger=migrator t=2026-09-13T11:46:07.85891705Z level=info msg="Migration successfully executed" id="create index IDX_temp_user_email - v2" duration=1.012276ms
2026-09-13T11:46:07.865724082Z logger=migrator t=2026-09-13T11:46:07.865578261Z level=info msg="Executing migration" id="create index IDX_temp_user_org_id - v2"
2026-09-13T11:46:07.866525691Z logger=migrator t=2026-09-13T11:46:07.866389637Z level=info msg="Migration successfully executed" id="create index IDX_temp_user_org_id - v2" duration=813.15µs
2026-09-13T11:46:07.873701335Z logger=migrator t=2026-09-13T11:46:07.873161279Z level=info msg="Executing migration" id="create index IDX_temp_user_code - v2"
2026-09-13T11:46:07.874278638Z logger=migrator t=2026-09-13T11:46:07.874175122Z level=info msg="Migration successfully executed" id="create index IDX_temp_user_code - v2" duration=1.015365ms
2026-09-13T11:46:07.881087646Z logger=migrator t=2026-09-13T11:46:07.880913573Z level=info msg="Executing migration" id="create index IDX_temp_user_status - v2"
2026-09-13T11:46:07.881954585Z logger=migrator t=2026-09-13T11:46:07.881847052Z level=info msg="Migration successfully executed" id="create index IDX_temp_user_status - v2" duration=934.461µs
2026-09-13T11:46:07.889109502Z logger=migrator t=2026-09-13T11:46:07.88885514Z level=info msg="Executing migration" id="copy temp_user v1 to v2"
2026-09-13T11:46:07.889717719Z logger=migrator t=2026-09-13T11:46:07.889573455Z level=info msg="Migration successfully executed" id="copy temp_user v1 to v2" duration=718.047µs
2026-09-13T11:46:07.897071822Z logger=migrator t=2026-09-13T11:46:07.896871126Z level=info msg="Executing migration" id="drop temp_user_tmp_qwerty"
2026-09-13T11:46:07.897852494Z logger=migrator t=2026-09-13T11:46:07.897752934Z level=info msg="Migration successfully executed" id="drop temp_user_tmp_qwerty" duration=840.568µs
2026-09-13T11:46:07.904983748Z logger=migrator t=2026-09-13T11:46:07.904826848Z level=info msg="Executing migration" id="Set created for temp users that will otherwise prematurely expire"
2026-09-13T11:46:07.905523374Z logger=migrator t=2026-09-13T11:46:07.905428603Z level=info msg="Migration successfully executed" id="Set created for temp users that will otherwise prematurely expire" duration=602.572µs
2026-09-13T11:46:07.912635475Z logger=migrator t=2026-09-13T11:46:07.912470911Z level=info msg="Executing migration" id="create star table"
2026-09-13T11:46:07.913282985Z logger=migrator t=2026-09-13T11:46:07.913187266Z level=info msg="Migration successfully executed" id="create star table" duration=721.425µs
2026-09-13T11:46:07.920474772Z logger=migrator t=2026-09-13T11:46:07.920252094Z level=info msg="Executing migration" id="add unique index star.user_id_dashboard_id"
2026-09-13T11:46:07.921242800Z logger=migrator t=2026-09-13T11:46:07.921155869Z level=info msg="Migration successfully executed" id="add unique index star.user_id_dashboard_id" duration=905.976µs
2026-09-13T11:46:07.928450620Z logger=migrator t=2026-09-13T11:46:07.928250828Z level=info msg="Executing migration" id="Add column dashboard_uid in star"
2026-09-13T11:46:07.929911166Z logger=migrator t=2026-09-13T11:46:07.929792626Z level=info msg="Migration successfully executed" id="Add column dashboard_uid in star" duration=1.540764ms
2026-09-13T11:46:07.937171429Z logger=migrator t=2026-09-13T11:46:07.936952397Z level=info msg="Executing migration" id="Add column org_id in star"
2026-09-13T11:46:07.938523090Z logger=migrator t=2026-09-13T11:46:07.938393469Z level=info msg="Migration successfully executed" id="Add column org_id in star" duration=1.439902ms
2026-09-13T11:46:07.945560474Z logger=migrator t=2026-09-13T11:46:07.945346701Z level=info msg="Executing migration" id="Add column updated in star"
2026-09-13T11:46:07.946988026Z logger=migrator t=2026-09-13T11:46:07.946847643Z level=info msg="Migration successfully executed" id="Add column updated in star" duration=1.490413ms
2026-09-13T11:46:07.953909373Z logger=migrator t=2026-09-13T11:46:07.95374959Z level=info msg="Executing migration" id="add index in star table on dashboard_uid, org_id and user_id columns"
2026-09-13T11:46:07.954706252Z logger=migrator t=2026-09-13T11:46:07.95459779Z level=info msg="Migration successfully executed" id="add index in star table on dashboard_uid, org_id and user_id columns" duration=848.665µs
2026-09-13T11:46:07.961803068Z logger=migrator t=2026-09-13T11:46:07.961634379Z level=info msg="Executing migration" id="create org table v1"
2026-09-13T11:46:07.962753398Z logger=migrator t=2026-09-13T11:46:07.962637931Z level=info msg="Migration successfully executed" id="create org table v1" duration=1.001743ms
2026-09-13T11:46:07.969978202Z logger=migrator t=2026-09-13T11:46:07.969819626Z level=info msg="Executing migration" id="create index UQE_org_name - v1"
2026-09-13T11:46:07.970709148Z logger=migrator t=2026-09-13T11:46:07.970595981Z level=info msg="Migration successfully executed" id="create index UQE_org_name - v1" duration=778.245µs
2026-09-13T11:46:07.977608080Z logger=migrator t=2026-09-13T11:46:07.977438149Z level=info msg="Executing migration" id="create org_user table v1"
2026-09-13T11:46:07.978357638Z logger=migrator t=2026-09-13T11:46:07.978257692Z level=info msg="Migration successfully executed" id="create org_user table v1" duration=818.77µs
2026-09-13T11:46:07.985586934Z logger=migrator t=2026-09-13T11:46:07.985417679Z level=info msg="Executing migration" id="create index IDX_org_user_org_id - v1"
2026-09-13T11:46:07.986477146Z logger=migrator t=2026-09-13T11:46:07.986352615Z level=info msg="Migration successfully executed" id="create index IDX_org_user_org_id - v1" duration=936.246µs
2026-09-13T11:46:07.993417549Z logger=migrator t=2026-09-13T11:46:07.993242064Z level=info msg="Executing migration" id="create index UQE_org_user_org_id_user_id - v1"
2026-09-13T11:46:07.994369712Z logger=migrator t=2026-09-13T11:46:07.994245443Z level=info msg="Migration successfully executed" id="create index UQE_org_user_org_id_user_id - v1" duration=1.003556ms
2026-09-13T11:46:08.001151081Z logger=migrator t=2026-09-13T11:46:08.000997761Z level=info msg="Executing migration" id="create index IDX_org_user_user_id - v1"
2026-09-13T11:46:08.002155519Z logger=migrator t=2026-09-13T11:46:08.00199145Z level=info msg="Migration successfully executed" id="create index IDX_org_user_user_id - v1" duration=995µs
2026-09-13T11:46:08.009442094Z logger=migrator t=2026-09-13T11:46:08.009190747Z level=info msg="Executing migration" id="Update org table charset"
2026-09-13T11:46:08.009475615Z logger=migrator t=2026-09-13T11:46:08.009248771Z level=info msg="Migration successfully executed" id="Update org table charset" duration=61.374µs
2026-09-13T11:46:08.016658992Z logger=migrator t=2026-09-13T11:46:08.016411581Z level=info msg="Executing migration" id="Update org_user table charset"
2026-09-13T11:46:08.016703543Z logger=migrator t=2026-09-13T11:46:08.016462985Z level=info msg="Migration successfully executed" id="Update org_user table charset" duration=54.345µs
2026-09-13T11:46:08.023944828Z logger=migrator t=2026-09-13T11:46:08.023787503Z level=info msg="Executing migration" id="Migrate all Read Only Viewers to Viewers"
2026-09-13T11:46:08.024417645Z logger=migrator t=2026-09-13T11:46:08.024324588Z level=info msg="Migration successfully executed" id="Migrate all Read Only Viewers to Viewers" duration=537.527µs
2026-09-13T11:46:08.031285959Z logger=migrator t=2026-09-13T11:46:08.031153572Z level=info msg="Executing migration" id="create dashboard table"
2026-09-13T11:46:08.032362028Z logger=migrator t=2026-09-13T11:46:08.032192561Z level=info msg="Migration successfully executed" id="create dashboard table" duration=1.038836ms
2026-09-13T11:46:08.039306058Z logger=migrator t=2026-09-13T11:46:08.039112805Z level=info msg="Executing migration" id="add index dashboard.account_id"
2026-09-13T11:46:08.040285293Z logger=migrator t=2026-09-13T11:46:08.040038658Z level=info msg="Migration successfully executed" id="add index dashboard.account_id" duration=927.235µs
2026-09-13T11:46:08.047342702Z logger=migrator t=2026-09-13T11:46:08.047201753Z level=info msg="Executing migration" id="add unique index dashboard_account_id_slug"
2026-09-13T11:46:08.048424680Z logger=migrator t=2026-09-13T11:46:08.048298698Z level=info msg="Migration successfully executed" id="add unique index dashboard_account_id_slug" duration=1.097572ms
2026-09-13T11:46:08.055546108Z logger=migrator t=2026-09-13T11:46:08.055383474Z level=info msg="Executing migration" id="create dashboard_tag table"
2026-09-13T11:46:08.056483049Z logger=migrator t=2026-09-13T11:46:08.056363416Z level=info msg="Migration successfully executed" id="create dashboard_tag table" duration=985.113µs
2026-09-13T11:46:08.064012977Z logger=migrator t=2026-09-13T11:46:08.063524963Z level=info msg="Executing migration" id="add unique index dashboard_tag.dasboard_id_term"
2026-09-13T11:46:08.065688460Z logger=migrator t=2026-09-13T11:46:08.065512759Z level=info msg="Migration successfully executed" id="add unique index dashboard_tag.dasboard_id_term" duration=1.983123ms
2026-09-13T11:46:08.072936551Z logger=migrator t=2026-09-13T11:46:08.072651094Z level=info msg="Executing migration" id="drop index UQE_dashboard_tag_dashboard_id_term - v1"
2026-09-13T11:46:08.073776168Z logger=migrator t=2026-09-13T11:46:08.073618367Z level=info msg="Migration successfully executed" id="drop index UQE_dashboard_tag_dashboard_id_term - v1" duration=968.92µs
2026-09-13T11:46:08.080547805Z logger=migrator t=2026-09-13T11:46:08.080360722Z level=info msg="Executing migration" id="Rename table dashboard to dashboard_v1 - v1"
2026-09-13T11:46:08.084750117Z logger=migrator t=2026-09-13T11:46:08.084464359Z level=info msg="Migration successfully executed" id="Rename table dashboard to dashboard_v1 - v1" duration=4.101126ms
2026-09-13T11:46:08.091722170Z logger=migrator t=2026-09-13T11:46:08.091438902Z level=info msg="Executing migration" id="create dashboard v2"
2026-09-13T11:46:08.092746044Z logger=migrator t=2026-09-13T11:46:08.092547223Z level=info msg="Migration successfully executed" id="create dashboard v2" duration=1.106594ms
2026-09-13T11:46:08.100568346Z logger=migrator t=2026-09-13T11:46:08.099985586Z level=info msg="Executing migration" id="create index IDX_dashboard_org_id - v2"
2026-09-13T11:46:08.101165817Z logger=migrator t=2026-09-13T11:46:08.101058778Z level=info msg="Migration successfully executed" id="create index IDX_dashboard_org_id - v2" duration=1.078201ms
2026-09-13T11:46:08.108205770Z logger=migrator t=2026-09-13T11:46:08.107962177Z level=info msg="Executing migration" id="create index UQE_dashboard_org_id_slug - v2"
2026-09-13T11:46:08.109207684Z logger=migrator t=2026-09-13T11:46:08.109066696Z level=info msg="Migration successfully executed" id="create index UQE_dashboard_org_id_slug - v2" duration=1.105358ms
2026-09-13T11:46:08.116752784Z logger=migrator t=2026-09-13T11:46:08.115985534Z level=info msg="Executing migration" id="copy dashboard v1 to v2"
2026-09-13T11:46:08.116774472Z logger=migrator t=2026-09-13T11:46:08.116644129Z level=info msg="Migration successfully executed" id="copy dashboard v1 to v2" duration=656.815µs
2026-09-13T11:46:08.123719025Z logger=migrator t=2026-09-13T11:46:08.123548443Z level=info msg="Executing migration" id="drop table dashboard_v1"
2026-09-13T11:46:08.124858741Z logger=migrator t=2026-09-13T11:46:08.124710457Z level=info msg="Migration successfully executed" id="drop table dashboard_v1" duration=1.160414ms
2026-09-13T11:46:08.131931133Z logger=migrator t=2026-09-13T11:46:08.131787938Z level=info msg="Executing migration" id="alter dashboard.data to mediumtext v1"
2026-09-13T11:46:08.132019948Z logger=migrator t=2026-09-13T11:46:08.131930092Z level=info msg="Migration successfully executed" id="alter dashboard.data to mediumtext v1" duration=144.767µs
2026-09-13T11:46:08.139398388Z logger=migrator t=2026-09-13T11:46:08.139185419Z level=info msg="Executing migration" id="Add column updated_by in dashboard - v2"
2026-09-13T11:46:08.141127969Z logger=migrator t=2026-09-13T11:46:08.140992224Z level=info msg="Migration successfully executed" id="Add column updated_by in dashboard - v2" duration=1.805654ms
2026-09-13T11:46:08.148000521Z logger=migrator t=2026-09-13T11:46:08.147861888Z level=info msg="Executing migration" id="Add column created_by in dashboard - v2"
2026-09-13T11:46:08.149748272Z logger=migrator t=2026-09-13T11:46:08.149603986Z level=info msg="Migration successfully executed" id="Add column created_by in dashboard - v2" duration=1.740888ms
2026-09-13T11:46:08.156748992Z logger=migrator t=2026-09-13T11:46:08.156610029Z level=info msg="Executing migration" id="Add column gnetId in dashboard"
2026-09-13T11:46:08.158406179Z logger=migrator t=2026-09-13T11:46:08.158293333Z level=info msg="Migration successfully executed" id="Add column gnetId in dashboard" duration=1.668406ms
2026-09-13T11:46:08.165258332Z logger=migrator t=2026-09-13T11:46:08.165118107Z level=info msg="Executing migration" id="Add index for gnetId in dashboard"
2026-09-13T11:46:08.166178843Z logger=migrator t=2026-09-13T11:46:08.16606065Z level=info msg="Migration successfully executed" id="Add index for gnetId in dashboard" duration=943.446µs
2026-09-13T11:46:08.173098948Z logger=migrator t=2026-09-13T11:46:08.172917812Z level=info msg="Executing migration" id="Add column plugin_id in dashboard"
2026-09-13T11:46:08.174652436Z logger=migrator t=2026-09-13T11:46:08.174518299Z level=info msg="Migration successfully executed" id="Add column plugin_id in dashboard" duration=1.600401ms
2026-09-13T11:46:08.181348702Z logger=migrator t=2026-09-13T11:46:08.181192711Z level=info msg="Executing migration" id="Add index for plugin_id in dashboard"
2026-09-13T11:46:08.182231543Z logger=migrator t=2026-09-13T11:46:08.182111354Z level=info msg="Migration successfully executed" id="Add index for plugin_id in dashboard" duration=919.67µs
2026-09-13T11:46:08.189261651Z logger=migrator t=2026-09-13T11:46:08.189001946Z level=info msg="Executing migration" id="Add index for dashboard_id in dashboard_tag"
2026-09-13T11:46:08.190137179Z logger=migrator t=2026-09-13T11:46:08.189919282Z level=info msg="Migration successfully executed" id="Add index for dashboard_id in dashboard_tag" duration=918.559µs
2026-09-13T11:46:08.196905549Z logger=migrator t=2026-09-13T11:46:08.196762744Z level=info msg="Executing migration" id="Update dashboard table charset"
2026-09-13T11:46:08.196928576Z logger=migrator t=2026-09-13T11:46:08.196816662Z level=info msg="Migration successfully executed" id="Update dashboard table charset" duration=51.47µs
2026-09-13T11:46:08.204528909Z logger=migrator t=2026-09-13T11:46:08.203785237Z level=info msg="Executing migration" id="Update dashboard_tag table charset"
2026-09-13T11:46:08.204550719Z logger=migrator t=2026-09-13T11:46:08.203837355Z level=info msg="Migration successfully executed" id="Update dashboard_tag table charset" duration=55.512µs
2026-09-13T11:46:08.211034285Z logger=migrator t=2026-09-13T11:46:08.210849579Z level=info msg="Executing migration" id="Add column folder_id in dashboard"
2026-09-13T11:46:08.212930634Z logger=migrator t=2026-09-13T11:46:08.2127688Z level=info msg="Migration successfully executed" id="Add column folder_id in dashboard" duration=1.918659ms
2026-09-13T11:46:08.219806295Z logger=migrator t=2026-09-13T11:46:08.219658642Z level=info msg="Executing migration" id="Add column isFolder in dashboard"
2026-09-13T11:46:08.221759843Z logger=migrator t=2026-09-13T11:46:08.221553814Z level=info msg="Migration successfully executed" id="Add column isFolder in dashboard" duration=1.89441ms
2026-09-13T11:46:08.228714110Z logger=migrator t=2026-09-13T11:46:08.228556233Z level=info msg="Executing migration" id="Add column has_acl in dashboard"
2026-09-13T11:46:08.230592886Z logger=migrator t=2026-09-13T11:46:08.230425827Z level=info msg="Migration successfully executed" id="Add column has_acl in dashboard" duration=1.870141ms
2026-09-13T11:46:08.237281188Z logger=migrator t=2026-09-13T11:46:08.237146662Z level=info msg="Executing migration" id="Add column uid in dashboard"
2026-09-13T11:46:08.239051321Z logger=migrator t=2026-09-13T11:46:08.238918832Z level=info msg="Migration successfully executed" id="Add column uid in dashboard" duration=1.771997ms
2026-09-13T11:46:08.246160070Z logger=migrator t=2026-09-13T11:46:08.245874766Z level=info msg="Executing migration" id="Update uid column values in dashboard"
2026-09-13T11:46:08.246306257Z logger=migrator t=2026-09-13T11:46:08.246231853Z level=info msg="Migration successfully executed" id="Update uid column values in dashboard" duration=357.364µs
2026-09-13T11:46:08.253466552Z logger=migrator t=2026-09-13T11:46:08.25302983Z level=info msg="Executing migration" id="Add unique index dashboard_org_id_uid"
2026-09-13T11:46:08.254093348Z logger=migrator t=2026-09-13T11:46:08.253964995Z level=info msg="Migration successfully executed" id="Add unique index dashboard_org_id_uid" duration=926.34µs
2026-09-13T11:46:08.261308968Z logger=migrator t=2026-09-13T11:46:08.261070816Z level=info msg="Executing migration" id="Remove unique index org_id_slug"
2026-09-13T11:46:08.262075255Z logger=migrator t=2026-09-13T11:46:08.261957735Z level=info msg="Migration successfully executed" id="Remove unique index org_id_slug" duration=888.758µs
2026-09-13T11:46:08.269268970Z logger=migrator t=2026-09-13T11:46:08.268619292Z level=info msg="Executing migration" id="Update dashboard title length"
2026-09-13T11:46:08.269285397Z logger=migrator t=2026-09-13T11:46:08.268695728Z level=info msg="Migration successfully executed" id="Update dashboard title length" duration=76.755µs
2026-09-13T11:46:08.275891270Z logger=migrator t=2026-09-13T11:46:08.27570965Z level=info msg="Executing migration" id="Add unique index for dashboard_org_id_title_folder_id"
2026-09-13T11:46:08.276888953Z logger=migrator t=2026-09-13T11:46:08.276752207Z level=info msg="Migration successfully executed" id="Add unique index for dashboard_org_id_title_folder_id" duration=1.042295ms
2026-09-13T11:46:08.284354592Z logger=migrator t=2026-09-13T11:46:08.284013583Z level=info msg="Executing migration" id="create dashboard_provisioning"
2026-09-13T11:46:08.285433745Z logger=migrator t=2026-09-13T11:46:08.2852803Z level=info msg="Migration successfully executed" id="create dashboard_provisioning" duration=1.273502ms
2026-09-13T11:46:08.292897919Z logger=migrator t=2026-09-13T11:46:08.292638246Z level=info msg="Executing migration" id="Rename table dashboard_provisioning to dashboard_provisioning_tmp_qwerty - v1"
2026-09-13T11:46:08.297582514Z logger=migrator t=2026-09-13T11:46:08.297406065Z level=info msg="Migration successfully executed" id="Rename table dashboard_provisioning to dashboard_provisioning_tmp_qwerty - v1" duration=4.76653ms
2026-09-13T11:46:08.304895644Z logger=migrator t=2026-09-13T11:46:08.30456829Z level=info msg="Executing migration" id="create dashboard_provisioning v2"
2026-09-13T11:46:08.305616825Z logger=migrator t=2026-09-13T11:46:08.305500751Z level=info msg="Migration successfully executed" id="create dashboard_provisioning v2" duration=934.776µs
2026-09-13T11:46:08.312853026Z logger=migrator t=2026-09-13T11:46:08.312609291Z level=info msg="Executing migration" id="create index IDX_dashboard_provisioning_dashboard_id - v2"
2026-09-13T11:46:08.313699664Z logger=migrator t=2026-09-13T11:46:08.313554967Z level=info msg="Migration successfully executed" id="create index IDX_dashboard_provisioning_dashboard_id - v2" duration=947.091µs
2026-09-13T11:46:08.320867844Z logger=migrator t=2026-09-13T11:46:08.320652221Z level=info msg="Executing migration" id="create index IDX_dashboard_provisioning_dashboard_id_name - v2"
2026-09-13T11:46:08.322052416Z logger=migrator t=2026-09-13T11:46:08.321928803Z level=info msg="Migration successfully executed" id="create index IDX_dashboard_provisioning_dashboard_id_name - v2" duration=1.276876ms
2026-09-13T11:46:08.329069879Z logger=migrator t=2026-09-13T11:46:08.328843002Z level=info msg="Executing migration" id="copy dashboard_provisioning v1 to v2"
2026-09-13T11:46:08.329432209Z logger=migrator t=2026-09-13T11:46:08.329324773Z level=info msg="Migration successfully executed" id="copy dashboard_provisioning v1 to v2" duration=480.441µs
2026-09-13T11:46:08.336487016Z logger=migrator t=2026-09-13T11:46:08.336280688Z level=info msg="Executing migration" id="drop dashboard_provisioning_tmp_qwerty"
2026-09-13T11:46:08.337219088Z logger=migrator t=2026-09-13T11:46:08.33706109Z level=info msg="Migration successfully executed" id="drop dashboard_provisioning_tmp_qwerty" duration=782.952µs
2026-09-13T11:46:08.344045817Z logger=migrator t=2026-09-13T11:46:08.343882641Z level=info msg="Executing migration" id="Add check_sum column"
2026-09-13T11:46:08.345991302Z logger=migrator t=2026-09-13T11:46:08.345861016Z level=info msg="Migration successfully executed" id="Add check_sum column" duration=1.978844ms
2026-09-13T11:46:08.352747784Z logger=migrator t=2026-09-13T11:46:08.352600613Z level=info msg="Executing migration" id="Add index for dashboard_title"
2026-09-13T11:46:08.353589135Z logger=migrator t=2026-09-13T11:46:08.353442192Z level=info msg="Migration successfully executed" id="Add index for dashboard_title" duration=842.384µs
2026-09-13T11:46:08.360384331Z logger=migrator t=2026-09-13T11:46:08.360264952Z level=info msg="Executing migration" id="delete tags for deleted dashboards"
2026-09-13T11:46:08.360733423Z logger=migrator t=2026-09-13T11:46:08.360581137Z level=info msg="Migration successfully executed" id="delete tags for deleted dashboards" duration=316.014µs
2026-09-13T11:46:08.367547715Z logger=migrator t=2026-09-13T11:46:08.367423676Z level=info msg="Executing migration" id="delete stars for deleted dashboards"
2026-09-13T11:46:08.368177015Z logger=migrator t=2026-09-13T11:46:08.36783748Z level=info msg="Migration successfully executed" id="delete stars for deleted dashboards" duration=414.729µs
2026-09-13T11:46:08.375972583Z logger=migrator t=2026-09-13T11:46:08.374721091Z level=info msg="Executing migration" id="Add index for dashboard_is_folder"
2026-09-13T11:46:08.375988066Z logger=migrator t=2026-09-13T11:46:08.375602522Z level=info msg="Migration successfully executed" id="Add index for dashboard_is_folder" duration=883.022µs
2026-09-13T11:46:08.382833201Z logger=migrator t=2026-09-13T11:46:08.382647001Z level=info msg="Executing migration" id="Add isPublic for dashboard"
2026-09-13T11:46:08.384937825Z logger=migrator t=2026-09-13T11:46:08.384777859Z level=info msg="Migration successfully executed" id="Add isPublic for dashboard" duration=2.134225ms
2026-09-13T11:46:08.391750435Z logger=migrator t=2026-09-13T11:46:08.391472972Z level=info msg="Executing migration" id="Add deleted for dashboard"
2026-09-13T11:46:08.394090038Z logger=migrator t=2026-09-13T11:46:08.393809079Z level=info msg="Migration successfully executed" id="Add deleted for dashboard" duration=2.334572ms
2026-09-13T11:46:08.401252822Z logger=migrator t=2026-09-13T11:46:08.400991786Z level=info msg="Executing migration" id="Add index for deleted"
2026-09-13T11:46:08.402108682Z logger=migrator t=2026-09-13T11:46:08.401981688Z level=info msg="Migration successfully executed" id="Add index for deleted" duration=990.947µs
2026-09-13T11:46:08.409240505Z logger=migrator t=2026-09-13T11:46:08.409028061Z level=info msg="Executing migration" id="Add column dashboard_uid in dashboard_tag"
2026-09-13T11:46:08.411238559Z logger=migrator t=2026-09-13T11:46:08.411097701Z level=info msg="Migration successfully executed" id="Add column dashboard_uid in dashboard_tag" duration=2.068889ms
2026-09-13T11:46:08.418318091Z logger=migrator t=2026-09-13T11:46:08.418119153Z level=info msg="Executing migration" id="Add column org_id in dashboard_tag"
2026-09-13T11:46:08.420339538Z logger=migrator t=2026-09-13T11:46:08.420056227Z level=info msg="Migration successfully executed" id="Add column org_id in dashboard_tag" duration=1.936638ms
2026-09-13T11:46:08.427231420Z logger=migrator t=2026-09-13T11:46:08.426965527Z level=info msg="Executing migration" id="Add missing dashboard_uid and org_id to dashboard_tag"
2026-09-13T11:46:08.427705071Z logger=migrator t=2026-09-13T11:46:08.427558541Z level=info msg="Migration successfully executed" id="Add missing dashboard_uid and org_id to dashboard_tag" duration=593.618µs
2026-09-13T11:46:08.434997280Z logger=migrator t=2026-09-13T11:46:08.434787993Z level=info msg="Executing migration" id="Add apiVersion for dashboard"
2026-09-13T11:46:08.437560857Z logger=migrator t=2026-09-13T11:46:08.437422144Z level=info msg="Migration successfully executed" id="Add apiVersion for dashboard" duration=2.63289ms
2026-09-13T11:46:08.444837609Z logger=migrator t=2026-09-13T11:46:08.444591287Z level=info msg="Executing migration" id="Add missing dashboard_uid and org_id to star"
2026-09-13T11:46:08.445294066Z logger=migrator t=2026-09-13T11:46:08.445179532Z level=info msg="Migration successfully executed" id="Add missing dashboard_uid and org_id to star" duration=594.337µs
2026-09-13T11:46:08.452490356Z logger=migrator t=2026-09-13T11:46:08.452235563Z level=info msg="Executing migration" id="create data_source table"
2026-09-13T11:46:08.453436097Z logger=migrator t=2026-09-13T11:46:08.453318984Z level=info msg="Migration successfully executed" id="create data_source table" duration=1.083968ms
2026-09-13T11:46:08.461729021Z logger=migrator t=2026-09-13T11:46:08.460511335Z level=info msg="Executing migration" id="add index data_source.account_id"
2026-09-13T11:46:08.461749287Z logger=migrator t=2026-09-13T11:46:08.461339301Z level=info msg="Migration successfully executed" id="add index data_source.account_id" duration=829.372µs
2026-09-13T11:46:08.468520129Z logger=migrator t=2026-09-13T11:46:08.468364242Z level=info msg="Executing migration" id="add unique index data_source.account_id_name"
2026-09-13T11:46:08.469587937Z logger=migrator t=2026-09-13T11:46:08.469418264Z level=info msg="Migration successfully executed" id="add unique index data_source.account_id_name" duration=1.058055ms
2026-09-13T11:46:08.476921247Z logger=migrator t=2026-09-13T11:46:08.47662756Z level=info msg="Executing migration" id="drop index IDX_data_source_account_id - v1"
2026-09-13T11:46:08.477772276Z logger=migrator t=2026-09-13T11:46:08.477636926Z level=info msg="Migration successfully executed" id="drop index IDX_data_source_account_id - v1" duration=1.010574ms
2026-09-13T11:46:08.485063332Z logger=migrator t=2026-09-13T11:46:08.484762832Z level=info msg="Executing migration" id="drop index UQE_data_source_account_id_name - v1"
2026-09-13T11:46:08.486174244Z logger=migrator t=2026-09-13T11:46:08.485759091Z level=info msg="Migration successfully executed" id="drop index UQE_data_source_account_id_name - v1" duration=999.82µs
2026-09-13T11:46:08.492833834Z logger=migrator t=2026-09-13T11:46:08.492650246Z level=info msg="Executing migration" id="Rename table data_source to data_source_v1 - v1"
2026-09-13T11:46:08.497795120Z logger=migrator t=2026-09-13T11:46:08.49764324Z level=info msg="Migration successfully executed" id="Rename table data_source to data_source_v1 - v1" duration=4.991917ms
2026-09-13T11:46:08.504807594Z logger=migrator t=2026-09-13T11:46:08.504635896Z level=info msg="Executing migration" id="create data_source table v2"
2026-09-13T11:46:08.505791892Z logger=migrator t=2026-09-13T11:46:08.505616761Z level=info msg="Migration successfully executed" id="create data_source table v2" duration=978.93µs
2026-09-13T11:46:08.512548077Z logger=migrator t=2026-09-13T11:46:08.51241796Z level=info msg="Executing migration" id="create index IDX_data_source_org_id - v2"
2026-09-13T11:46:08.513378927Z logger=migrator t=2026-09-13T11:46:08.513246638Z level=info msg="Migration successfully executed" id="create index IDX_data_source_org_id - v2" duration=830.666µs
2026-09-13T11:46:08.520408295Z logger=migrator t=2026-09-13T11:46:08.520269537Z level=info msg="Executing migration" id="create index UQE_data_source_org_id_name - v2"
2026-09-13T11:46:08.521321847Z logger=migrator t=2026-09-13T11:46:08.521213533Z level=info msg="Migration successfully executed" id="create index UQE_data_source_org_id_name - v2" duration=945.356µs
2026-09-13T11:46:08.528855891Z logger=migrator t=2026-09-13T11:46:08.528276072Z level=info msg="Executing migration" id="Drop old table data_source_v1 #2"
2026-09-13T11:46:08.529117959Z logger=migrator t=2026-09-13T11:46:08.529030395Z level=info msg="Migration successfully executed" id="Drop old table data_source_v1 #2" duration=756.12µs
2026-09-13T11:46:08.536014507Z logger=migrator t=2026-09-13T11:46:08.535831294Z level=info msg="Executing migration" id="Add column with_credentials"
2026-09-13T11:46:08.538361450Z logger=migrator t=2026-09-13T11:46:08.538256089Z level=info msg="Migration successfully executed" id="Add column with_credentials" duration=2.42426ms
2026-09-13T11:46:08.545540651Z logger=migrator t=2026-09-13T11:46:08.545055598Z level=info msg="Executing migration" id="Add secure json data column"
2026-09-13T11:46:08.547272337Z logger=migrator t=2026-09-13T11:46:08.547138894Z level=info msg="Migration successfully executed" id="Add secure json data column" duration=2.082727ms
2026-09-13T11:46:08.554237967Z logger=migrator t=2026-09-13T11:46:08.55410209Z level=info msg="Executing migration" id="Update data_source table charset"
2026-09-13T11:46:08.554332014Z logger=migrator t=2026-09-13T11:46:08.554218737Z level=info msg="Migration successfully executed" id="Update data_source table charset" duration=119.297µs
2026-09-13T11:46:08.561439751Z logger=migrator t=2026-09-13T11:46:08.561278705Z level=info msg="Executing migration" id="Update initial version to 1"
2026-09-13T11:46:08.561851952Z logger=migrator t=2026-09-13T11:46:08.561701966Z level=info msg="Migration successfully executed" id="Update initial version to 1" duration=423.794µs
2026-09-13T11:46:08.568974203Z logger=migrator t=2026-09-13T11:46:08.568840175Z level=info msg="Executing migration" id="Add read_only data column"
2026-09-13T11:46:08.571032782Z logger=migrator t=2026-09-13T11:46:08.570862545Z level=info msg="Migration successfully executed" id="Add read_only data column" duration=2.021662ms
2026-09-13T11:46:08.577912401Z logger=migrator t=2026-09-13T11:46:08.577774655Z level=info msg="Executing migration" id="Migrate logging ds to loki ds"
2026-09-13T11:46:08.578191400Z logger=migrator t=2026-09-13T11:46:08.578096343Z level=info msg="Migration successfully executed" id="Migrate logging ds to loki ds" duration=323.283µs
2026-09-13T11:46:08.585214566Z logger=migrator t=2026-09-13T11:46:08.584920242Z level=info msg="Executing migration" id="Update json_data with nulls"
2026-09-13T11:46:08.585390898Z logger=migrator t=2026-09-13T11:46:08.585313256Z level=info msg="Migration successfully executed" id="Update json_data with nulls" duration=394.745µs
2026-09-13T11:46:08.592607667Z logger=migrator t=2026-09-13T11:46:08.592416158Z level=info msg="Executing migration" id="Add uid column"
2026-09-13T11:46:08.594843285Z logger=migrator t=2026-09-13T11:46:08.594712296Z level=info msg="Migration successfully executed" id="Add uid column" duration=2.294845ms
2026-09-13T11:46:08.601774941Z logger=migrator t=2026-09-13T11:46:08.60152257Z level=info msg="Executing migration" id="Update uid value"
2026-09-13T11:46:08.602075312Z logger=migrator t=2026-09-13T11:46:08.601976197Z level=info msg="Migration successfully executed" id="Update uid value" duration=453.878µs
2026-09-13T11:46:08.609018865Z logger=migrator t=2026-09-13T11:46:08.608791961Z level=info msg="Executing migration" id="Add unique index datasource_org_id_uid"
2026-09-13T11:46:08.609770602Z logger=migrator t=2026-09-13T11:46:08.609647629Z level=info msg="Migration successfully executed" id="Add unique index datasource_org_id_uid" duration=856.527µs
2026-09-13T11:46:08.616847496Z logger=migrator t=2026-09-13T11:46:08.616610823Z level=info msg="Executing migration" id="add unique index datasource_org_id_is_default"
2026-09-13T11:46:08.617567378Z logger=migrator t=2026-09-13T11:46:08.617447954Z level=info msg="Migration successfully executed" id="add unique index datasource_org_id_is_default" duration=838.726µs
2026-09-13T11:46:08.626809129Z logger=migrator t=2026-09-13T11:46:08.624551495Z level=info msg="Executing migration" id="Add is_prunable column"
2026-09-13T11:46:08.626916090Z logger=migrator t=2026-09-13T11:46:08.62666004Z level=info msg="Migration successfully executed" id="Add is_prunable column" duration=2.107326ms
2026-09-13T11:46:08.633695045Z logger=migrator t=2026-09-13T11:46:08.633545516Z level=info msg="Executing migration" id="Add api_version column"
2026-09-13T11:46:08.635745678Z logger=migrator t=2026-09-13T11:46:08.635569641Z level=info msg="Migration successfully executed" id="Add api_version column" duration=2.01947ms
2026-09-13T11:46:08.642589144Z logger=migrator t=2026-09-13T11:46:08.64239521Z level=info msg="Executing migration" id="create api_key table"
2026-09-13T11:46:08.643398168Z logger=migrator t=2026-09-13T11:46:08.643262461Z level=info msg="Migration successfully executed" id="create api_key table" duration=857.906µs
2026-09-13T11:46:08.650804103Z logger=migrator t=2026-09-13T11:46:08.650599378Z level=info msg="Executing migration" id="add index api_key.account_id"
2026-09-13T11:46:08.651611879Z logger=migrator t=2026-09-13T11:46:08.651497496Z level=info msg="Migration successfully executed" id="add index api_key.account_id" duration=899.162µs
2026-09-13T11:46:08.658687297Z logger=migrator t=2026-09-13T11:46:08.658540984Z level=info msg="Executing migration" id="add index api_key.key"
2026-09-13T11:46:08.659602641Z logger=migrator t=2026-09-13T11:46:08.65944396Z level=info msg="Migration successfully executed" id="add index api_key.key" duration=904.302µs
2026-09-13T11:46:08.667581798Z logger=migrator t=2026-09-13T11:46:08.666440218Z level=info msg="Executing migration" id="add index api_key.account_id_name"
2026-09-13T11:46:08.667601415Z logger=migrator t=2026-09-13T11:46:08.667238059Z level=info msg="Migration successfully executed" id="add index api_key.account_id_name" duration=799.351µs
2026-09-13T11:46:08.674171810Z logger=migrator t=2026-09-13T11:46:08.673981875Z level=info msg="Executing migration" id="drop index IDX_api_key_account_id - v1"
2026-09-13T11:46:08.674999903Z logger=migrator t=2026-09-13T11:46:08.674895038Z level=info msg="Migration successfully executed" id="drop index IDX_api_key_account_id - v1" duration=914.279µs
2026-09-13T11:46:08.681829937Z logger=migrator t=2026-09-13T11:46:08.68165766Z level=info msg="Executing migration" id="drop index UQE_api_key_key - v1"
2026-09-13T11:46:08.682770230Z logger=migrator t=2026-09-13T11:46:08.682596246Z level=info msg="Migration successfully executed" id="drop index UQE_api_key_key - v1" duration=940.045µs
2026-09-13T11:46:08.689903942Z logger=migrator t=2026-09-13T11:46:08.689772133Z level=info msg="Executing migration" id="drop index UQE_api_key_account_id_name - v1"
2026-09-13T11:46:08.690764316Z logger=migrator t=2026-09-13T11:46:08.690609507Z level=info msg="Migration successfully executed" id="drop index UQE_api_key_account_id_name - v1" duration=838.036µs
2026-09-13T11:46:08.697822692Z logger=migrator t=2026-09-13T11:46:08.69766203Z level=info msg="Executing migration" id="Rename table api_key to api_key_v1 - v1"
2026-09-13T11:46:08.703378798Z logger=migrator t=2026-09-13T11:46:08.703185606Z level=info msg="Migration successfully executed" id="Rename table api_key to api_key_v1 - v1" duration=5.526528ms
2026-09-13T11:46:08.710185889Z logger=migrator t=2026-09-13T11:46:08.710053807Z level=info msg="Executing migration" id="create api_key table v2"
2026-09-13T11:46:08.711175738Z logger=migrator t=2026-09-13T11:46:08.710998563Z level=info msg="Migration successfully executed" id="create api_key table v2" duration=945.821µs
2026-09-13T11:46:08.718690813Z logger=migrator t=2026-09-13T11:46:08.718059922Z level=info msg="Executing migration" id="create index IDX_api_key_org_id - v2"
2026-09-13T11:46:08.719082112Z logger=migrator t=2026-09-13T11:46:08.718972124Z level=info msg="Migration successfully executed" id="create index IDX_api_key_org_id - v2" duration=912.878µs
2026-09-13T11:46:08.726154828Z logger=migrator t=2026-09-13T11:46:08.725970927Z level=info msg="Executing migration" id="create index UQE_api_key_key - v2"
2026-09-13T11:46:08.726984201Z logger=migrator t=2026-09-13T11:46:08.726868476Z level=info msg="Migration successfully executed" id="create index UQE_api_key_key - v2" duration=899.344µs
2026-09-13T11:46:08.733991553Z logger=migrator t=2026-09-13T11:46:08.733778772Z level=info msg="Executing migration" id="create index UQE_api_key_org_id_name - v2"
2026-09-13T11:46:08.734737711Z logger=migrator t=2026-09-13T11:46:08.734607383Z level=info msg="Migration successfully executed" id="create index UQE_api_key_org_id_name - v2" duration=830.066µs
2026-09-13T11:46:08.741986753Z logger=migrator t=2026-09-13T11:46:08.74176971Z level=info msg="Executing migration" id="copy api_key v1 to v2"
2026-09-13T11:46:08.742370543Z logger=migrator t=2026-09-13T11:46:08.742284084Z level=info msg="Migration successfully executed" id="copy api_key v1 to v2" duration=515.177µs
2026-09-13T11:46:08.749111474Z logger=migrator t=2026-09-13T11:46:08.74884407Z level=info msg="Executing migration" id="Drop old table api_key_v1"
2026-09-13T11:46:08.749663852Z logger=migrator t=2026-09-13T11:46:08.749531488Z level=info msg="Migration successfully executed" id="Drop old table api_key_v1" duration=684.025µs
2026-09-13T11:46:08.756496077Z logger=migrator t=2026-09-13T11:46:08.756356958Z level=info msg="Executing migration" id="Update api_key table charset"
2026-09-13T11:46:08.756599958Z logger=migrator t=2026-09-13T11:46:08.756480806Z level=info msg="Migration successfully executed" id="Update api_key table charset" duration=126.093µs
2026-09-13T11:46:08.763505716Z logger=migrator t=2026-09-13T11:46:08.763369256Z level=info msg="Executing migration" id="Add expires to api_key table"
2026-09-13T11:46:08.765748245Z logger=migrator t=2026-09-13T11:46:08.765546369Z level=info msg="Migration successfully executed" id="Add expires to api_key table" duration=2.176261ms
2026-09-13T11:46:08.772474854Z logger=migrator t=2026-09-13T11:46:08.772319536Z level=info msg="Executing migration" id="Add service account foreign key"
2026-09-13T11:46:08.774622872Z logger=migrator t=2026-09-13T11:46:08.774446417Z level=info msg="Migration successfully executed" id="Add service account foreign key" duration=2.126162ms
2026-09-13T11:46:08.781429588Z logger=migrator t=2026-09-13T11:46:08.781277265Z level=info msg="Executing migration" id="set service account foreign key to nil if 0"
2026-09-13T11:46:08.781630098Z logger=migrator t=2026-09-13T11:46:08.781539791Z level=info msg="Migration successfully executed" id="set service account foreign key to nil if 0" duration=258.33µs
2026-09-13T11:46:08.793802612Z logger=migrator t=2026-09-13T11:46:08.793594488Z level=info msg="Executing migration" id="Add last_used_at to api_key table"
2026-09-13T11:46:08.796032389Z logger=migrator t=2026-09-13T11:46:08.795865567Z level=info msg="Migration successfully executed" id="Add last_used_at to api_key table" duration=2.269774ms
2026-09-13T11:46:08.804811492Z logger=migrator t=2026-09-13T11:46:08.802866884Z level=info msg="Executing migration" id="Add is_revoked column to api_key table"
2026-09-13T11:46:08.805799567Z logger=migrator t=2026-09-13T11:46:08.805633923Z level=info msg="Migration successfully executed" id="Add is_revoked column to api_key table" duration=2.764621ms
2026-09-13T11:46:08.812736993Z logger=migrator t=2026-09-13T11:46:08.81255109Z level=info msg="Executing migration" id="create dashboard_snapshot table v4"
2026-09-13T11:46:08.813520540Z logger=migrator t=2026-09-13T11:46:08.813397008Z level=info msg="Migration successfully executed" id="create dashboard_snapshot table v4" duration=845.783µs
2026-09-13T11:46:08.820634002Z logger=migrator t=2026-09-13T11:46:08.820446012Z level=info msg="Executing migration" id="drop table dashboard_snapshot_v4 #1"
2026-09-13T11:46:08.821387696Z logger=migrator t=2026-09-13T11:46:08.821150892Z level=info msg="Migration successfully executed" id="drop table dashboard_snapshot_v4 #1" duration=704.965µs
2026-09-13T11:46:08.827997837Z logger=migrator t=2026-09-13T11:46:08.827637349Z level=info msg="Executing migration" id="create dashboard_snapshot table v5 #2"
2026-09-13T11:46:08.828949898Z logger=migrator t=2026-09-13T11:46:08.828720597Z level=info msg="Migration successfully executed" id="create dashboard_snapshot table v5 #2" duration=1.083191ms
2026-09-13T11:46:08.835491705Z logger=migrator t=2026-09-13T11:46:08.835305015Z level=info msg="Executing migration" id="create index UQE_dashboard_snapshot_key - v5"
2026-09-13T11:46:08.836452074Z logger=migrator t=2026-09-13T11:46:08.836293392Z level=info msg="Migration successfully executed" id="create index UQE_dashboard_snapshot_key - v5" duration=989.499µs
2026-09-13T11:46:08.843168325Z logger=migrator t=2026-09-13T11:46:08.843031165Z level=info msg="Executing migration" id="create index UQE_dashboard_snapshot_delete_key - v5"
2026-09-13T11:46:08.844192399Z logger=migrator t=2026-09-13T11:46:08.844005243Z level=info msg="Migration successfully executed" id="create index UQE_dashboard_snapshot_delete_key - v5" duration=975.263µs
2026-09-13T11:46:08.851303538Z logger=migrator t=2026-09-13T11:46:08.851159394Z level=info msg="Executing migration" id="create index IDX_dashboard_snapshot_user_id - v5"
2026-09-13T11:46:08.852271743Z logger=migrator t=2026-09-13T11:46:08.852030491Z level=info msg="Migration successfully executed" id="create index IDX_dashboard_snapshot_user_id - v5" duration=877.38µs
2026-09-13T11:46:08.859182391Z logger=migrator t=2026-09-13T11:46:08.859057859Z level=info msg="Executing migration" id="alter dashboard_snapshot to mediumtext v2"
2026-09-13T11:46:08.859275352Z logger=migrator t=2026-09-13T11:46:08.859172304Z level=info msg="Migration successfully executed" id="alter dashboard_snapshot to mediumtext v2" duration=117.09µs
2026-09-13T11:46:08.866105675Z logger=migrator t=2026-09-13T11:46:08.865957585Z level=info msg="Executing migration" id="Update dashboard_snapshot table charset"
2026-09-13T11:46:08.866128695Z logger=migrator t=2026-09-13T11:46:08.866022453Z level=info msg="Migration successfully executed" id="Update dashboard_snapshot table charset" duration=62.954µs
2026-09-13T11:46:08.872789994Z logger=migrator t=2026-09-13T11:46:08.872599734Z level=info msg="Executing migration" id="Add column external_delete_url to dashboard_snapshots table"
2026-09-13T11:46:08.875044121Z logger=migrator t=2026-09-13T11:46:08.87490821Z level=info msg="Migration successfully executed" id="Add column external_delete_url to dashboard_snapshots table" duration=2.307208ms
2026-09-13T11:46:08.882064637Z logger=migrator t=2026-09-13T11:46:08.881870572Z level=info msg="Executing migration" id="Add encrypted dashboard json column"
2026-09-13T11:46:08.884532174Z logger=migrator t=2026-09-13T11:46:08.884312718Z level=info msg="Migration successfully executed" id="Add encrypted dashboard json column" duration=2.442626ms
2026-09-13T11:46:08.891249798Z logger=migrator t=2026-09-13T11:46:08.891063557Z level=info msg="Executing migration" id="Change dashboard_encrypted column to MEDIUMBLOB"
2026-09-13T11:46:08.891340460Z logger=migrator t=2026-09-13T11:46:08.891172294Z level=info msg="Migration successfully executed" id="Change dashboard_encrypted column to MEDIUMBLOB" duration=111.337µs
2026-09-13T11:46:08.897920989Z logger=migrator t=2026-09-13T11:46:08.897725361Z level=info msg="Executing migration" id="create quota table v1"
2026-09-13T11:46:08.898578060Z logger=migrator t=2026-09-13T11:46:08.898458854Z level=info msg="Migration successfully executed" id="create quota table v1" duration=733.759µs
2026-09-13T11:46:08.905322804Z logger=migrator t=2026-09-13T11:46:08.905138209Z level=info msg="Executing migration" id="create index UQE_quota_org_id_user_id_target - v1"
2026-09-13T11:46:08.906235298Z logger=migrator t=2026-09-13T11:46:08.906084848Z level=info msg="Migration successfully executed" id="create index UQE_quota_org_id_user_id_target - v1" duration=947.778µs
2026-09-13T11:46:08.913142909Z logger=migrator t=2026-09-13T11:46:08.912990271Z level=info msg="Executing migration" id="Update quota table charset"
2026-09-13T11:46:08.913164583Z logger=migrator t=2026-09-13T11:46:08.91303925Z level=info msg="Migration successfully executed" id="Update quota table charset" duration=51.531µs
2026-09-13T11:46:08.919955820Z logger=migrator t=2026-09-13T11:46:08.919786883Z level=info msg="Executing migration" id="create plugin_setting table"
2026-09-13T11:46:08.920956792Z logger=migrator t=2026-09-13T11:46:08.92080614Z level=info msg="Migration successfully executed" id="create plugin_setting table" duration=1.018962ms
2026-09-13T11:46:08.927943439Z logger=migrator t=2026-09-13T11:46:08.927802371Z level=info msg="Executing migration" id="create index UQE_plugin_setting_org_id_plugin_id - v1"
2026-09-13T11:46:08.929072030Z logger=migrator t=2026-09-13T11:46:08.9289386Z level=info msg="Migration successfully executed" id="create index UQE_plugin_setting_org_id_plugin_id - v1" duration=1.137796ms
2026-09-13T11:46:08.936164400Z logger=migrator t=2026-09-13T11:46:08.935925081Z level=info msg="Executing migration" id="Add column plugin_version to plugin_settings"
2026-09-13T11:46:08.938782995Z logger=migrator t=2026-09-13T11:46:08.938592853Z level=info msg="Migration successfully executed" id="Add column plugin_version to plugin_settings" duration=2.66599ms
2026-09-13T11:46:08.945812545Z logger=migrator t=2026-09-13T11:46:08.945654734Z level=info msg="Executing migration" id="Update plugin_setting table charset"
2026-09-13T11:46:08.945906615Z logger=migrator t=2026-09-13T11:46:08.945797611Z level=info msg="Migration successfully executed" id="Update plugin_setting table charset" duration=142.503µs
2026-09-13T11:46:08.953075046Z logger=migrator t=2026-09-13T11:46:08.952789705Z level=info msg="Executing migration" id="update NULL org_id to 1"
2026-09-13T11:46:08.953348769Z logger=migrator t=2026-09-13T11:46:08.953258357Z level=info msg="Migration successfully executed" id="update NULL org_id to 1" duration=470.124µs
2026-09-13T11:46:08.960653641Z logger=migrator t=2026-09-13T11:46:08.960428517Z level=info msg="Executing migration" id="make org_id NOT NULL and DEFAULT VALUE 1"
2026-09-13T11:46:08.968521586Z logger=migrator t=2026-09-13T11:46:08.968353276Z level=info msg="Migration successfully executed" id="make org_id NOT NULL and DEFAULT VALUE 1" duration=7.928222ms
2026-09-13T11:46:08.975841901Z logger=migrator t=2026-09-13T11:46:08.975605898Z level=info msg="Executing migration" id="create session table"
2026-09-13T11:46:08.976653659Z logger=migrator t=2026-09-13T11:46:08.976532791Z level=info msg="Migration successfully executed" id="create session table" duration=926.54µs
2026-09-13T11:46:08.983573266Z logger=migrator t=2026-09-13T11:46:08.983339005Z level=info msg="Executing migration" id="Drop old table playlist table"
2026-09-13T11:46:08.983595200Z logger=migrator t=2026-09-13T11:46:08.983473854Z level=info msg="Migration successfully executed" id="Drop old table playlist table" duration=136.054µs
2026-09-13T11:46:08.990232036Z logger=migrator t=2026-09-13T11:46:08.990042594Z level=info msg="Executing migration" id="Drop old table playlist_item table"
2026-09-13T11:46:08.990382238Z logger=migrator t=2026-09-13T11:46:08.990175729Z level=info msg="Migration successfully executed" id="Drop old table playlist_item table" duration=135.452µs
2026-09-13T11:46:08.997036958Z logger=migrator t=2026-09-13T11:46:08.996896491Z level=info msg="Executing migration" id="create playlist table v2"
2026-09-13T11:46:08.997818383Z logger=migrator t=2026-09-13T11:46:08.997695766Z level=info msg="Migration successfully executed" id="create playlist table v2" duration=797.795µs
2026-09-13T11:46:09.004984936Z logger=migrator t=2026-09-13T11:46:09.004837095Z level=info msg="Executing migration" id="create playlist item table v2"
2026-09-13T11:46:09.005864942Z logger=migrator t=2026-09-13T11:46:09.005716299Z level=info msg="Migration successfully executed" id="create playlist item table v2" duration=878.956µs
2026-09-13T11:46:09.012973145Z logger=migrator t=2026-09-13T11:46:09.012835863Z level=info msg="Executing migration" id="Update playlist table charset"
2026-09-13T11:46:09.012997189Z logger=migrator t=2026-09-13T11:46:09.012882204Z level=info msg="Migration successfully executed" id="Update playlist table charset" duration=48.722µs
2026-09-13T11:46:09.020018660Z logger=migrator t=2026-09-13T11:46:09.019895375Z level=info msg="Executing migration" id="Update playlist_item table charset"
2026-09-13T11:46:09.020043300Z logger=migrator t=2026-09-13T11:46:09.019939916Z level=info msg="Migration successfully executed" id="Update playlist_item table charset" duration=45.954µs
2026-09-13T11:46:09.028835134Z logger=migrator t=2026-09-13T11:46:09.026904671Z level=info msg="Executing migration" id="Add playlist column created_at"
2026-09-13T11:46:09.029644765Z logger=migrator t=2026-09-13T11:46:09.029530211Z level=info msg="Migration successfully executed" id="Add playlist column created_at" duration=2.625109ms
2026-09-13T11:46:09.036835867Z logger=migrator t=2026-09-13T11:46:09.036440018Z level=info msg="Executing migration" id="Add playlist column updated_at"
2026-09-13T11:46:09.039070003Z logger=migrator t=2026-09-13T11:46:09.038939388Z level=info msg="Migration successfully executed" id="Add playlist column updated_at" duration=2.498899ms
2026-09-13T11:46:09.045786586Z logger=migrator t=2026-09-13T11:46:09.045632891Z level=info msg="Executing migration" id="drop preferences table v2"
2026-09-13T11:46:09.045940265Z logger=migrator t=2026-09-13T11:46:09.045865225Z level=info msg="Migration successfully executed" id="drop preferences table v2" duration=234.902µs
2026-09-13T11:46:09.052843638Z logger=migrator t=2026-09-13T11:46:09.0526249Z level=info msg="Executing migration" id="drop preferences table v3"
2026-09-13T11:46:09.053106169Z logger=migrator t=2026-09-13T11:46:09.052828925Z level=info msg="Migration successfully executed" id="drop preferences table v3" duration=208.186µs
2026-09-13T11:46:09.059793391Z logger=migrator t=2026-09-13T11:46:09.05964689Z level=info msg="Executing migration" id="create preferences table v3"
2026-09-13T11:46:09.060803235Z logger=migrator t=2026-09-13T11:46:09.060649143Z level=info msg="Migration successfully executed" id="create preferences table v3" duration=998.65µs
2026-09-13T11:46:09.067818909Z logger=migrator t=2026-09-13T11:46:09.067648278Z level=info msg="Executing migration" id="Update preferences table charset"
2026-09-13T11:46:09.067838706Z logger=migrator t=2026-09-13T11:46:09.067725165Z level=info msg="Migration successfully executed" id="Update preferences table charset" duration=79.044µs
2026-09-13T11:46:09.074718590Z logger=migrator t=2026-09-13T11:46:09.074485766Z level=info msg="Executing migration" id="Add column team_id in preferences"
2026-09-13T11:46:09.077359269Z logger=migrator t=2026-09-13T11:46:09.077186884Z level=info msg="Migration successfully executed" id="Add column team_id in preferences" duration=2.701462ms
2026-09-13T11:46:09.084282540Z logger=migrator t=2026-09-13T11:46:09.083950112Z level=info msg="Executing migration" id="Update team_id column values in preferences"
2026-09-13T11:46:09.084487579Z logger=migrator t=2026-09-13T11:46:09.084378026Z level=info msg="Migration successfully executed" id="Update team_id column values in preferences" duration=427.224µs
2026-09-13T11:46:09.091461089Z logger=migrator t=2026-09-13T11:46:09.091108318Z level=info msg="Executing migration" id="Add column week_start in preferences"
2026-09-13T11:46:09.094027327Z logger=migrator t=2026-09-13T11:46:09.093847166Z level=info msg="Migration successfully executed" id="Add column week_start in preferences" duration=2.738443ms
2026-09-13T11:46:09.100887042Z logger=migrator t=2026-09-13T11:46:09.10062308Z level=info msg="Executing migration" id="Add column preferences.json_data"
2026-09-13T11:46:09.103574406Z logger=migrator t=2026-09-13T11:46:09.103401409Z level=info msg="Migration successfully executed" id="Add column preferences.json_data" duration=2.777933ms
2026-09-13T11:46:09.110103064Z logger=migrator t=2026-09-13T11:46:09.109973211Z level=info msg="Executing migration" id="alter preferences.json_data to mediumtext v1"
2026-09-13T11:46:09.110209749Z logger=migrator t=2026-09-13T11:46:09.110143556Z level=info msg="Migration successfully executed" id="alter preferences.json_data to mediumtext v1" duration=172.363µs
2026-09-13T11:46:09.117207463Z logger=migrator t=2026-09-13T11:46:09.117042217Z level=info msg="Executing migration" id="Add preferences index org_id"
2026-09-13T11:46:09.118240538Z logger=migrator t=2026-09-13T11:46:09.118018272Z level=info msg="Migration successfully executed" id="Add preferences index org_id" duration=970.136µs
2026-09-13T11:46:09.125035244Z logger=migrator t=2026-09-13T11:46:09.124892481Z level=info msg="Executing migration" id="Add preferences index user_id"
2026-09-13T11:46:09.126118853Z logger=migrator t=2026-09-13T11:46:09.125964515Z level=info msg="Migration successfully executed" id="Add preferences index user_id" duration=1.072365ms
2026-09-13T11:46:09.132905476Z logger=migrator t=2026-09-13T11:46:09.132770517Z level=info msg="Executing migration" id="create alert table v1"
2026-09-13T11:46:09.134038311Z logger=migrator t=2026-09-13T11:46:09.133878384Z level=info msg="Migration successfully executed" id="create alert table v1" duration=1.107482ms
2026-09-13T11:46:09.141304016Z logger=migrator t=2026-09-13T11:46:09.141054072Z level=info msg="Executing migration" id="add index alert org_id & id "
2026-09-13T11:46:09.142146286Z logger=migrator t=2026-09-13T11:46:09.14197168Z level=info msg="Migration successfully executed" id="add index alert org_id & id " duration=918.85µs
2026-09-13T11:46:09.148987214Z logger=migrator t=2026-09-13T11:46:09.148757462Z level=info msg="Executing migration" id="add index alert state"
2026-09-13T11:46:09.149742005Z logger=migrator t=2026-09-13T11:46:09.14960789Z level=info msg="Migration successfully executed" id="add index alert state" duration=852.375µs
2026-09-13T11:46:09.156707209Z logger=migrator t=2026-09-13T11:46:09.156446171Z level=info msg="Executing migration" id="add index alert dashboard_id"
2026-09-13T11:46:09.157503296Z logger=migrator t=2026-09-13T11:46:09.157395099Z level=info msg="Migration successfully executed" id="add index alert dashboard_id" duration=949.656µs
2026-09-13T11:46:09.164786480Z logger=migrator t=2026-09-13T11:46:09.164494475Z level=info msg="Executing migration" id="Create alert_rule_tag table v1"
2026-09-13T11:46:09.165626427Z logger=migrator t=2026-09-13T11:46:09.165452811Z level=info msg="Migration successfully executed" id="Create alert_rule_tag table v1" duration=954.425µs
2026-09-13T11:46:09.174011912Z logger=migrator t=2026-09-13T11:46:09.173708493Z level=info msg="Executing migration" id="Add unique index alert_rule_tag.alert_id_tag_id"
2026-09-13T11:46:09.174982698Z logger=migrator t=2026-09-13T11:46:09.174830427Z level=info msg="Migration successfully executed" id="Add unique index alert_rule_tag.alert_id_tag_id" duration=1.123135ms
2026-09-13T11:46:09.183987684Z logger=migrator t=2026-09-13T11:46:09.183108626Z level=info msg="Executing migration" id="drop index UQE_alert_rule_tag_alert_id_tag_id - v1"
2026-09-13T11:46:09.186190331Z logger=migrator t=2026-09-13T11:46:09.186050095Z level=info msg="Migration successfully executed" id="drop index UQE_alert_rule_tag_alert_id_tag_id - v1" duration=2.944566ms
2026-09-13T11:46:09.193579699Z logger=migrator t=2026-09-13T11:46:09.19334824Z level=info msg="Executing migration" id="Rename table alert_rule_tag to alert_rule_tag_v1 - v1"
2026-09-13T11:46:09.202575845Z logger=migrator t=2026-09-13T11:46:09.202418201Z level=info msg="Migration successfully executed" id="Rename table alert_rule_tag to alert_rule_tag_v1 - v1" duration=9.067002ms
2026-09-13T11:46:09.210058018Z logger=migrator t=2026-09-13T11:46:09.209741799Z level=info msg="Executing migration" id="Create alert_rule_tag table v2"
2026-09-13T11:46:09.210913546Z logger=migrator t=2026-09-13T11:46:09.210700233Z level=info msg="Migration successfully executed" id="Create alert_rule_tag table v2" duration=958.71µs
2026-09-13T11:46:09.217941815Z logger=migrator t=2026-09-13T11:46:09.217788466Z level=info msg="Executing migration" id="create index UQE_alert_rule_tag_alert_id_tag_id - Add unique index alert_rule_tag.alert_id_tag_id V2"
2026-09-13T11:46:09.218786295Z logger=migrator t=2026-09-13T11:46:09.218660004Z level=info msg="Migration successfully executed" id="create index UQE_alert_rule_tag_alert_id_tag_id - Add unique index alert_rule_tag.alert_id_tag_id V2" duration=873.17µs
2026-09-13T11:46:09.226599392Z logger=migrator t=2026-09-13T11:46:09.225777566Z level=info msg="Executing migration" id="copy alert_rule_tag v1 to v2"
2026-09-13T11:46:09.226619366Z logger=migrator t=2026-09-13T11:46:09.226201664Z level=info msg="Migration successfully executed" id="copy alert_rule_tag v1 to v2" duration=425.343µs
2026-09-13T11:46:09.233065188Z logger=migrator t=2026-09-13T11:46:09.232894344Z level=info msg="Executing migration" id="drop table alert_rule_tag_v1"
2026-09-13T11:46:09.234044022Z logger=migrator t=2026-09-13T11:46:09.233649249Z level=info msg="Migration successfully executed" id="drop table alert_rule_tag_v1" duration=747.538µs
2026-09-13T11:46:09.241714603Z logger=migrator t=2026-09-13T11:46:09.240575282Z level=info msg="Executing migration" id="create alert_notification table v1"
2026-09-13T11:46:09.241731778Z logger=migrator t=2026-09-13T11:46:09.241321192Z level=info msg="Migration successfully executed" id="create alert_notification table v1" duration=746.161µs
2026-09-13T11:46:09.249747879Z logger=migrator t=2026-09-13T11:46:09.248002898Z level=info msg="Executing migration" id="Add column is_default"
2026-09-13T11:46:09.251339939Z logger=migrator t=2026-09-13T11:46:09.25119815Z level=info msg="Migration successfully executed" id="Add column is_default" duration=3.193836ms
2026-09-13T11:46:09.258632101Z logger=migrator t=2026-09-13T11:46:09.258389994Z level=info msg="Executing migration" id="Add column frequency"
2026-09-13T11:46:09.262230778Z logger=migrator t=2026-09-13T11:46:09.262030533Z level=info msg="Migration successfully executed" id="Add column frequency" duration=3.637668ms
2026-09-13T11:46:09.269099805Z logger=migrator t=2026-09-13T11:46:09.268851425Z level=info msg="Executing migration" id="Add column send_reminder"
2026-09-13T11:46:09.272041376Z logger=migrator t=2026-09-13T11:46:09.27177575Z level=info msg="Migration successfully executed" id="Add column send_reminder" duration=2.92359ms
2026-09-13T11:46:09.279752612Z logger=migrator t=2026-09-13T11:46:09.278983825Z level=info msg="Executing migration" id="Add column disable_resolve_message"
2026-09-13T11:46:09.285385937Z logger=migrator t=2026-09-13T11:46:09.28516792Z level=info msg="Migration successfully executed" id="Add column disable_resolve_message" duration=6.18276ms
2026-09-13T11:46:09.293227675Z logger=migrator t=2026-09-13T11:46:09.292632891Z level=info msg="Executing migration" id="add index alert_notification org_id & name"
2026-09-13T11:46:09.294127301Z logger=migrator t=2026-09-13T11:46:09.293978657Z level=info msg="Migration successfully executed" id="add index alert_notification org_id & name" duration=1.347181ms
2026-09-13T11:46:09.302336419Z logger=migrator t=2026-09-13T11:46:09.302070153Z level=info msg="Executing migration" id="Update alert table charset"
2026-09-13T11:46:09.302362350Z logger=migrator t=2026-09-13T11:46:09.302133252Z level=info msg="Migration successfully executed" id="Update alert table charset" duration=65.541µs
2026-09-13T11:46:09.309784623Z logger=migrator t=2026-09-13T11:46:09.309632247Z level=info msg="Executing migration" id="Update alert_notification table charset"
2026-09-13T11:46:09.309944007Z logger=migrator t=2026-09-13T11:46:09.309705982Z level=info msg="Migration successfully executed" id="Update alert_notification table charset" duration=76.301µs
2026-09-13T11:46:09.318153567Z logger=migrator t=2026-09-13T11:46:09.317713184Z level=info msg="Executing migration" id="create notification_journal table v1"
2026-09-13T11:46:09.319002698Z logger=migrator t=2026-09-13T11:46:09.318771559Z level=info msg="Migration successfully executed" id="create notification_journal table v1" duration=1.777465ms
2026-09-13T11:46:09.326954081Z logger=migrator t=2026-09-13T11:46:09.326656266Z level=info msg="Executing migration" id="add index notification_journal org_id & alert_id & notifier_id"
2026-09-13T11:46:09.327904250Z logger=migrator t=2026-09-13T11:46:09.327752084Z level=info msg="Migration successfully executed" id="add index notification_journal org_id & alert_id & notifier_id" duration=1.096372ms
2026-09-13T11:46:09.335396913Z logger=migrator t=2026-09-13T11:46:09.334970147Z level=info msg="Executing migration" id="drop alert_notification_journal"
2026-09-13T11:46:09.336279986Z logger=migrator t=2026-09-13T11:46:09.336020059Z level=info msg="Migration successfully executed" id="drop alert_notification_journal" duration=1.047676ms
2026-09-13T11:46:09.343223876Z logger=migrator t=2026-09-13T11:46:09.343088923Z level=info msg="Executing migration" id="create alert_notification_state table v1"
2026-09-13T11:46:09.344228699Z logger=migrator t=2026-09-13T11:46:09.343931955Z level=info msg="Migration successfully executed" id="create alert_notification_state table v1" duration=845.465µs
2026-09-13T11:46:09.351347277Z logger=migrator t=2026-09-13T11:46:09.351068598Z level=info msg="Executing migration" id="add index alert_notification_state org_id & alert_id & notifier_id"
2026-09-13T11:46:09.352428302Z logger=migrator t=2026-09-13T11:46:09.352302312Z level=info msg="Migration successfully executed" id="add index alert_notification_state org_id & alert_id & notifier_id" duration=1.233604ms
2026-09-13T11:46:09.359337326Z logger=migrator t=2026-09-13T11:46:09.359139747Z level=info msg="Executing migration" id="Add for to alert table"
2026-09-13T11:46:09.362496640Z logger=migrator t=2026-09-13T11:46:09.362358689Z level=info msg="Migration successfully executed" id="Add for to alert table" duration=3.216287ms
2026-09-13T11:46:09.369319187Z logger=migrator t=2026-09-13T11:46:09.369123769Z level=info msg="Executing migration" id="Add column uid in alert_notification"
2026-09-13T11:46:09.372444894Z logger=migrator t=2026-09-13T11:46:09.372316601Z level=info msg="Migration successfully executed" id="Add column uid in alert_notification" duration=3.191953ms
2026-09-13T11:46:09.380218389Z logger=migrator t=2026-09-13T11:46:09.379219044Z level=info msg="Executing migration" id="Update uid column values in alert_notification"
2026-09-13T11:46:09.380254795Z logger=migrator t=2026-09-13T11:46:09.37947115Z level=info msg="Migration successfully executed" id="Update uid column values in alert_notification" duration=254.139µs
2026-09-13T11:46:09.386897312Z logger=migrator t=2026-09-13T11:46:09.386652084Z level=info msg="Executing migration" id="Add unique index alert_notification_org_id_uid"
2026-09-13T11:46:09.387881813Z logger=migrator t=2026-09-13T11:46:09.387700788Z level=info msg="Migration successfully executed" id="Add unique index alert_notification_org_id_uid" duration=1.048372ms
2026-09-13T11:46:09.395125333Z logger=migrator t=2026-09-13T11:46:09.3949742Z level=info msg="Executing migration" id="Remove unique index org_id_name"
2026-09-13T11:46:09.396329863Z logger=migrator t=2026-09-13T11:46:09.395912839Z level=info msg="Migration successfully executed" id="Remove unique index org_id_name" duration=940.07µs
2026-09-13T11:46:09.403032602Z logger=migrator t=2026-09-13T11:46:09.402880896Z level=info msg="Executing migration" id="Add column secure_settings in alert_notification"
2026-09-13T11:46:09.413599323Z logger=migrator t=2026-09-13T11:46:09.413451014Z level=info msg="Migration successfully executed" id="Add column secure_settings in alert_notification" duration=10.540347ms
2026-09-13T11:46:09.420805841Z logger=migrator t=2026-09-13T11:46:09.420549619Z level=info msg="Executing migration" id="alter alert.settings to mediumtext"
2026-09-13T11:46:09.420872988Z logger=migrator t=2026-09-13T11:46:09.420682697Z level=info msg="Migration successfully executed" id="alter alert.settings to mediumtext" duration=117.613µs
2026-09-13T11:46:09.427864378Z logger=migrator t=2026-09-13T11:46:09.4277286Z level=info msg="Executing migration" id="Add non-unique index alert_notification_state_alert_id"
2026-09-13T11:46:09.429107629Z logger=migrator t=2026-09-13T11:46:09.428986853Z level=info msg="Migration successfully executed" id="Add non-unique index alert_notification_state_alert_id" duration=1.25979ms
2026-09-13T11:46:09.436188977Z logger=migrator t=2026-09-13T11:46:09.435952283Z level=info msg="Executing migration" id="Add non-unique index alert_rule_tag_alert_id"
2026-09-13T11:46:09.437313083Z logger=migrator t=2026-09-13T11:46:09.437138753Z level=info msg="Migration successfully executed" id="Add non-unique index alert_rule_tag_alert_id" duration=1.187348ms
2026-09-13T11:46:09.444377789Z logger=migrator t=2026-09-13T11:46:09.444211514Z level=info msg="Executing migration" id="Drop old annotation table v4"
2026-09-13T11:46:09.444633904Z logger=migrator t=2026-09-13T11:46:09.444541511Z level=info msg="Migration successfully executed" id="Drop old annotation table v4" duration=330.007µs
2026-09-13T11:46:09.451755020Z logger=migrator t=2026-09-13T11:46:09.451507706Z level=info msg="Executing migration" id="create annotation table v5"
2026-09-13T11:46:09.452764635Z logger=migrator t=2026-09-13T11:46:09.452613473Z level=info msg="Migration successfully executed" id="create annotation table v5" duration=1.106333ms
2026-09-13T11:46:09.459802432Z logger=migrator t=2026-09-13T11:46:09.459546419Z level=info msg="Executing migration" id="add index annotation 0 v3"
2026-09-13T11:46:09.460728697Z logger=migrator t=2026-09-13T11:46:09.460603222Z level=info msg="Migration successfully executed" id="add index annotation 0 v3" duration=1.057444ms
2026-09-13T11:46:09.468066866Z logger=migrator t=2026-09-13T11:46:09.467783456Z level=info msg="Executing migration" id="add index annotation 1 v3"
2026-09-13T11:46:09.469027836Z logger=migrator t=2026-09-13T11:46:09.46892138Z level=info msg="Migration successfully executed" id="add index annotation 1 v3" duration=1.139043ms
2026-09-13T11:46:09.475934653Z logger=migrator t=2026-09-13T11:46:09.47565674Z level=info msg="Executing migration" id="add index annotation 2 v3"
2026-09-13T11:46:09.476827994Z logger=migrator t=2026-09-13T11:46:09.476722843Z level=info msg="Migration successfully executed" id="add index annotation 2 v3" duration=1.067241ms
2026-09-13T11:46:09.484151056Z logger=migrator t=2026-09-13T11:46:09.483779292Z level=info msg="Executing migration" id="add index annotation 3 v3"
2026-09-13T11:46:09.485104437Z logger=migrator t=2026-09-13T11:46:09.484982282Z level=info msg="Migration successfully executed" id="add index annotation 3 v3" duration=1.201613ms
2026-09-13T11:46:09.492554420Z logger=migrator t=2026-09-13T11:46:09.492266719Z level=info msg="Executing migration" id="add index annotation 4 v3"
2026-09-13T11:46:09.493491820Z logger=migrator t=2026-09-13T11:46:09.493374733Z level=info msg="Migration successfully executed" id="add index annotation 4 v3" duration=1.108903ms
2026-09-13T11:46:09.500654389Z logger=migrator t=2026-09-13T11:46:09.500413122Z level=info msg="Executing migration" id="Update annotation table charset"
2026-09-13T11:46:09.500721457Z logger=migrator t=2026-09-13T11:46:09.500464305Z level=info msg="Migration successfully executed" id="Update annotation table charset" duration=54.036µs
2026-09-13T11:46:09.507755844Z logger=migrator t=2026-09-13T11:46:09.507589304Z level=info msg="Executing migration" id="Add column region_id to annotation table"
2026-09-13T11:46:09.511093200Z logger=migrator t=2026-09-13T11:46:09.510885948Z level=info msg="Migration successfully executed" id="Add column region_id to annotation table" duration=3.295372ms
2026-09-13T11:46:09.518027441Z logger=migrator t=2026-09-13T11:46:09.517772992Z level=info msg="Executing migration" id="Drop category_id index"
2026-09-13T11:46:09.518882468Z logger=migrator t=2026-09-13T11:46:09.518734209Z level=info msg="Migration successfully executed" id="Drop category_id index" duration=962.968µs
2026-09-13T11:46:09.525642855Z logger=migrator t=2026-09-13T11:46:09.525448215Z level=info msg="Executing migration" id="Add column tags to annotation table"
2026-09-13T11:46:09.528962546Z logger=migrator t=2026-09-13T11:46:09.528786942Z level=info msg="Migration successfully executed" id="Add column tags to annotation table" duration=3.337909ms
2026-09-13T11:46:09.535649041Z logger=migrator t=2026-09-13T11:46:09.535517048Z level=info msg="Executing migration" id="Create annotation_tag table v2"
2026-09-13T11:46:09.536605482Z logger=migrator t=2026-09-13T11:46:09.536446374Z level=info msg="Migration successfully executed" id="Create annotation_tag table v2" duration=929.286µs
2026-09-13T11:46:09.543795575Z logger=migrator t=2026-09-13T11:46:09.543544201Z level=info msg="Executing migration" id="Add unique index annotation_tag.annotation_id_tag_id"
2026-09-13T11:46:09.544982317Z logger=migrator t=2026-09-13T11:46:09.544812316Z level=info msg="Migration successfully executed" id="Add unique index annotation_tag.annotation_id_tag_id" duration=1.268513ms
2026-09-13T11:46:09.552191016Z logger=migrator t=2026-09-13T11:46:09.552032392Z level=info msg="Executing migration" id="drop index UQE_annotation_tag_annotation_id_tag_id - v2"
2026-09-13T11:46:09.553169420Z logger=migrator t=2026-09-13T11:46:09.553028087Z level=info msg="Migration successfully executed" id="drop index UQE_annotation_tag_annotation_id_tag_id - v2" duration=996.695µs
2026-09-13T11:46:09.560212035Z logger=migrator t=2026-09-13T11:46:09.559789995Z level=info msg="Executing migration" id="Rename table annotation_tag to annotation_tag_v2 - v2"
2026-09-13T11:46:09.569265349Z logger=migrator t=2026-09-13T11:46:09.569052004Z level=info msg="Migration successfully executed" id="Rename table annotation_tag to annotation_tag_v2 - v2" duration=9.260579ms
2026-09-13T11:46:09.576732821Z logger=migrator t=2026-09-13T11:46:09.576507622Z level=info msg="Executing migration" id="Create annotation_tag table v3"
2026-09-13T11:46:09.579202850Z logger=migrator t=2026-09-13T11:46:09.579042579Z level=info msg="Migration successfully executed" id="Create annotation_tag table v3" duration=2.761677ms
2026-09-13T11:46:09.587043056Z logger=migrator t=2026-09-13T11:46:09.586788265Z level=info msg="Executing migration" id="create index UQE_annotation_tag_annotation_id_tag_id - Add unique index annotation_tag.annotation_id_tag_id V3"
2026-09-13T11:46:09.587979685Z logger=migrator t=2026-09-13T11:46:09.587818435Z level=info msg="Migration successfully executed" id="create index UQE_annotation_tag_annotation_id_tag_id - Add unique index annotation_tag.annotation_id_tag_id V3" duration=1.031273ms
2026-09-13T11:46:09.595194189Z logger=migrator t=2026-09-13T11:46:09.594914031Z level=info msg="Executing migration" id="copy annotation_tag v2 to v3"
2026-09-13T11:46:09.595830572Z logger=migrator t=2026-09-13T11:46:09.595501313Z level=info msg="Migration successfully executed" id="copy annotation_tag v2 to v3" duration=588.155µs
2026-09-13T11:46:09.602563493Z logger=migrator t=2026-09-13T11:46:09.602417894Z level=info msg="Executing migration" id="drop table annotation_tag_v2"
2026-09-13T11:46:09.603356546Z logger=migrator t=2026-09-13T11:46:09.603234144Z level=info msg="Migration successfully executed" id="drop table annotation_tag_v2" duration=821.846µs
2026-09-13T11:46:09.610815539Z logger=migrator t=2026-09-13T11:46:09.610633562Z level=info msg="Executing migration" id="Update alert annotations and set TEXT to empty"
2026-09-13T11:46:09.611176530Z logger=migrator t=2026-09-13T11:46:09.611070847Z level=info msg="Migration successfully executed" id="Update alert annotations and set TEXT to empty" duration=436.796µs
2026-09-13T11:46:09.618376614Z logger=migrator t=2026-09-13T11:46:09.618183102Z level=info msg="Executing migration" id="Add created time to annotation table"
2026-09-13T11:46:09.623406655Z logger=migrator t=2026-09-13T11:46:09.623178145Z level=info msg="Migration successfully executed" id="Add created time to annotation table" duration=5.005856ms
2026-09-13T11:46:09.631039725Z logger=migrator t=2026-09-13T11:46:09.630352708Z level=info msg="Executing migration" id="Add updated time to annotation table"
2026-09-13T11:46:09.634278123Z logger=migrator t=2026-09-13T11:46:09.634063633Z level=info msg="Migration successfully executed" id="Add updated time to annotation table" duration=3.694422ms
2026-09-13T11:46:09.643424964Z logger=migrator t=2026-09-13T11:46:09.643189031Z level=info msg="Executing migration" id="Add index for created in annotation table"
2026-09-13T11:46:09.646166126Z logger=migrator t=2026-09-13T11:46:09.645761437Z level=info msg="Migration successfully executed" id="Add index for created in annotation table" duration=2.570429ms
2026-09-13T11:46:09.653812871Z logger=migrator t=2026-09-13T11:46:09.653610211Z level=info msg="Executing migration" id="Add index for updated in annotation table"
2026-09-13T11:46:09.654948744Z logger=migrator t=2026-09-13T11:46:09.654779332Z level=info msg="Migration successfully executed" id="Add index for updated in annotation table" duration=1.169917ms
2026-09-13T11:46:09.663273012Z logger=migrator t=2026-09-13T11:46:09.662212614Z level=info msg="Executing migration" id="Convert existing annotations from seconds to milliseconds"
2026-09-13T11:46:09.663291483Z logger=migrator t=2026-09-13T11:46:09.662639465Z level=info msg="Migration successfully executed" id="Convert existing annotations from seconds to milliseconds" duration=427.549µs
2026-09-13T11:46:09.670610916Z logger=migrator t=2026-09-13T11:46:09.670444736Z level=info msg="Executing migration" id="Add epoch_end column"
2026-09-13T11:46:09.674584168Z logger=migrator t=2026-09-13T11:46:09.674408591Z level=info msg="Migration successfully executed" id="Add epoch_end column" duration=3.936315ms
2026-09-13T11:46:09.681587433Z logger=migrator t=2026-09-13T11:46:09.681427691Z level=info msg="Executing migration" id="Add index for epoch_end"
2026-09-13T11:46:09.682697980Z logger=migrator t=2026-09-13T11:46:09.68253909Z level=info msg="Migration successfully executed" id="Add index for epoch_end" duration=1.112051ms
2026-09-13T11:46:09.690475658Z logger=migrator t=2026-09-13T11:46:09.690297778Z level=info msg="Executing migration" id="Make epoch_end the same as epoch"
2026-09-13T11:46:09.690759609Z logger=migrator t=2026-09-13T11:46:09.690680277Z level=info msg="Migration successfully executed" id="Make epoch_end the same as epoch" duration=369.886µs
2026-09-13T11:46:09.698065460Z logger=migrator t=2026-09-13T11:46:09.697884688Z level=info msg="Executing migration" id="Move region to single row"
2026-09-13T11:46:09.698558759Z logger=migrator t=2026-09-13T11:46:09.698420944Z level=info msg="Migration successfully executed" id="Move region to single row" duration=537.737µs
2026-09-13T11:46:09.706053802Z logger=migrator t=2026-09-13T11:46:09.7059121Z level=info msg="Executing migration" id="Remove index org_id_epoch from annotation table"
2026-09-13T11:46:09.707086460Z logger=migrator t=2026-09-13T11:46:09.706925518Z level=info msg="Migration successfully executed" id="Remove index org_id_epoch from annotation table" duration=1.013633ms
2026-09-13T11:46:09.714025348Z logger=migrator t=2026-09-13T11:46:09.713859211Z level=info msg="Executing migration" id="Remove index org_id_dashboard_id_panel_id_epoch from annotation table"
2026-09-13T11:46:09.715112477Z logger=migrator t=2026-09-13T11:46:09.714981242Z level=info msg="Migration successfully executed" id="Remove index org_id_dashboard_id_panel_id_epoch from annotation table" duration=1.119525ms
2026-09-13T11:46:09.722067783Z logger=migrator t=2026-09-13T11:46:09.721918966Z level=info msg="Executing migration" id="Add index for org_id_dashboard_id_epoch_end_epoch on annotation table"
2026-09-13T11:46:09.723074396Z logger=migrator t=2026-09-13T11:46:09.722911927Z level=info msg="Migration successfully executed" id="Add index for org_id_dashboard_id_epoch_end_epoch on annotation table" duration=994.09µs
2026-09-13T11:46:09.730361048Z logger=migrator t=2026-09-13T11:46:09.730062676Z level=info msg="Executing migration" id="Add index for org_id_epoch_end_epoch on annotation table"
2026-09-13T11:46:09.731485727Z logger=migrator t=2026-09-13T11:46:09.731241618Z level=info msg="Migration successfully executed" id="Add index for org_id_epoch_end_epoch on annotation table" duration=1.180954ms
2026-09-13T11:46:09.738372317Z logger=migrator t=2026-09-13T11:46:09.738218026Z level=info msg="Executing migration" id="Remove index org_id_epoch_epoch_end from annotation table"
2026-09-13T11:46:09.739294488Z logger=migrator t=2026-09-13T11:46:09.7391575Z level=info msg="Migration successfully executed" id="Remove index org_id_epoch_epoch_end from annotation table" duration=940.64µs
2026-09-13T11:46:09.746443331Z logger=migrator t=2026-09-13T11:46:09.746181313Z level=info msg="Executing migration" id="Add index for alert_id on annotation table"
2026-09-13T11:46:09.747305010Z logger=migrator t=2026-09-13T11:46:09.747192724Z level=info msg="Migration successfully executed" id="Add index for alert_id on annotation table" duration=1.018036ms
2026-09-13T11:46:09.754312739Z logger=migrator t=2026-09-13T11:46:09.754097405Z level=info msg="Executing migration" id="Increase tags column to length 4096"
2026-09-13T11:46:09.754361213Z logger=migrator t=2026-09-13T11:46:09.754213762Z level=info msg="Migration successfully executed" id="Increase tags column to length 4096" duration=119.677µs
2026-09-13T11:46:09.761241434Z logger=migrator t=2026-09-13T11:46:09.761086841Z level=info msg="Executing migration" id="Increase prev_state column to length 40 not null"
2026-09-13T11:46:09.761371288Z logger=migrator t=2026-09-13T11:46:09.761203819Z level=info msg="Migration successfully executed" id="Increase prev_state column to length 40 not null" duration=126.373µs
2026-09-13T11:46:09.768741319Z logger=migrator t=2026-09-13T11:46:09.768506454Z level=info msg="Executing migration" id="Increase new_state column to length 40 not null"
2026-09-13T11:46:09.768824424Z logger=migrator t=2026-09-13T11:46:09.768712405Z level=info msg="Migration successfully executed" id="Increase new_state column to length 40 not null" duration=208.304µs
2026-09-13T11:46:09.775820221Z logger=migrator t=2026-09-13T11:46:09.77565077Z level=info msg="Executing migration" id="create test_data table"
2026-09-13T11:46:09.776943490Z logger=migrator t=2026-09-13T11:46:09.776739383Z level=info msg="Migration successfully executed" id="create test_data table" duration=1.088238ms
2026-09-13T11:46:09.785532558Z logger=migrator t=2026-09-13T11:46:09.785332097Z level=info msg="Executing migration" id="create dashboard_version table v1"
2026-09-13T11:46:09.786470255Z logger=migrator t=2026-09-13T11:46:09.786297081Z level=info msg="Migration successfully executed" id="create dashboard_version table v1" duration=964.498µs
2026-09-13T11:46:09.796727389Z logger=migrator t=2026-09-13T11:46:09.796405607Z level=info msg="Executing migration" id="add index dashboard_version.dashboard_id"
2026-09-13T11:46:09.797809658Z logger=migrator t=2026-09-13T11:46:09.797564214Z level=info msg="Migration successfully executed" id="add index dashboard_version.dashboard_id" duration=1.163116ms
2026-09-13T11:46:09.806035761Z logger=migrator t=2026-09-13T11:46:09.805885666Z level=info msg="Executing migration" id="add unique index dashboard_version.dashboard_id and dashboard_version.version"
2026-09-13T11:46:09.807362366Z logger=migrator t=2026-09-13T11:46:09.807067348Z level=info msg="Migration successfully executed" id="add unique index dashboard_version.dashboard_id and dashboard_version.version" duration=1.144936ms
2026-09-13T11:46:09.814900340Z logger=migrator t=2026-09-13T11:46:09.814700295Z level=info msg="Executing migration" id="Set dashboard version to 1 where 0"
2026-09-13T11:46:09.815219839Z logger=migrator t=2026-09-13T11:46:09.81510313Z level=info msg="Migration successfully executed" id="Set dashboard version to 1 where 0" duration=403.9µs
2026-09-13T11:46:09.822270428Z logger=migrator t=2026-09-13T11:46:09.822134798Z level=info msg="Executing migration" id="save existing dashboard data in dashboard_version table v1"
2026-09-13T11:46:09.823349215Z logger=migrator t=2026-09-13T11:46:09.823184673Z level=info msg="Migration successfully executed" id="save existing dashboard data in dashboard_version table v1" duration=1.049233ms
2026-09-13T11:46:09.830752668Z logger=migrator t=2026-09-13T11:46:09.830585798Z level=info msg="Executing migration" id="alter dashboard_version.data to mediumtext v1"
2026-09-13T11:46:09.830897259Z logger=migrator t=2026-09-13T11:46:09.830806447Z level=info msg="Migration successfully executed" id="alter dashboard_version.data to mediumtext v1" duration=221.801µs
2026-09-13T11:46:09.837901930Z logger=migrator t=2026-09-13T11:46:09.837733698Z level=info msg="Executing migration" id="Add apiVersion for dashboard_version"
2026-09-13T11:46:09.842282450Z logger=migrator t=2026-09-13T11:46:09.842079836Z level=info msg="Migration successfully executed" id="Add apiVersion for dashboard_version" duration=4.345302ms
2026-09-13T11:46:09.849442839Z logger=migrator t=2026-09-13T11:46:09.849258909Z level=info msg="Executing migration" id="create team table"
2026-09-13T11:46:09.850306684Z logger=migrator t=2026-09-13T11:46:09.850145021Z level=info msg="Migration successfully executed" id="create team table" duration=886.687µs
2026-09-13T11:46:09.857617446Z logger=migrator t=2026-09-13T11:46:09.857460485Z level=info msg="Executing migration" id="add index team.org_id"
2026-09-13T11:46:09.858600466Z logger=migrator t=2026-09-13T11:46:09.858448567Z level=info msg="Migration successfully executed" id="add index team.org_id" duration=988.845µs
2026-09-13T11:46:09.865597080Z logger=migrator t=2026-09-13T11:46:09.865448732Z level=info msg="Executing migration" id="add unique index team_org_id_name"
2026-09-13T11:46:09.866699308Z logger=migrator t=2026-09-13T11:46:09.866515332Z level=info msg="Migration successfully executed" id="add unique index team_org_id_name" duration=1.066792ms
2026-09-13T11:46:09.873609022Z logger=migrator t=2026-09-13T11:46:09.873446975Z level=info msg="Executing migration" id="Add column uid in team"
2026-09-13T11:46:09.877385857Z logger=migrator t=2026-09-13T11:46:09.877180929Z level=info msg="Migration successfully executed" id="Add column uid in team" duration=3.718267ms
2026-09-13T11:46:09.885812677Z logger=migrator t=2026-09-13T11:46:09.885240932Z level=info msg="Executing migration" id="Update uid column values in team"
2026-09-13T11:46:09.886406995Z logger=migrator t=2026-09-13T11:46:09.885944402Z level=info msg="Migration successfully executed" id="Update uid column values in team" duration=739.487µs
2026-09-13T11:46:09.893919782Z logger=migrator t=2026-09-13T11:46:09.893761862Z level=info msg="Executing migration" id="Add unique index team_org_id_uid"
2026-09-13T11:46:09.895048215Z logger=migrator t=2026-09-13T11:46:09.894917615Z level=info msg="Migration successfully executed" id="Add unique index team_org_id_uid" duration=1.156795ms
2026-09-13T11:46:09.902865314Z logger=migrator t=2026-09-13T11:46:09.902718385Z level=info msg="Executing migration" id="create team member table"
2026-09-13T11:46:09.903888566Z logger=migrator t=2026-09-13T11:46:09.903723655Z level=info msg="Migration successfully executed" id="create team member table" duration=1.00519ms
2026-09-13T11:46:09.911470326Z logger=migrator t=2026-09-13T11:46:09.911312618Z level=info msg="Executing migration" id="add index team_member.org_id"
2026-09-13T11:46:09.912747770Z logger=migrator t=2026-09-13T11:46:09.912593973Z level=info msg="Migration successfully executed" id="add index team_member.org_id" duration=1.282811ms
2026-09-13T11:46:09.920302026Z logger=migrator t=2026-09-13T11:46:09.920055022Z level=info msg="Executing migration" id="add unique index team_member_org_id_team_id_user_id"
2026-09-13T11:46:09.921569896Z logger=migrator t=2026-09-13T11:46:09.921406717Z level=info msg="Migration successfully executed" id="add unique index team_member_org_id_team_id_user_id" duration=1.351404ms
2026-09-13T11:46:09.929356875Z logger=migrator t=2026-09-13T11:46:09.929211285Z level=info msg="Executing migration" id="add index team_member.team_id"
2026-09-13T11:46:09.930344921Z logger=migrator t=2026-09-13T11:46:09.930178011Z level=info msg="Migration successfully executed" id="add index team_member.team_id" duration=973.907µs
2026-09-13T11:46:09.937840501Z logger=migrator t=2026-09-13T11:46:09.937573662Z level=info msg="Executing migration" id="Add column email to team table"
2026-09-13T11:46:09.945163201Z logger=migrator t=2026-09-13T11:46:09.944950815Z level=info msg="Migration successfully executed" id="Add column email to team table" duration=7.375492ms
2026-09-13T11:46:09.952884079Z logger=migrator t=2026-09-13T11:46:09.952689277Z level=info msg="Executing migration" id="Add column external to team_member table"
2026-09-13T11:46:09.957254571Z logger=migrator t=2026-09-13T11:46:09.957068762Z level=info msg="Migration successfully executed" id="Add column external to team_member table" duration=4.401117ms
2026-09-13T11:46:09.965174257Z logger=migrator t=2026-09-13T11:46:09.965005879Z level=info msg="Executing migration" id="Add column permission to team_member table"
2026-09-13T11:46:09.970013436Z logger=migrator t=2026-09-13T11:46:09.969861366Z level=info msg="Migration successfully executed" id="Add column permission to team_member table" duration=4.853441ms
2026-09-13T11:46:09.977734978Z logger=migrator t=2026-09-13T11:46:09.977390996Z level=info msg="Executing migration" id="add unique index team_member_user_id_org_id"
2026-09-13T11:46:09.978491234Z logger=migrator t=2026-09-13T11:46:09.978364547Z level=info msg="Migration successfully executed" id="add unique index team_member_user_id_org_id" duration=977.361µs
2026-09-13T11:46:09.986025006Z logger=migrator t=2026-09-13T11:46:09.985874845Z level=info msg="Executing migration" id="create dashboard acl table"
2026-09-13T11:46:09.987759504Z logger=migrator t=2026-09-13T11:46:09.987475501Z level=info msg="Migration successfully executed" id="create dashboard acl table" duration=1.599965ms
2026-09-13T11:46:09.995992219Z logger=migrator t=2026-09-13T11:46:09.995846407Z level=info msg="Executing migration" id="add index dashboard_acl_dashboard_id"
2026-09-13T11:46:09.997110671Z logger=migrator t=2026-09-13T11:46:09.99694674Z level=info msg="Migration successfully executed" id="add index dashboard_acl_dashboard_id" duration=1.102419ms
2026-09-13T11:46:10.005686841Z logger=migrator t=2026-09-13T11:46:10.005507406Z level=info msg="Executing migration" id="add unique index dashboard_acl_dashboard_id_user_id"
2026-09-13T11:46:10.007452843Z logger=migrator t=2026-09-13T11:46:10.007302192Z level=info msg="Migration successfully executed" id="add unique index dashboard_acl_dashboard_id_user_id" duration=1.79402ms
2026-09-13T11:46:10.016899839Z logger=migrator t=2026-09-13T11:46:10.016725051Z level=info msg="Executing migration" id="add unique index dashboard_acl_dashboard_id_team_id"
2026-09-13T11:46:10.017949724Z logger=migrator t=2026-09-13T11:46:10.017795183Z level=info msg="Migration successfully executed" id="add unique index dashboard_acl_dashboard_id_team_id" duration=1.070957ms
2026-09-13T11:46:10.025427887Z logger=migrator t=2026-09-13T11:46:10.025311401Z level=info msg="Executing migration" id="add index dashboard_acl_user_id"
2026-09-13T11:46:10.026763792Z logger=migrator t=2026-09-13T11:46:10.02653328Z level=info msg="Migration successfully executed" id="add index dashboard_acl_user_id" duration=1.221881ms
2026-09-13T11:46:10.034029318Z logger=migrator t=2026-09-13T11:46:10.033849915Z level=info msg="Executing migration" id="add index dashboard_acl_team_id"
2026-09-13T11:46:10.035172685Z logger=migrator t=2026-09-13T11:46:10.034969948Z level=info msg="Migration successfully executed" id="add index dashboard_acl_team_id" duration=1.121694ms
2026-09-13T11:46:10.042164395Z logger=migrator t=2026-09-13T11:46:10.042013595Z level=info msg="Executing migration" id="add index dashboard_acl_org_id_role"
2026-09-13T11:46:10.043469343Z logger=migrator t=2026-09-13T11:46:10.043076523Z level=info msg="Migration successfully executed" id="add index dashboard_acl_org_id_role" duration=1.064032ms
2026-09-13T11:46:10.050188496Z logger=migrator t=2026-09-13T11:46:10.050049053Z level=info msg="Executing migration" id="add index dashboard_permission"
2026-09-13T11:46:10.051300019Z logger=migrator t=2026-09-13T11:46:10.051159897Z level=info msg="Migration successfully executed" id="add index dashboard_permission" duration=1.111989ms
2026-09-13T11:46:10.060783098Z logger=migrator t=2026-09-13T11:46:10.059473631Z level=info msg="Executing migration" id="save default acl rules in dashboard_acl table"
2026-09-13T11:46:10.060806549Z logger=migrator t=2026-09-13T11:46:10.060243973Z level=info msg="Migration successfully executed" id="save default acl rules in dashboard_acl table" duration=770.305µs
2026-09-13T11:46:10.067736927Z logger=migrator t=2026-09-13T11:46:10.06758834Z level=info msg="Executing migration" id="delete acl rules for deleted dashboards and folders"
2026-09-13T11:46:10.068300451Z logger=migrator t=2026-09-13T11:46:10.068010675Z level=info msg="Migration successfully executed" id="delete acl rules for deleted dashboards and folders" duration=423.95µs
2026-09-13T11:46:10.075350116Z logger=migrator t=2026-09-13T11:46:10.075126317Z level=info msg="Executing migration" id="create tag table"
2026-09-13T11:46:10.076227629Z logger=migrator t=2026-09-13T11:46:10.075994188Z level=info msg="Migration successfully executed" id="create tag table" duration=868.929µs
2026-09-13T11:46:10.084222172Z logger=migrator t=2026-09-13T11:46:10.08385391Z level=info msg="Executing migration" id="add index tag.key_value"
2026-09-13T11:46:10.085234598Z logger=migrator t=2026-09-13T11:46:10.085071186Z level=info msg="Migration successfully executed" id="add index tag.key_value" duration=1.21912ms
2026-09-13T11:46:10.092979636Z logger=migrator t=2026-09-13T11:46:10.092809417Z level=info msg="Executing migration" id="create login attempt table"
2026-09-13T11:46:10.093902572Z logger=migrator t=2026-09-13T11:46:10.0937829Z level=info msg="Migration successfully executed" id="create login attempt table" duration=973.621µs
2026-09-13T11:46:10.101039724Z logger=migrator t=2026-09-13T11:46:10.100869008Z level=info msg="Executing migration" id="add index login_attempt.username"
2026-09-13T11:46:10.102145817Z logger=migrator t=2026-09-13T11:46:10.102026136Z level=info msg="Migration successfully executed" id="add index login_attempt.username" duration=1.152289ms
2026-09-13T11:46:10.109470275Z logger=migrator t=2026-09-13T11:46:10.109302945Z level=info msg="Executing migration" id="drop index IDX_login_attempt_username - v1"
2026-09-13T11:46:10.110471902Z logger=migrator t=2026-09-13T11:46:10.110341985Z level=info msg="Migration successfully executed" id="drop index IDX_login_attempt_username - v1" duration=1.039304ms
2026-09-13T11:46:10.117285771Z logger=migrator t=2026-09-13T11:46:10.117057658Z level=info msg="Executing migration" id="Rename table login_attempt to login_attempt_tmp_qwerty - v1"
2026-09-13T11:46:10.127227658Z logger=migrator t=2026-09-13T11:46:10.126988914Z level=info msg="Migration successfully executed" id="Rename table login_attempt to login_attempt_tmp_qwerty - v1" duration=9.917621ms
2026-09-13T11:46:10.134058896Z logger=migrator t=2026-09-13T11:46:10.133813226Z level=info msg="Executing migration" id="create login_attempt v2"
2026-09-13T11:46:10.134843086Z logger=migrator t=2026-09-13T11:46:10.134706302Z level=info msg="Migration successfully executed" id="create login_attempt v2" duration=897.874µs
2026-09-13T11:46:10.142024070Z logger=migrator t=2026-09-13T11:46:10.141878147Z level=info msg="Executing migration" id="create index IDX_login_attempt_username - v2"
2026-09-13T11:46:10.143137053Z logger=migrator t=2026-09-13T11:46:10.143012182Z level=info msg="Migration successfully executed" id="create index IDX_login_attempt_username - v2" duration=1.134962ms
2026-09-13T11:46:10.150268485Z logger=migrator t=2026-09-13T11:46:10.150081547Z level=info msg="Executing migration" id="copy login_attempt v1 to v2"
2026-09-13T11:46:10.150696596Z logger=migrator t=2026-09-13T11:46:10.150565966Z level=info msg="Migration successfully executed" id="copy login_attempt v1 to v2" duration=484.827µs
2026-09-13T11:46:10.157874561Z logger=migrator t=2026-09-13T11:46:10.157658741Z level=info msg="Executing migration" id="drop login_attempt_tmp_qwerty"
2026-09-13T11:46:10.159051448Z logger=migrator t=2026-09-13T11:46:10.158913526Z level=info msg="Migration successfully executed" id="drop login_attempt_tmp_qwerty" duration=1.253557ms
2026-09-13T11:46:10.166947545Z logger=migrator t=2026-09-13T11:46:10.165738236Z level=info msg="Executing migration" id="create user auth table"
2026-09-13T11:46:10.166967082Z logger=migrator t=2026-09-13T11:46:10.166520171Z level=info msg="Migration successfully executed" id="create user auth table" duration=782.409µs
2026-09-13T11:46:10.173661364Z logger=migrator t=2026-09-13T11:46:10.17344352Z level=info msg="Executing migration" id="create index IDX_user_auth_auth_module_auth_id - v1"
2026-09-13T11:46:10.174634656Z logger=migrator t=2026-09-13T11:46:10.174529342Z level=info msg="Migration successfully executed" id="create index IDX_user_auth_auth_module_auth_id - v1" duration=1.087204ms
2026-09-13T11:46:10.181727311Z logger=migrator t=2026-09-13T11:46:10.181480856Z level=info msg="Executing migration" id="alter user_auth.auth_id to length 190"
2026-09-13T11:46:10.181776758Z logger=migrator t=2026-09-13T11:46:10.181594272Z level=info msg="Migration successfully executed" id="alter user_auth.auth_id to length 190" duration=109.939µs
2026-09-13T11:46:10.188662730Z logger=migrator t=2026-09-13T11:46:10.188511407Z level=info msg="Executing migration" id="Add OAuth access token to user_auth"
2026-09-13T11:46:10.192782989Z logger=migrator t=2026-09-13T11:46:10.192578565Z level=info msg="Migration successfully executed" id="Add OAuth access token to user_auth" duration=4.064918ms
2026-09-13T11:46:10.199750150Z logger=migrator t=2026-09-13T11:46:10.199538081Z level=info msg="Executing migration" id="Add OAuth refresh token to user_auth"
2026-09-13T11:46:10.204408538Z logger=migrator t=2026-09-13T11:46:10.204241593Z level=info msg="Migration successfully executed" id="Add OAuth refresh token to user_auth" duration=4.703429ms
2026-09-13T11:46:10.211197660Z logger=migrator t=2026-09-13T11:46:10.211056712Z level=info msg="Executing migration" id="Add OAuth token type to user_auth"
2026-09-13T11:46:10.215329495Z logger=migrator t=2026-09-13T11:46:10.215132445Z level=info msg="Migration successfully executed" id="Add OAuth token type to user_auth" duration=4.073728ms
2026-09-13T11:46:10.221997578Z logger=migrator t=2026-09-13T11:46:10.221855254Z level=info msg="Executing migration" id="Add OAuth expiry to user_auth"
2026-09-13T11:46:10.226145643Z logger=migrator t=2026-09-13T11:46:10.225937296Z level=info msg="Migration successfully executed" id="Add OAuth expiry to user_auth" duration=4.079312ms
2026-09-13T11:46:10.233095064Z logger=migrator t=2026-09-13T11:46:10.232803188Z level=info msg="Executing migration" id="Add index to user_id column in user_auth"
2026-09-13T11:46:10.234064789Z logger=migrator t=2026-09-13T11:46:10.233914639Z level=info msg="Migration successfully executed" id="Add index to user_id column in user_auth" duration=1.113657ms
2026-09-13T11:46:10.241783822Z logger=migrator t=2026-09-13T11:46:10.240875468Z level=info msg="Executing migration" id="Add OAuth ID token to user_auth"
2026-09-13T11:46:10.245342460Z logger=migrator t=2026-09-13T11:46:10.245177986Z level=info msg="Migration successfully executed" id="Add OAuth ID token to user_auth" duration=4.301172ms
2026-09-13T11:46:10.252529581Z logger=migrator t=2026-09-13T11:46:10.252008997Z level=info msg="Executing migration" id="create server_lock table"
2026-09-13T11:46:10.253168818Z logger=migrator t=2026-09-13T11:46:10.253049522Z level=info msg="Migration successfully executed" id="create server_lock table" duration=1.031995ms
2026-09-13T11:46:10.260702059Z logger=migrator t=2026-09-13T11:46:10.259925661Z level=info msg="Executing migration" id="add index server_lock.operation_uid"
2026-09-13T11:46:10.261345010Z logger=migrator t=2026-09-13T11:46:10.261211275Z level=info msg="Migration successfully executed" id="add index server_lock.operation_uid" duration=1.285978ms
2026-09-13T11:46:10.268534166Z logger=migrator t=2026-09-13T11:46:10.26827037Z level=info msg="Executing migration" id="create user auth token table"
2026-09-13T11:46:10.269410807Z logger=migrator t=2026-09-13T11:46:10.269252251Z level=info msg="Migration successfully executed" id="create user auth token table" duration=982.353µs
2026-09-13T11:46:10.276444513Z logger=migrator t=2026-09-13T11:46:10.276249719Z level=info msg="Executing migration" id="add unique index user_auth_token.auth_token"
2026-09-13T11:46:10.277518714Z logger=migrator t=2026-09-13T11:46:10.277400991Z level=info msg="Migration successfully executed" id="add unique index user_auth_token.auth_token" duration=1.153609ms
2026-09-13T11:46:10.284652420Z logger=migrator t=2026-09-13T11:46:10.284494348Z level=info msg="Executing migration" id="add unique index user_auth_token.prev_auth_token"
2026-09-13T11:46:10.285709339Z logger=migrator t=2026-09-13T11:46:10.285562819Z level=info msg="Migration successfully executed" id="add unique index user_auth_token.prev_auth_token" duration=1.075639ms
2026-09-13T11:46:10.292716170Z logger=migrator t=2026-09-13T11:46:10.292478403Z level=info msg="Executing migration" id="add index user_auth_token.user_id"
2026-09-13T11:46:10.293841623Z logger=migrator t=2026-09-13T11:46:10.293727893Z level=info msg="Migration successfully executed" id="add index user_auth_token.user_id" duration=1.2518ms
2026-09-13T11:46:10.300943730Z logger=migrator t=2026-09-13T11:46:10.300773079Z level=info msg="Executing migration" id="Add revoked_at to the user auth token"
2026-09-13T11:46:10.305354607Z logger=migrator t=2026-09-13T11:46:10.305186345Z level=info msg="Migration successfully executed" id="Add revoked_at to the user auth token" duration=4.412541ms
2026-09-13T11:46:10.312918434Z logger=migrator t=2026-09-13T11:46:10.312597435Z level=info msg="Executing migration" id="add index user_auth_token.revoked_at"
2026-09-13T11:46:10.313816054Z logger=migrator t=2026-09-13T11:46:10.313719137Z level=info msg="Migration successfully executed" id="add index user_auth_token.revoked_at" duration=1.12353ms
2026-09-13T11:46:10.321150233Z logger=migrator t=2026-09-13T11:46:10.320906937Z level=info msg="Executing migration" id="add external_session_id to user_auth_token"
2026-09-13T11:46:10.325893310Z logger=migrator t=2026-09-13T11:46:10.325742569Z level=info msg="Migration successfully executed" id="add external_session_id to user_auth_token" duration=4.834312ms
2026-09-13T11:46:10.333258434Z logger=migrator t=2026-09-13T11:46:10.333006032Z level=info msg="Executing migration" id="create cache_data table"
2026-09-13T11:46:10.334444057Z logger=migrator t=2026-09-13T11:46:10.3343159Z level=info msg="Migration successfully executed" id="create cache_data table" duration=1.307102ms
2026-09-13T11:46:10.341539682Z logger=migrator t=2026-09-13T11:46:10.341397148Z level=info msg="Executing migration" id="add unique index cache_data.cache_key"
2026-09-13T11:46:10.342593377Z logger=migrator t=2026-09-13T11:46:10.342464809Z level=info msg="Migration successfully executed" id="add unique index cache_data.cache_key" duration=1.068627ms
2026-09-13T11:46:10.350922878Z logger=migrator t=2026-09-13T11:46:10.349587897Z level=info msg="Executing migration" id="create short_url table v1"
2026-09-13T11:46:10.350943867Z logger=migrator t=2026-09-13T11:46:10.350532657Z level=info msg="Migration successfully executed" id="create short_url table v1" duration=954.486µs
2026-09-13T11:46:10.357399692Z logger=migrator t=2026-09-13T11:46:10.357260041Z level=info msg="Executing migration" id="add index short_url.org_id-uid"
2026-09-13T11:46:10.358399611Z logger=migrator t=2026-09-13T11:46:10.358282904Z level=info msg="Migration successfully executed" id="add index short_url.org_id-uid" duration=1.023682ms
2026-09-13T11:46:10.365760825Z logger=migrator t=2026-09-13T11:46:10.365424784Z level=info msg="Executing migration" id="alter table short_url alter column created_by type to bigint"
2026-09-13T11:46:10.365808681Z logger=migrator t=2026-09-13T11:46:10.365541463Z level=info msg="Migration successfully executed" id="alter table short_url alter column created_by type to bigint" duration=119.811µs
2026-09-13T11:46:10.372907809Z logger=migrator t=2026-09-13T11:46:10.372735509Z level=info msg="Executing migration" id="delete alert_definition table"
2026-09-13T11:46:10.373060917Z logger=migrator t=2026-09-13T11:46:10.372897447Z level=info msg="Migration successfully executed" id="delete alert_definition table" duration=164.132µs
2026-09-13T11:46:10.380741798Z logger=migrator t=2026-09-13T11:46:10.380547049Z level=info msg="Executing migration" id="recreate alert_definition table"
2026-09-13T11:46:10.381786475Z logger=migrator t=2026-09-13T11:46:10.381617887Z level=info msg="Migration successfully executed" id="recreate alert_definition table" duration=1.07207ms
2026-09-13T11:46:10.388981509Z logger=migrator t=2026-09-13T11:46:10.388723543Z level=info msg="Executing migration" id="add index in alert_definition on org_id and title columns"
2026-09-13T11:46:10.389933206Z logger=migrator t=2026-09-13T11:46:10.389808207Z level=info msg="Migration successfully executed" id="add index in alert_definition on org_id and title columns" duration=1.080391ms
2026-09-13T11:46:10.397403782Z logger=migrator t=2026-09-13T11:46:10.397023247Z level=info msg="Executing migration" id="add index in alert_definition on org_id and uid columns"
2026-09-13T11:46:10.398293470Z logger=migrator t=2026-09-13T11:46:10.398148067Z level=info msg="Migration successfully executed" id="add index in alert_definition on org_id and uid columns" duration=1.120349ms
2026-09-13T11:46:10.405252503Z logger=migrator t=2026-09-13T11:46:10.405021195Z level=info msg="Executing migration" id="alter alert_definition table data column to mediumtext in mysql"
2026-09-13T11:46:10.405319098Z logger=migrator t=2026-09-13T11:46:10.405134234Z level=info msg="Migration successfully executed" id="alter alert_definition table data column to mediumtext in mysql" duration=115.848µs
2026-09-13T11:46:10.412398558Z logger=migrator t=2026-09-13T11:46:10.41212356Z level=info msg="Executing migration" id="drop index in alert_definition on org_id and title columns"
2026-09-13T11:46:10.413363369Z logger=migrator t=2026-09-13T11:46:10.41324596Z level=info msg="Migration successfully executed" id="drop index in alert_definition on org_id and title columns" duration=1.119701ms
2026-09-13T11:46:10.420559386Z logger=migrator t=2026-09-13T11:46:10.420415659Z level=info msg="Executing migration" id="drop index in alert_definition on org_id and uid columns"
2026-09-13T11:46:10.421678819Z logger=migrator t=2026-09-13T11:46:10.421518524Z level=info msg="Migration successfully executed" id="drop index in alert_definition on org_id and uid columns" duration=1.183318ms
2026-09-13T11:46:10.429242381Z logger=migrator t=2026-09-13T11:46:10.429085358Z level=info msg="Executing migration" id="add unique index in alert_definition on org_id and title columns"
2026-09-13T11:46:10.430700007Z logger=migrator t=2026-09-13T11:46:10.43043515Z level=info msg="Migration successfully executed" id="add unique index in alert_definition on org_id and title columns" duration=1.348454ms
2026-09-13T11:46:10.441591525Z logger=migrator t=2026-09-13T11:46:10.441012661Z level=info msg="Executing migration" id="add unique index in alert_definition on org_id and uid columns"
2026-09-13T11:46:10.443045024Z logger=migrator t=2026-09-13T11:46:10.442901039Z level=info msg="Migration successfully executed" id="add unique index in alert_definition on org_id and uid columns" duration=1.89022ms
2026-09-13T11:46:10.450111310Z logger=migrator t=2026-09-13T11:46:10.44994932Z level=info msg="Executing migration" id="Add column paused in alert_definition"
2026-09-13T11:46:10.457042756Z logger=migrator t=2026-09-13T11:46:10.456773814Z level=info msg="Migration successfully executed" id="Add column paused in alert_definition" duration=6.821758ms
2026-09-13T11:46:10.467597723Z logger=migrator t=2026-09-13T11:46:10.467332148Z level=info msg="Executing migration" id="drop alert_definition table"
2026-09-13T11:46:10.468976715Z logger=migrator t=2026-09-13T11:46:10.468782649Z level=info msg="Migration successfully executed" id="drop alert_definition table" duration=1.450188ms
2026-09-13T11:46:10.477469045Z logger=migrator t=2026-09-13T11:46:10.477322911Z level=info msg="Executing migration" id="delete alert_definition_version table"
2026-09-13T11:46:10.477626235Z logger=migrator t=2026-09-13T11:46:10.477491097Z level=info msg="Migration successfully executed" id="delete alert_definition_version table" duration=170.296µs
2026-09-13T11:46:10.485941764Z logger=migrator t=2026-09-13T11:46:10.485215646Z level=info msg="Executing migration" id="recreate alert_definition_version table"
2026-09-13T11:46:10.487219082Z logger=migrator t=2026-09-13T11:46:10.487071263Z level=info msg="Migration successfully executed" id="recreate alert_definition_version table" duration=1.856322ms
2026-09-13T11:46:10.494494436Z logger=migrator t=2026-09-13T11:46:10.494255738Z level=info msg="Executing migration" id="add index in alert_definition_version table on alert_definition_id and version columns"
2026-09-13T11:46:10.496386052Z logger=migrator t=2026-09-13T11:46:10.495837616Z level=info msg="Migration successfully executed" id="add index in alert_definition_version table on alert_definition_id and version columns" duration=1.582694ms
2026-09-13T11:46:10.504754837Z logger=migrator t=2026-09-13T11:46:10.504482514Z level=info msg="Executing migration" id="add index in alert_definition_version table on alert_definition_uid and version columns"
2026-09-13T11:46:10.506296379Z logger=migrator t=2026-09-13T11:46:10.505965892Z level=info msg="Migration successfully executed" id="add index in alert_definition_version table on alert_definition_uid and version columns" duration=1.483851ms
2026-09-13T11:46:10.514278631Z logger=migrator t=2026-09-13T11:46:10.513262895Z level=info msg="Executing migration" id="alter alert_definition_version table data column to mediumtext in mysql"
2026-09-13T11:46:10.514302722Z logger=migrator t=2026-09-13T11:46:10.513382593Z level=info msg="Migration successfully executed" id="alter alert_definition_version table data column to mediumtext in mysql" duration=123.3µs
2026-09-13T11:46:10.521222891Z logger=migrator t=2026-09-13T11:46:10.521087191Z level=info msg="Executing migration" id="drop alert_definition_version table"
2026-09-13T11:46:10.522349190Z logger=migrator t=2026-09-13T11:46:10.52218282Z level=info msg="Migration successfully executed" id="drop alert_definition_version table" duration=1.095876ms
2026-09-13T11:46:10.530507894Z logger=migrator t=2026-09-13T11:46:10.530243092Z level=info msg="Executing migration" id="create alert_instance table"
2026-09-13T11:46:10.531479420Z logger=migrator t=2026-09-13T11:46:10.531359485Z level=info msg="Migration successfully executed" id="create alert_instance table" duration=1.114638ms
2026-09-13T11:46:10.539407195Z logger=migrator t=2026-09-13T11:46:10.539230222Z level=info msg="Executing migration" id="add index in alert_instance table on def_org_id, def_uid and current_state columns"
2026-09-13T11:46:10.540694011Z logger=migrator t=2026-09-13T11:46:10.540551144Z level=info msg="Migration successfully executed" id="add index in alert_instance table on def_org_id, def_uid and current_state columns" duration=1.320988ms
2026-09-13T11:46:10.547897900Z logger=migrator t=2026-09-13T11:46:10.547756154Z level=info msg="Executing migration" id="add index in alert_instance table on def_org_id, current_state columns"
2026-09-13T11:46:10.549716613Z logger=migrator t=2026-09-13T11:46:10.549558062Z level=info msg="Migration successfully executed" id="add index in alert_instance table on def_org_id, current_state columns" duration=1.804352ms
2026-09-13T11:46:10.558035270Z logger=migrator t=2026-09-13T11:46:10.557813739Z level=info msg="Executing migration" id="add column current_state_end to alert_instance"
2026-09-13T11:46:10.565834552Z logger=migrator t=2026-09-13T11:46:10.56563443Z level=info msg="Migration successfully executed" id="add column current_state_end to alert_instance" duration=7.816521ms
2026-09-13T11:46:10.575748022Z logger=migrator t=2026-09-13T11:46:10.5742525Z level=info msg="Executing migration" id="remove index def_org_id, def_uid, current_state on alert_instance"
2026-09-13T11:46:10.575770022Z logger=migrator t=2026-09-13T11:46:10.575408821Z level=info msg="Migration successfully executed" id="remove index def_org_id, def_uid, current_state on alert_instance" duration=1.158649ms
2026-09-13T11:46:10.582637798Z logger=migrator t=2026-09-13T11:46:10.582503686Z level=info msg="Executing migration" id="remove index def_org_id, current_state on alert_instance"
2026-09-13T11:46:10.583861623Z logger=migrator t=2026-09-13T11:46:10.58374107Z level=info msg="Migration successfully executed" id="remove index def_org_id, current_state on alert_instance" duration=1.238337ms
2026-09-13T11:46:10.591456423Z logger=migrator t=2026-09-13T11:46:10.590883653Z level=info msg="Executing migration" id="rename def_org_id to rule_org_id in alert_instance"
2026-09-13T11:46:10.613706069Z logger=migrator t=2026-09-13T11:46:10.613467011Z level=info msg="Migration successfully executed" id="rename def_org_id to rule_org_id in alert_instance" duration=22.582935ms
2026-09-13T11:46:10.620765387Z logger=migrator t=2026-09-13T11:46:10.620511399Z level=info msg="Executing migration" id="rename def_uid to rule_uid in alert_instance"
2026-09-13T11:46:10.645739134Z logger=migrator t=2026-09-13T11:46:10.645510821Z level=info msg="Migration successfully executed" id="rename def_uid to rule_uid in alert_instance" duration=25.002295ms
2026-09-13T11:46:10.652953514Z logger=migrator t=2026-09-13T11:46:10.652496766Z level=info msg="Executing migration" id="add index rule_org_id, rule_uid, current_state on alert_instance"
2026-09-13T11:46:10.653901682Z logger=migrator t=2026-09-13T11:46:10.653655772Z level=info msg="Migration successfully executed" id="add index rule_org_id, rule_uid, current_state on alert_instance" duration=1.159475ms
2026-09-13T11:46:10.660909573Z logger=migrator t=2026-09-13T11:46:10.66077288Z level=info msg="Executing migration" id="add index rule_org_id, current_state on alert_instance"
2026-09-13T11:46:10.662040120Z logger=migrator t=2026-09-13T11:46:10.661831485Z level=info msg="Migration successfully executed" id="add index rule_org_id, current_state on alert_instance" duration=1.056421ms
2026-09-13T11:46:10.668940980Z logger=migrator t=2026-09-13T11:46:10.668734846Z level=info msg="Executing migration" id="add current_reason column related to current_state"
2026-09-13T11:46:10.673588341Z logger=migrator t=2026-09-13T11:46:10.673411664Z level=info msg="Migration successfully executed" id="add current_reason column related to current_state" duration=4.660417ms
2026-09-13T11:46:10.680663179Z logger=migrator t=2026-09-13T11:46:10.680390063Z level=info msg="Executing migration" id="add result_fingerprint column to alert_instance"
2026-09-13T11:46:10.685455732Z logger=migrator t=2026-09-13T11:46:10.685287539Z level=info msg="Migration successfully executed" id="add result_fingerprint column to alert_instance" duration=4.89207ms
2026-09-13T11:46:10.693541460Z logger=migrator t=2026-09-13T11:46:10.692196778Z level=info msg="Executing migration" id="create alert_rule table"
2026-09-13T11:46:10.693561458Z logger=migrator t=2026-09-13T11:46:10.693150347Z level=info msg="Migration successfully executed" id="create alert_rule table" duration=954.739µs
2026-09-13T11:46:10.700681998Z logger=migrator t=2026-09-13T11:46:10.700523747Z level=info msg="Executing migration" id="add index in alert_rule on org_id and title columns"
2026-09-13T11:46:10.701932722Z logger=migrator t=2026-09-13T11:46:10.701777516Z level=info msg="Migration successfully executed" id="add index in alert_rule on org_id and title columns" duration=1.24796ms
2026-09-13T11:46:10.708918218Z logger=migrator t=2026-09-13T11:46:10.708779015Z level=info msg="Executing migration" id="add index in alert_rule on org_id and uid columns"
2026-09-13T11:46:10.710043181Z logger=migrator t=2026-09-13T11:46:10.709910113Z level=info msg="Migration successfully executed" id="add index in alert_rule on org_id and uid columns" duration=1.128469ms
2026-09-13T11:46:10.716989245Z logger=migrator t=2026-09-13T11:46:10.716769172Z level=info msg="Executing migration" id="add index in alert_rule on org_id, namespace_uid, group_uid columns"
2026-09-13T11:46:10.718013221Z logger=migrator t=2026-09-13T11:46:10.717904331Z level=info msg="Migration successfully executed" id="add index in alert_rule on org_id, namespace_uid, group_uid columns" duration=1.13556ms
2026-09-13T11:46:10.725007608Z logger=migrator t=2026-09-13T11:46:10.724778036Z level=info msg="Executing migration" id="alter alert_rule table data column to mediumtext in mysql"
2026-09-13T11:46:10.725065103Z logger=migrator t=2026-09-13T11:46:10.724891039Z level=info msg="Migration successfully executed" id="alter alert_rule table data column to mediumtext in mysql" duration=115.465µs
2026-09-13T11:46:10.731966688Z logger=migrator t=2026-09-13T11:46:10.731750194Z level=info msg="Executing migration" id="add column for to alert_rule"
2026-09-13T11:46:10.736957522Z logger=migrator t=2026-09-13T11:46:10.736725864Z level=info msg="Migration successfully executed" id="add column for to alert_rule" duration=4.971761ms
2026-09-13T11:46:10.743876580Z logger=migrator t=2026-09-13T11:46:10.743637298Z level=info msg="Executing migration" id="add column annotations to alert_rule"
2026-09-13T11:46:10.748446864Z logger=migrator t=2026-09-13T11:46:10.748249648Z level=info msg="Migration successfully executed" id="add column annotations to alert_rule" duration=4.611122ms
2026-09-13T11:46:10.755295655Z logger=migrator t=2026-09-13T11:46:10.755144865Z level=info msg="Executing migration" id="add column labels to alert_rule"
2026-09-13T11:46:10.760022460Z logger=migrator t=2026-09-13T11:46:10.759843528Z level=info msg="Migration successfully executed" id="add column labels to alert_rule" duration=4.698854ms
2026-09-13T11:46:10.766723251Z logger=migrator t=2026-09-13T11:46:10.766552052Z level=info msg="Executing migration" id="remove unique index from alert_rule on org_id, title columns"
2026-09-13T11:46:10.767890102Z logger=migrator t=2026-09-13T11:46:10.767757794Z level=info msg="Migration successfully executed" id="remove unique index from alert_rule on org_id, title columns" duration=1.206305ms
2026-09-13T11:46:10.775066979Z logger=migrator t=2026-09-13T11:46:10.774932988Z level=info msg="Executing migration" id="add index in alert_rule on org_id, namespase_uid and title columns"
2026-09-13T11:46:10.776491825Z logger=migrator t=2026-09-13T11:46:10.776145223Z level=info msg="Migration successfully executed" id="add index in alert_rule on org_id, namespase_uid and title columns" duration=1.211535ms
2026-09-13T11:46:10.783726847Z logger=migrator t=2026-09-13T11:46:10.783569061Z level=info msg="Executing migration" id="add dashboard_uid column to alert_rule"
2026-09-13T11:46:10.789799923Z logger=migrator t=2026-09-13T11:46:10.789527107Z level=info msg="Migration successfully executed" id="add dashboard_uid column to alert_rule" duration=5.95756ms
2026-09-13T11:46:10.796993597Z logger=migrator t=2026-09-13T11:46:10.796851362Z level=info msg="Executing migration" id="add panel_id column to alert_rule"
2026-09-13T11:46:10.802233886Z logger=migrator t=2026-09-13T11:46:10.8020172Z level=info msg="Migration successfully executed" id="add panel_id column to alert_rule" duration=5.164619ms
2026-09-13T11:46:10.809231361Z logger=migrator t=2026-09-13T11:46:10.809091819Z level=info msg="Executing migration" id="add index in alert_rule on org_id, dashboard_uid and panel_id columns"
2026-09-13T11:46:10.810603398Z logger=migrator t=2026-09-13T11:46:10.810406374Z level=info msg="Migration successfully executed" id="add index in alert_rule on org_id, dashboard_uid and panel_id columns" duration=1.318836ms
2026-09-13T11:46:10.818132563Z logger=migrator t=2026-09-13T11:46:10.81799476Z level=info msg="Executing migration" id="add rule_group_idx column to alert_rule"
2026-09-13T11:46:10.822902680Z logger=migrator t=2026-09-13T11:46:10.822648126Z level=info msg="Migration successfully executed" id="add rule_group_idx column to alert_rule" duration=4.652582ms
2026-09-13T11:46:10.830109940Z logger=migrator t=2026-09-13T11:46:10.829961346Z level=info msg="Executing migration" id="add is_paused column to alert_rule table"
2026-09-13T11:46:10.836818045Z logger=migrator t=2026-09-13T11:46:10.83648962Z level=info msg="Migration successfully executed" id="add is_paused column to alert_rule table" duration=6.526243ms
2026-09-13T11:46:10.844195986Z logger=migrator t=2026-09-13T11:46:10.843902276Z level=info msg="Executing migration" id="fix is_paused column for alert_rule table"
2026-09-13T11:46:10.844305371Z logger=migrator t=2026-09-13T11:46:10.844050835Z level=info msg="Migration successfully executed" id="fix is_paused column for alert_rule table" duration=150.614µs
2026-09-13T11:46:10.852817832Z logger=migrator t=2026-09-13T11:46:10.851424543Z level=info msg="Executing migration" id="create alert_rule_version table"
2026-09-13T11:46:10.852842209Z logger=migrator t=2026-09-13T11:46:10.852569475Z level=info msg="Migration successfully executed" id="create alert_rule_version table" duration=1.144753ms
2026-09-13T11:46:10.860312895Z logger=migrator t=2026-09-13T11:46:10.860148898Z level=info msg="Executing migration" id="add index in alert_rule_version table on rule_org_id, rule_uid and version columns"
2026-09-13T11:46:10.861480067Z logger=migrator t=2026-09-13T11:46:10.861356484Z level=info msg="Migration successfully executed" id="add index in alert_rule_version table on rule_org_id, rule_uid and version columns" duration=1.207849ms
2026-09-13T11:46:10.869147707Z logger=migrator t=2026-09-13T11:46:10.868976894Z level=info msg="Executing migration" id="add index in alert_rule_version table on rule_org_id, rule_namespace_uid and rule_group columns"
2026-09-13T11:46:10.870184931Z logger=migrator t=2026-09-13T11:46:10.87006026Z level=info msg="Migration successfully executed" id="add index in alert_rule_version table on rule_org_id, rule_namespace_uid and rule_group columns" duration=1.094117ms
2026-09-13T11:46:10.877134244Z logger=migrator t=2026-09-13T11:46:10.87695387Z level=info msg="Executing migration" id="alter alert_rule_version table data column to mediumtext in mysql"
2026-09-13T11:46:10.877252826Z logger=migrator t=2026-09-13T11:46:10.877069249Z level=info msg="Migration successfully executed" id="alter alert_rule_version table data column to mediumtext in mysql" duration=117.656µs
2026-09-13T11:46:10.884282527Z logger=migrator t=2026-09-13T11:46:10.883936033Z level=info msg="Executing migration" id="add column for to alert_rule_version"
2026-09-13T11:46:10.888993984Z logger=migrator t=2026-09-13T11:46:10.888836391Z level=info msg="Migration successfully executed" id="add column for to alert_rule_version" duration=4.897857ms
2026-09-13T11:46:10.895738519Z logger=migrator t=2026-09-13T11:46:10.895505898Z level=info msg="Executing migration" id="add column annotations to alert_rule_version"
2026-09-13T11:46:10.901347252Z logger=migrator t=2026-09-13T11:46:10.901183479Z level=info msg="Migration successfully executed" id="add column annotations to alert_rule_version" duration=5.675874ms
2026-09-13T11:46:10.908434289Z logger=migrator t=2026-09-13T11:46:10.908234105Z level=info msg="Executing migration" id="add column labels to alert_rule_version"
2026-09-13T11:46:10.913707041Z logger=migrator t=2026-09-13T11:46:10.913541736Z level=info msg="Migration successfully executed" id="add column labels to alert_rule_version" duration=5.486821ms
2026-09-13T11:46:10.920521583Z logger=migrator t=2026-09-13T11:46:10.920327193Z level=info msg="Executing migration" id="add rule_group_idx column to alert_rule_version"
2026-09-13T11:46:10.925004929Z logger=migrator t=2026-09-13T11:46:10.924842829Z level=info msg="Migration successfully executed" id="add rule_group_idx column to alert_rule_version" duration=4.513873ms
2026-09-13T11:46:10.931639217Z logger=migrator t=2026-09-13T11:46:10.931454957Z level=info msg="Executing migration" id="add is_paused column to alert_rule_versions table"
2026-09-13T11:46:10.936430683Z logger=migrator t=2026-09-13T11:46:10.936182026Z level=info msg="Migration successfully executed" id="add is_paused column to alert_rule_versions table" duration=4.714601ms
2026-09-13T11:46:10.943184820Z logger=migrator t=2026-09-13T11:46:10.942950273Z level=info msg="Executing migration" id="fix is_paused column for alert_rule_version table"
2026-09-13T11:46:10.943261350Z logger=migrator t=2026-09-13T11:46:10.943062909Z level=info msg="Migration successfully executed" id="fix is_paused column for alert_rule_version table" duration=116.138µs
2026-09-13T11:46:10.950087009Z logger=migrator t=2026-09-13T11:46:10.949890498Z level=info msg="Executing migration" id=create_alert_configuration_table
2026-09-13T11:46:10.951013048Z logger=migrator t=2026-09-13T11:46:10.950891275Z level=info msg="Migration successfully executed" id=create_alert_configuration_table duration=1.000006ms
2026-09-13T11:46:10.957957924Z logger=migrator t=2026-09-13T11:46:10.957803793Z level=info msg="Executing migration" id="Add column default in alert_configuration"
2026-09-13T11:46:10.963277159Z logger=migrator t=2026-09-13T11:46:10.963109265Z level=info msg="Migration successfully executed" id="Add column default in alert_configuration" duration=5.302014ms
2026-09-13T11:46:10.970217450Z logger=migrator t=2026-09-13T11:46:10.970053259Z level=info msg="Executing migration" id="alert alert_configuration alertmanager_configuration column from TEXT to MEDIUMTEXT if mysql"
2026-09-13T11:46:10.970318211Z logger=migrator t=2026-09-13T11:46:10.970169123Z level=info msg="Migration successfully executed" id="alert alert_configuration alertmanager_configuration column from TEXT to MEDIUMTEXT if mysql" duration=118.464µs
2026-09-13T11:46:10.977015828Z logger=migrator t=2026-09-13T11:46:10.97685762Z level=info msg="Executing migration" id="add column org_id in alert_configuration"
2026-09-13T11:46:10.981797060Z logger=migrator t=2026-09-13T11:46:10.981635914Z level=info msg="Migration successfully executed" id="add column org_id in alert_configuration" duration=4.776994ms
2026-09-13T11:46:10.988887805Z logger=migrator t=2026-09-13T11:46:10.988708004Z level=info msg="Executing migration" id="add index in alert_configuration table on org_id column"
2026-09-13T11:46:10.990507562Z logger=migrator t=2026-09-13T11:46:10.990132759Z level=info msg="Migration successfully executed" id="add index in alert_configuration table on org_id column" duration=1.42467ms
2026-09-13T11:46:10.998252070Z logger=migrator t=2026-09-13T11:46:10.998065494Z level=info msg="Executing migration" id="add configuration_hash column to alert_configuration"
2026-09-13T11:46:11.006778962Z logger=migrator t=2026-09-13T11:46:11.006590246Z level=info msg="Migration successfully executed" id="add configuration_hash column to alert_configuration" duration=8.520921ms
2026-09-13T11:46:11.014372109Z logger=migrator t=2026-09-13T11:46:11.014167847Z level=info msg="Executing migration" id=create_ngalert_configuration_table
2026-09-13T11:46:11.015736649Z logger=migrator t=2026-09-13T11:46:11.015573466Z level=info msg="Migration successfully executed" id=create_ngalert_configuration_table duration=1.406175ms
2026-09-13T11:46:11.024574746Z logger=migrator t=2026-09-13T11:46:11.024185036Z level=info msg="Executing migration" id="add index in ngalert_configuration on org_id column"
2026-09-13T11:46:11.025930003Z logger=migrator t=2026-09-13T11:46:11.025794635Z level=info msg="Migration successfully executed" id="add index in ngalert_configuration on org_id column" duration=1.611654ms
2026-09-13T11:46:11.033430536Z logger=migrator t=2026-09-13T11:46:11.033301228Z level=info msg="Executing migration" id="add column send_alerts_to in ngalert_configuration"
2026-09-13T11:46:11.041280825Z logger=migrator t=2026-09-13T11:46:11.041118907Z level=info msg="Migration successfully executed" id="add column send_alerts_to in ngalert_configuration" duration=7.814417ms
2026-09-13T11:46:11.052758533Z logger=migrator t=2026-09-13T11:46:11.051215855Z level=info msg="Executing migration" id="create provenance_type table"
2026-09-13T11:46:11.052778239Z logger=migrator t=2026-09-13T11:46:11.05234987Z level=info msg="Migration successfully executed" id="create provenance_type table" duration=1.130186ms
2026-09-13T11:46:11.060044668Z logger=migrator t=2026-09-13T11:46:11.059911877Z level=info msg="Executing migration" id="add index to uniquify (record_key, record_type, org_id) columns"
2026-09-13T11:46:11.061505257Z logger=migrator t=2026-09-13T11:46:11.061337075Z level=info msg="Migration successfully executed" id="add index to uniquify (record_key, record_type, org_id) columns" duration=1.425045ms
2026-09-13T11:46:11.069937151Z logger=migrator t=2026-09-13T11:46:11.068822568Z level=info msg="Executing migration" id="create alert_image table"
2026-09-13T11:46:11.069960361Z logger=migrator t=2026-09-13T11:46:11.069734027Z level=info msg="Migration successfully executed" id="create alert_image table" duration=919.32µs
2026-09-13T11:46:11.077182789Z logger=migrator t=2026-09-13T11:46:11.076838564Z level=info msg="Executing migration" id="add unique index on token to alert_image table"
2026-09-13T11:46:11.078151638Z logger=migrator t=2026-09-13T11:46:11.078015333Z level=info msg="Migration successfully executed" id="add unique index on token to alert_image table" duration=1.177681ms
2026-09-13T11:46:11.085148217Z logger=migrator t=2026-09-13T11:46:11.084937584Z level=info msg="Executing migration" id="support longer URLs in alert_image table"
2026-09-13T11:46:11.085171486Z logger=migrator t=2026-09-13T11:46:11.085074102Z level=info msg="Migration successfully executed" id="support longer URLs in alert_image table" duration=138.222µs
2026-09-13T11:46:11.092842700Z logger=migrator t=2026-09-13T11:46:11.092652078Z level=info msg="Executing migration" id=create_alert_configuration_history_table
2026-09-13T11:46:11.093854279Z logger=migrator t=2026-09-13T11:46:11.093706701Z level=info msg="Migration successfully executed" id=create_alert_configuration_history_table duration=1.053966ms
2026-09-13T11:46:11.102859276Z logger=migrator t=2026-09-13T11:46:11.102458797Z level=info msg="Executing migration" id="drop non-unique orgID index on alert_configuration"
2026-09-13T11:46:11.103771716Z logger=migrator t=2026-09-13T11:46:11.103641955Z level=info msg="Migration successfully executed" id="drop non-unique orgID index on alert_configuration" duration=1.287601ms
2026-09-13T11:46:11.111467614Z logger=migrator t=2026-09-13T11:46:11.110506313Z level=info msg="Executing migration" id="drop unique orgID index on alert_configuration if exists"
2026-09-13T11:46:11.111548021Z logger=migrator t=2026-09-13T11:46:11.111011204Z level=warn msg="Skipping migration: Already executed, but not recorded in migration log" id="drop unique orgID index on alert_configuration if exists"
2026-09-13T11:46:11.117954905Z logger=migrator t=2026-09-13T11:46:11.117822006Z level=info msg="Executing migration" id="extract alertmanager configuration history to separate table"
2026-09-13T11:46:11.118511967Z logger=migrator t=2026-09-13T11:46:11.118386381Z level=info msg="Migration successfully executed" id="extract alertmanager configuration history to separate table" duration=568.089µs
2026-09-13T11:46:11.125966007Z logger=migrator t=2026-09-13T11:46:11.125747658Z level=info msg="Executing migration" id="add unique index on orgID to alert_configuration"
2026-09-13T11:46:11.127160195Z logger=migrator t=2026-09-13T11:46:11.127020264Z level=info msg="Migration successfully executed" id="add unique index on orgID to alert_configuration" duration=1.272509ms
2026-09-13T11:46:11.134336371Z logger=migrator t=2026-09-13T11:46:11.134175649Z level=info msg="Executing migration" id="add last_applied column to alert_configuration_history"
2026-09-13T11:46:11.140216241Z logger=migrator t=2026-09-13T11:46:11.139826188Z level=info msg="Migration successfully executed" id="add last_applied column to alert_configuration_history" duration=5.648925ms
2026-09-13T11:46:11.146955914Z logger=migrator t=2026-09-13T11:46:11.146815648Z level=info msg="Executing migration" id="create library_element table v1"
2026-09-13T11:46:11.148034950Z logger=migrator t=2026-09-13T11:46:11.147861958Z level=info msg="Migration successfully executed" id="create library_element table v1" duration=1.046969ms
2026-09-13T11:46:11.155297434Z logger=migrator t=2026-09-13T11:46:11.155027815Z level=info msg="Executing migration" id="add index library_element org_id-folder_id-name-kind"
2026-09-13T11:46:11.156637827Z logger=migrator t=2026-09-13T11:46:11.156524588Z level=info msg="Migration successfully executed" id="add index library_element org_id-folder_id-name-kind" duration=1.497934ms
2026-09-13T11:46:11.163774481Z logger=migrator t=2026-09-13T11:46:11.163538013Z level=info msg="Executing migration" id="create library_element_connection table v1"
2026-09-13T11:46:11.165085464Z logger=migrator t=2026-09-13T11:46:11.16484186Z level=info msg="Migration successfully executed" id="create library_element_connection table v1" duration=1.315585ms
2026-09-13T11:46:11.172383190Z logger=migrator t=2026-09-13T11:46:11.171988771Z level=info msg="Executing migration" id="add index library_element_connection element_id-kind-connection_id"
2026-09-13T11:46:11.173535807Z logger=migrator t=2026-09-13T11:46:11.173406913Z level=info msg="Migration successfully executed" id="add index library_element_connection element_id-kind-connection_id" duration=1.417666ms
2026-09-13T11:46:11.184750108Z logger=migrator t=2026-09-13T11:46:11.18448024Z level=info msg="Executing migration" id="add unique index library_element org_id_uid"
2026-09-13T11:46:11.185705851Z logger=migrator t=2026-09-13T11:46:11.18557749Z level=info msg="Migration successfully executed" id="add unique index library_element org_id_uid" duration=1.098145ms
2026-09-13T11:46:11.193857543Z logger=migrator t=2026-09-13T11:46:11.193614474Z level=info msg="Executing migration" id="increase max description length to 2048"
2026-09-13T11:46:11.193927815Z logger=migrator t=2026-09-13T11:46:11.193663717Z level=info msg="Migration successfully executed" id="increase max description length to 2048" duration=51.968µs
2026-09-13T11:46:11.202057157Z logger=migrator t=2026-09-13T11:46:11.201857188Z level=info msg="Executing migration" id="alter library_element model to mediumtext"
2026-09-13T11:46:11.202081457Z logger=migrator t=2026-09-13T11:46:11.201983006Z level=info msg="Migration successfully executed" id="alter library_element model to mediumtext" duration=165.993µs
2026-09-13T11:46:11.210870261Z logger=migrator t=2026-09-13T11:46:11.209238342Z level=info msg="Executing migration" id="add library_element folder uid"
2026-09-13T11:46:11.215723709Z logger=migrator t=2026-09-13T11:46:11.215534545Z level=info msg="Migration successfully executed" id="add library_element folder uid" duration=6.29403ms
2026-09-13T11:46:11.222857633Z logger=migrator t=2026-09-13T11:46:11.222699288Z level=info msg="Executing migration" id="populate library_element folder_uid"
2026-09-13T11:46:11.223448592Z logger=migrator t=2026-09-13T11:46:11.223327043Z level=info msg="Migration successfully executed" id="populate library_element folder_uid" duration=643.695µs
2026-09-13T11:46:11.231805716Z logger=migrator t=2026-09-13T11:46:11.231190977Z level=info msg="Executing migration" id="add index library_element org_id-folder_uid-name-kind"
2026-09-13T11:46:11.232908614Z logger=migrator t=2026-09-13T11:46:11.232779334Z level=info msg="Migration successfully executed" id="add index library_element org_id-folder_uid-name-kind" duration=1.587435ms
2026-09-13T11:46:11.241445737Z logger=migrator t=2026-09-13T11:46:11.239991697Z level=info msg="Executing migration" id="clone move dashboard alerts to unified alerting"
2026-09-13T11:46:11.241466163Z logger=migrator t=2026-09-13T11:46:11.240874087Z level=info msg="Migration successfully executed" id="clone move dashboard alerts to unified alerting" duration=883.458µs
2026-09-13T11:46:11.248007694Z logger=migrator t=2026-09-13T11:46:11.247792441Z level=info msg="Executing migration" id="create data_keys table"
2026-09-13T11:46:11.249349090Z logger=migrator t=2026-09-13T11:46:11.249176702Z level=info msg="Migration successfully executed" id="create data_keys table" duration=1.381609ms
2026-09-13T11:46:11.257442100Z logger=migrator t=2026-09-13T11:46:11.257162219Z level=info msg="Executing migration" id="create secrets table"
2026-09-13T11:46:11.258332344Z logger=migrator t=2026-09-13T11:46:11.258221438Z level=info msg="Migration successfully executed" id="create secrets table" duration=1.059448ms
2026-09-13T11:46:11.265842195Z logger=migrator t=2026-09-13T11:46:11.265636283Z level=info msg="Executing migration" id="rename data_keys name column to id"
2026-09-13T11:46:11.291315650Z logger=migrator t=2026-09-13T11:46:11.291175743Z level=info msg="Migration successfully executed" id="rename data_keys name column to id" duration=25.533754ms
2026-09-13T11:46:11.298412932Z logger=migrator t=2026-09-13T11:46:11.298173654Z level=info msg="Executing migration" id="add name column into data_keys"
2026-09-13T11:46:11.303916712Z logger=migrator t=2026-09-13T11:46:11.303615893Z level=info msg="Migration successfully executed" id="add name column into data_keys" duration=5.440452ms
2026-09-13T11:46:11.310573021Z logger=migrator t=2026-09-13T11:46:11.310434907Z level=info msg="Executing migration" id="copy data_keys id column values into name"
2026-09-13T11:46:11.310819796Z logger=migrator t=2026-09-13T11:46:11.310655824Z level=info msg="Migration successfully executed" id="copy data_keys id column values into name" duration=221.82µs
2026-09-13T11:46:11.317811961Z logger=migrator t=2026-09-13T11:46:11.317661856Z level=info msg="Executing migration" id="rename data_keys name column to label"
2026-09-13T11:46:11.347240814Z logger=migrator t=2026-09-13T11:46:11.347088327Z level=info msg="Migration successfully executed" id="rename data_keys name column to label" duration=29.425695ms
2026-09-13T11:46:11.354420166Z logger=migrator t=2026-09-13T11:46:11.354159759Z level=info msg="Executing migration" id="rename data_keys id column back to name"
2026-09-13T11:46:11.381449799Z logger=migrator t=2026-09-13T11:46:11.381298449Z level=info msg="Migration successfully executed" id="rename data_keys id column back to name" duration=27.141536ms
2026-09-13T11:46:11.389145226Z logger=migrator t=2026-09-13T11:46:11.38898765Z level=info msg="Executing migration" id="create kv_store table v1"
2026-09-13T11:46:11.390167995Z logger=migrator t=2026-09-13T11:46:11.390024374Z level=info msg="Migration successfully executed" id="create kv_store table v1" duration=1.03742ms
2026-09-13T11:46:11.398312792Z logger=migrator t=2026-09-13T11:46:11.396931967Z level=info msg="Executing migration" id="add index kv_store.org_id-namespace-key"
2026-09-13T11:46:11.398334302Z logger=migrator t=2026-09-13T11:46:11.397943035Z level=info msg="Migration successfully executed" id="add index kv_store.org_id-namespace-key" duration=1.011271ms
2026-09-13T11:46:11.404736586Z logger=migrator t=2026-09-13T11:46:11.404602901Z level=info msg="Executing migration" id="update dashboard_uid and panel_id from existing annotations"
2026-09-13T11:46:11.405109353Z logger=migrator t=2026-09-13T11:46:11.405012566Z level=info msg="Migration successfully executed" id="update dashboard_uid and panel_id from existing annotations" duration=411.765µs
2026-09-13T11:46:11.411985731Z logger=migrator t=2026-09-13T11:46:11.411824696Z level=info msg="Executing migration" id="create permission table"
2026-09-13T11:46:11.413133436Z logger=migrator t=2026-09-13T11:46:11.413024148Z level=info msg="Migration successfully executed" id="create permission table" duration=1.196656ms
2026-09-13T11:46:11.420162599Z logger=migrator t=2026-09-13T11:46:11.419920222Z level=info msg="Executing migration" id="add unique index permission.role_id"
2026-09-13T11:46:11.421336537Z logger=migrator t=2026-09-13T11:46:11.4212175Z level=info msg="Migration successfully executed" id="add unique index permission.role_id" duration=1.298274ms
2026-09-13T11:46:11.429549925Z logger=migrator t=2026-09-13T11:46:11.428015047Z level=info msg="Executing migration" id="add unique index role_id_action_scope"
2026-09-13T11:46:11.429568602Z logger=migrator t=2026-09-13T11:46:11.429182585Z level=info msg="Migration successfully executed" id="add unique index role_id_action_scope" duration=1.169265ms
2026-09-13T11:46:11.437478849Z logger=migrator t=2026-09-13T11:46:11.436184482Z level=info msg="Executing migration" id="create role table"
2026-09-13T11:46:11.437496014Z logger=migrator t=2026-09-13T11:46:11.437115439Z level=info msg="Migration successfully executed" id="create role table" duration=932.107µs
2026-09-13T11:46:11.444389876Z logger=migrator t=2026-09-13T11:46:11.444233564Z level=info msg="Executing migration" id="add column display_name"
2026-09-13T11:46:11.450834929Z logger=migrator t=2026-09-13T11:46:11.450627373Z level=info msg="Migration successfully executed" id="add column display_name" duration=6.391487ms
2026-09-13T11:46:11.458753432Z logger=migrator t=2026-09-13T11:46:11.457937206Z level=info msg="Executing migration" id="add column group_name"
2026-09-13T11:46:11.463853447Z logger=migrator t=2026-09-13T11:46:11.463623405Z level=info msg="Migration successfully executed" id="add column group_name" duration=5.684549ms
2026-09-13T11:46:11.470709269Z logger=migrator t=2026-09-13T11:46:11.470419077Z level=info msg="Executing migration" id="add index role.org_id"
2026-09-13T11:46:11.471906950Z logger=migrator t=2026-09-13T11:46:11.471752908Z level=info msg="Migration successfully executed" id="add index role.org_id" duration=1.333907ms
2026-09-13T11:46:11.478989626Z logger=migrator t=2026-09-13T11:46:11.478791131Z level=info msg="Executing migration" id="add unique index role_org_id_name"
2026-09-13T11:46:11.480215701Z logger=migrator t=2026-09-13T11:46:11.479990118Z level=info msg="Migration successfully executed" id="add unique index role_org_id_name" duration=1.199978ms
2026-09-13T11:46:11.487305456Z logger=migrator t=2026-09-13T11:46:11.48700742Z level=info msg="Executing migration" id="add index role_org_id_uid"
2026-09-13T11:46:11.488442412Z logger=migrator t=2026-09-13T11:46:11.488322431Z level=info msg="Migration successfully executed" id="add index role_org_id_uid" duration=1.31467ms
2026-09-13T11:46:11.495311583Z logger=migrator t=2026-09-13T11:46:11.495160882Z level=info msg="Executing migration" id="create team role table"
2026-09-13T11:46:11.496485284Z logger=migrator t=2026-09-13T11:46:11.496349493Z level=info msg="Migration successfully executed" id="create team role table" duration=1.18923ms
2026-09-13T11:46:11.504225094Z logger=migrator t=2026-09-13T11:46:11.503761612Z level=info msg="Executing migration" id="add index team_role.org_id"
2026-09-13T11:46:11.505323847Z logger=migrator t=2026-09-13T11:46:11.505195121Z level=info msg="Migration successfully executed" id="add index team_role.org_id" duration=1.435624ms
2026-09-13T11:46:11.512590320Z logger=migrator t=2026-09-13T11:46:11.512339598Z level=info msg="Executing migration" id="add unique index team_role_org_id_team_id_role_id"
2026-09-13T11:46:11.513948436Z logger=migrator t=2026-09-13T11:46:11.513767358Z level=info msg="Migration successfully executed" id="add unique index team_role_org_id_team_id_role_id" duration=1.427237ms
2026-09-13T11:46:11.521234402Z logger=migrator t=2026-09-13T11:46:11.520850942Z level=info msg="Executing migration" id="add index team_role.team_id"
2026-09-13T11:46:11.522571050Z logger=migrator t=2026-09-13T11:46:11.522400732Z level=info msg="Migration successfully executed" id="add index team_role.team_id" duration=1.552205ms
2026-09-13T11:46:11.530067173Z logger=migrator t=2026-09-13T11:46:11.529839343Z level=info msg="Executing migration" id="create user role table"
2026-09-13T11:46:11.531228796Z logger=migrator t=2026-09-13T11:46:11.531071792Z level=info msg="Migration successfully executed" id="create user role table" duration=1.231582ms
2026-09-13T11:46:11.538497372Z logger=migrator t=2026-09-13T11:46:11.538338688Z level=info msg="Executing migration" id="add index user_role.org_id"
2026-09-13T11:46:11.539805431Z logger=migrator t=2026-09-13T11:46:11.539614752Z level=info msg="Migration successfully executed" id="add index user_role.org_id" duration=1.273817ms
2026-09-13T11:46:11.546784824Z logger=migrator t=2026-09-13T11:46:11.54664073Z level=info msg="Executing migration" id="add unique index user_role_org_id_user_id_role_id"
2026-09-13T11:46:11.548402356Z logger=migrator t=2026-09-13T11:46:11.548232711Z level=info msg="Migration successfully executed" id="add unique index user_role_org_id_user_id_role_id" duration=1.592618ms
2026-09-13T11:46:11.555293095Z logger=migrator t=2026-09-13T11:46:11.555099592Z level=info msg="Executing migration" id="add index user_role.user_id"
2026-09-13T11:46:11.556604141Z logger=migrator t=2026-09-13T11:46:11.556463414Z level=info msg="Migration successfully executed" id="add index user_role.user_id" duration=1.364581ms
2026-09-13T11:46:11.563606036Z logger=migrator t=2026-09-13T11:46:11.563473248Z level=info msg="Executing migration" id="create builtin role table"
2026-09-13T11:46:11.564774557Z logger=migrator t=2026-09-13T11:46:11.564643096Z level=info msg="Migration successfully executed" id="create builtin role table" duration=1.168385ms
2026-09-13T11:46:11.571689598Z logger=migrator t=2026-09-13T11:46:11.571532398Z level=info msg="Executing migration" id="add index builtin_role.role_id"
2026-09-13T11:46:11.573151280Z logger=migrator t=2026-09-13T11:46:11.57299437Z level=info msg="Migration successfully executed" id="add index builtin_role.role_id" duration=1.462454ms
2026-09-13T11:46:11.580387530Z logger=migrator t=2026-09-13T11:46:11.580238024Z level=info msg="Executing migration" id="add index builtin_role.name"
2026-09-13T11:46:11.581684459Z logger=migrator t=2026-09-13T11:46:11.581521365Z level=info msg="Migration successfully executed" id="add index builtin_role.name" duration=1.283573ms
2026-09-13T11:46:11.588774291Z logger=migrator t=2026-09-13T11:46:11.588636235Z level=info msg="Executing migration" id="Add column org_id to builtin_role table"
2026-09-13T11:46:11.594698375Z logger=migrator t=2026-09-13T11:46:11.594491314Z level=info msg="Migration successfully executed" id="Add column org_id to builtin_role table" duration=5.85346ms
2026-09-13T11:46:11.601650131Z logger=migrator t=2026-09-13T11:46:11.601366532Z level=info msg="Executing migration" id="add index builtin_role.org_id"
2026-09-13T11:46:11.602907220Z logger=migrator t=2026-09-13T11:46:11.602739981Z level=info msg="Migration successfully executed" id="add index builtin_role.org_id" duration=1.374129ms
2026-09-13T11:46:11.610217013Z logger=migrator t=2026-09-13T11:46:11.610019589Z level=info msg="Executing migration" id="add unique index builtin_role_org_id_role_id_role"
2026-09-13T11:46:11.611540289Z logger=migrator t=2026-09-13T11:46:11.611385937Z level=info msg="Migration successfully executed" id="add unique index builtin_role_org_id_role_id_role" duration=1.36743ms
2026-09-13T11:46:11.618454019Z logger=migrator t=2026-09-13T11:46:11.618207651Z level=info msg="Executing migration" id="Remove unique index role_org_id_uid"
2026-09-13T11:46:11.619442698Z logger=migrator t=2026-09-13T11:46:11.619326098Z level=info msg="Migration successfully executed" id="Remove unique index role_org_id_uid" duration=1.119787ms
2026-09-13T11:46:11.626308220Z logger=migrator t=2026-09-13T11:46:11.626144649Z level=info msg="Executing migration" id="add unique index role.uid"
2026-09-13T11:46:11.627578099Z logger=migrator t=2026-09-13T11:46:11.627396244Z level=info msg="Migration successfully executed" id="add unique index role.uid" duration=1.252401ms
2026-09-13T11:46:11.634809244Z logger=migrator t=2026-09-13T11:46:11.634132358Z level=info msg="Executing migration" id="create seed assignment table"
2026-09-13T11:46:11.635170747Z logger=migrator t=2026-09-13T11:46:11.635060825Z level=info msg="Migration successfully executed" id="create seed assignment table" duration=928.794µs
2026-09-13T11:46:11.641944034Z logger=migrator t=2026-09-13T11:46:11.64181472Z level=info msg="Executing migration" id="add unique index builtin_role_role_name"
2026-09-13T11:46:11.643239873Z logger=migrator t=2026-09-13T11:46:11.643068112Z level=info msg="Migration successfully executed" id="add unique index builtin_role_role_name" duration=1.254928ms
2026-09-13T11:46:11.650237687Z logger=migrator t=2026-09-13T11:46:11.650059904Z level=info msg="Executing migration" id="add column hidden to role table"
2026-09-13T11:46:11.656630744Z logger=migrator t=2026-09-13T11:46:11.65635985Z level=info msg="Migration successfully executed" id="add column hidden to role table" duration=6.297235ms
2026-09-13T11:46:11.663700089Z logger=migrator t=2026-09-13T11:46:11.663437927Z level=info msg="Executing migration" id="permission kind migration"
2026-09-13T11:46:11.671270149Z logger=migrator t=2026-09-13T11:46:11.670986189Z level=info msg="Migration successfully executed" id="permission kind migration" duration=7.544598ms
2026-09-13T11:46:11.678295732Z logger=migrator t=2026-09-13T11:46:11.678062521Z level=info msg="Executing migration" id="permission attribute migration"
2026-09-13T11:46:11.684775796Z logger=migrator t=2026-09-13T11:46:11.684557571Z level=info msg="Migration successfully executed" id="permission attribute migration" duration=6.478014ms
2026-09-13T11:46:11.691709571Z logger=migrator t=2026-09-13T11:46:11.691550624Z level=info msg="Executing migration" id="permission identifier migration"
2026-09-13T11:46:11.697871218Z logger=migrator t=2026-09-13T11:46:11.697662274Z level=info msg="Migration successfully executed" id="permission identifier migration" duration=6.115685ms
2026-09-13T11:46:11.705314031Z logger=migrator t=2026-09-13T11:46:11.704983687Z level=info msg="Executing migration" id="add permission identifier index"
2026-09-13T11:46:11.706349681Z logger=migrator t=2026-09-13T11:46:11.706196331Z level=info msg="Migration successfully executed" id="add permission identifier index" duration=1.214179ms
2026-09-13T11:46:11.713166486Z logger=migrator t=2026-09-13T11:46:11.713020618Z level=info msg="Executing migration" id="add permission action scope role_id index"
2026-09-13T11:46:11.714289630Z logger=migrator t=2026-09-13T11:46:11.71412906Z level=info msg="Migration successfully executed" id="add permission action scope role_id index" duration=1.107375ms
2026-09-13T11:46:11.721079473Z logger=migrator t=2026-09-13T11:46:11.720940455Z level=info msg="Executing migration" id="remove permission role_id action scope index"
2026-09-13T11:46:11.722195471Z logger=migrator t=2026-09-13T11:46:11.722057392Z level=info msg="Migration successfully executed" id="remove permission role_id action scope index" duration=1.118891ms
2026-09-13T11:46:11.728978763Z logger=migrator t=2026-09-13T11:46:11.728762058Z level=info msg="Executing migration" id="add group mapping UID column to user_role table"
2026-09-13T11:46:11.734904686Z logger=migrator t=2026-09-13T11:46:11.734726899Z level=info msg="Migration successfully executed" id="add group mapping UID column to user_role table" duration=5.962777ms
2026-09-13T11:46:11.741896392Z logger=migrator t=2026-09-13T11:46:11.741650079Z level=info msg="Executing migration" id="add user_role org ID, user ID, role ID, group mapping UID index"
2026-09-13T11:46:11.743154719Z logger=migrator t=2026-09-13T11:46:11.74298546Z level=info msg="Migration successfully executed" id="add user_role org ID, user ID, role ID, group mapping UID index" duration=1.335998ms
2026-09-13T11:46:11.750168201Z logger=migrator t=2026-09-13T11:46:11.750020224Z level=info msg="Executing migration" id="remove user_role org ID, user ID, role ID index"
2026-09-13T11:46:11.751327363Z logger=migrator t=2026-09-13T11:46:11.751186437Z level=info msg="Migration successfully executed" id="remove user_role org ID, user ID, role ID index" duration=1.168148ms
2026-09-13T11:46:11.758417918Z logger=migrator t=2026-09-13T11:46:11.7582045Z level=info msg="Executing migration" id="add permission role_id action index"
2026-09-13T11:46:11.759488472Z logger=migrator t=2026-09-13T11:46:11.759368267Z level=info msg="Migration successfully executed" id="add permission role_id action index" duration=1.164646ms
2026-09-13T11:46:11.766332883Z logger=migrator t=2026-09-13T11:46:11.766201752Z level=info msg="Executing migration" id="Remove permission role_id index"
2026-09-13T11:46:11.767661642Z logger=migrator t=2026-09-13T11:46:11.767502731Z level=info msg="Migration successfully executed" id="Remove permission role_id index" duration=1.302158ms
2026-09-13T11:46:11.775817786Z logger=migrator t=2026-09-13T11:46:11.775219386Z level=info msg="Executing migration" id="create query_history table v1"
2026-09-13T11:46:11.776608189Z logger=migrator t=2026-09-13T11:46:11.776478713Z level=info msg="Migration successfully executed" id="create query_history table v1" duration=1.259942ms
2026-09-13T11:46:11.783704998Z logger=migrator t=2026-09-13T11:46:11.783529519Z level=info msg="Executing migration" id="add index query_history.org_id-created_by-datasource_uid"
2026-09-13T11:46:11.785161680Z logger=migrator t=2026-09-13T11:46:11.785032942Z level=info msg="Migration successfully executed" id="add index query_history.org_id-created_by-datasource_uid" duration=1.504428ms
2026-09-13T11:46:11.793175445Z logger=migrator t=2026-09-13T11:46:11.792515154Z level=info msg="Executing migration" id="alter table query_history alter column created_by type to bigint"
2026-09-13T11:46:11.793196797Z logger=migrator t=2026-09-13T11:46:11.792623381Z level=info msg="Migration successfully executed" id="alter table query_history alter column created_by type to bigint" duration=111.011µs
2026-09-13T11:46:11.799727773Z logger=migrator t=2026-09-13T11:46:11.7995672Z level=info msg="Executing migration" id="create query_history_details table v1"
2026-09-13T11:46:11.801058105Z logger=migrator t=2026-09-13T11:46:11.800868835Z level=info msg="Migration successfully executed" id="create query_history_details table v1" duration=1.299878ms
2026-09-13T11:46:11.808026621Z logger=migrator t=2026-09-13T11:46:11.807802282Z level=info msg="Executing migration" id="rbac disabled migrator"
2026-09-13T11:46:11.808049977Z logger=migrator t=2026-09-13T11:46:11.807859181Z level=info msg="Migration successfully executed" id="rbac disabled migrator" duration=58.649µs
2026-09-13T11:46:11.815369648Z logger=migrator t=2026-09-13T11:46:11.81520156Z level=info msg="Executing migration" id="teams permissions migration"
2026-09-13T11:46:11.815965487Z logger=migrator t=2026-09-13T11:46:11.815789884Z level=info msg="Migration successfully executed" id="teams permissions migration" duration=586.268µs
2026-09-13T11:46:11.823429042Z logger=migrator t=2026-09-13T11:46:11.823088496Z level=info msg="Executing migration" id="dashboard permissions"
2026-09-13T11:46:11.824161073Z logger=migrator t=2026-09-13T11:46:11.82397243Z level=info msg="Migration successfully executed" id="dashboard permissions" duration=975.718µs
2026-09-13T11:46:11.831513334Z logger=migrator t=2026-09-13T11:46:11.831144027Z level=info msg="Executing migration" id="dashboard permissions uid scopes"
2026-09-13T11:46:11.832354474Z logger=migrator t=2026-09-13T11:46:11.832037076Z level=info msg="Migration successfully executed" id="dashboard permissions uid scopes" duration=894.322µs
2026-09-13T11:46:11.839730233Z logger=migrator t=2026-09-13T11:46:11.839512213Z level=info msg="Executing migration" id="drop managed folder create actions"
2026-09-13T11:46:11.840041969Z logger=migrator t=2026-09-13T11:46:11.839927428Z level=info msg="Migration successfully executed" id="drop managed folder create actions" duration=416.008µs
2026-09-13T11:46:11.847294623Z logger=migrator t=2026-09-13T11:46:11.84709292Z level=info msg="Executing migration" id="alerting notification permissions"
2026-09-13T11:46:11.847865401Z logger=migrator t=2026-09-13T11:46:11.84775839Z level=info msg="Migration successfully executed" id="alerting notification permissions" duration=664.733µs
2026-09-13T11:46:11.854868251Z logger=migrator t=2026-09-13T11:46:11.854651841Z level=info msg="Executing migration" id="create query_history_star table v1"
2026-09-13T11:46:11.856265017Z logger=migrator t=2026-09-13T11:46:11.855791613Z level=info msg="Migration successfully executed" id="create query_history_star table v1" duration=1.139647ms
2026-09-13T11:46:11.862940103Z logger=migrator t=2026-09-13T11:46:11.862784517Z level=info msg="Executing migration" id="add index query_history.user_id-query_uid"
2026-09-13T11:46:11.864014176Z logger=migrator t=2026-09-13T11:46:11.863894743Z level=info msg="Migration successfully executed" id="add index query_history.user_id-query_uid" duration=1.111486ms
2026-09-13T11:46:11.872807146Z logger=migrator t=2026-09-13T11:46:11.870967027Z level=info msg="Executing migration" id="add column org_id in query_history_star"
2026-09-13T11:46:11.877403007Z logger=migrator t=2026-09-13T11:46:11.87723829Z level=info msg="Migration successfully executed" id="add column org_id in query_history_star" duration=6.269162ms
2026-09-13T11:46:11.884269640Z logger=migrator t=2026-09-13T11:46:11.884022555Z level=info msg="Executing migration" id="alter table query_history_star_mig column user_id type to bigint"
2026-09-13T11:46:11.884373577Z logger=migrator t=2026-09-13T11:46:11.884279523Z level=info msg="Migration successfully executed" id="alter table query_history_star_mig column user_id type to bigint" duration=254.069µs
2026-09-13T11:46:11.891334171Z logger=migrator t=2026-09-13T11:46:11.891170768Z level=info msg="Executing migration" id="create correlation table v1"
2026-09-13T11:46:11.892493476Z logger=migrator t=2026-09-13T11:46:11.89237612Z level=info msg="Migration successfully executed" id="create correlation table v1" duration=1.201297ms
2026-09-13T11:46:11.899542244Z logger=migrator t=2026-09-13T11:46:11.899379796Z level=info msg="Executing migration" id="add index correlations.uid"
2026-09-13T11:46:11.901063824Z logger=migrator t=2026-09-13T11:46:11.900933601Z level=info msg="Migration successfully executed" id="add index correlations.uid" duration=1.553612ms
2026-09-13T11:46:11.909765083Z logger=migrator t=2026-09-13T11:46:11.908010791Z level=info msg="Executing migration" id="add index correlations.source_uid"
2026-09-13T11:46:11.909786033Z logger=migrator t=2026-09-13T11:46:11.909365275Z level=info msg="Migration successfully executed" id="add index correlations.source_uid" duration=1.349207ms
2026-09-13T11:46:11.916602754Z logger=migrator t=2026-09-13T11:46:11.916448097Z level=info msg="Executing migration" id="add correlation config column"
2026-09-13T11:46:11.922879681Z logger=migrator t=2026-09-13T11:46:11.922581067Z level=info msg="Migration successfully executed" id="add correlation config column" duration=6.130344ms
2026-09-13T11:46:11.929632077Z logger=migrator t=2026-09-13T11:46:11.929470387Z level=info msg="Executing migration" id="drop index IDX_correlation_uid - v1"
2026-09-13T11:46:11.930884872Z logger=migrator t=2026-09-13T11:46:11.930648109Z level=info msg="Migration successfully executed" id="drop index IDX_correlation_uid - v1" duration=1.178767ms
2026-09-13T11:46:11.937886575Z logger=migrator t=2026-09-13T11:46:11.937741838Z level=info msg="Executing migration" id="drop index IDX_correlation_source_uid - v1"
2026-09-13T11:46:11.939240639Z logger=migrator t=2026-09-13T11:46:11.939108366Z level=info msg="Migration successfully executed" id="drop index IDX_correlation_source_uid - v1" duration=1.367605ms
2026-09-13T11:46:11.945991260Z logger=migrator t=2026-09-13T11:46:11.945858483Z level=info msg="Executing migration" id="Rename table correlation to correlation_tmp_qwerty - v1"
2026-09-13T11:46:11.963026826Z logger=migrator t=2026-09-13T11:46:11.962824912Z level=info msg="Migration successfully executed" id="Rename table correlation to correlation_tmp_qwerty - v1" duration=16.965451ms
2026-09-13T11:46:11.969963339Z logger=migrator t=2026-09-13T11:46:11.969749496Z level=info msg="Executing migration" id="create correlation v2"
2026-09-13T11:46:11.971046582Z logger=migrator t=2026-09-13T11:46:11.970918883Z level=info msg="Migration successfully executed" id="create correlation v2" duration=1.16896ms
2026-09-13T11:46:11.978232718Z logger=migrator t=2026-09-13T11:46:11.97789538Z level=info msg="Executing migration" id="create index IDX_correlation_uid - v2"
2026-09-13T11:46:11.979195979Z logger=migrator t=2026-09-13T11:46:11.979088102Z level=info msg="Migration successfully executed" id="create index IDX_correlation_uid - v2" duration=1.194043ms
2026-09-13T11:46:11.987540175Z logger=migrator t=2026-09-13T11:46:11.986020955Z level=info msg="Executing migration" id="create index IDX_correlation_source_uid - v2"
2026-09-13T11:46:11.987583269Z logger=migrator t=2026-09-13T11:46:11.987180692Z level=info msg="Migration successfully executed" id="create index IDX_correlation_source_uid - v2" duration=1.160809ms
2026-09-13T11:46:11.994123553Z logger=migrator t=2026-09-13T11:46:11.993960913Z level=info msg="Executing migration" id="create index IDX_correlation_org_id - v2"
2026-09-13T11:46:11.995277312Z logger=migrator t=2026-09-13T11:46:11.995156576Z level=info msg="Migration successfully executed" id="create index IDX_correlation_org_id - v2" duration=1.196663ms
2026-09-13T11:46:12.002441819Z logger=migrator t=2026-09-13T11:46:12.002320456Z level=info msg="Executing migration" id="copy correlation v1 to v2"
2026-09-13T11:46:12.002762400Z logger=migrator t=2026-09-13T11:46:12.002645361Z level=info msg="Migration successfully executed" id="copy correlation v1 to v2" duration=325.939µs
2026-09-13T11:46:12.009829962Z logger=migrator t=2026-09-13T11:46:12.009689946Z level=info msg="Executing migration" id="drop correlation_tmp_qwerty"
2026-09-13T11:46:12.010862867Z logger=migrator t=2026-09-13T11:46:12.010742418Z level=info msg="Migration successfully executed" id="drop correlation_tmp_qwerty" duration=1.052414ms
2026-09-13T11:46:12.017798757Z logger=migrator t=2026-09-13T11:46:12.017633692Z level=info msg="Executing migration" id="add provisioning column"
2026-09-13T11:46:12.024358229Z logger=migrator t=2026-09-13T11:46:12.024171704Z level=info msg="Migration successfully executed" id="add provisioning column" duration=6.536284ms
2026-09-13T11:46:12.031337524Z logger=migrator t=2026-09-13T11:46:12.03116626Z level=info msg="Executing migration" id="add type column"
2026-09-13T11:46:12.038424803Z logger=migrator t=2026-09-13T11:46:12.038268325Z level=info msg="Migration successfully executed" id="add type column" duration=7.100318ms
2026-09-13T11:46:12.045814670Z logger=migrator t=2026-09-13T11:46:12.045192368Z level=info msg="Executing migration" id="create entity_events table"
2026-09-13T11:46:12.046326158Z logger=migrator t=2026-09-13T11:46:12.046225638Z level=info msg="Migration successfully executed" id="create entity_events table" duration=1.03306ms
2026-09-13T11:46:12.052951133Z logger=migrator t=2026-09-13T11:46:12.05281002Z level=info msg="Executing migration" id="create dashboard public config v1"
2026-09-13T11:46:12.054113934Z logger=migrator t=2026-09-13T11:46:12.053962134Z level=info msg="Migration successfully executed" id="create dashboard public config v1" duration=1.151967ms
2026-09-13T11:46:12.061386073Z logger=migrator t=2026-09-13T11:46:12.061143662Z level=info msg="Executing migration" id="drop index UQE_dashboard_public_config_uid - v1"
2026-09-13T11:46:12.061808712Z logger=migrator t=2026-09-13T11:46:12.061724904Z level=warn msg="Skipping migration: Already executed, but not recorded in migration log" id="drop index UQE_dashboard_public_config_uid - v1"
2026-09-13T11:46:12.068931458Z logger=migrator t=2026-09-13T11:46:12.068577445Z level=info msg="Executing migration" id="drop index IDX_dashboard_public_config_org_id_dashboard_uid - v1"
2026-09-13T11:46:12.069294020Z logger=migrator t=2026-09-13T11:46:12.069166497Z level=warn msg="Skipping migration: Already executed, but not recorded in migration log" id="drop index IDX_dashboard_public_config_org_id_dashboard_uid - v1"
2026-09-13T11:46:12.076367685Z logger=migrator t=2026-09-13T11:46:12.076223459Z level=info msg="Executing migration" id="Drop old dashboard public config table"
2026-09-13T11:46:12.077284184Z logger=migrator t=2026-09-13T11:46:12.077189508Z level=info msg="Migration successfully executed" id="Drop old dashboard public config table" duration=1.133851ms
2026-09-13T11:46:12.084134390Z logger=migrator t=2026-09-13T11:46:12.083994435Z level=info msg="Executing migration" id="recreate dashboard public config v1"
2026-09-13T11:46:12.085268417Z logger=migrator t=2026-09-13T11:46:12.085147253Z level=info msg="Migration successfully executed" id="recreate dashboard public config v1" duration=1.15309ms
2026-09-13T11:46:12.091944105Z logger=migrator t=2026-09-13T11:46:12.09172403Z level=info msg="Executing migration" id="create index UQE_dashboard_public_config_uid - v1"
2026-09-13T11:46:12.093143085Z logger=migrator t=2026-09-13T11:46:12.092941392Z level=info msg="Migration successfully executed" id="create index UQE_dashboard_public_config_uid - v1" duration=1.218846ms
2026-09-13T11:46:12.100453905Z logger=migrator t=2026-09-13T11:46:12.100191328Z level=info msg="Executing migration" id="create index IDX_dashboard_public_config_org_id_dashboard_uid - v1"
2026-09-13T11:46:12.101495289Z logger=migrator t=2026-09-13T11:46:12.101357141Z level=info msg="Migration successfully executed" id="create index IDX_dashboard_public_config_org_id_dashboard_uid - v1" duration=1.167234ms
2026-09-13T11:46:12.108708755Z logger=migrator t=2026-09-13T11:46:12.108409175Z level=info msg="Executing migration" id="drop index UQE_dashboard_public_config_uid - v2"
2026-09-13T11:46:12.109836548Z logger=migrator t=2026-09-13T11:46:12.109724732Z level=info msg="Migration successfully executed" id="drop index UQE_dashboard_public_config_uid - v2" duration=1.315995ms
2026-09-13T11:46:12.116830775Z logger=migrator t=2026-09-13T11:46:12.116698977Z level=info msg="Executing migration" id="drop index IDX_dashboard_public_config_org_id_dashboard_uid - v2"
2026-09-13T11:46:12.117952778Z logger=migrator t=2026-09-13T11:46:12.117837882Z level=info msg="Migration successfully executed" id="drop index IDX_dashboard_public_config_org_id_dashboard_uid - v2" duration=1.140136ms
2026-09-13T11:46:12.124901318Z logger=migrator t=2026-09-13T11:46:12.124717055Z level=info msg="Executing migration" id="Drop public config table"
2026-09-13T11:46:12.125863771Z logger=migrator t=2026-09-13T11:46:12.125716566Z level=info msg="Migration successfully executed" id="Drop public config table" duration=1.000314ms
2026-09-13T11:46:12.132819657Z logger=migrator t=2026-09-13T11:46:12.132691386Z level=info msg="Executing migration" id="Recreate dashboard public config v2"
2026-09-13T11:46:12.133953151Z logger=migrator t=2026-09-13T11:46:12.133802237Z level=info msg="Migration successfully executed" id="Recreate dashboard public config v2" duration=1.110526ms
2026-09-13T11:46:12.141079001Z logger=migrator t=2026-09-13T11:46:12.140896077Z level=info msg="Executing migration" id="create index UQE_dashboard_public_config_uid - v2"
2026-09-13T11:46:12.142256070Z logger=migrator t=2026-09-13T11:46:12.142091448Z level=info msg="Migration successfully executed" id="create index UQE_dashboard_public_config_uid - v2" duration=1.195791ms
2026-09-13T11:46:12.149198663Z logger=migrator t=2026-09-13T11:46:12.148991556Z level=info msg="Executing migration" id="create index IDX_dashboard_public_config_org_id_dashboard_uid - v2"
2026-09-13T11:46:12.150332232Z logger=migrator t=2026-09-13T11:46:12.150176173Z level=info msg="Migration successfully executed" id="create index IDX_dashboard_public_config_org_id_dashboard_uid - v2" duration=1.186375ms
2026-09-13T11:46:12.157086861Z logger=migrator t=2026-09-13T11:46:12.156872879Z level=info msg="Executing migration" id="create index UQE_dashboard_public_config_access_token - v2"
2026-09-13T11:46:12.158205486Z logger=migrator t=2026-09-13T11:46:12.158081529Z level=info msg="Migration successfully executed" id="create index UQE_dashboard_public_config_access_token - v2" duration=1.210456ms
2026-09-13T11:46:12.165102935Z logger=migrator t=2026-09-13T11:46:12.164945184Z level=info msg="Executing migration" id="Rename table dashboard_public_config to dashboard_public - v2"
2026-09-13T11:46:12.182738321Z logger=migrator t=2026-09-13T11:46:12.18257443Z level=info msg="Migration successfully executed" id="Rename table dashboard_public_config to dashboard_public - v2" duration=17.627398ms
2026-09-13T11:46:12.189938268Z logger=migrator t=2026-09-13T11:46:12.189791428Z level=info msg="Executing migration" id="add annotations_enabled column"
2026-09-13T11:46:12.197244700Z logger=migrator t=2026-09-13T11:46:12.196939214Z level=info msg="Migration successfully executed" id="add annotations_enabled column" duration=7.145931ms
2026-09-13T11:46:12.204319638Z logger=migrator t=2026-09-13T11:46:12.204051448Z level=info msg="Executing migration" id="add time_selection_enabled column"
2026-09-13T11:46:12.210890360Z logger=migrator t=2026-09-13T11:46:12.210730512Z level=info msg="Migration successfully executed" id="add time_selection_enabled column" duration=6.680945ms
2026-09-13T11:46:12.217993261Z logger=migrator t=2026-09-13T11:46:12.217605495Z level=info msg="Executing migration" id="delete orphaned public dashboards"
2026-09-13T11:46:12.218446681Z logger=migrator t=2026-09-13T11:46:12.218171617Z level=info msg="Migration successfully executed" id="delete orphaned public dashboards" duration=566.913µs
2026-09-13T11:46:12.225052735Z logger=migrator t=2026-09-13T11:46:12.224935516Z level=info msg="Executing migration" id="add share column"
2026-09-13T11:46:12.231548864Z logger=migrator t=2026-09-13T11:46:12.231353755Z level=info msg="Migration successfully executed" id="add share column" duration=6.416635ms
2026-09-13T11:46:12.238452195Z logger=migrator t=2026-09-13T11:46:12.238301418Z level=info msg="Executing migration" id="backfill empty share column fields with default of public"
2026-09-13T11:46:12.238722203Z logger=migrator t=2026-09-13T11:46:12.238581142Z level=info msg="Migration successfully executed" id="backfill empty share column fields with default of public" duration=280.893µs
2026-09-13T11:46:12.245551451Z logger=migrator t=2026-09-13T11:46:12.245402495Z level=info msg="Executing migration" id="create file table"
2026-09-13T11:46:12.246659569Z logger=migrator t=2026-09-13T11:46:12.246533161Z level=info msg="Migration successfully executed" id="create file table" duration=1.130837ms
2026-09-13T11:46:12.253849342Z logger=migrator t=2026-09-13T11:46:12.253711451Z level=info msg="Executing migration" id="file table idx: path natural pk"
2026-09-13T11:46:12.254963411Z logger=migrator t=2026-09-13T11:46:12.254824899Z level=info msg="Migration successfully executed" id="file table idx: path natural pk" duration=1.114179ms
2026-09-13T11:46:12.262190536Z logger=migrator t=2026-09-13T11:46:12.262013589Z level=info msg="Executing migration" id="file table idx: parent_folder_path_hash fast folder retrieval"
2026-09-13T11:46:12.263409412Z logger=migrator t=2026-09-13T11:46:12.263284829Z level=info msg="Migration successfully executed" id="file table idx: parent_folder_path_hash fast folder retrieval" duration=1.272754ms
2026-09-13T11:46:12.270086035Z logger=migrator t=2026-09-13T11:46:12.269965176Z level=info msg="Executing migration" id="create file_meta table"
2026-09-13T11:46:12.271118587Z logger=migrator t=2026-09-13T11:46:12.270987954Z level=info msg="Migration successfully executed" id="create file_meta table" duration=1.023286ms
2026-09-13T11:46:12.278797551Z logger=migrator t=2026-09-13T11:46:12.278167074Z level=info msg="Executing migration" id="file table idx: path key"
2026-09-13T11:46:12.279445932Z logger=migrator t=2026-09-13T11:46:12.279347224Z level=info msg="Migration successfully executed" id="file table idx: path key" duration=1.181438ms
2026-09-13T11:46:12.286370924Z logger=migrator t=2026-09-13T11:46:12.286103163Z level=info msg="Executing migration" id="set path collation in file table"
2026-09-13T11:46:12.286392801Z logger=migrator t=2026-09-13T11:46:12.286209968Z level=info msg="Migration successfully executed" id="set path collation in file table" duration=109.195µs
2026-09-13T11:46:12.293048887Z logger=migrator t=2026-09-13T11:46:12.292873632Z level=info msg="Executing migration" id="migrate contents column to mediumblob for MySQL"
2026-09-13T11:46:12.293069364Z logger=migrator t=2026-09-13T11:46:12.29298157Z level=info msg="Migration successfully executed" id="migrate contents column to mediumblob for MySQL" duration=110.001µs
2026-09-13T11:46:12.299854357Z logger=migrator t=2026-09-13T11:46:12.299652527Z level=info msg="Executing migration" id="managed permissions migration"
2026-09-13T11:46:12.300534777Z logger=migrator t=2026-09-13T11:46:12.300424586Z level=info msg="Migration successfully executed" id="managed permissions migration" duration=772.267µs
2026-09-13T11:46:12.307261564Z logger=migrator t=2026-09-13T11:46:12.307017094Z level=info msg="Executing migration" id="managed folder permissions alert actions migration"
2026-09-13T11:46:12.307396108Z logger=migrator t=2026-09-13T11:46:12.307305966Z level=info msg="Migration successfully executed" id="managed folder permissions alert actions migration" duration=289.287µs
2026-09-13T11:46:12.314138565Z logger=migrator t=2026-09-13T11:46:12.313938506Z level=info msg="Executing migration" id="RBAC action name migrator"
2026-09-13T11:46:12.315435403Z logger=migrator t=2026-09-13T11:46:12.315322282Z level=info msg="Migration successfully executed" id="RBAC action name migrator" duration=1.38438ms
2026-09-13T11:46:12.322351513Z logger=migrator t=2026-09-13T11:46:12.322089254Z level=info msg="Executing migration" id="Add UID column to playlist"
2026-09-13T11:46:12.328623801Z logger=migrator t=2026-09-13T11:46:12.328466538Z level=info msg="Migration successfully executed" id="Add UID column to playlist" duration=6.379902ms
2026-09-13T11:46:12.335351318Z logger=migrator t=2026-09-13T11:46:12.335154872Z level=info msg="Executing migration" id="Update uid column values in playlist"
2026-09-13T11:46:12.335545303Z logger=migrator t=2026-09-13T11:46:12.335463861Z level=info msg="Migration successfully executed" id="Update uid column values in playlist" duration=309.412µs
2026-09-13T11:46:12.342649025Z logger=migrator t=2026-09-13T11:46:12.342375948Z level=info msg="Executing migration" id="Add index for uid in playlist"
2026-09-13T11:46:12.343716355Z logger=migrator t=2026-09-13T11:46:12.3436004Z level=info msg="Migration successfully executed" id="Add index for uid in playlist" duration=1.224989ms
2026-09-13T11:46:12.350631256Z logger=migrator t=2026-09-13T11:46:12.3504384Z level=info msg="Executing migration" id="update group index for alert rules"
2026-09-13T11:46:12.351016456Z logger=migrator t=2026-09-13T11:46:12.35092374Z level=info msg="Migration successfully executed" id="update group index for alert rules" duration=484.29µs
2026-09-13T11:46:12.357979021Z logger=migrator t=2026-09-13T11:46:12.357710637Z level=info msg="Executing migration" id="managed folder permissions alert actions repeated migration"
2026-09-13T11:46:12.358568038Z logger=migrator t=2026-09-13T11:46:12.358105922Z level=info msg="Migration successfully executed" id="managed folder permissions alert actions repeated migration" duration=395.538µs
2026-09-13T11:46:12.365073033Z logger=migrator t=2026-09-13T11:46:12.364919932Z level=info msg="Executing migration" id="admin only folder/dashboard permission"
2026-09-13T11:46:12.365655252Z logger=migrator t=2026-09-13T11:46:12.365545269Z level=info msg="Migration successfully executed" id="admin only folder/dashboard permission" duration=625.746µs
2026-09-13T11:46:12.372687182Z logger=migrator t=2026-09-13T11:46:12.372537492Z level=info msg="Executing migration" id="add action column to seed_assignment"
2026-09-13T11:46:12.379412905Z logger=migrator t=2026-09-13T11:46:12.379144665Z level=info msg="Migration successfully executed" id="add action column to seed_assignment" duration=6.591603ms
2026-09-13T11:46:12.386077074Z logger=migrator t=2026-09-13T11:46:12.385950524Z level=info msg="Executing migration" id="add scope column to seed_assignment"
2026-09-13T11:46:12.392535486Z logger=migrator t=2026-09-13T11:46:12.392369363Z level=info msg="Migration successfully executed" id="add scope column to seed_assignment" duration=6.417534ms
2026-09-13T11:46:12.399791347Z logger=migrator t=2026-09-13T11:46:12.39946161Z level=info msg="Executing migration" id="remove unique index builtin_role_role_name before nullable update"
2026-09-13T11:46:12.400888108Z logger=migrator t=2026-09-13T11:46:12.400778071Z level=info msg="Migration successfully executed" id="remove unique index builtin_role_role_name before nullable update" duration=1.316962ms
2026-09-13T11:46:12.407789126Z logger=migrator t=2026-09-13T11:46:12.407605099Z level=info msg="Executing migration" id="update seed_assignment role_name column to nullable"
2026-09-13T11:46:12.472342997Z logger=migrator t=2026-09-13T11:46:12.472067756Z level=info msg="Migration successfully executed" id="update seed_assignment role_name column to nullable" duration=64.43807ms
2026-09-13T11:46:12.480600968Z logger=migrator t=2026-09-13T11:46:12.47891597Z level=info msg="Executing migration" id="add unique index builtin_role_name back"
2026-09-13T11:46:12.480616951Z logger=migrator t=2026-09-13T11:46:12.480200025Z level=info msg="Migration successfully executed" id="add unique index builtin_role_name back" duration=1.284648ms
2026-09-13T11:46:12.487792652Z logger=migrator t=2026-09-13T11:46:12.487191627Z level=info msg="Executing migration" id="add unique index builtin_role_action_scope"
2026-09-13T11:46:12.488632413Z logger=migrator t=2026-09-13T11:46:12.488507047Z level=info msg="Migration successfully executed" id="add unique index builtin_role_action_scope" duration=1.312765ms
2026-09-13T11:46:12.495731799Z logger=migrator t=2026-09-13T11:46:12.495439822Z level=info msg="Executing migration" id="add primary key to seed_assigment"
2026-09-13T11:46:12.517438019Z logger=migrator t=2026-09-13T11:46:12.517291044Z level=info msg="Migration successfully executed" id="add primary key to seed_assigment" duration=21.849171ms
2026-09-13T11:46:12.524727919Z logger=migrator t=2026-09-13T11:46:12.524503155Z level=info msg="Executing migration" id="add origin column to seed_assignment"
2026-09-13T11:46:12.531139308Z logger=migrator t=2026-09-13T11:46:12.530988699Z level=info msg="Migration successfully executed" id="add origin column to seed_assignment" duration=6.484516ms
2026-09-13T11:46:12.538103998Z logger=migrator t=2026-09-13T11:46:12.537909705Z level=info msg="Executing migration" id="add origin to plugin seed_assignment"
2026-09-13T11:46:12.538410231Z logger=migrator t=2026-09-13T11:46:12.538300464Z level=info msg="Migration successfully executed" id="add origin to plugin seed_assignment" duration=392.286µs
2026-09-13T11:46:12.545391255Z logger=migrator t=2026-09-13T11:46:12.545140609Z level=info msg="Executing migration" id="prevent seeding OnCall access"
2026-09-13T11:46:12.545931708Z logger=migrator t=2026-09-13T11:46:12.545405015Z level=info msg="Migration successfully executed" id="prevent seeding OnCall access" duration=266.339µs
2026-09-13T11:46:12.552571187Z logger=migrator t=2026-09-13T11:46:12.552437344Z level=info msg="Executing migration" id="managed folder permissions alert actions repeated fixed migration"
2026-09-13T11:46:12.552896710Z logger=migrator t=2026-09-13T11:46:12.552763577Z level=info msg="Migration successfully executed" id="managed folder permissions alert actions repeated fixed migration" duration=327.179µs
2026-09-13T11:46:12.560508308Z logger=migrator t=2026-09-13T11:46:12.559536765Z level=info msg="Executing migration" id="managed folder permissions library panel actions migration"
2026-09-13T11:46:12.560529698Z logger=migrator t=2026-09-13T11:46:12.559844429Z level=info msg="Migration successfully executed" id="managed folder permissions library panel actions migration" duration=306.969µs
2026-09-13T11:46:12.566997564Z logger=migrator t=2026-09-13T11:46:12.56684047Z level=info msg="Executing migration" id="migrate external alertmanagers to datsourcse"
2026-09-13T11:46:12.567333979Z logger=migrator t=2026-09-13T11:46:12.567226892Z level=info msg="Migration successfully executed" id="migrate external alertmanagers to datsourcse" duration=386.828µs
2026-09-13T11:46:12.574256484Z logger=migrator t=2026-09-13T11:46:12.574122855Z level=info msg="Executing migration" id="create folder table"
2026-09-13T11:46:12.575284369Z logger=migrator t=2026-09-13T11:46:12.575123873Z level=info msg="Migration successfully executed" id="create folder table" duration=1.059644ms
2026-09-13T11:46:12.582423650Z logger=migrator t=2026-09-13T11:46:12.582223628Z level=info msg="Executing migration" id="Add index for parent_uid"
2026-09-13T11:46:12.583637146Z logger=migrator t=2026-09-13T11:46:12.583515088Z level=info msg="Migration successfully executed" id="Add index for parent_uid" duration=1.29201ms
2026-09-13T11:46:12.591326845Z logger=migrator t=2026-09-13T11:46:12.591127581Z level=info msg="Executing migration" id="Add unique index for folder.uid and folder.org_id"
2026-09-13T11:46:12.592591826Z logger=migrator t=2026-09-13T11:46:12.592457392Z level=info msg="Migration successfully executed" id="Add unique index for folder.uid and folder.org_id" duration=1.33112ms
2026-09-13T11:46:12.599925408Z logger=migrator t=2026-09-13T11:46:12.599735093Z level=info msg="Executing migration" id="Update folder title length"
2026-09-13T11:46:12.599962244Z logger=migrator t=2026-09-13T11:46:12.599793804Z level=info msg="Migration successfully executed" id="Update folder title length" duration=61.629µs
2026-09-13T11:46:12.607079663Z logger=migrator t=2026-09-13T11:46:12.606929572Z level=info msg="Executing migration" id="Add unique index for folder.title and folder.parent_uid"
2026-09-13T11:46:12.608496329Z logger=migrator t=2026-09-13T11:46:12.608353119Z level=info msg="Migration successfully executed" id="Add unique index for folder.title and folder.parent_uid" duration=1.423702ms
2026-09-13T11:46:12.615525438Z logger=migrator t=2026-09-13T11:46:12.61539316Z level=info msg="Executing migration" id="Remove unique index for folder.title and folder.parent_uid"
2026-09-13T11:46:12.616770836Z logger=migrator t=2026-09-13T11:46:12.616609572Z level=info msg="Migration successfully executed" id="Remove unique index for folder.title and folder.parent_uid" duration=1.217883ms
2026-09-13T11:46:12.623611372Z logger=migrator t=2026-09-13T11:46:12.623423493Z level=info msg="Executing migration" id="Add unique index for title, parent_uid, and org_id"
2026-09-13T11:46:12.624902184Z logger=migrator t=2026-09-13T11:46:12.624774664Z level=info msg="Migration successfully executed" id="Add unique index for title, parent_uid, and org_id" duration=1.351935ms
2026-09-13T11:46:12.631952787Z logger=migrator t=2026-09-13T11:46:12.63172711Z level=info msg="Executing migration" id="Sync dashboard and folder table"
2026-09-13T11:46:12.632523791Z logger=migrator t=2026-09-13T11:46:12.632426521Z level=info msg="Migration successfully executed" id="Sync dashboard and folder table" duration=706.533µs
2026-09-13T11:46:12.639491084Z logger=migrator t=2026-09-13T11:46:12.639167441Z level=info msg="Executing migration" id="Remove ghost folders from the folder table"
2026-09-13T11:46:12.639652265Z logger=migrator t=2026-09-13T11:46:12.639569521Z level=info msg="Migration successfully executed" id="Remove ghost folders from the folder table" duration=402.488µs
2026-09-13T11:46:12.646591185Z logger=migrator t=2026-09-13T11:46:12.646366248Z level=info msg="Executing migration" id="Remove unique index UQE_folder_uid_org_id"
2026-09-13T11:46:12.647732389Z logger=migrator t=2026-09-13T11:46:12.647612719Z level=info msg="Migration successfully executed" id="Remove unique index UQE_folder_uid_org_id" duration=1.244037ms
2026-09-13T11:46:12.654764758Z logger=migrator t=2026-09-13T11:46:12.654542398Z level=info msg="Executing migration" id="Add unique index UQE_folder_org_id_uid"
2026-09-13T11:46:12.655960675Z logger=migrator t=2026-09-13T11:46:12.655808285Z level=info msg="Migration successfully executed" id="Add unique index UQE_folder_org_id_uid" duration=1.266749ms
2026-09-13T11:46:12.662993996Z logger=migrator t=2026-09-13T11:46:12.662757461Z level=info msg="Executing migration" id="Remove unique index UQE_folder_title_parent_uid_org_id"
2026-09-13T11:46:12.664012559Z logger=migrator t=2026-09-13T11:46:12.663893258Z level=info msg="Migration successfully executed" id="Remove unique index UQE_folder_title_parent_uid_org_id" duration=1.133323ms
2026-09-13T11:46:12.671067110Z logger=migrator t=2026-09-13T11:46:12.67086467Z level=info msg="Executing migration" id="Add unique index UQE_folder_org_id_parent_uid_title"
2026-09-13T11:46:12.672372211Z logger=migrator t=2026-09-13T11:46:12.672239726Z level=info msg="Migration successfully executed" id="Add unique index UQE_folder_org_id_parent_uid_title" duration=1.375748ms
2026-09-13T11:46:12.679107580Z logger=migrator t=2026-09-13T11:46:12.6788455Z level=info msg="Executing migration" id="Remove index IDX_folder_parent_uid_org_id"
2026-09-13T11:46:12.680405682Z logger=migrator t=2026-09-13T11:46:12.680296492Z level=info msg="Migration successfully executed" id="Remove index IDX_folder_parent_uid_org_id" duration=1.449119ms
2026-09-13T11:46:12.688737862Z logger=migrator t=2026-09-13T11:46:12.687279408Z level=info msg="Executing migration" id="Remove unique index UQE_folder_org_id_parent_uid_title"
2026-09-13T11:46:12.688767323Z logger=migrator t=2026-09-13T11:46:12.688581827Z level=info msg="Migration successfully executed" id="Remove unique index UQE_folder_org_id_parent_uid_title" duration=1.297498ms
2026-09-13T11:46:12.695729784Z logger=migrator t=2026-09-13T11:46:12.695481549Z level=info msg="Executing migration" id="create anon_device table"
2026-09-13T11:46:12.696826119Z logger=migrator t=2026-09-13T11:46:12.696657843Z level=info msg="Migration successfully executed" id="create anon_device table" duration=1.176406ms
2026-09-13T11:46:12.703642813Z logger=migrator t=2026-09-13T11:46:12.703510117Z level=info msg="Executing migration" id="add unique index anon_device.device_id"
2026-09-13T11:46:12.705055709Z logger=migrator t=2026-09-13T11:46:12.704931791Z level=info msg="Migration successfully executed" id="add unique index anon_device.device_id" duration=1.42173ms
2026-09-13T11:46:12.713420207Z logger=migrator t=2026-09-13T11:46:12.711580272Z level=info msg="Executing migration" id="add index anon_device.updated_at"
2026-09-13T11:46:12.713483394Z logger=migrator t=2026-09-13T11:46:12.713073412Z level=info msg="Migration successfully executed" id="add index anon_device.updated_at" duration=1.493275ms
2026-09-13T11:46:12.720291511Z logger=migrator t=2026-09-13T11:46:12.71995683Z level=info msg="Executing migration" id="create signing_key table"
2026-09-13T11:46:12.721197338Z logger=migrator t=2026-09-13T11:46:12.721052119Z level=info msg="Migration successfully executed" id="create signing_key table" duration=1.094961ms
2026-09-13T11:46:12.728430183Z logger=migrator t=2026-09-13T11:46:12.728003176Z level=info msg="Executing migration" id="add unique index signing_key.key_id"
2026-09-13T11:46:12.729539681Z logger=migrator t=2026-09-13T11:46:12.729375502Z level=info msg="Migration successfully executed" id="add unique index signing_key.key_id" duration=1.373228ms
2026-09-13T11:46:12.736909902Z logger=migrator t=2026-09-13T11:46:12.736737279Z level=info msg="Executing migration" id="set legacy alert migration status in kvstore"
2026-09-13T11:46:12.738162560Z logger=migrator t=2026-09-13T11:46:12.738002278Z level=info msg="Migration successfully executed" id="set legacy alert migration status in kvstore" duration=1.264782ms
2026-09-13T11:46:12.745289220Z logger=migrator t=2026-09-13T11:46:12.744647723Z level=info msg="Executing migration" id="migrate record of created folders during legacy migration to kvstore"
2026-09-13T11:46:12.745313031Z logger=migrator t=2026-09-13T11:46:12.745075807Z level=info msg="Migration successfully executed" id="migrate record of created folders during legacy migration to kvstore" duration=430.562µs
2026-09-13T11:46:12.751978052Z logger=migrator t=2026-09-13T11:46:12.75172234Z level=info msg="Executing migration" id="Add folder_uid for dashboard"
2026-09-13T11:46:12.758751915Z logger=migrator t=2026-09-13T11:46:12.758511329Z level=info msg="Migration successfully executed" id="Add folder_uid for dashboard" duration=6.776022ms
2026-09-13T11:46:12.765924694Z logger=migrator t=2026-09-13T11:46:12.765702974Z level=info msg="Executing migration" id="Populate dashboard folder_uid column"
2026-09-13T11:46:12.766636048Z logger=migrator t=2026-09-13T11:46:12.766517931Z level=info msg="Migration successfully executed" id="Populate dashboard folder_uid column" duration=817.56µs
2026-09-13T11:46:12.773739939Z logger=migrator t=2026-09-13T11:46:12.773195699Z level=info msg="Executing migration" id="Add unique index for dashboard_org_id_folder_uid_title"
2026-09-13T11:46:12.773759144Z logger=migrator t=2026-09-13T11:46:12.773232562Z level=info msg="Migration successfully executed" id="Add unique index for dashboard_org_id_folder_uid_title" duration=40.384µs
2026-09-13T11:46:12.781781971Z logger=migrator t=2026-09-13T11:46:12.780168186Z level=info msg="Executing migration" id="Delete unique index for dashboard_org_id_folder_id_title"
2026-09-13T11:46:12.781804723Z logger=migrator t=2026-09-13T11:46:12.781336151Z level=info msg="Migration successfully executed" id="Delete unique index for dashboard_org_id_folder_id_title" duration=1.168277ms
2026-09-13T11:46:12.788895779Z logger=migrator t=2026-09-13T11:46:12.788042524Z level=info msg="Executing migration" id="Delete unique index for dashboard_org_id_folder_uid_title"
2026-09-13T11:46:12.788957620Z logger=migrator t=2026-09-13T11:46:12.788374531Z level=info msg="Migration successfully executed" id="Delete unique index for dashboard_org_id_folder_uid_title" duration=340.332µs
2026-09-13T11:46:12.795767098Z logger=migrator t=2026-09-13T11:46:12.795523089Z level=info msg="Executing migration" id="Add unique index for dashboard_org_id_folder_uid_title_is_folder"
2026-09-13T11:46:12.797214568Z logger=migrator t=2026-09-13T11:46:12.797044292Z level=info msg="Migration successfully executed" id="Add unique index for dashboard_org_id_folder_uid_title_is_folder" duration=1.521403ms
2026-09-13T11:46:12.803968341Z logger=migrator t=2026-09-13T11:46:12.803834549Z level=info msg="Executing migration" id="Restore index for dashboard_org_id_folder_id_title"
2026-09-13T11:46:12.805237318Z logger=migrator t=2026-09-13T11:46:12.805103975Z level=info msg="Migration successfully executed" id="Restore index for dashboard_org_id_folder_id_title" duration=1.270357ms
2026-09-13T11:46:12.812423506Z logger=migrator t=2026-09-13T11:46:12.811933366Z level=info msg="Executing migration" id="Remove unique index for dashboard_org_id_folder_uid_title_is_folder"
2026-09-13T11:46:12.813465505Z logger=migrator t=2026-09-13T11:46:12.813340355Z level=info msg="Migration successfully executed" id="Remove unique index for dashboard_org_id_folder_uid_title_is_folder" duration=1.405781ms
2026-09-13T11:46:12.821868206Z logger=migrator t=2026-09-13T11:46:12.820523423Z level=info msg="Executing migration" id="create sso_setting table"
2026-09-13T11:46:12.821889667Z logger=migrator t=2026-09-13T11:46:12.821589384Z level=info msg="Migration successfully executed" id="create sso_setting table" duration=1.066596ms
2026-09-13T11:46:12.829061108Z logger=migrator t=2026-09-13T11:46:12.828733164Z level=info msg="Executing migration" id="copy kvstore migration status to each org"
2026-09-13T11:46:12.829843715Z logger=migrator t=2026-09-13T11:46:12.829738171Z level=info msg="Migration successfully executed" id="copy kvstore migration status to each org" duration=1.004514ms
2026-09-13T11:46:12.837416163Z logger=migrator t=2026-09-13T11:46:12.836618103Z level=info msg="Executing migration" id="add back entry for orgid=0 migrated status"
2026-09-13T11:46:12.837443968Z logger=migrator t=2026-09-13T11:46:12.836982118Z level=info msg="Migration successfully executed" id="add back entry for orgid=0 migrated status" duration=365.911µs
2026-09-13T11:46:12.844607931Z logger=migrator t=2026-09-13T11:46:12.843764862Z level=info msg="Executing migration" id="managed dashboard permissions annotation actions migration"
2026-09-13T11:46:12.844827335Z logger=migrator t=2026-09-13T11:46:12.844693743Z level=info msg="Migration successfully executed" id="managed dashboard permissions annotation actions migration" duration=933.379µs
2026-09-13T11:46:12.851715743Z logger=migrator t=2026-09-13T11:46:12.851562233Z level=info msg="Executing migration" id="create cloud_migration table v1"
2026-09-13T11:46:12.852790904Z logger=migrator t=2026-09-13T11:46:12.852637395Z level=info msg="Migration successfully executed" id="create cloud_migration table v1" duration=1.075659ms
2026-09-13T11:46:12.859804052Z logger=migrator t=2026-09-13T11:46:12.859567141Z level=info msg="Executing migration" id="create cloud_migration_run table v1"
2026-09-13T11:46:12.860931880Z logger=migrator t=2026-09-13T11:46:12.860819154Z level=info msg="Migration successfully executed" id="create cloud_migration_run table v1" duration=1.251926ms
2026-09-13T11:46:12.868029365Z logger=migrator t=2026-09-13T11:46:12.867792374Z level=info msg="Executing migration" id="add stack_id column"
2026-09-13T11:46:12.875200535Z logger=migrator t=2026-09-13T11:46:12.874970532Z level=info msg="Migration successfully executed" id="add stack_id column" duration=7.177379ms
2026-09-13T11:46:12.882452214Z logger=migrator t=2026-09-13T11:46:12.882230595Z level=info msg="Executing migration" id="add region_slug column"
2026-09-13T11:46:12.893182989Z logger=migrator t=2026-09-13T11:46:12.89298242Z level=info msg="Migration successfully executed" id="add region_slug column" duration=10.752746ms
2026-09-13T11:46:12.900616986Z logger=migrator t=2026-09-13T11:46:12.900287075Z level=info msg="Executing migration" id="add cluster_slug column"
2026-09-13T11:46:12.908306279Z logger=migrator t=2026-09-13T11:46:12.908006034Z level=info msg="Migration successfully executed" id="add cluster_slug column" duration=7.718056ms
2026-09-13T11:46:12.915375628Z logger=migrator t=2026-09-13T11:46:12.915230954Z level=info msg="Executing migration" id="add migration uid column"
2026-09-13T11:46:12.923769093Z logger=migrator t=2026-09-13T11:46:12.923558114Z level=info msg="Migration successfully executed" id="add migration uid column" duration=8.325375ms
2026-09-13T11:46:12.930751097Z logger=migrator t=2026-09-13T11:46:12.930473449Z level=info msg="Executing migration" id="Update uid column values for migration"
2026-09-13T11:46:12.930945584Z logger=migrator t=2026-09-13T11:46:12.930858589Z level=info msg="Migration successfully executed" id="Update uid column values for migration" duration=385.436µs
2026-09-13T11:46:12.938040005Z logger=migrator t=2026-09-13T11:46:12.937739148Z level=info msg="Executing migration" id="Add unique index migration_uid"
2026-09-13T11:46:12.939128811Z logger=migrator t=2026-09-13T11:46:12.939016765Z level=info msg="Migration successfully executed" id="Add unique index migration_uid" duration=1.278294ms
2026-09-13T11:46:12.946227559Z logger=migrator t=2026-09-13T11:46:12.94602916Z level=info msg="Executing migration" id="add migration run uid column"
2026-09-13T11:46:12.952939143Z logger=migrator t=2026-09-13T11:46:12.952778088Z level=info msg="Migration successfully executed" id="add migration run uid column" duration=6.748174ms
2026-09-13T11:46:12.960880865Z logger=migrator t=2026-09-13T11:46:12.959647231Z level=info msg="Executing migration" id="Update uid column values for migration run"
2026-09-13T11:46:12.960904020Z logger=migrator t=2026-09-13T11:46:12.960286464Z level=info msg="Migration successfully executed" id="Update uid column values for migration run" duration=640.002µs
2026-09-13T11:46:12.967316538Z logger=migrator t=2026-09-13T11:46:12.967095712Z level=info msg="Executing migration" id="Add unique index migration_run_uid"
2026-09-13T11:46:12.968721499Z logger=migrator t=2026-09-13T11:46:12.968526293Z level=info msg="Migration successfully executed" id="Add unique index migration_run_uid" duration=1.430087ms
2026-09-13T11:46:12.975962521Z logger=migrator t=2026-09-13T11:46:12.975760058Z level=info msg="Executing migration" id="Rename table cloud_migration to cloud_migration_session_tmp_qwerty - v1"
2026-09-13T11:46:12.996964680Z logger=migrator t=2026-09-13T11:46:12.996821005Z level=info msg="Migration successfully executed" id="Rename table cloud_migration to cloud_migration_session_tmp_qwerty - v1" duration=21.060295ms
2026-09-13T11:46:13.004223802Z logger=migrator t=2026-09-13T11:46:13.003897511Z level=info msg="Executing migration" id="create cloud_migration_session v2"
2026-09-13T11:46:13.005188141Z logger=migrator t=2026-09-13T11:46:13.005063836Z level=info msg="Migration successfully executed" id="create cloud_migration_session v2" duration=1.166919ms
2026-09-13T11:46:13.013092626Z logger=migrator t=2026-09-13T11:46:13.012291257Z level=info msg="Executing migration" id="create index UQE_cloud_migration_session_uid - v2"
2026-09-13T11:46:13.013774035Z logger=migrator t=2026-09-13T11:46:13.013613717Z level=info msg="Migration successfully executed" id="create index UQE_cloud_migration_session_uid - v2" duration=1.322648ms
2026-09-13T11:46:13.020840052Z logger=migrator t=2026-09-13T11:46:13.020720558Z level=info msg="Executing migration" id="copy cloud_migration_session v1 to v2"
2026-09-13T11:46:13.021341743Z logger=migrator t=2026-09-13T11:46:13.021250882Z level=info msg="Migration successfully executed" id="copy cloud_migration_session v1 to v2" duration=531.096µs
2026-09-13T11:46:13.029180953Z logger=migrator t=2026-09-13T11:46:13.028911916Z level=info msg="Executing migration" id="drop cloud_migration_session_tmp_qwerty"
2026-09-13T11:46:13.030145183Z logger=migrator t=2026-09-13T11:46:13.0300312Z level=info msg="Migration successfully executed" id="drop cloud_migration_session_tmp_qwerty" duration=1.120109ms
2026-09-13T11:46:13.037214497Z logger=migrator t=2026-09-13T11:46:13.036963397Z level=info msg="Executing migration" id="Rename table cloud_migration_run to cloud_migration_snapshot_tmp_qwerty - v1"
2026-09-13T11:46:13.058633841Z logger=migrator t=2026-09-13T11:46:13.058484591Z level=info msg="Migration successfully executed" id="Rename table cloud_migration_run to cloud_migration_snapshot_tmp_qwerty - v1" duration=21.519386ms
2026-09-13T11:46:13.065924318Z logger=migrator t=2026-09-13T11:46:13.065699477Z level=info msg="Executing migration" id="create cloud_migration_snapshot v2"
2026-09-13T11:46:13.066897002Z logger=migrator t=2026-09-13T11:46:13.066767942Z level=info msg="Migration successfully executed" id="create cloud_migration_snapshot v2" duration=1.068991ms
2026-09-13T11:46:13.075186084Z logger=migrator t=2026-09-13T11:46:13.073650248Z level=info msg="Executing migration" id="create index UQE_cloud_migration_snapshot_uid - v2"
2026-09-13T11:46:13.075203551Z logger=migrator t=2026-09-13T11:46:13.074782228Z level=info msg="Migration successfully executed" id="create index UQE_cloud_migration_snapshot_uid - v2" duration=1.133167ms
2026-09-13T11:46:13.081806660Z logger=migrator t=2026-09-13T11:46:13.081575096Z level=info msg="Executing migration" id="copy cloud_migration_snapshot v1 to v2"
2026-09-13T11:46:13.082423836Z logger=migrator t=2026-09-13T11:46:13.082281794Z level=info msg="Migration successfully executed" id="copy cloud_migration_snapshot v1 to v2" duration=707.388µs
2026-09-13T11:46:13.089235683Z logger=migrator t=2026-09-13T11:46:13.089060731Z level=info msg="Executing migration" id="drop cloud_migration_snapshot_tmp_qwerty"
2026-09-13T11:46:13.090585196Z logger=migrator t=2026-09-13T11:46:13.090413665Z level=info msg="Migration successfully executed" id="drop cloud_migration_snapshot_tmp_qwerty" duration=1.352813ms
2026-09-13T11:46:13.098010758Z logger=migrator t=2026-09-13T11:46:13.097851701Z level=info msg="Executing migration" id="add snapshot upload_url column"
2026-09-13T11:46:13.105663600Z logger=migrator t=2026-09-13T11:46:13.105398605Z level=info msg="Migration successfully executed" id="add snapshot upload_url column" duration=7.544462ms
2026-09-13T11:46:13.112723085Z logger=migrator t=2026-09-13T11:46:13.112560985Z level=info msg="Executing migration" id="add snapshot status column"
2026-09-13T11:46:13.120421877Z logger=migrator t=2026-09-13T11:46:13.120222938Z level=info msg="Migration successfully executed" id="add snapshot status column" duration=7.661485ms
2026-09-13T11:46:13.127471721Z logger=migrator t=2026-09-13T11:46:13.127341347Z level=info msg="Executing migration" id="add snapshot local_directory column"
2026-09-13T11:46:13.136394368Z logger=migrator t=2026-09-13T11:46:13.135964921Z level=info msg="Migration successfully executed" id="add snapshot local_directory column" duration=8.617816ms
2026-09-13T11:46:13.143197891Z logger=migrator t=2026-09-13T11:46:13.142934667Z level=info msg="Executing migration" id="add snapshot gms_snapshot_uid column"
2026-09-13T11:46:13.150871457Z logger=migrator t=2026-09-13T11:46:13.150715132Z level=info msg="Migration successfully executed" id="add snapshot gms_snapshot_uid column" duration=7.779286ms
2026-09-13T11:46:13.157738756Z logger=migrator t=2026-09-13T11:46:13.157559535Z level=info msg="Executing migration" id="add snapshot encryption_key column"
2026-09-13T11:46:13.165216787Z logger=migrator t=2026-09-13T11:46:13.165044215Z level=info msg="Migration successfully executed" id="add snapshot encryption_key column" duration=7.482984ms
2026-09-13T11:46:13.173833141Z logger=migrator t=2026-09-13T11:46:13.172265818Z level=info msg="Executing migration" id="add snapshot error_string column"
2026-09-13T11:46:13.180042032Z logger=migrator t=2026-09-13T11:46:13.179879974Z level=info msg="Migration successfully executed" id="add snapshot error_string column" duration=7.613177ms
2026-09-13T11:46:13.187263002Z logger=migrator t=2026-09-13T11:46:13.187062708Z level=info msg="Executing migration" id="create cloud_migration_resource table v1"
2026-09-13T11:46:13.188442909Z logger=migrator t=2026-09-13T11:46:13.188259205Z level=info msg="Migration successfully executed" id="create cloud_migration_resource table v1" duration=1.196791ms
2026-09-13T11:46:13.195235474Z logger=migrator t=2026-09-13T11:46:13.195084839Z level=info msg="Executing migration" id="delete cloud_migration_snapshot.result column"
2026-09-13T11:46:13.227976957Z logger=migrator t=2026-09-13T11:46:13.227831951Z level=info msg="Migration successfully executed" id="delete cloud_migration_snapshot.result column" duration=32.7462ms
2026-09-13T11:46:13.235194939Z logger=migrator t=2026-09-13T11:46:13.235050844Z level=info msg="Executing migration" id="add cloud_migration_resource.name column"
2026-09-13T11:46:13.242882303Z logger=migrator t=2026-09-13T11:46:13.242736072Z level=info msg="Migration successfully executed" id="add cloud_migration_resource.name column" duration=7.683656ms
2026-09-13T11:46:13.251826591Z logger=migrator t=2026-09-13T11:46:13.249971553Z level=info msg="Executing migration" id="add cloud_migration_resource.parent_name column"
2026-09-13T11:46:13.257273876Z logger=migrator t=2026-09-13T11:46:13.257098452Z level=info msg="Migration successfully executed" id="add cloud_migration_resource.parent_name column" duration=7.123772ms
2026-09-13T11:46:13.264501711Z logger=migrator t=2026-09-13T11:46:13.264360561Z level=info msg="Executing migration" id="add cloud_migration_session.org_id column"
2026-09-13T11:46:13.272206240Z logger=migrator t=2026-09-13T11:46:13.272003174Z level=info msg="Migration successfully executed" id="add cloud_migration_session.org_id column" duration=7.642248ms
2026-09-13T11:46:13.280468970Z logger=migrator t=2026-09-13T11:46:13.279150703Z level=info msg="Executing migration" id="add cloud_migration_resource.error_code column"
2026-09-13T11:46:13.288159628Z logger=migrator t=2026-09-13T11:46:13.287888226Z level=info msg="Migration successfully executed" id="add cloud_migration_resource.error_code column" duration=8.736379ms
2026-09-13T11:46:13.295069930Z logger=migrator t=2026-09-13T11:46:13.294927028Z level=info msg="Executing migration" id="increase resource_uid column length"
2026-09-13T11:46:13.295165867Z logger=migrator t=2026-09-13T11:46:13.295046444Z level=info msg="Migration successfully executed" id="increase resource_uid column length" duration=120.532µs
2026-09-13T11:46:13.303482157Z logger=migrator t=2026-09-13T11:46:13.303245787Z level=info msg="Executing migration" id="alter kv_store.value to longtext"
2026-09-13T11:46:13.303507610Z logger=migrator t=2026-09-13T11:46:13.303426243Z level=info msg="Migration successfully executed" id="alter kv_store.value to longtext" duration=183.656µs
2026-09-13T11:46:13.310626601Z logger=migrator t=2026-09-13T11:46:13.310475032Z level=info msg="Executing migration" id="add notification_settings column to alert_rule table"
2026-09-13T11:46:13.317907406Z logger=migrator t=2026-09-13T11:46:13.317751274Z level=info msg="Migration successfully executed" id="add notification_settings column to alert_rule table" duration=7.274997ms
2026-09-13T11:46:13.325443613Z logger=migrator t=2026-09-13T11:46:13.324786271Z level=info msg="Executing migration" id="add notification_settings column to alert_rule_version table"
2026-09-13T11:46:13.332515388Z logger=migrator t=2026-09-13T11:46:13.332326389Z level=info msg="Migration successfully executed" id="add notification_settings column to alert_rule_version table" duration=7.539196ms
2026-09-13T11:46:13.339607961Z logger=migrator t=2026-09-13T11:46:13.339397213Z level=info msg="Executing migration" id="removing scope from alert.instances:read action migration"
2026-09-13T11:46:13.340281634Z logger=migrator t=2026-09-13T11:46:13.339960511Z level=info msg="Migration successfully executed" id="removing scope from alert.instances:read action migration" duration=564.189µs
2026-09-13T11:46:13.347993028Z logger=migrator t=2026-09-13T11:46:13.34722134Z level=info msg="Executing migration" id="managed folder permissions alerting silences actions migration"
2026-09-13T11:46:13.348012576Z logger=migrator t=2026-09-13T11:46:13.347482429Z level=info msg="Migration successfully executed" id="managed folder permissions alerting silences actions migration" duration=262.559µs
2026-09-13T11:46:13.354625002Z logger=migrator t=2026-09-13T11:46:13.354415984Z level=info msg="Executing migration" id="add record column to alert_rule table"
2026-09-13T11:46:13.362433926Z logger=migrator t=2026-09-13T11:46:13.362284124Z level=info msg="Migration successfully executed" id="add record column to alert_rule table" duration=7.865397ms
2026-09-13T11:46:13.369809699Z logger=migrator t=2026-09-13T11:46:13.369440483Z level=info msg="Executing migration" id="add record column to alert_rule_version table"
2026-09-13T11:46:13.376978778Z logger=migrator t=2026-09-13T11:46:13.376788757Z level=info msg="Migration successfully executed" id="add record column to alert_rule_version table" duration=7.345797ms
2026-09-13T11:46:13.384288022Z logger=migrator t=2026-09-13T11:46:13.383876728Z level=info msg="Executing migration" id="add resolved_at column to alert_instance table"
2026-09-13T11:46:13.392213736Z logger=migrator t=2026-09-13T11:46:13.392003741Z level=info msg="Migration successfully executed" id="add resolved_at column to alert_instance table" duration=8.12611ms
2026-09-13T11:46:13.399081546Z logger=migrator t=2026-09-13T11:46:13.398851608Z level=info msg="Executing migration" id="add last_sent_at column to alert_instance table"
2026-09-13T11:46:13.408990723Z logger=migrator t=2026-09-13T11:46:13.40881156Z level=info msg="Migration successfully executed" id="add last_sent_at column to alert_instance table" duration=9.957674ms
2026-09-13T11:46:13.417029066Z logger=migrator t=2026-09-13T11:46:13.416531842Z level=info msg="Executing migration" id="Enable traceQL streaming for all Tempo datasources"
2026-09-13T11:46:13.417048439Z logger=migrator t=2026-09-13T11:46:13.416574143Z level=info msg="Migration successfully executed" id="Enable traceQL streaming for all Tempo datasources" duration=45.447µs
2026-09-13T11:46:13.423571448Z logger=migrator t=2026-09-13T11:46:13.423423076Z level=info msg="Executing migration" id="Add scope to alert.notifications.receivers:read and alert.notifications.receivers.secrets:read"
2026-09-13T11:46:13.424486861Z logger=migrator t=2026-09-13T11:46:13.424356929Z level=info msg="Migration successfully executed" id="Add scope to alert.notifications.receivers:read and alert.notifications.receivers.secrets:read" duration=931.778µs
2026-09-13T11:46:13.432823860Z logger=migrator t=2026-09-13T11:46:13.431449732Z level=info msg="Executing migration" id="add metadata column to alert_rule table"
2026-09-13T11:46:13.438785101Z logger=migrator t=2026-09-13T11:46:13.438582128Z level=info msg="Migration successfully executed" id="add metadata column to alert_rule table" duration=7.131183ms
2026-09-13T11:46:13.445810490Z logger=migrator t=2026-09-13T11:46:13.445636892Z level=info msg="Executing migration" id="add metadata column to alert_rule_version table"
2026-09-13T11:46:13.453575109Z logger=migrator t=2026-09-13T11:46:13.453413971Z level=info msg="Migration successfully executed" id="add metadata column to alert_rule_version table" duration=7.776639ms
2026-09-13T11:46:13.461157618Z logger=migrator t=2026-09-13T11:46:13.460870041Z level=info msg="Executing migration" id="delete orphaned service account permissions"
2026-09-13T11:46:13.461525359Z logger=migrator t=2026-09-13T11:46:13.461315725Z level=info msg="Migration successfully executed" id="delete orphaned service account permissions" duration=445.521µs
2026-09-13T11:46:13.468360922Z logger=migrator t=2026-09-13T11:46:13.468220505Z level=info msg="Executing migration" id="adding action set permissions"
2026-09-13T11:46:13.469490042Z logger=migrator t=2026-09-13T11:46:13.46896848Z level=info msg="Migration successfully executed" id="adding action set permissions" duration=748.023µs
2026-09-13T11:46:13.475956679Z logger=migrator t=2026-09-13T11:46:13.475826447Z level=info msg="Executing migration" id="create user_external_session table"
2026-09-13T11:46:13.477110906Z logger=migrator t=2026-09-13T11:46:13.477023993Z level=info msg="Migration successfully executed" id="create user_external_session table" duration=1.199778ms
2026-09-13T11:46:13.484041033Z logger=migrator t=2026-09-13T11:46:13.483899182Z level=info msg="Executing migration" id="increase name_id column length to 1024"
2026-09-13T11:46:13.484386858Z logger=migrator t=2026-09-13T11:46:13.484158325Z level=info msg="Migration successfully executed" id="increase name_id column length to 1024" duration=260.63µs
2026-09-13T11:46:13.491115353Z logger=migrator t=2026-09-13T11:46:13.490945355Z level=info msg="Executing migration" id="increase session_id column length to 1024"
2026-09-13T11:46:13.491146622Z logger=migrator t=2026-09-13T11:46:13.491047759Z level=info msg="Migration successfully executed" id="increase session_id column length to 1024" duration=104.347µs
2026-09-13T11:46:13.497980196Z logger=migrator t=2026-09-13T11:46:13.497844759Z level=info msg="Executing migration" id="remove scope from alert.notifications.receivers:create"
2026-09-13T11:46:13.498526134Z logger=migrator t=2026-09-13T11:46:13.498421012Z level=info msg="Migration successfully executed" id="remove scope from alert.notifications.receivers:create" duration=577.501µs
2026-09-13T11:46:13.505280748Z logger=migrator t=2026-09-13T11:46:13.505103638Z level=info msg="Executing migration" id="add created_by column to alert_rule_version table"
2026-09-13T11:46:13.512371025Z logger=migrator t=2026-09-13T11:46:13.512120442Z level=info msg="Migration successfully executed" id="add created_by column to alert_rule_version table" duration=7.013901ms
2026-09-13T11:46:13.521771349Z logger=migrator t=2026-09-13T11:46:13.518949024Z level=info msg="Executing migration" id="add updated_by column to alert_rule table"
2026-09-13T11:46:13.526284815Z logger=migrator t=2026-09-13T11:46:13.526142977Z level=info msg="Migration successfully executed" id="add updated_by column to alert_rule table" duration=7.192889ms
2026-09-13T11:46:13.533217031Z logger=migrator t=2026-09-13T11:46:13.533019496Z level=info msg="Executing migration" id="add alert_rule_state table"
2026-09-13T11:46:13.534211003Z logger=migrator t=2026-09-13T11:46:13.534060598Z level=info msg="Migration successfully executed" id="add alert_rule_state table" duration=1.041818ms
2026-09-13T11:46:13.541190503Z logger=migrator t=2026-09-13T11:46:13.540977159Z level=info msg="Executing migration" id="add index to alert_rule_state on org_id and rule_uid columns"
2026-09-13T11:46:13.542286447Z logger=migrator t=2026-09-13T11:46:13.542170547Z level=info msg="Migration successfully executed" id="add index to alert_rule_state on org_id and rule_uid columns" duration=1.19432ms
2026-09-13T11:46:13.549869883Z logger=migrator t=2026-09-13T11:46:13.549026271Z level=info msg="Executing migration" id="add guid column to alert_rule table"
2026-09-13T11:46:13.556574940Z logger=migrator t=2026-09-13T11:46:13.556404894Z level=info msg="Migration successfully executed" id="add guid column to alert_rule table" duration=7.377525ms
2026-09-13T11:46:13.563513769Z logger=migrator t=2026-09-13T11:46:13.56332228Z level=info msg="Executing migration" id="add rule_guid column to alert_rule_version table"
2026-09-13T11:46:13.571181783Z logger=migrator t=2026-09-13T11:46:13.570997515Z level=info msg="Migration successfully executed" id="add rule_guid column to alert_rule_version table" duration=7.672859ms
2026-09-13T11:46:13.578235681Z logger=migrator t=2026-09-13T11:46:13.577947095Z level=info msg="Executing migration" id="cleanup alert_rule_version table"
2026-09-13T11:46:13.578306214Z logger=migrator t=2026-09-13T11:46:13.577985425Z level=info msg="Rule version record limit is not set, fallback to 100" limit=0
2026-09-13T11:46:13.578413516Z logger=migrator t=2026-09-13T11:46:13.578296683Z level=info msg="Cleaning up table `alert_rule_version`" batchSize=50 batches=0 keepVersions=100
2026-09-13T11:46:13.578420776Z logger=migrator t=2026-09-13T11:46:13.578372634Z level=info msg="Migration successfully executed" id="cleanup alert_rule_version table" duration=415.544µs
2026-09-13T11:46:13.586623735Z logger=migrator t=2026-09-13T11:46:13.585408915Z level=info msg="Executing migration" id="populate rule guid in alert rule table"
2026-09-13T11:46:13.586638302Z logger=migrator t=2026-09-13T11:46:13.586137622Z level=info msg="Migration successfully executed" id="populate rule guid in alert rule table" duration=729.259µs
2026-09-13T11:46:13.593694417Z logger=migrator t=2026-09-13T11:46:13.592962085Z level=info msg="Executing migration" id="drop index in alert_rule_version table on rule_org_id, rule_uid and version columns"
2026-09-13T11:46:13.594387000Z logger=migrator t=2026-09-13T11:46:13.594244747Z level=info msg="Migration successfully executed" id="drop index in alert_rule_version table on rule_org_id, rule_uid and version columns" duration=1.283561ms
2026-09-13T11:46:13.601612937Z logger=migrator t=2026-09-13T11:46:13.601032748Z level=info msg="Executing migration" id="add index in alert_rule_version table on rule_org_id, rule_uid, rule_guid and version columns"
2026-09-13T11:46:13.602759832Z logger=migrator t=2026-09-13T11:46:13.602630556Z level=info msg="Migration successfully executed" id="add index in alert_rule_version table on rule_org_id, rule_uid, rule_guid and version columns" duration=1.589956ms
2026-09-13T11:46:13.610304867Z logger=migrator t=2026-09-13T11:46:13.609701348Z level=info msg="Executing migration" id="add index in alert_rule_version table on rule_guid and version columns"
2026-09-13T11:46:13.611068400Z logger=migrator t=2026-09-13T11:46:13.610936738Z level=info msg="Migration successfully executed" id="add index in alert_rule_version table on rule_guid and version columns" duration=1.269029ms
2026-09-13T11:46:13.618377318Z logger=migrator t=2026-09-13T11:46:13.618080757Z level=info msg="Executing migration" id="add index in alert_rule table on guid columns"
2026-09-13T11:46:13.619504143Z logger=migrator t=2026-09-13T11:46:13.619366625Z level=info msg="Migration successfully executed" id="add index in alert_rule table on guid columns" duration=1.283489ms
2026-09-13T11:46:13.626893599Z logger=migrator t=2026-09-13T11:46:13.626747792Z level=info msg="migrations completed" performed=647 skipped=0 duration=6.107378993s
2026-09-13T11:46:13.627504726Z logger=migrator t=2026-09-13T11:46:13.627399156Z level=info msg="Unlocking database"
2026-09-13T11:46:13.649917514Z logger=sqlstore t=2026-09-13T11:46:13.649773704Z level=info msg="Created default admin" user=admin
2026-09-13T11:46:13.650299051Z logger=sqlstore t=2026-09-13T11:46:13.65018123Z level=info msg="Created default organization"
2026-09-13T11:46:13.658321381Z logger=secrets t=2026-09-13T11:46:13.657867371Z level=info msg="Envelope encryption state" enabled=true currentprovider=secretKey.v1
2026-09-13T11:46:13.761790567Z logger=plugin.angulardetectorsprovider.dynamic t=2026-09-13T11:46:13.759988701Z level=info msg="Restored cache from database" duration=1.337284ms
2026-09-13T11:46:13.769543619Z logger=resource-migrator t=2026-09-13T11:46:13.769404056Z level=info msg="Locking database"
2026-09-13T11:46:13.769574973Z logger=resource-migrator t=2026-09-13T11:46:13.769442408Z level=info msg="Starting DB migrations"
2026-09-13T11:46:13.777232018Z logger=resource-migrator t=2026-09-13T11:46:13.777045532Z level=info msg="Executing migration" id="create resource_migration_log table"
2026-09-13T11:46:13.778074876Z logger=resource-migrator t=2026-09-13T11:46:13.777964241Z level=info msg="Migration successfully executed" id="create resource_migration_log table" duration=918.113µs
2026-09-13T11:46:13.785532843Z logger=resource-migrator t=2026-09-13T11:46:13.78524373Z level=info msg="Executing migration" id="Initialize resource tables"
2026-09-13T11:46:13.785599133Z logger=resource-migrator t=2026-09-13T11:46:13.785369442Z level=info msg="Migration successfully executed" id="Initialize resource tables" duration=130.02µs
2026-09-13T11:46:13.793349285Z logger=resource-migrator t=2026-09-13T11:46:13.793188267Z level=info msg="Executing migration" id="drop table resource"
2026-09-13T11:46:13.793718173Z logger=resource-migrator t=2026-09-13T11:46:13.793481157Z level=info msg="Migration successfully executed" id="drop table resource" duration=291.958µs
2026-09-13T11:46:13.802277140Z logger=resource-migrator t=2026-09-13T11:46:13.800562478Z level=info msg="Executing migration" id="create table resource"
2026-09-13T11:46:13.802299025Z logger=resource-migrator t=2026-09-13T11:46:13.801826864Z level=info msg="Migration successfully executed" id="create table resource" duration=1.264922ms
2026-09-13T11:46:13.809001864Z logger=resource-migrator t=2026-09-13T11:46:13.808875116Z level=info msg="Executing migration" id="create table resource, index: 0"
2026-09-13T11:46:13.810366037Z logger=resource-migrator t=2026-09-13T11:46:13.81025256Z level=info msg="Migration successfully executed" id="create table resource, index: 0" duration=1.377455ms
2026-09-13T11:46:13.817451265Z logger=resource-migrator t=2026-09-13T11:46:13.81731449Z level=info msg="Executing migration" id="drop table resource_history"
2026-09-13T11:46:13.818172048Z logger=resource-migrator t=2026-09-13T11:46:13.817649781Z level=info msg="Migration successfully executed" id="drop table resource_history" duration=337.225µs
2026-09-13T11:46:13.825030255Z logger=resource-migrator t=2026-09-13T11:46:13.824836357Z level=info msg="Executing migration" id="create table resource_history"
2026-09-13T11:46:13.826840086Z logger=resource-migrator t=2026-09-13T11:46:13.826596393Z level=info msg="Migration successfully executed" id="create table resource_history" duration=1.755873ms
2026-09-13T11:46:13.834422127Z logger=resource-migrator t=2026-09-13T11:46:13.834026104Z level=info msg="Executing migration" id="create table resource_history, index: 0"
2026-09-13T11:46:13.835665563Z logger=resource-migrator t=2026-09-13T11:46:13.835518349Z level=info msg="Migration successfully executed" id="create table resource_history, index: 0" duration=1.488858ms
2026-09-13T11:46:13.842551391Z logger=resource-migrator t=2026-09-13T11:46:13.842407867Z level=info msg="Executing migration" id="create table resource_history, index: 1"
2026-09-13T11:46:13.844176706Z logger=resource-migrator t=2026-09-13T11:46:13.843844833Z level=info msg="Migration successfully executed" id="create table resource_history, index: 1" duration=1.441188ms
2026-09-13T11:46:13.851088125Z logger=resource-migrator t=2026-09-13T11:46:13.850946387Z level=info msg="Executing migration" id="drop table resource_version"
2026-09-13T11:46:13.851243013Z logger=resource-migrator t=2026-09-13T11:46:13.851091859Z level=info msg="Migration successfully executed" id="drop table resource_version" duration=147.764µs
2026-09-13T11:46:13.859481142Z logger=resource-migrator t=2026-09-13T11:46:13.858092805Z level=info msg="Executing migration" id="create table resource_version"
2026-09-13T11:46:13.859509716Z logger=resource-migrator t=2026-09-13T11:46:13.859091947Z level=info msg="Migration successfully executed" id="create table resource_version" duration=997.912µs
2026-09-13T11:46:13.866025705Z logger=resource-migrator t=2026-09-13T11:46:13.865808595Z level=info msg="Executing migration" id="create table resource_version, index: 0"
2026-09-13T11:46:13.867252296Z logger=resource-migrator t=2026-09-13T11:46:13.86713874Z level=info msg="Migration successfully executed" id="create table resource_version, index: 0" duration=1.329767ms
2026-09-13T11:46:13.874695342Z logger=resource-migrator t=2026-09-13T11:46:13.874436487Z level=info msg="Executing migration" id="drop table resource_blob"
2026-09-13T11:46:13.874952844Z logger=resource-migrator t=2026-09-13T11:46:13.874638332Z level=info msg="Migration successfully executed" id="drop table resource_blob" duration=201.631µs
2026-09-13T11:46:13.881809112Z logger=resource-migrator t=2026-09-13T11:46:13.881521017Z level=info msg="Executing migration" id="create table resource_blob"
2026-09-13T11:46:13.883231415Z logger=resource-migrator t=2026-09-13T11:46:13.883059089Z level=info msg="Migration successfully executed" id="create table resource_blob" duration=1.535671ms
2026-09-13T11:46:13.890426061Z logger=resource-migrator t=2026-09-13T11:46:13.890222986Z level=info msg="Executing migration" id="create table resource_blob, index: 0"
2026-09-13T11:46:13.891823540Z logger=resource-migrator t=2026-09-13T11:46:13.891646408Z level=info msg="Migration successfully executed" id="create table resource_blob, index: 0" duration=1.42364ms
2026-09-13T11:46:13.898839307Z logger=resource-migrator t=2026-09-13T11:46:13.89863414Z level=info msg="Executing migration" id="create table resource_blob, index: 1"
2026-09-13T11:46:13.900260919Z logger=resource-migrator t=2026-09-13T11:46:13.899992266Z level=info msg="Migration successfully executed" id="create table resource_blob, index: 1" duration=1.359022ms
2026-09-13T11:46:13.906967250Z logger=resource-migrator t=2026-09-13T11:46:13.906764298Z level=info msg="Executing migration" id="Add column previous_resource_version in resource_history"
2026-09-13T11:46:13.914367482Z logger=resource-migrator t=2026-09-13T11:46:13.914167865Z level=info msg="Migration successfully executed" id="Add column previous_resource_version in resource_history" duration=7.40081ms
2026-09-13T11:46:13.921280075Z logger=resource-migrator t=2026-09-13T11:46:13.921089325Z level=info msg="Executing migration" id="Add column previous_resource_version in resource"
2026-09-13T11:46:13.928899255Z logger=resource-migrator t=2026-09-13T11:46:13.928764974Z level=info msg="Migration successfully executed" id="Add column previous_resource_version in resource" duration=7.672303ms
2026-09-13T11:46:13.935596719Z logger=resource-migrator t=2026-09-13T11:46:13.935435763Z level=info msg="Executing migration" id="Add index to resource_history for polling"
2026-09-13T11:46:13.937014972Z logger=resource-migrator t=2026-09-13T11:46:13.936857516Z level=info msg="Migration successfully executed" id="Add index to resource_history for polling" duration=1.421871ms
2026-09-13T11:46:13.943753345Z logger=resource-migrator t=2026-09-13T11:46:13.943610263Z level=info msg="Executing migration" id="Add index to resource for loading"
2026-09-13T11:46:13.945358213Z logger=resource-migrator t=2026-09-13T11:46:13.945227402Z level=info msg="Migration successfully executed" id="Add index to resource for loading" duration=1.615274ms
2026-09-13T11:46:13.952725253Z logger=resource-migrator t=2026-09-13T11:46:13.952467275Z level=info msg="Executing migration" id="Add column folder in resource_history"
2026-09-13T11:46:13.961634572Z logger=resource-migrator t=2026-09-13T11:46:13.961441945Z level=info msg="Migration successfully executed" id="Add column folder in resource_history" duration=8.975323ms
2026-09-13T11:46:13.968914584Z logger=resource-migrator t=2026-09-13T11:46:13.96863237Z level=info msg="Executing migration" id="Add column folder in resource"
2026-09-13T11:46:13.979375947Z logger=resource-migrator t=2026-09-13T11:46:13.979124315Z level=info msg="Migration successfully executed" id="Add column folder in resource" duration=10.489848ms
2026-09-13T11:46:13.986575805Z logger=resource-migrator t=2026-09-13T11:46:13.986294553Z level=info msg="Executing migration" id="Migrate DeletionMarkers to real Resource objects"
2026-09-13T11:46:13.986602027Z logger=deletion-marker-migrator t=2026-09-13T11:46:13.986357052Z level=info msg="finding any deletion markers"
2026-09-13T11:46:13.987075025Z logger=resource-migrator t=2026-09-13T11:46:13.986927803Z level=info msg="Migration successfully executed" id="Migrate DeletionMarkers to real Resource objects" duration=634.441µs
2026-09-13T11:46:13.994486154Z logger=resource-migrator t=2026-09-13T11:46:13.994205873Z level=info msg="migrations completed" performed=23 skipped=0 duration=217.223434ms
2026-09-13T11:46:13.995199097Z logger=resource-migrator t=2026-09-13T11:46:13.99505373Z level=info msg="Unlocking database"
2026-09-13T11:46:13.995217479Z logger=sql-resource-server t=2026-09-13T11:46:13.995131483Z level=info msg="Using channel notifier"
2026-09-13T11:46:14.005840815Z logger=plugin.store t=2026-09-13T11:46:14.005720146Z level=info msg="Loading plugins..."
2026-09-13T11:46:14.051634143Z logger=plugin.store t=2026-09-13T11:46:14.051454765Z level=info msg="Plugins loaded" count=55 duration=45.73602ms
2026-09-13T11:46:14.057038866Z logger=query_data t=2026-09-13T11:46:14.056896073Z level=info msg="Query Service initialization"
2026-09-13T11:46:14.061797383Z logger=live.push_http t=2026-09-13T11:46:14.061325796Z level=info msg="Live Push Gateway initialization"
2026-09-13T11:46:14.076479510Z logger=ngalert.notifier.alertmanager org=1 t=2026-09-13T11:46:14.075655669Z level=info msg="Applying new configuration to Alertmanager" configHash=d2c56faca6af2a5772ff4253222f7386
2026-09-13T11:46:14.086621908Z logger=ngalert t=2026-09-13T11:46:14.086400408Z level=info msg="Using simple database alert instance store"
2026-09-13T11:46:14.086648482Z logger=ngalert.state.manager.persist t=2026-09-13T11:46:14.086443981Z level=info msg="Using sync state persister"
2026-09-13T11:46:14.086652871Z logger=ngalert.state.manager t=2026-09-13T11:46:14.08649721Z level=info msg="Running in alternative execution of Error/NoData mode"
2026-09-13T11:46:14.090767303Z logger=infra.usagestats.collector t=2026-09-13T11:46:14.088817756Z level=info msg="registering usage stat providers" usageStatsProvidersLen=2
2026-09-13T11:46:14.090807648Z logger=grafanaStorageLogger t=2026-09-13T11:46:14.089625256Z level=info msg="Storage starting"
2026-09-13T11:46:14.092192523Z logger=http.server t=2026-09-13T11:46:14.091969466Z level=info msg="HTTP Server Listen" address=[::]:3000 protocol=http subUrl= socket=
2026-09-13T11:46:14.092416374Z logger=ngalert.state.manager t=2026-09-13T11:46:14.092289425Z level=info msg="Warming state cache for startup"
2026-09-13T11:46:14.111695589Z logger=ngalert.multiorg.alertmanager t=2026-09-13T11:46:14.11155628Z level=info msg="Starting MultiOrg Alertmanager"
2026-09-13T11:46:14.118084835Z logger=plugin.backgroundinstaller t=2026-09-13T11:46:14.117918295Z level=info msg="Installing plugin" pluginId=grafana-lokiexplore-app version=
2026-09-13T11:46:14.217813174Z logger=plugins.update.checker t=2026-09-13T11:46:14.216992716Z level=info msg="Update check succeeded" duration=107.200924ms
2026-09-13T11:46:14.224632322Z logger=grafana.update.checker t=2026-09-13T11:46:14.224480723Z level=info msg="Update check succeeded" duration=115.876167ms
2026-09-13T11:46:14.241778178Z logger=provisioning.datasources t=2026-09-13T11:46:14.241449386Z level=info msg="inserting datasource from configuration" name=InfluxDB uid=P951FEA4DE68E13C5
2026-09-13T11:46:14.263055423Z logger=secrets t=2026-09-13T11:46:14.262876941Z level=error msg="Failed to get current data key" error="database is locked" label=2026-09-13/root@secretKey.v1
2026-09-13T11:46:14.278766362Z logger=sqlstore.transactions t=2026-09-13T11:46:14.276664629Z level=info msg="Database locked, sleeping then retrying" error="database is locked" retry=0 code="database is locked"
2026-09-13T11:46:14.283140064Z logger=ngalert.state.manager t=2026-09-13T11:46:14.282979162Z level=info msg="State cache has been initialized" states=0 duration=190.687557ms
2026-09-13T11:46:14.284741947Z logger=ngalert.scheduler t=2026-09-13T11:46:14.284144153Z level=info msg="Starting scheduler" tickInterval=10s maxAttempts=3
2026-09-13T11:46:14.284767795Z logger=ticker t=2026-09-13T11:46:14.284198467Z level=info msg=starting first_tick=2026-09-13T11:46:20Z
2026-09-13T11:46:14.334776427Z logger=sqlstore.transactions t=2026-09-13T11:46:14.33387584Z level=info msg="Database locked, sleeping then retrying" error="database is locked" retry=0 code="database is locked"
2026-09-13T11:46:14.344759166Z logger=sqlstore.transactions t=2026-09-13T11:46:14.344570747Z level=info msg="Database locked, sleeping then retrying" error="database is locked" retry=1 code="database is locked"
2026-09-13T11:46:14.448872385Z logger=plugin.angulardetectorsprovider.dynamic t=2026-09-13T11:46:14.447497914Z level=info msg="Patterns update finished" duration=197.236009ms
2026-09-13T11:46:14.448897188Z logger=provisioning.plugins t=2026-09-13T11:46:14.448367329Z level=error msg="Failed to read plugin provisioning files from directory" path=/etc/grafana/provisioning/plugins error="open /etc/grafana/provisioning/plugins: no such file or directory"
2026-09-13T11:46:14.448902049Z logger=provisioning.alerting t=2026-09-13T11:46:14.448416397Z level=error msg="can't read alerting provisioning files from directory" path=/etc/grafana/provisioning/alerting error="open /etc/grafana/provisioning/alerting: no such file or directory"
2026-09-13T11:46:14.448924344Z logger=provisioning.alerting t=2026-09-13T11:46:14.448423689Z level=info msg="starting to provision alerting"
2026-09-13T11:46:14.448928002Z logger=provisioning.alerting t=2026-09-13T11:46:14.448439392Z level=info msg="finished to provision alerting"
2026-09-13T11:46:14.449824185Z logger=provisioning.dashboard t=2026-09-13T11:46:14.449745525Z level=info msg="starting to provision dashboards"
2026-09-13T11:46:14.493599215Z logger=plugin.installer t=2026-09-13T11:46:14.493244569Z level=info msg="Installing plugin" pluginId=grafana-lokiexplore-app version=
2026-09-13T11:46:14.518471061Z logger=provisioning.dashboard t=2026-09-13T11:46:14.518343433Z level=info msg="finished to provision dashboards"
2026-09-13T11:46:14.761959259Z logger=installer.fs t=2026-09-13T11:46:14.761811472Z level=info msg="Downloaded and extracted grafana-lokiexplore-app v1.0.39 zip successfully to /var/lib/grafana/plugins/grafana-lokiexplore-app"
2026-09-13T11:46:14.764729355Z logger=grafana-apiserver t=2026-09-13T11:46:14.764546411Z level=info msg="Adding GroupVersion userstorage.grafana.app v0alpha1 to ResourceManager"
2026-09-13T11:46:14.766385739Z logger=grafana-apiserver t=2026-09-13T11:46:14.765701565Z level=info msg="Adding GroupVersion playlist.grafana.app v0alpha1 to ResourceManager"
2026-09-13T11:46:14.766699332Z logger=grafana-apiserver t=2026-09-13T11:46:14.766526258Z level=info msg="Adding GroupVersion featuretoggle.grafana.app v0alpha1 to ResourceManager"
2026-09-13T11:46:14.769737221Z logger=grafana-apiserver t=2026-09-13T11:46:14.76872078Z level=info msg="Adding GroupVersion iam.grafana.app v0alpha1 to ResourceManager"
2026-09-13T11:46:14.771711477Z logger=grafana-apiserver t=2026-09-13T11:46:14.771357306Z level=info msg="Adding GroupVersion notifications.alerting.grafana.app v0alpha1 to ResourceManager"
2026-09-13T11:46:14.842241510Z logger=app-registry t=2026-09-13T11:46:14.841962159Z level=info msg="app registry initialized"
2026-09-13T11:46:14.889364672Z logger=plugins.registration t=2026-09-13T11:46:14.889236845Z level=info msg="Plugin registered" pluginId=grafana-lokiexplore-app
2026-09-13T11:46:14.889394042Z logger=plugin.backgroundinstaller t=2026-09-13T11:46:14.889274271Z level=info msg="Plugin successfully installed" pluginId=grafana-lokiexplore-app version= duration=771.32759ms
2026-09-13T11:46:14.889454447Z logger=plugin.backgroundinstaller t=2026-09-13T11:46:14.889298212Z level=info msg="Installing plugin" pluginId=grafana-pyroscope-app version=
2026-09-13T11:46:14.969906857Z logger=plugin.installer t=2026-09-13T11:46:14.969718426Z level=info msg="Installing plugin" pluginId=grafana-pyroscope-app version=
2026-09-13T11:46:15.048530077Z logger=installer.fs t=2026-09-13T11:46:15.04836308Z level=info msg="Downloaded and extracted grafana-pyroscope-app v1.17.0 zip successfully to /var/lib/grafana/plugins/grafana-pyroscope-app"
2026-09-13T11:46:15.093864720Z logger=plugins.registration t=2026-09-13T11:46:15.09373486Z level=info msg="Plugin registered" pluginId=grafana-pyroscope-app
2026-09-13T11:46:15.093892885Z logger=plugin.backgroundinstaller t=2026-09-13T11:46:15.093770397Z level=info msg="Plugin successfully installed" pluginId=grafana-pyroscope-app version= duration=204.445377ms
2026-09-13T11:48:11.109646680Z logger=infra.usagestats t=2026-09-13T11:48:11.109433954Z level=info msg="Usage stats are ready to report"
2026-09-13T11:56:14.115294040Z logger=cleanup t=2026-09-13T11:56:14.115132175Z level=info msg="Completed cleanup jobs" duration=7.530107ms
2026-09-13T11:56:14.119702427Z logger=sqlstore.transactions t=2026-09-13T11:56:14.118685424Z level=info msg="Database locked, sleeping then retrying" error="database is locked" retry=0 code="database is locked"
2026-09-13T11:56:14.239576240Z logger=plugins.update.checker t=2026-09-13T11:56:14.239418378Z level=info msg="Update check succeeded" duration=21.94621ms
2026-09-13T12:01:14.075921888Z logger=sqlstore.transactions t=2026-09-13T12:01:14.075738036Z level=info msg="Database locked, sleeping then retrying" error="database is locked" retry=0 code="database is locked"
2026-09-13T12:06:14.121410362Z logger=cleanup t=2026-09-13T12:06:14.121261147Z level=info msg="Completed cleanup jobs" duration=13.705984ms
2026-09-13T12:06:14.245808066Z logger=plugins.update.checker t=2026-09-13T12:06:14.245634919Z level=info msg="Update check succeeded" duration=27.576806ms
2026-09-13T12:16:14.119450197Z logger=cleanup t=2026-09-13T12:16:14.119302233Z level=info msg="Completed cleanup jobs" duration=12.401783ms
2026-09-13T12:16:14.239783661Z logger=plugins.update.checker t=2026-09-13T12:16:14.23959827Z level=info msg="Update check succeeded" duration=22.113673ms
2026-09-13T12:18:11.120976924Z logger=infra.usagestats t=2026-09-13T12:18:11.120821896Z level=info msg="Usage stats are ready to report"
2026-09-13T12:26:14.121356840Z logger=cleanup t=2026-09-13T12:26:14.121175989Z level=info msg="Completed cleanup jobs" duration=13.302639ms
2026-09-13T12:26:14.239447950Z logger=plugins.update.checker t=2026-09-13T12:26:14.239246735Z level=info msg="Update check succeeded" duration=21.958417ms
2026-09-13T12:36:14.121188671Z logger=cleanup t=2026-09-13T12:36:14.121046073Z level=info msg="Completed cleanup jobs" duration=13.155208ms
2026-09-13T12:36:14.241507940Z logger=plugins.update.checker t=2026-09-13T12:36:14.241135458Z level=info msg="Update check succeeded" duration=23.688266ms
2026-09-13T12:46:14.138434797Z logger=cleanup t=2026-09-13T12:46:14.138216339Z level=info msg="Completed cleanup jobs" duration=31.025373ms
2026-09-13T12:46:14.243380104Z logger=plugins.update.checker t=2026-09-13T12:46:14.24323684Z level=info msg="Update check succeeded" duration=25.327572ms
2026-09-13T12:48:11.116487744Z logger=infra.usagestats t=2026-09-13T12:48:11.116200585Z level=info msg="Usage stats are ready to report"
2026-09-13T12:56:14.120991386Z logger=cleanup t=2026-09-13T12:56:14.120841208Z level=info msg="Completed cleanup jobs" duration=12.596122ms
2026-09-13T12:56:14.244061386Z logger=plugins.update.checker t=2026-09-13T12:56:14.24391465Z level=info msg="Update check succeeded" duration=26.365909ms
2026-09-13T13:06:14.143806848Z logger=cleanup t=2026-09-13T13:06:14.143493416Z level=info msg="Completed cleanup jobs" duration=35.494629ms
2026-09-13T13:06:14.254828909Z logger=plugins.update.checker t=2026-09-13T13:06:14.254689013Z level=info msg="Update check succeeded" duration=36.832069ms
2026-09-13T13:16:14.127837054Z logger=cleanup t=2026-09-13T13:16:14.127655637Z level=info msg="Completed cleanup jobs" duration=20.660963ms
2026-09-13T13:16:14.244154780Z logger=plugins.update.checker t=2026-09-13T13:16:14.243892587Z level=info msg="Update check succeeded" duration=26.710857ms
2026-09-13T13:18:11.116821559Z logger=infra.usagestats t=2026-09-13T13:18:11.116589191Z level=info msg="Usage stats are ready to report"
2026-09-13T13:26:14.140636507Z logger=cleanup t=2026-09-13T13:26:14.140467947Z level=info msg="Completed cleanup jobs" duration=32.677344ms
2026-09-13T13:26:14.253446746Z logger=plugins.update.checker t=2026-09-13T13:26:14.252895713Z level=info msg="Update check succeeded" duration=35.175058ms
2026-09-13T13:36:14.122209606Z logger=cleanup t=2026-09-13T13:36:14.122069978Z level=info msg="Completed cleanup jobs" duration=14.102735ms
2026-09-13T13:36:14.240458749Z logger=plugins.update.checker t=2026-09-13T13:36:14.240316207Z level=info msg="Update check succeeded" duration=22.252427ms
2026-09-13T13:46:14.129293970Z logger=cleanup t=2026-09-13T13:46:14.129110258Z level=info msg="Completed cleanup jobs" duration=22.211868ms
2026-09-13T13:46:14.242588616Z logger=plugins.update.checker t=2026-09-13T13:46:14.24240192Z level=info msg="Update check succeeded" duration=24.63868ms
2026-09-13T13:48:11.116236586Z logger=infra.usagestats t=2026-09-13T13:48:11.116086439Z level=info msg="Usage stats are ready to report"
2026-09-13T13:56:14.121295940Z logger=cleanup t=2026-09-13T13:56:14.121142926Z level=info msg="Completed cleanup jobs" duration=13.25142ms
2026-09-13T13:56:14.239289989Z logger=plugins.update.checker t=2026-09-13T13:56:14.239141542Z level=info msg="Update check succeeded" duration=21.834243ms
2026-09-13T14:06:14.121488130Z logger=cleanup t=2026-09-13T14:06:14.121333915Z level=info msg="Completed cleanup jobs" duration=14.037729ms
2026-09-13T14:06:14.240842841Z logger=plugins.update.checker t=2026-09-13T14:06:14.240655054Z level=info msg="Update check succeeded" duration=23.121755ms
2026-09-13T14:16:14.123892688Z logger=cleanup t=2026-09-13T14:16:14.119879654Z level=info msg="Completed cleanup jobs" duration=12.85311ms
2026-09-13T14:16:14.242044771Z logger=plugins.update.checker t=2026-09-13T14:16:14.241884347Z level=info msg="Update check succeeded" duration=23.989368ms
2026-09-13T14:18:11.115944071Z logger=infra.usagestats t=2026-09-13T14:18:11.115796032Z level=info msg="Usage stats are ready to report"
2026-09-13T14:26:14.120496511Z logger=cleanup t=2026-09-13T14:26:14.120359659Z level=info msg="Completed cleanup jobs" duration=13.263328ms
2026-09-13T14:26:14.245287797Z logger=plugins.update.checker t=2026-09-13T14:26:14.245109534Z level=info msg="Update check succeeded" duration=27.247119ms
2026-09-13T14:36:14.131020017Z logger=cleanup t=2026-09-13T14:36:14.13087206Z level=info msg="Completed cleanup jobs" duration=23.715261ms
2026-09-13T14:36:14.242300452Z logger=plugins.update.checker t=2026-09-13T14:36:14.242130272Z level=info msg="Update check succeeded" duration=24.091616ms
2026-09-13T14:46:14.135586895Z logger=cleanup t=2026-09-13T14:46:14.135425732Z level=info msg="Completed cleanup jobs" duration=28.505451ms
2026-09-13T14:46:14.242508918Z logger=plugins.update.checker t=2026-09-13T14:46:14.242344702Z level=info msg="Update check succeeded" duration=24.655587ms
2026-09-13T14:48:11.115805990Z logger=infra.usagestats t=2026-09-13T14:48:11.115591474Z level=info msg="Usage stats are ready to report"
2026-09-13T14:56:14.126219717Z logger=cleanup t=2026-09-13T14:56:14.125842938Z level=info msg="Completed cleanup jobs" duration=18.291366ms
2026-09-13T14:56:14.250787694Z logger=plugins.update.checker t=2026-09-13T14:56:14.25063513Z level=info msg="Update check succeeded" duration=32.694804ms
2026-09-13T15:06:14.120723095Z logger=cleanup t=2026-09-13T15:06:14.120552934Z level=info msg="Completed cleanup jobs" duration=13.120971ms
2026-09-13T15:06:14.244407510Z logger=plugins.update.checker t=2026-09-13T15:06:14.244262643Z level=info msg="Update check succeeded" duration=26.570352ms
2026-09-13T15:16:14.120942616Z logger=cleanup t=2026-09-13T15:16:14.120805185Z level=info msg="Completed cleanup jobs" duration=13.604255ms
2026-09-13T15:16:14.269875028Z logger=plugins.update.checker t=2026-09-13T15:16:14.269633949Z level=info msg="Update check succeeded" duration=52.11657ms
2026-09-13T15:18:11.117181498Z logger=infra.usagestats t=2026-09-13T15:18:11.116947058Z level=info msg="Usage stats are ready to report"
2026-09-13T15:26:14.121988643Z logger=cleanup t=2026-09-13T15:26:14.121830375Z level=info msg="Completed cleanup jobs" duration=14.864033ms
2026-09-13T15:26:14.245348000Z logger=plugins.update.checker t=2026-09-13T15:26:14.245165707Z level=info msg="Update check succeeded" duration=27.319568ms
2026-09-13T15:36:14.147005861Z logger=cleanup t=2026-09-13T15:36:14.146837574Z level=info msg="Completed cleanup jobs" duration=39.482973ms
2026-09-13T15:36:14.240603523Z logger=plugins.update.checker t=2026-09-13T15:36:14.240397017Z level=info msg="Update check succeeded" duration=22.691396ms
2026-09-13T15:46:14.137051153Z logger=cleanup t=2026-09-13T15:46:14.136899707Z level=info msg="Completed cleanup jobs" duration=29.968368ms
2026-09-13T15:46:14.242519370Z logger=plugins.update.checker t=2026-09-13T15:46:14.242361676Z level=info msg="Update check succeeded" duration=25.102459ms
2026-09-13T15:48:11.119693324Z logger=infra.usagestats t=2026-09-13T15:48:11.116434015Z level=info msg="Usage stats are ready to report"
2026-09-13T15:56:14.139682239Z logger=cleanup t=2026-09-13T15:56:14.139386543Z level=info msg="Completed cleanup jobs" duration=31.526867ms
2026-09-13T15:56:14.240443123Z logger=plugins.update.checker t=2026-09-13T15:56:14.239921042Z level=info msg="Update check succeeded" duration=21.933644ms
2026-09-13T16:06:14.150267999Z logger=cleanup t=2026-09-13T16:06:14.150085088Z level=info msg="Completed cleanup jobs" duration=41.698414ms
2026-09-13T16:06:14.247454984Z logger=plugins.update.checker t=2026-09-13T16:06:14.247051061Z level=info msg="Update check succeeded" duration=28.326523ms
2026-09-13T16:16:14.129847368Z logger=cleanup t=2026-09-13T16:16:14.12964179Z level=info msg="Completed cleanup jobs" duration=21.703535ms
2026-09-13T16:16:14.239788262Z logger=plugins.update.checker t=2026-09-13T16:16:14.23964281Z level=info msg="Update check succeeded" duration=22.471704ms
2026-09-13T16:18:11.116829147Z logger=infra.usagestats t=2026-09-13T16:18:11.11664917Z level=info msg="Usage stats are ready to report"
2026-09-13T16:26:14.127953351Z logger=cleanup t=2026-09-13T16:26:14.127405221Z level=info msg="Completed cleanup jobs" duration=19.82495ms
2026-09-13T16:26:14.242591188Z logger=plugins.update.checker t=2026-09-13T16:26:14.242448297Z level=info msg="Update check succeeded" duration=24.82645ms
2026-09-13T16:36:14.121652076Z logger=cleanup t=2026-09-13T16:36:14.12149694Z level=info msg="Completed cleanup jobs" duration=13.938408ms
2026-09-13T16:36:14.238319353Z logger=plugins.update.checker t=2026-09-13T16:36:14.238170825Z level=info msg="Update check succeeded" duration=20.112359ms
2026-09-13T16:46:14.143630609Z logger=cleanup t=2026-09-13T16:46:14.143488253Z level=info msg="Completed cleanup jobs" duration=35.430522ms
2026-09-13T16:46:14.240133211Z logger=plugins.update.checker t=2026-09-13T16:46:14.239918203Z level=info msg="Update check succeeded" duration=22.442031ms
2026-09-13T16:48:11.115528896Z logger=infra.usagestats t=2026-09-13T16:48:11.115388701Z level=info msg="Usage stats are ready to report"
2026-09-13T16:56:14.121242772Z logger=cleanup t=2026-09-13T16:56:14.121098203Z level=info msg="Completed cleanup jobs" duration=13.359643ms
2026-09-13T16:56:14.242828939Z logger=plugins.update.checker t=2026-09-13T16:56:14.242652357Z level=info msg="Update check succeeded" duration=24.740428ms
2026-09-13T17:06:14.151249973Z logger=cleanup t=2026-09-13T17:06:14.151084108Z level=info msg="Completed cleanup jobs" duration=44.076363ms
2026-09-13T17:06:14.238658137Z logger=plugins.update.checker t=2026-09-13T17:06:14.238511609Z level=info msg="Update check succeeded" duration=20.919946ms
2026-09-13T17:16:14.122080774Z logger=cleanup t=2026-09-13T17:16:14.121893744Z level=info msg="Completed cleanup jobs" duration=14.713503ms
2026-09-13T17:16:14.240249736Z logger=plugins.update.checker t=2026-09-13T17:16:14.239972785Z level=info msg="Update check succeeded" duration=22.520795ms
2026-09-13T17:18:11.118253800Z logger=infra.usagestats t=2026-09-13T17:18:11.117782256Z level=info msg="Usage stats are ready to report"
2026-09-13T17:26:14.121492328Z logger=cleanup t=2026-09-13T17:26:14.121317684Z level=info msg="Completed cleanup jobs" duration=14.038929ms
2026-09-13T17:26:14.290893540Z logger=plugins.update.checker t=2026-09-13T17:26:14.290737573Z level=info msg="Update check succeeded" duration=73.560858ms
2026-09-13T17:36:14.121933067Z logger=cleanup t=2026-09-13T17:36:14.121581932Z level=info msg="Completed cleanup jobs" duration=14.240534ms
2026-09-13T17:36:14.243044431Z logger=plugins.update.checker t=2026-09-13T17:36:14.242882906Z level=info msg="Update check succeeded" duration=24.678298ms
2026-09-13T17:46:14.155850257Z logger=cleanup t=2026-09-13T17:46:14.155702525Z level=info msg="Completed cleanup jobs" duration=39.65696ms
2026-09-13T17:46:14.239726460Z logger=plugins.update.checker t=2026-09-13T17:46:14.23949105Z level=info msg="Update check succeeded" duration=22.301505ms
2026-09-13T17:48:11.115949679Z logger=infra.usagestats t=2026-09-13T17:48:11.115810794Z level=info msg="Usage stats are ready to report"
2026-09-13T17:56:14.150548464Z logger=cleanup t=2026-09-13T17:56:14.150292051Z level=info msg="Completed cleanup jobs" duration=43.36294ms
2026-09-13T17:56:14.241787960Z logger=plugins.update.checker t=2026-09-13T17:56:14.241608051Z level=info msg="Update check succeeded" duration=24.514517ms
2026-09-13T18:06:14.121751809Z logger=cleanup t=2026-09-13T18:06:14.121595161Z level=info msg="Completed cleanup jobs" duration=13.497644ms
2026-09-13T18:06:14.244633484Z logger=plugins.update.checker t=2026-09-13T18:06:14.244484545Z level=info msg="Update check succeeded" duration=26.911508ms
2026-09-13T18:16:14.120570894Z logger=cleanup t=2026-09-13T18:16:14.120334078Z level=info msg="Completed cleanup jobs" duration=13.273207ms
2026-09-13T18:16:14.245432024Z logger=plugins.update.checker t=2026-09-13T18:16:14.245263216Z level=info msg="Update check succeeded" duration=27.550258ms
2026-09-13T18:18:11.122656373Z logger=infra.usagestats t=2026-09-13T18:18:11.122515789Z level=info msg="Usage stats are ready to report"
2026-09-13T18:26:14.150021183Z logger=cleanup t=2026-09-13T18:26:14.149783358Z level=info msg="Completed cleanup jobs" duration=42.25496ms
2026-09-13T18:26:14.245738878Z logger=plugins.update.checker t=2026-09-13T18:26:14.245556921Z level=info msg="Update check succeeded" duration=28.470375ms
2026-09-13T18:36:14.124412472Z logger=cleanup t=2026-09-13T18:36:14.124267509Z level=info msg="Completed cleanup jobs" duration=16.29917ms
2026-09-13T18:36:14.245106522Z logger=plugins.update.checker t=2026-09-13T18:36:14.244938422Z level=info msg="Update check succeeded" duration=27.228022ms
2026-09-13T18:46:14.151013128Z logger=cleanup t=2026-09-13T18:46:14.150835497Z level=info msg="Completed cleanup jobs" duration=43.941475ms
2026-09-13T18:46:14.251090840Z logger=plugins.update.checker t=2026-09-13T18:46:14.250933728Z level=info msg="Update check succeeded" duration=33.574818ms
2026-09-13T18:48:11.116300380Z logger=infra.usagestats t=2026-09-13T18:48:11.116148747Z level=info msg="Usage stats are ready to report"
2026-09-13T18:56:14.131902857Z logger=cleanup t=2026-09-13T18:56:14.131738341Z level=info msg="Completed cleanup jobs" duration=23.860758ms
2026-09-13T18:56:14.243755093Z logger=plugins.update.checker t=2026-09-13T18:56:14.243577082Z level=info msg="Update check succeeded" duration=25.750495ms
2026-09-13T19:06:14.124377981Z logger=cleanup t=2026-09-13T19:06:14.124195259Z level=info msg="Completed cleanup jobs" duration=17.028744ms
2026-09-13T19:06:14.245579066Z logger=plugins.update.checker t=2026-09-13T19:06:14.245418976Z level=info msg="Update check succeeded" duration=27.594689ms
2026-09-13T19:16:14.148779844Z logger=cleanup t=2026-09-13T19:16:14.148567176Z level=info msg="Completed cleanup jobs" duration=41.379781ms
2026-09-13T19:16:14.242479242Z logger=plugins.update.checker t=2026-09-13T19:16:14.242315788Z level=info msg="Update check succeeded" duration=24.292279ms
2026-09-13T19:18:11.118288006Z logger=infra.usagestats t=2026-09-13T19:18:11.117984985Z level=info msg="Usage stats are ready to report"
2026-09-13T19:26:14.131292197Z logger=cleanup t=2026-09-13T19:26:14.131142022Z level=info msg="Completed cleanup jobs" duration=23.540216ms
2026-09-13T19:26:14.244301327Z logger=plugins.update.checker t=2026-09-13T19:26:14.244125887Z level=info msg="Update check succeeded" duration=26.756009ms
2026-09-13T19:36:14.121939534Z logger=cleanup t=2026-09-13T19:36:14.121793859Z level=info msg="Completed cleanup jobs" duration=14.033188ms
2026-09-13T19:36:14.242395978Z logger=plugins.update.checker t=2026-09-13T19:36:14.242232229Z level=info msg="Update check succeeded" duration=24.582211ms
2026-09-13T19:46:14.130588229Z logger=cleanup t=2026-09-13T19:46:14.130391601Z level=info msg="Completed cleanup jobs" duration=22.453311ms
2026-09-13T19:46:14.244180116Z logger=plugins.update.checker t=2026-09-13T19:46:14.243965482Z level=info msg="Update check succeeded" duration=25.955845ms
2026-09-13T19:48:11.116327607Z logger=infra.usagestats t=2026-09-13T19:48:11.115945251Z level=info msg="Usage stats are ready to report"
2026-09-13T19:56:14.153397769Z logger=cleanup t=2026-09-13T19:56:14.153179043Z level=info msg="Completed cleanup jobs" duration=45.268803ms
2026-09-13T19:56:14.264500278Z logger=plugins.update.checker t=2026-09-13T19:56:14.264348488Z level=info msg="Update check succeeded" duration=46.704714ms
2026-09-13T20:06:14.133262412Z logger=cleanup t=2026-09-13T20:06:14.132997104Z level=info msg="Completed cleanup jobs" duration=25.682543ms
2026-09-13T20:06:14.246643027Z logger=plugins.update.checker t=2026-09-13T20:06:14.246396297Z level=info msg="Update check succeeded" duration=28.458064ms
2026-09-13T20:16:14.157308487Z logger=cleanup t=2026-09-13T20:16:14.157105675Z level=info msg="Completed cleanup jobs" duration=49.945141ms
2026-09-13T20:16:14.247840716Z logger=plugins.update.checker t=2026-09-13T20:16:14.247690576Z level=info msg="Update check succeeded" duration=29.997507ms
2026-09-13T20:18:11.116166603Z logger=infra.usagestats t=2026-09-13T20:18:11.115801254Z level=info msg="Usage stats are ready to report"
2026-09-13T20:26:14.121279793Z logger=cleanup t=2026-09-13T20:26:14.121134521Z level=info msg="Completed cleanup jobs" duration=13.231448ms
2026-09-13T20:26:14.246543150Z logger=plugins.update.checker t=2026-09-13T20:26:14.246395982Z level=info msg="Update check succeeded" duration=28.956772ms
2026-09-13T20:36:14.121383472Z logger=cleanup t=2026-09-13T20:36:14.121244002Z level=info msg="Completed cleanup jobs" duration=13.261915ms
2026-09-13T20:36:14.251317080Z logger=plugins.update.checker t=2026-09-13T20:36:14.251165771Z level=info msg="Update check succeeded" duration=34.104781ms
2026-09-13T20:46:14.133358210Z logger=cleanup t=2026-09-13T20:46:14.133143281Z level=info msg="Completed cleanup jobs" duration=24.726094ms
2026-09-13T20:46:14.243837835Z logger=plugins.update.checker t=2026-09-13T20:46:14.243639742Z level=info msg="Update check succeeded" duration=26.10427ms
2026-09-13T20:48:11.116043693Z logger=infra.usagestats t=2026-09-13T20:48:11.115844488Z level=info msg="Usage stats are ready to report"
2026-09-13T20:56:14.121368039Z logger=cleanup t=2026-09-13T20:56:14.121221731Z level=info msg="Completed cleanup jobs" duration=13.433105ms
2026-09-13T20:56:14.267499134Z logger=plugins.update.checker t=2026-09-13T20:56:14.266998354Z level=info msg="Update check succeeded" duration=49.030722ms
2026-09-13T21:06:14.131745550Z logger=cleanup t=2026-09-13T21:06:14.131574042Z level=info msg="Completed cleanup jobs" duration=23.683515ms
2026-09-13T21:06:14.247559666Z logger=plugins.update.checker t=2026-09-13T21:06:14.247378145Z level=info msg="Update check succeeded" duration=29.56313ms
2026-09-13T21:16:14.156358965Z logger=cleanup t=2026-09-13T21:16:14.155849154Z level=info msg="Completed cleanup jobs" duration=48.831653ms
2026-09-13T21:16:14.248654274Z logger=plugins.update.checker t=2026-09-13T21:16:14.248478884Z level=info msg="Update check succeeded" duration=31.311672ms
2026-09-13T21:18:11.116300681Z logger=infra.usagestats t=2026-09-13T21:18:11.11615663Z level=info msg="Usage stats are ready to report"
2026-09-13T21:26:14.120942294Z logger=cleanup t=2026-09-13T21:26:14.120776051Z level=info msg="Completed cleanup jobs" duration=13.594911ms
2026-09-13T21:26:14.242845276Z logger=plugins.update.checker t=2026-09-13T21:26:14.242011507Z level=info msg="Update check succeeded" duration=24.303497ms
2026-09-13T21:36:14.115230390Z logger=cleanup t=2026-09-13T21:36:14.115054681Z level=info msg="Completed cleanup jobs" duration=6.801471ms
2026-09-13T21:36:14.242873259Z logger=plugins.update.checker t=2026-09-13T21:36:14.242733109Z level=info msg="Update check succeeded" duration=25.525095ms
2026-09-13T21:46:14.166301344Z logger=cleanup t=2026-09-13T21:46:14.166109027Z level=info msg="Completed cleanup jobs" duration=59.143914ms
2026-09-13T21:46:14.249550132Z logger=plugins.update.checker t=2026-09-13T21:46:14.249394502Z level=info msg="Update check succeeded" duration=31.577569ms
2026-09-13T21:48:11.116873127Z logger=infra.usagestats t=2026-09-13T21:48:11.116625801Z level=info msg="Usage stats are ready to report"
2026-09-13T21:56:14.123029655Z logger=cleanup t=2026-09-13T21:56:14.122829482Z level=info msg="Completed cleanup jobs" duration=15.45954ms
2026-09-13T21:56:14.242341662Z logger=plugins.update.checker t=2026-09-13T21:56:14.24216689Z level=info msg="Update check succeeded" duration=24.816839ms
2026-09-13T22:06:14.122227732Z logger=cleanup t=2026-09-13T22:06:14.122008032Z level=info msg="Completed cleanup jobs" duration=14.052042ms
2026-09-13T22:06:14.245643832Z logger=plugins.update.checker t=2026-09-13T22:06:14.24548087Z level=info msg="Update check succeeded" duration=28.129905ms
2026-09-13T22:16:14.121263668Z logger=cleanup t=2026-09-13T22:16:14.121117013Z level=info msg="Completed cleanup jobs" duration=13.181554ms
2026-09-13T22:16:14.241661194Z logger=plugins.update.checker t=2026-09-13T22:16:14.241497215Z level=info msg="Update check succeeded" duration=23.96976ms
2026-09-13T22:18:11.116514013Z logger=infra.usagestats t=2026-09-13T22:18:11.116224968Z level=info msg="Usage stats are ready to report"
2026-09-13T22:26:14.121547835Z logger=cleanup t=2026-09-13T22:26:14.121393588Z level=info msg="Completed cleanup jobs" duration=13.470839ms
2026-09-13T22:26:14.240827652Z logger=plugins.update.checker t=2026-09-13T22:26:14.240644029Z level=info msg="Update check succeeded" duration=22.83598ms
2026-09-13T22:36:14.121253583Z logger=cleanup t=2026-09-13T22:36:14.12110673Z level=info msg="Completed cleanup jobs" duration=13.271813ms
2026-09-13T22:36:14.241300986Z logger=plugins.update.checker t=2026-09-13T22:36:14.241107318Z level=info msg="Update check succeeded" duration=24.033704ms
2026-09-13T22:46:14.137920669Z logger=cleanup t=2026-09-13T22:46:14.13777191Z level=info msg="Completed cleanup jobs" duration=29.756179ms
2026-09-13T22:46:14.243369061Z logger=plugins.update.checker t=2026-09-13T22:46:14.243231868Z level=info msg="Update check succeeded" duration=25.394954ms
2026-09-13T22:48:11.115834769Z logger=infra.usagestats t=2026-09-13T22:48:11.115687124Z level=info msg="Usage stats are ready to report"
2026-09-13T22:56:14.121593593Z logger=cleanup t=2026-09-13T22:56:14.121404762Z level=info msg="Completed cleanup jobs" duration=14.018766ms
2026-09-13T22:56:14.245454388Z logger=plugins.update.checker t=2026-09-13T22:56:14.245301829Z level=info msg="Update check succeeded" duration=27.261654ms
2026-09-13T23:06:14.131741817Z logger=cleanup t=2026-09-13T23:06:14.131587096Z level=info msg="Completed cleanup jobs" duration=24.419577ms
2026-09-13T23:06:14.248554672Z logger=plugins.update.checker t=2026-09-13T23:06:14.248404411Z level=info msg="Update check succeeded" duration=30.862959ms
2026-09-13T23:16:14.119966843Z logger=cleanup t=2026-09-13T23:16:14.119820894Z level=info msg="Completed cleanup jobs" duration=12.888856ms
2026-09-13T23:16:14.245156995Z logger=plugins.update.checker t=2026-09-13T23:16:14.244984472Z level=info msg="Update check succeeded" duration=27.031115ms
2026-09-13T23:18:11.116098052Z logger=infra.usagestats t=2026-09-13T23:18:11.115901192Z level=info msg="Usage stats are ready to report"
2026-09-13T23:26:14.123945844Z logger=cleanup t=2026-09-13T23:26:14.123748032Z level=info msg="Completed cleanup jobs" duration=16.193845ms
2026-09-13T23:26:14.245023106Z logger=plugins.update.checker t=2026-09-13T23:26:14.244878367Z level=info msg="Update check succeeded" duration=27.726532ms
2026-09-13T23:36:14.147884778Z logger=cleanup t=2026-09-13T23:36:14.147701516Z level=info msg="Completed cleanup jobs" duration=39.412072ms
2026-09-13T23:36:14.255784737Z logger=plugins.update.checker t=2026-09-13T23:36:14.255619627Z level=info msg="Update check succeeded" duration=37.862512ms
2026-09-13T23:46:14.154845912Z logger=cleanup t=2026-09-13T23:46:14.154694397Z level=info msg="Completed cleanup jobs" duration=47.806466ms
2026-09-13T23:46:14.241074000Z logger=plugins.update.checker t=2026-09-13T23:46:14.240890619Z level=info msg="Update check succeeded" duration=23.128883ms
2026-09-13T23:48:11.115835034Z logger=infra.usagestats t=2026-09-13T23:48:11.115689205Z level=info msg="Usage stats are ready to report"
2026-09-13T23:56:14.120647268Z logger=cleanup t=2026-09-13T23:56:14.120491745Z level=info msg="Completed cleanup jobs" duration=13.243773ms
2026-09-13T23:56:14.241683658Z logger=plugins.update.checker t=2026-09-13T23:56:14.241487577Z level=info msg="Update check succeeded" duration=23.218734ms
2026-09-14T00:06:14.130966162Z logger=cleanup t=2026-09-14T00:06:14.130813161Z level=info msg="Completed cleanup jobs" duration=23.583763ms
2026-09-14T00:06:14.239412548Z logger=plugins.update.checker t=2026-09-14T00:06:14.239268283Z level=info msg="Update check succeeded" duration=21.816651ms
2026-09-14T00:16:14.119537339Z logger=cleanup t=2026-09-14T00:16:14.119374031Z level=info msg="Completed cleanup jobs" duration=11.717ms
2026-09-14T00:16:14.244134240Z logger=plugins.update.checker t=2026-09-14T00:16:14.243903959Z level=info msg="Update check succeeded" duration=26.177804ms
2026-09-14T00:18:11.115793587Z logger=infra.usagestats t=2026-09-14T00:18:11.115587968Z level=info msg="Usage stats are ready to report"
2026-09-14T00:26:14.121601866Z logger=cleanup t=2026-09-14T00:26:14.121378523Z level=info msg="Completed cleanup jobs" duration=14.122638ms
2026-09-14T00:26:14.250694909Z logger=plugins.update.checker t=2026-09-14T00:26:14.250198632Z level=info msg="Update check succeeded" duration=32.645554ms
2026-09-14T00:36:14.122416373Z logger=cleanup t=2026-09-14T00:36:14.122226835Z level=info msg="Completed cleanup jobs" duration=13.972341ms
2026-09-14T00:36:14.241835854Z logger=plugins.update.checker t=2026-09-14T00:36:14.241692984Z level=info msg="Update check succeeded" duration=24.28664ms
2026-09-14T00:46:14.126504168Z logger=cleanup t=2026-09-14T00:46:14.126337224Z level=info msg="Completed cleanup jobs" duration=19.451607ms
2026-09-14T00:46:14.242000902Z logger=plugins.update.checker t=2026-09-14T00:46:14.241224868Z level=info msg="Update check succeeded" duration=23.304805ms
2026-09-14T00:48:11.115337806Z logger=infra.usagestats t=2026-09-14T00:48:11.115200074Z level=info msg="Usage stats are ready to report"
2026-09-14T00:56:14.121167120Z logger=cleanup t=2026-09-14T00:56:14.121017473Z level=info msg="Completed cleanup jobs" duration=13.129365ms
2026-09-14T00:56:14.242607297Z logger=plugins.update.checker t=2026-09-14T00:56:14.242435685Z level=info msg="Update check succeeded" duration=24.564821ms
2026-09-14T01:06:14.121717018Z logger=cleanup t=2026-09-14T01:06:14.121552529Z level=info msg="Completed cleanup jobs" duration=13.575133ms
2026-09-14T01:06:14.244512401Z logger=plugins.update.checker t=2026-09-14T01:06:14.244172914Z level=info msg="Update check succeeded" duration=26.06307ms
2026-09-14T01:16:14.120522350Z logger=cleanup t=2026-09-14T01:16:14.120340564Z level=info msg="Completed cleanup jobs" duration=13.249449ms
2026-09-14T01:16:14.246825642Z logger=plugins.update.checker t=2026-09-14T01:16:14.24669325Z level=info msg="Update check succeeded" duration=29.006815ms
2026-09-14T01:18:11.117252200Z logger=infra.usagestats t=2026-09-14T01:18:11.116875821Z level=info msg="Usage stats are ready to report"
2026-09-14T01:26:14.120517309Z logger=cleanup t=2026-09-14T01:26:14.120364525Z level=info msg="Completed cleanup jobs" duration=13.097866ms
2026-09-14T01:26:14.241197727Z logger=plugins.update.checker t=2026-09-14T01:26:14.241019613Z level=info msg="Update check succeeded" duration=23.286156ms
2026-09-14T01:36:14.131533222Z logger=cleanup t=2026-09-14T01:36:14.131375517Z level=info msg="Completed cleanup jobs" duration=23.771118ms
2026-09-14T01:36:14.263736593Z logger=plugins.update.checker t=2026-09-14T01:36:14.263530343Z level=info msg="Update check succeeded" duration=45.673573ms
2026-09-14T01:46:14.151546271Z logger=cleanup t=2026-09-14T01:46:14.151408434Z level=info msg="Completed cleanup jobs" duration=44.496131ms
2026-09-14T01:46:14.242036996Z logger=plugins.update.checker t=2026-09-14T01:46:14.241882779Z level=info msg="Update check succeeded" duration=23.78121ms
2026-09-14T01:48:11.115632459Z logger=infra.usagestats t=2026-09-14T01:48:11.115316923Z level=info msg="Usage stats are ready to report"
2026-09-14T01:56:14.121623687Z logger=cleanup t=2026-09-14T01:56:14.121474309Z level=info msg="Completed cleanup jobs" duration=13.995545ms
2026-09-14T01:56:14.247314481Z logger=plugins.update.checker t=2026-09-14T01:56:14.24715303Z level=info msg="Update check succeeded" duration=29.528783ms
2026-09-14T02:06:14.120752272Z logger=cleanup t=2026-09-14T02:06:14.12058429Z level=info msg="Completed cleanup jobs" duration=13.266031ms
2026-09-14T02:06:14.240650091Z logger=plugins.update.checker t=2026-09-14T02:06:14.240501455Z level=info msg="Update check succeeded" duration=22.432055ms
2026-09-14T02:16:14.119426143Z logger=cleanup t=2026-09-14T02:16:14.119261294Z level=info msg="Completed cleanup jobs" duration=12.089817ms
2026-09-14T02:16:14.243081826Z logger=plugins.update.checker t=2026-09-14T02:16:14.242937057Z level=info msg="Update check succeeded" duration=24.996454ms
2026-09-14T02:18:11.116537351Z logger=infra.usagestats t=2026-09-14T02:18:11.116316513Z level=info msg="Usage stats are ready to report"
2026-09-14T02:26:14.121144639Z logger=cleanup t=2026-09-14T02:26:14.121001063Z level=info msg="Completed cleanup jobs" duration=13.277897ms
2026-09-14T02:26:14.243328875Z logger=plugins.update.checker t=2026-09-14T02:26:14.243136308Z level=info msg="Update check succeeded" duration=26.020238ms
2026-09-14T02:36:14.132978751Z logger=cleanup t=2026-09-14T02:36:14.132778844Z level=info msg="Completed cleanup jobs" duration=24.854405ms
2026-09-14T02:36:14.243706014Z logger=plugins.update.checker t=2026-09-14T02:36:14.24349807Z level=info msg="Update check succeeded" duration=25.831985ms
2026-09-14T02:46:14.120206677Z logger=cleanup t=2026-09-14T02:46:14.119928047Z level=info msg="Completed cleanup jobs" duration=12.760793ms
2026-09-14T02:46:14.239735054Z logger=plugins.update.checker t=2026-09-14T02:46:14.239533365Z level=info msg="Update check succeeded" duration=21.801355ms
2026-09-14T02:48:11.116482198Z logger=infra.usagestats t=2026-09-14T02:48:11.116337866Z level=info msg="Usage stats are ready to report"
2026-09-14T02:56:14.130968195Z logger=cleanup t=2026-09-14T02:56:14.130823907Z level=info msg="Completed cleanup jobs" duration=23.565366ms
2026-09-14T02:56:14.250341908Z logger=plugins.update.checker t=2026-09-14T02:56:14.250194266Z level=info msg="Update check succeeded" duration=32.818739ms
2026-09-14T03:06:14.121894247Z logger=cleanup t=2026-09-14T03:06:14.121739564Z level=info msg="Completed cleanup jobs" duration=13.887302ms
2026-09-14T03:06:14.241048009Z logger=plugins.update.checker t=2026-09-14T03:06:14.24086503Z level=info msg="Update check succeeded" duration=23.011737ms
2026-09-14T03:16:14.110135805Z logger=cleanup t=2026-09-14T03:16:14.10996532Z level=info msg="Completed cleanup jobs" duration=2.79584ms
2026-09-14T03:16:14.245615698Z logger=plugins.update.checker t=2026-09-14T03:16:14.245461368Z level=info msg="Update check succeeded" duration=27.519141ms
2026-09-14T03:18:11.115620705Z logger=infra.usagestats t=2026-09-14T03:18:11.115471357Z level=info msg="Usage stats are ready to report"
2026-09-14T03:26:14.121286868Z logger=cleanup t=2026-09-14T03:26:14.121109898Z level=info msg="Completed cleanup jobs" duration=13.192034ms
2026-09-14T03:26:14.237833051Z logger=plugins.update.checker t=2026-09-14T03:26:14.237685565Z level=info msg="Update check succeeded" duration=19.669858ms
2026-09-14T03:36:14.121483268Z logger=cleanup t=2026-09-14T03:36:14.121328727Z level=info msg="Completed cleanup jobs" duration=13.343961ms
2026-09-14T03:36:14.240835886Z logger=plugins.update.checker t=2026-09-14T03:36:14.240653797Z level=info msg="Update check succeeded" duration=22.515388ms
2026-09-14T03:46:14.127537908Z logger=cleanup t=2026-09-14T03:46:14.127385839Z level=info msg="Completed cleanup jobs" duration=20.034328ms
2026-09-14T03:46:14.244931785Z logger=plugins.update.checker t=2026-09-14T03:46:14.244421078Z level=info msg="Update check succeeded" duration=26.884415ms
2026-09-14T03:48:11.116628148Z logger=infra.usagestats t=2026-09-14T03:48:11.116483972Z level=info msg="Usage stats are ready to report"
2026-09-14T03:56:14.124350888Z logger=cleanup t=2026-09-14T03:56:14.123956191Z level=info msg="Completed cleanup jobs" duration=16.910798ms
2026-09-14T03:56:14.239940676Z logger=plugins.update.checker t=2026-09-14T03:56:14.23978127Z level=info msg="Update check succeeded" duration=22.149238ms
2026-09-14T04:06:14.132007551Z logger=cleanup t=2026-09-14T04:06:14.131867424Z level=info msg="Completed cleanup jobs" duration=23.90939ms
2026-09-14T04:06:14.239953140Z logger=plugins.update.checker t=2026-09-14T04:06:14.239813822Z level=info msg="Update check succeeded" duration=21.940953ms
2026-09-14T04:16:14.121344073Z logger=cleanup t=2026-09-14T04:16:14.12103882Z level=info msg="Completed cleanup jobs" duration=13.591125ms
2026-09-14T04:16:14.240330655Z logger=plugins.update.checker t=2026-09-14T04:16:14.240179211Z level=info msg="Update check succeeded" duration=22.620639ms
2026-09-14T04:18:11.115980211Z logger=infra.usagestats t=2026-09-14T04:18:11.115651037Z level=info msg="Usage stats are ready to report"
2026-09-14T04:26:14.121303526Z logger=cleanup t=2026-09-14T04:26:14.121127293Z level=info msg="Completed cleanup jobs" duration=13.267898ms
2026-09-14T04:26:14.257641258Z logger=plugins.update.checker t=2026-09-14T04:26:14.257464077Z level=info msg="Update check succeeded" duration=39.588029ms
2026-09-14T04:36:14.133832873Z logger=cleanup t=2026-09-14T04:36:14.133597856Z level=info msg="Completed cleanup jobs" duration=25.722264ms
2026-09-14T04:36:14.241941167Z logger=plugins.update.checker t=2026-09-14T04:36:14.241789295Z level=info msg="Update check succeeded" duration=24.370977ms
2026-09-14T04:46:14.136278273Z logger=cleanup t=2026-09-14T04:46:14.135975077Z level=info msg="Completed cleanup jobs" duration=28.842796ms
2026-09-14T04:46:14.245337850Z logger=plugins.update.checker t=2026-09-14T04:46:14.245187938Z level=info msg="Update check succeeded" duration=27.276823ms
2026-09-14T04:48:11.115574847Z logger=infra.usagestats t=2026-09-14T04:48:11.115432491Z level=info msg="Usage stats are ready to report"
2026-09-14T04:56:14.112256064Z logger=cleanup t=2026-09-14T04:56:14.111852868Z level=info msg="Completed cleanup jobs" duration=4.447702ms
2026-09-14T04:56:14.247319846Z logger=plugins.update.checker t=2026-09-14T04:56:14.247008873Z level=info msg="Update check succeeded" duration=29.05869ms
2026-09-14T05:06:14.121710867Z logger=cleanup t=2026-09-14T05:06:14.121553803Z level=info msg="Completed cleanup jobs" duration=14.132962ms
2026-09-14T05:06:14.370339797Z logger=plugins.update.checker t=2026-09-14T05:06:14.370113856Z level=info msg="Update check succeeded" duration=152.74231ms
2026-09-14T05:16:14.120574871Z logger=cleanup t=2026-09-14T05:16:14.120391629Z level=info msg="Completed cleanup jobs" duration=13.312736ms
2026-09-14T05:16:14.243080740Z logger=plugins.update.checker t=2026-09-14T05:16:14.242907198Z level=info msg="Update check succeeded" duration=25.069349ms
2026-09-14T05:18:11.117395177Z logger=infra.usagestats t=2026-09-14T05:18:11.117216186Z level=info msg="Usage stats are ready to report"
2026-09-14T05:26:14.124285257Z logger=cleanup t=2026-09-14T05:26:14.123870667Z level=info msg="Completed cleanup jobs" duration=16.921809ms
2026-09-14T05:26:14.239847947Z logger=plugins.update.checker t=2026-09-14T05:26:14.239698799Z level=info msg="Update check succeeded" duration=21.655563ms
2026-09-14T05:36:14.129190868Z logger=cleanup t=2026-09-14T05:36:14.129012665Z level=info msg="Completed cleanup jobs" duration=21.792913ms
2026-09-14T05:36:14.239779327Z logger=plugins.update.checker t=2026-09-14T05:36:14.239637953Z level=info msg="Update check succeeded" duration=21.888509ms
2026-09-14T05:46:14.137023239Z logger=cleanup t=2026-09-14T05:46:14.136857386Z level=info msg="Completed cleanup jobs" duration=29.955301ms
2026-09-14T05:46:14.243746294Z logger=plugins.update.checker t=2026-09-14T05:46:14.243597792Z level=info msg="Update check succeeded" duration=25.698439ms
2026-09-14T05:48:11.116764804Z logger=infra.usagestats t=2026-09-14T05:48:11.116606892Z level=info msg="Usage stats are ready to report"
2026-09-14T05:56:14.121627041Z logger=cleanup t=2026-09-14T05:56:14.121481919Z level=info msg="Completed cleanup jobs" duration=13.752477ms
2026-09-14T05:56:14.245728306Z logger=plugins.update.checker t=2026-09-14T05:56:14.245559949Z level=info msg="Update check succeeded" duration=27.57093ms
2026-09-14T06:06:14.120940852Z logger=cleanup t=2026-09-14T06:06:14.120781534Z level=info msg="Completed cleanup jobs" duration=13.405822ms
2026-09-14T06:06:14.269441506Z logger=plugins.update.checker t=2026-09-14T06:06:14.269211213Z level=info msg="Update check succeeded" duration=51.523359ms
2026-09-14T06:16:14.120717646Z logger=cleanup t=2026-09-14T06:16:14.120557072Z level=info msg="Completed cleanup jobs" duration=13.216263ms
2026-09-14T06:16:14.241685300Z logger=plugins.update.checker t=2026-09-14T06:16:14.24153268Z level=info msg="Update check succeeded" duration=23.728623ms
2026-09-14T06:18:11.116447832Z logger=infra.usagestats t=2026-09-14T06:18:11.116300582Z level=info msg="Usage stats are ready to report"
2026-09-14T06:26:14.121528992Z logger=cleanup t=2026-09-14T06:26:14.121366143Z level=info msg="Completed cleanup jobs" duration=13.424752ms
2026-09-14T06:26:14.240284506Z logger=plugins.update.checker t=2026-09-14T06:26:14.240097543Z level=info msg="Update check succeeded" duration=22.601448ms
2026-09-14T06:36:14.115431322Z logger=cleanup t=2026-09-14T06:36:14.115284835Z level=info msg="Completed cleanup jobs" duration=7.730708ms
2026-09-14T06:36:14.248270992Z logger=plugins.update.checker t=2026-09-14T06:36:14.248019442Z level=info msg="Update check succeeded" duration=30.309561ms
2026-09-14T06:46:14.128515971Z logger=cleanup t=2026-09-14T06:46:14.128370677Z level=info msg="Completed cleanup jobs" duration=21.189139ms
2026-09-14T06:46:14.243096366Z logger=plugins.update.checker t=2026-09-14T06:46:14.242938181Z level=info msg="Update check succeeded" duration=25.840985ms
2026-09-14T06:48:11.116008517Z logger=infra.usagestats t=2026-09-14T06:48:11.115860607Z level=info msg="Usage stats are ready to report"
2026-09-14T06:56:14.121455625Z logger=cleanup t=2026-09-14T06:56:14.12130734Z level=info msg="Completed cleanup jobs" duration=13.427514ms
2026-09-14T06:56:14.237782814Z logger=plugins.update.checker t=2026-09-14T06:56:14.237638225Z level=info msg="Update check succeeded" duration=19.492444ms
2026-09-14T07:06:14.122019579Z logger=cleanup t=2026-09-14T07:06:14.121858981Z level=info msg="Completed cleanup jobs" duration=14.418075ms
2026-09-14T07:06:14.241231834Z logger=plugins.update.checker t=2026-09-14T07:06:14.24105855Z level=info msg="Update check succeeded" duration=23.373422ms
2026-09-14T07:16:14.110360739Z logger=cleanup t=2026-09-14T07:16:14.110195375Z level=info msg="Completed cleanup jobs" duration=3.011112ms
2026-09-14T07:16:14.260392782Z logger=plugins.update.checker t=2026-09-14T07:16:14.260169694Z level=info msg="Update check succeeded" duration=42.691692ms
2026-09-14T07:18:11.117027199Z logger=infra.usagestats t=2026-09-14T07:18:11.116870768Z level=info msg="Usage stats are ready to report"
2026-09-14T07:26:14.121453031Z logger=cleanup t=2026-09-14T07:26:14.12130568Z level=info msg="Completed cleanup jobs" duration=13.459986ms
2026-09-14T07:26:14.241342397Z logger=plugins.update.checker t=2026-09-14T07:26:14.241202544Z level=info msg="Update check succeeded" duration=23.484897ms
2026-09-14T07:36:14.121349882Z logger=cleanup t=2026-09-14T07:36:14.121168987Z level=info msg="Completed cleanup jobs" duration=13.322479ms
2026-09-14T07:36:14.239140883Z logger=plugins.update.checker t=2026-09-14T07:36:14.238995738Z level=info msg="Update check succeeded" duration=21.020502ms
2026-09-14T07:46:14.128572117Z logger=cleanup t=2026-09-14T07:46:14.128355878Z level=info msg="Completed cleanup jobs" duration=21.397153ms
2026-09-14T07:46:14.244478607Z logger=plugins.update.checker t=2026-09-14T07:46:14.244253319Z level=info msg="Update check succeeded" duration=26.385239ms
2026-09-14T07:48:11.116980780Z logger=infra.usagestats t=2026-09-14T07:48:11.116644515Z level=info msg="Usage stats are ready to report"
2026-09-14T07:56:14.122812763Z logger=cleanup t=2026-09-14T07:56:14.122621581Z level=info msg="Completed cleanup jobs" duration=14.7426ms
2026-09-14T07:56:14.237993043Z logger=plugins.update.checker t=2026-09-14T07:56:14.237822395Z level=info msg="Update check succeeded" duration=20.358125ms
2026-09-14T08:06:14.131433049Z logger=cleanup t=2026-09-14T08:06:14.131276559Z level=info msg="Completed cleanup jobs" duration=23.461409ms
2026-09-14T08:06:14.242181324Z logger=plugins.update.checker t=2026-09-14T08:06:14.242019842Z level=info msg="Update check succeeded" duration=24.300597ms
2026-09-14T08:16:14.137817345Z logger=cleanup t=2026-09-14T08:16:14.137634397Z level=info msg="Completed cleanup jobs" duration=30.601525ms
2026-09-14T08:16:14.244784918Z logger=plugins.update.checker t=2026-09-14T08:16:14.244519994Z level=info msg="Update check succeeded" duration=26.297412ms
2026-09-14T08:18:11.115786740Z logger=infra.usagestats t=2026-09-14T08:18:11.115612041Z level=info msg="Usage stats are ready to report"
2026-09-14T08:26:14.121116398Z logger=cleanup t=2026-09-14T08:26:14.120978369Z level=info msg="Completed cleanup jobs" duration=13.429395ms
2026-09-14T08:26:14.244921033Z logger=plugins.update.checker t=2026-09-14T08:26:14.244735632Z level=info msg="Update check succeeded" duration=26.847785ms
2026-09-14T08:36:14.121030674Z logger=cleanup t=2026-09-14T08:36:14.120858611Z level=info msg="Completed cleanup jobs" duration=13.29276ms
2026-09-14T08:36:14.244339152Z logger=plugins.update.checker t=2026-09-14T08:36:14.244135498Z level=info msg="Update check succeeded" duration=26.329101ms
2026-09-14T08:46:14.120345056Z logger=cleanup t=2026-09-14T08:46:14.120030475Z level=info msg="Completed cleanup jobs" duration=13.014475ms
2026-09-14T08:46:14.239463830Z logger=plugins.update.checker t=2026-09-14T08:46:14.239289716Z level=info msg="Update check succeeded" duration=21.546799ms
2026-09-14T08:48:11.116888514Z logger=infra.usagestats t=2026-09-14T08:48:11.116740349Z level=info msg="Usage stats are ready to report"
2026-09-14T08:56:14.121542558Z logger=cleanup t=2026-09-14T08:56:14.121391006Z level=info msg="Completed cleanup jobs" duration=13.628929ms
2026-09-14T08:56:14.242075741Z logger=plugins.update.checker t=2026-09-14T08:56:14.241928761Z level=info msg="Update check succeeded" duration=23.839446ms
2026-09-14T09:06:14.120460587Z logger=cleanup t=2026-09-14T09:06:14.120292935Z level=info msg="Completed cleanup jobs" duration=13.358409ms
2026-09-14T09:06:14.244571646Z logger=plugins.update.checker t=2026-09-14T09:06:14.244003031Z level=info msg="Update check succeeded" duration=26.933125ms
2026-09-14T09:16:14.120526343Z logger=cleanup t=2026-09-14T09:16:14.120355536Z level=info msg="Completed cleanup jobs" duration=13.438781ms
2026-09-14T09:16:14.243354014Z logger=plugins.update.checker t=2026-09-14T09:16:14.243204321Z level=info msg="Update check succeeded" duration=26.133165ms
2026-09-14T09:18:11.116225092Z logger=infra.usagestats t=2026-09-14T09:18:11.115868076Z level=info msg="Usage stats are ready to report"
2026-09-14T09:26:14.158935014Z logger=cleanup t=2026-09-14T09:26:14.15855945Z level=info msg="Completed cleanup jobs" duration=51.546764ms
2026-09-14T09:26:14.244746512Z logger=plugins.update.checker t=2026-09-14T09:26:14.244284285Z level=info msg="Update check succeeded" duration=26.220545ms
2026-09-14T09:36:14.136511766Z logger=cleanup t=2026-09-14T09:36:14.136245132Z level=info msg="Completed cleanup jobs" duration=29.048295ms
2026-09-14T09:36:14.239977508Z logger=plugins.update.checker t=2026-09-14T09:36:14.239784916Z level=info msg="Update check succeeded" duration=22.658024ms
2026-09-14T09:46:14.121019836Z logger=cleanup t=2026-09-14T09:46:14.120836655Z level=info msg="Completed cleanup jobs" duration=13.77855ms
2026-09-14T09:46:14.236412099Z logger=plugins.update.checker t=2026-09-14T09:46:14.236266176Z level=info msg="Update check succeeded" duration=18.876471ms
2026-09-14T09:48:11.117865169Z logger=infra.usagestats t=2026-09-14T09:48:11.11753476Z level=info msg="Usage stats are ready to report"
2026-09-14T09:56:14.121635290Z logger=cleanup t=2026-09-14T09:56:14.121477141Z level=info msg="Completed cleanup jobs" duration=14.554608ms
2026-09-14T09:56:14.240238415Z logger=plugins.update.checker t=2026-09-14T09:56:14.239925631Z level=info msg="Update check succeeded" duration=21.936607ms
2026-09-14T10:06:14.121086332Z logger=cleanup t=2026-09-14T10:06:14.12093781Z level=info msg="Completed cleanup jobs" duration=13.795766ms
2026-09-14T10:06:14.244396465Z logger=plugins.update.checker t=2026-09-14T10:06:14.24139844Z level=info msg="Update check succeeded" duration=23.884964ms
2026-09-14T10:16:14.119333441Z logger=cleanup t=2026-09-14T10:16:14.119167438Z level=info msg="Completed cleanup jobs" duration=12.10397ms
2026-09-14T10:16:14.263339769Z logger=plugins.update.checker t=2026-09-14T10:16:14.263196846Z level=info msg="Update check succeeded" duration=45.299578ms
2026-09-14T10:18:11.117502569Z logger=infra.usagestats t=2026-09-14T10:18:11.117090316Z level=info msg="Usage stats are ready to report"
2026-09-14T10:26:14.121444988Z logger=cleanup t=2026-09-14T10:26:14.121261972Z level=info msg="Completed cleanup jobs" duration=13.411578ms
2026-09-14T10:26:14.243030030Z logger=plugins.update.checker t=2026-09-14T10:26:14.242864819Z level=info msg="Update check succeeded" duration=25.344231ms
2026-09-14T10:36:14.121318598Z logger=cleanup t=2026-09-14T10:36:14.121155443Z level=info msg="Completed cleanup jobs" duration=14.163614ms
2026-09-14T10:36:14.241299803Z logger=plugins.update.checker t=2026-09-14T10:36:14.241154196Z level=info msg="Update check succeeded" duration=23.736847ms
2026-09-14T10:46:14.121006131Z logger=cleanup t=2026-09-14T10:46:14.120849411Z level=info msg="Completed cleanup jobs" duration=13.466679ms
2026-09-14T10:46:14.246072566Z logger=plugins.update.checker t=2026-09-14T10:46:14.245934202Z level=info msg="Update check succeeded" duration=28.467639ms
2026-09-14T10:48:11.123730507Z logger=infra.usagestats t=2026-09-14T10:48:11.122593247Z level=info msg="Usage stats are ready to report"
2026-09-14T10:56:14.122211118Z logger=cleanup t=2026-09-14T10:56:14.122053395Z level=info msg="Completed cleanup jobs" duration=14.23306ms
2026-09-14T10:56:14.242140851Z logger=plugins.update.checker t=2026-09-14T10:56:14.241914412Z level=info msg="Update check succeeded" duration=24.094813ms
2026-09-14T11:06:14.121189284Z logger=cleanup t=2026-09-14T11:06:14.120994472Z level=info msg="Completed cleanup jobs" duration=13.507361ms
2026-09-14T11:06:14.238909199Z logger=plugins.update.checker t=2026-09-14T11:06:14.238752932Z level=info msg="Update check succeeded" duration=21.025323ms
2026-09-14T11:16:14.131846244Z logger=cleanup t=2026-09-14T11:16:14.13168638Z level=info msg="Completed cleanup jobs" duration=24.341924ms
2026-09-14T11:16:14.241573632Z logger=plugins.update.checker t=2026-09-14T11:16:14.241427359Z level=info msg="Update check succeeded" duration=23.839685ms
2026-09-14T11:18:11.119357846Z logger=infra.usagestats t=2026-09-14T11:18:11.118910277Z level=info msg="Usage stats are ready to report"
2026-09-14T11:26:14.121391275Z logger=cleanup t=2026-09-14T11:26:14.121190057Z level=info msg="Completed cleanup jobs" duration=13.5497ms
2026-09-14T11:26:14.248473385Z logger=plugins.update.checker t=2026-09-14T11:26:14.248304842Z level=info msg="Update check succeeded" duration=30.369051ms
2026-09-14T11:36:14.124827296Z logger=cleanup t=2026-09-14T11:36:14.124550254Z level=info msg="Completed cleanup jobs" duration=17.587893ms
2026-09-14T11:36:14.245985938Z logger=plugins.update.checker t=2026-09-14T11:36:14.245778843Z level=info msg="Update check succeeded" duration=28.194786ms
2026-09-14T11:46:14.143170712Z logger=cleanup t=2026-09-14T11:46:14.142998001Z level=info msg="Completed cleanup jobs" duration=35.579803ms
2026-09-14T11:46:14.228957174Z logger=infra.usagestats.collector t=2026-09-14T11:46:14.228816041Z level=error msg="Failed to read all Amazon Prometheus data sources" error="plugin grafana-amazonprometheus-datasource not found"
2026-09-14T11:46:14.228991455Z logger=infra.usagestats t=2026-09-14T11:46:14.228853678Z level=error msg="Failed to fetch usage stats from provider" error="plugin grafana-amazonprometheus-datasource not found" duration=29.137633ms function=github.com/grafana/grafana/pkg/infra/usagestats/statscollector.(*Service).collectPrometheusFlavors-fm
2026-09-14T11:46:14.240787032Z logger=plugins.update.checker t=2026-09-14T11:46:14.240643422Z level=info msg="Update check succeeded" duration=23.189072ms
2026-09-14T11:46:14.253951324Z logger=grafana.update.checker t=2026-09-14T11:46:14.253734189Z level=info msg="Update check succeeded" duration=28.764173ms
2026-09-14T11:46:14.347245187Z logger=infra.usagestats t=2026-09-14T11:46:14.346969934Z level=info msg="Sent usage stats" duration=220.387724ms
2026-09-14T11:48:11.115143448Z logger=infra.usagestats t=2026-09-14T11:48:11.114982222Z level=info msg="Usage stats are ready to report"
2026-09-14T11:56:14.121267561Z logger=cleanup t=2026-09-14T11:56:14.121124898Z level=info msg="Completed cleanup jobs" duration=13.305604ms
2026-09-14T11:56:14.243332722Z logger=plugins.update.checker t=2026-09-14T11:56:14.243173991Z level=info msg="Update check succeeded" duration=25.452752ms
2026-09-14T12:06:14.131803302Z logger=cleanup t=2026-09-14T12:06:14.131565672Z level=info msg="Completed cleanup jobs" duration=23.796849ms
2026-09-14T12:06:14.243595368Z logger=plugins.update.checker t=2026-09-14T12:06:14.243430535Z level=info msg="Update check succeeded" duration=25.422413ms
2026-09-14T12:16:14.120395830Z logger=cleanup t=2026-09-14T12:16:14.120230782Z level=info msg="Completed cleanup jobs" duration=13.180379ms
2026-09-14T12:16:14.241550380Z logger=plugins.update.checker t=2026-09-14T12:16:14.241400819Z level=info msg="Update check succeeded" duration=23.759676ms
2026-09-14T12:18:11.116638415Z logger=infra.usagestats t=2026-09-14T12:18:11.116345164Z level=info msg="Usage stats are ready to report"
2026-09-14T12:26:14.121613170Z logger=cleanup t=2026-09-14T12:26:14.121446462Z level=info msg="Completed cleanup jobs" duration=13.547063ms
2026-09-14T12:26:14.240492205Z logger=plugins.update.checker t=2026-09-14T12:26:14.240347356Z level=info msg="Update check succeeded" duration=22.557654ms
2026-09-14T12:36:14.131932478Z logger=cleanup t=2026-09-14T12:36:14.131784479Z level=info msg="Completed cleanup jobs" duration=23.89814ms
2026-09-14T12:36:14.245880600Z logger=plugins.update.checker t=2026-09-14T12:36:14.245543769Z level=info msg="Update check succeeded" duration=27.588479ms
2026-09-14T12:46:14.137300943Z logger=cleanup t=2026-09-14T12:46:14.1371308Z level=info msg="Completed cleanup jobs" duration=29.824838ms
2026-09-14T12:46:14.239147717Z logger=plugins.update.checker t=2026-09-14T12:46:14.238965481Z level=info msg="Update check succeeded" duration=21.878362ms
2026-09-14T12:48:11.116271494Z logger=infra.usagestats t=2026-09-14T12:48:11.115954128Z level=info msg="Usage stats are ready to report"
2026-09-14T12:56:14.120524859Z logger=cleanup t=2026-09-14T12:56:14.120359425Z level=info msg="Completed cleanup jobs" duration=13.220256ms
2026-09-14T12:56:14.245257930Z logger=plugins.update.checker t=2026-09-14T12:56:14.245104628Z level=info msg="Update check succeeded" duration=28.015927ms
2026-09-14T13:06:14.121245399Z logger=cleanup t=2026-09-14T13:06:14.121104664Z level=info msg="Completed cleanup jobs" duration=13.261399ms
2026-09-14T13:06:14.241885375Z logger=plugins.update.checker t=2026-09-14T13:06:14.24172792Z level=info msg="Update check succeeded" duration=24.662155ms
2026-09-14T13:16:14.120352584Z logger=cleanup t=2026-09-14T13:16:14.120039293Z level=info msg="Completed cleanup jobs" duration=12.991505ms
2026-09-14T13:16:14.242636000Z logger=plugins.update.checker t=2026-09-14T13:16:14.242463262Z level=info msg="Update check succeeded" duration=24.594098ms
2026-09-14T13:18:11.115838311Z logger=infra.usagestats t=2026-09-14T13:18:11.115713171Z level=info msg="Usage stats are ready to report"
2026-09-14T13:26:14.133339316Z logger=cleanup t=2026-09-14T13:26:14.133118787Z level=info msg="Completed cleanup jobs" duration=25.004044ms
2026-09-14T13:26:14.258610053Z logger=plugins.update.checker t=2026-09-14T13:26:14.258432537Z level=info msg="Update check succeeded" duration=40.428325ms
2026-09-14T13:36:14.121088271Z logger=cleanup t=2026-09-14T13:36:14.12094839Z level=info msg="Completed cleanup jobs" duration=13.247472ms
2026-09-14T13:36:14.240435823Z logger=plugins.update.checker t=2026-09-14T13:36:14.240289827Z level=info msg="Update check succeeded" duration=22.192246ms
2026-09-14T13:46:14.155849928Z logger=cleanup t=2026-09-14T13:46:14.155598641Z level=info msg="Completed cleanup jobs" duration=48.250095ms
2026-09-14T13:46:14.242190495Z logger=plugins.update.checker t=2026-09-14T13:46:14.242060282Z level=info msg="Update check succeeded" duration=23.974287ms
2026-09-14T13:48:11.117102450Z logger=infra.usagestats t=2026-09-14T13:48:11.116907546Z level=info msg="Usage stats are ready to report"
2026-09-14T13:56:14.122143945Z logger=cleanup t=2026-09-14T13:56:14.121994154Z level=info msg="Completed cleanup jobs" duration=14.087291ms
2026-09-14T13:56:14.258043656Z logger=plugins.update.checker t=2026-09-14T13:56:14.257703428Z level=info msg="Update check succeeded" duration=39.848682ms
