#group,false,false,true,true,false,true,true,false,false,false,false,false,false
#datatype,string,long,dateTime:RFC3339,dateTime:RFC3339,dateTime:RFC3339,string,string,double,double,double,long,double,double
#default,_result,,,,,,,,,,,,
,result,table,_start,_stop,_time,_measurement,asset_id,ambient_temperature_c,power_draw_kw,return_temperature_c,sequence,setpoint_c,supply_temperature_c
,,0,2026-09-13T13:41:21.783Z,2026-09-14T13:41:21.783Z,2026-09-13T13:41:21.783Z,telemetry,boiler_01,12,5,53.89,120,65,63.89
,,0,2026-09-13T13:41:21.783Z,2026-09-14T13:41:21.783Z,2026-09-13T13:41:51.783Z,telemetry,boiler_01,12,5,54.66,121,65,64.66
,,0,2026-09-13T13:41:21.783Z,2026-09-14T13:41:21.783Z,2026-09-13T13:42:21.783Z,telemetry,boiler_01,12,5,54.9,122,65,64.9
,,0,2026-09-13T13:41:21.783Z,2026-09-14T13:41:21.783Z,2026-09-13T13:42:51.783Z,telemetry,boiler_01,12,5,54.97,123,65,64.97
,,0,2026-09-13T13:41:21.783Z,2026-09-14T13:41:21.783Z,2026-09-13T13:43:21.783Z,telemetry,boiler_01,12,5,54.99,124,65,64.99
,,0,2026-09-13T13:41:21.783Z,2026-09-14T13:41:21.783Z,2026-09-13T13:43:51.783Z,telemetry,boiler_01,12,5,55,125,65,65
,,0,2026-09-13T13:41:21.783Z,2026-09-14T13:41:21.783Z,2026-09-13T13:44:21.783Z,telemetry,boiler_01,12,5,55,126,65,65
,,0,2026-09-13T13:41:21.783Z,2026-09-14T13:41:21.783Z,2026-09-13T13:44:51.783Z,telemetry,boiler_01,12,5,55,127,65,65
,,0,2026-09-13T13:41:21.783Z,2026-09-14T13:41:21.783Z,2026-09-13T13:45:21.783Z,telemetry,boiler_01,12,5,55,128,65,65
,,0,2026-09-13T13:41:21.783Z,2026-09-14T13:41:21.783Z,2026-09-13T13:45:51.783Z,telemetry,boiler_01,12,5,55,129,65,65
,,0,2026-09-13T13:41:21.783Z,2026-09-14T13:41:21.783Z,2026-09-13T13:46:21.783Z,telemetry,boiler_01,12,5,55,130,65,65
,,0,2026-09-13T13:41:21.783Z,2026-09-14T13:41:21.783Z,2026-09-13T13:46:51.783Z,telemetry,boiler_01,12,5,55,131,65,65
,,0,2026-09-13T13:41:21.783Z,2026-09-14T13:41:21.783Z,2026-09-13T13:47:21.783Z,telemetry,boiler_01,12,5,55,132,65,65
,,0,2026-09-13T13:41:21.783Z,2026-09-14T13:41:21.783Z,2026-09-13T13:47:51.783Z,telemetry,boiler_01,12,5,55,133,65,65
,,0,2026-09-13T13:41:21.783Z,2026-09-14T13:41:21.783Z,2026-09-13T13:48:21.783Z,telemetry,boiler_01,12,5,55,134,65,65
,,0,2026-09-13T13:41:21.783Z,2026-09-14T13:41:21.783Z,2026-09-13T13:48:51.783Z,telemetry,boiler_01,12,5,55,135,65,65
,,0,2026-09-13T13:41:21.783Z,2026-09-14T13:41:21.783Z,2026-09-13T13:49:21.783Z,telemetry,boiler_01,12,5,55,136,65,65
,,0,2026-09-13T13:41:21.783Z,2026-09-14T13:41:21.783Z,2026-09-13T13:49:51.783Z,telemetry,boiler_01,12,5,55,137,65,65
,,0,2026-09-13T13:41:21.783Z,2026-09-14T13:41:21.783Z,2026-09-13T13:50:21.783Z,telemetry,boiler_01,12,0,53.45,138,65,63.45
,,0,2026-09-13T13:41:21.783Z,2026-09-14T13:41:21.783Z,2026-09-13T13:50:51.783Z,telemetry,boiler_01,12,0,51.33,139,65,61.33
,,0,2026-09-13T13:41:21.783Z,2026-09-14T13:41:21.783Z,2026-09-13T13:51:21.783Z,telemetry,boiler_01,12,0,49.32,140,65,59.32
,,0,2026-09-13T13:41:21.783Z,2026-09-14T13:41:21.783Z,2026-09-13T13:51:51.783Z,telemetry,boiler_01,12,0,47.4,141,65,57.4
,,0,2026-09-13T13:41:21.783Z,2026-09-14T13:41:21.783Z,2026-09-13T13:52:21.783Z,telemetry,boiler_01,12,0,45.58,142,65,55.58
,,0,2026-09-13T13:41:21.783Z,2026-09-14T13:41:21.783Z,2026-09-13T13:52:51.783Z,telemetry,boiler_01,12,0,43.84,143,65,53.84
,,0,2026-09-13T13:41:21.783Z,2026-09-14T13:41:21.783Z,2026-09-13T13:53:21.783Z,telemetry,boiler_01,12,0,42.19,144,65,52.19
,,0,2026-09-13T13:41:21.783Z,2026-09-14T13:41:21.783Z,2026-09-13T13:53:51.783Z,telemetry,boiler_01,12,0,40.62,145,65,50.62
,,0,2026-09-13T13:41:21.783Z,2026-09-14T13:41:21.783Z,2026-09-13T13:54:21.783Z,telemetry,boiler_01,12,0,39.13,146,65,49.13
,,0,2026-09-13T13:41:21.783Z,2026-09-14T13:41:21.783Z,2026-09-13T13:54:51.783Z,telemetry,boiler_01,12,0,37.71,147,65,47.71
,,0,2026-09-13T13:41:21.783Z,2026-09-14T13:41:21.783Z,2026-09-13T13:55:21.783Z,telemetry,boiler_01,12,0,36.36,148,65,46.36
,,0,2026-09-13T13:41:21.783Z,2026-09-14T13:41:21.783Z,2026-09-13T13:55:51.783Z,telemetry,boiler_01,12,0,35.07,149,65,45.07
,,0,2026-09-13T13:41:21.783Z,2026-09-14T13:41:21.783Z,2026-09-13T13:56:21.783Z,telemetry,boiler_01,12,0,33.85,150,65,43.85
,,0,2026-09-13T13:41:21.783Z,2026-09-14T13:41:21.783Z,2026-09-13T13:56:51.783Z,telemetry,boiler_01,12,0,32.68,151,65,42.68
,,0,2026-09-13T13:41:21.783Z,2026-09-14T13:41:21.783Z,2026-09-13T13:57:21.783Z,telemetry,boiler_01,12,0,31.58,152,65,41.58
,,0,2026-09-13T13:41:21.783Z,2026-09-14T13:41:21.783Z,2026-09-13T13:57:51.783Z,telemetry,boiler_01,12,0,30.53,153,65,40.53
,,0,2026-09-13T13:41:21.783Z,2026-09-14T13:41:21.783Z,2026-09-13T13:58:21.783Z,telemetry,boiler_01,12,0,29.52,154,65,39.52
,,0,2026-09-13T13:41:21.783Z,2026-09-14T13:41:21.783Z,2026-09-13T13:58:51.783Z,telemetry,boiler_01,12,0,28.57,155,65,38.57
,,0,2026-09-13T13:41:21.783Z,2026-09-14T13:41:21.783Z,2026-09-13T13:59:21.783Z,telemetry,boiler_01,12,0,27.67,156,65,37.67
,,0,2026-09-13T13:41:21.783Z,2026-09-14T13:41:21.783Z,2026-09-13T13:59:51.783Z,telemetry,boiler_01,12,0,26.8,157,65,36.8
,,0,2026-09-13T13:41:21.783Z,2026-09-14T13:41:21.783Z,2026-09-13T14:00:21.783Z,telemetry,boiler_01,12,5,42.72,158,65,52.72
,,0,2026-09-13T13:41:21.783Z,2026-09-14T13:41:21.783Z,2026-09-13T14:00:51.783Z,telemetry,boiler_01,12,5,51.3,159,65,61.3
,,0,2026-09-13T13:41:21.783Z,2026-09-14T13:41:21.783Z,2026-09-13T14:01:21.783Z,telemetry,boiler_01,12,5,53.89,160,65,63.89
,,0,2026-09-13T13:41:21.783Z,2026-09-14T13:41:21.783Z,2026-09-13T14:01:51.783Z,telemetry,boiler_01,12,5,54.66,161,65,64.66
,,0,2026-09-13T13:41:21.783Z,2026-09-14T13:41:21.783Z,2026-09-13T14:02:21.783Z,telemetry,boiler_01,12,5,54.9,162,65,64.9
,,0,2026-09-13T13:41:21.783Z,2026-09-14T13:41:21.783Z,2026-09-13T14:02:51.783Z,telemetry,boiler_01,12,5,54.97,163,65,64.97
,,0,2026-09-13T13:41:21.783Z,2026-09-14T13:41:21.783Z,2026-09-13T14:03:21.783Z,telemetry,boiler_01,12,5,54.99,164,65,64.99
,,0,2026-09-13T13:41:21.783Z,2026-09-14T13:41:21.783Z,2026-09-13T14:03:51.783Z,telemetry,boiler_01,12,5,55,165,65,65
,,0,2026-09-13T13:41:21.783Z,2026-09-14T13:41:21.783Z,2026-09-13T14:04:21.783Z,telemetry,boiler_01,12,5,55,166,65,65
,,0,2026-09-13T13:41:21.783Z,2026-09-14T13:41:21.783Z,2026-09-13T14:04:51.783Z,telemetry,boiler_01,12,5,55,167,65,65
,,0,2026-09-13T13:41:21.783Z,2026-09-14T13:41:21.783Z,2026-09-13T14:05:21.783Z,telemetry,boiler_01,12,5,55,168,65,65
,,0,2026-09-13T13:41:21.783Z,2026-09-14T13:41:21.783Z,2026-09-13T14:05:51.783Z,telemetry,boiler_01,12,5,55,169,65,65
,,0,2026-09-13T13:41:21.783Z,2026-09-14T13:41:21.783Z,2026-09-13T14:06:21.783Z,telemetry,boiler_01,12,5,55,170,65,65
,,0,2026-09-13T13:41:21.783Z,2026-09-14T13:41:21.783Z,2026-09-13T14:06:51.783Z,telemetry,boiler_01,12,5,55,171,65,65
,,0,2026-09-13T13:41:21.783Z,2026-09-14T13:41:21.783Z,2026-09-13T14:07:21.783Z,telemetry,boiler_01,12,5,55,172,65,65
,,0,2026-09-13T13:41:21.783Z,2026-09-14T13:41:21.783Z,2026-09-13T14:07:51.783Z,telemetry,boiler_01,12,5,55,173,65,65
,,0,2026-09-13T13:41:21.783Z,2026-09-14T13:41:21.783Z,2026-09-13T14:08:21.783Z,telemetry,boiler_01,12,5,55,174,65,65
,,0,2026-09-13T13:41:21.783Z,2026-09-14T13:41:21.783Z,2026-09-13T14:08:51.783Z,telemetry,boiler_01,12,5,55,175,65,65
,,0,2026-09-13T13:41:21.783Z,2026-09-14T13:41:21.783Z,2026-09-13T14:09:21.783Z,telemetry,boiler_01,12,5,55,176,65,65
,,0,2026-09-13T13:41:21.783Z,2026-09-14T13:41:21.783Z,2026-09-13T14:09:51.783Z,telemetry,boiler_01,12,5,55,177,65,65
,,0,2026-09-13T13:41:21.783Z,2026-09-14T13:41:21.783Z,2026-09-13T14:10:21.783Z,telemetry,boiler_01,12,0,53.45,178,65,63.45
,,0,2026-09-13T13:41:21.783Z,2026-09-14T13:41:21.783Z,2026-09-13T14:10:51.783Z,telemetry,boiler_01,12,0,51.33,179,65,61.33
,,0,2026-09-13T13:41:21.783Z,2026-09-14T13:41:21.783Z,2026-09-13T14:11:21.783Z,telemetry,boiler_01,12,0,49.32,180,65,59.32
,,0,2026-09-13T13:41:21.783Z,2026-09-14T13:41:21.783Z,2026-09-13T14:11:51.783Z,telemetry,boiler_01,12,0,47.4,181,65,57.4
,,0,2026-09-13T13:41:21.783Z,2026-09-14T13:41:21.783Z,2026-09-13T14:12:21.783Z,telemetry,boiler_01,12,0,45.58,182,65,55.58
,,0,2026-09-13T13:41:21.783Z,2026-09-14T13:41:21.783Z,2026-09-13T14:12:51.783Z,telemetry,boiler_01,12,0,43.84,183,65,53.84
,,0,2026-09-13T13:41:21.783Z,2026-09-14T13:41:21.783Z,2026-09-13T14:13:21.783Z,telemetry,boiler_01,12,0,42.19,184,65,52.19
,,0,2026-09-13T13:41:21.783Z,2026-09-14T13:41:21.783Z,2026-09-13T14:13:51.783Z,telemetry,boiler_01,12,0,40.62,185,65,50.62
,,0,2026-09-13T13:41:21.783Z,2026-09-14T13:41:21.783Z,2026-09-13T14:14:21.783Z,telemetry,boiler_01,12,0,39.13,186,65,49.13
,,0,2026-09-13T13:41:21.783Z,2026-09-14T13:41:21.783Z,2026-09-13T14:14:51.783Z,telemetry,boiler_01,12,0,37.71,187,65,47.71
,,0,2026-09-13T13:41:21.783Z,2026-09-14T13:41:21.783Z,2026-09-13T14:15:21.783Z,telemetry,boiler_01,12,0,36.36,188,65,46.36
,,0,2026-09-13T13:41:21.783Z,2026-09-14T13:41:21.783Z,2026-09-13T14:15:51.783Z,telemetry,boiler_01,12,0,35.07,189,65,45.07
,,0,2026-09-13T13:41:21.783Z,2026-09-14T13:41:21.783Z,2026-09-13T14:16:21.783Z,telemetry,boiler_01,12,0,33.85,190,65,43.85
,,0,2026-09-13T13:41:21.783Z,2026-09-14T13:41:21.783Z,2026-09-13T14:16:51.783Z,telemetry,boiler_01,12,0,32.68,191,65,42.68
,,0,2026-09-13T13:41:21.783Z,2026-09-14T13:41:21.783Z,2026-09-13T14:17:21.783Z,telemetry,boiler_01,12,0,31.58,192,65,41.58
,,0,2026-09-13T13:41:21.783Z,2026-09-14T13:41:21.783Z,2026-09-13T14:17:51.783Z,telemetry,boiler_01,12,0,30.53,193,65,40.53
,,0,2026-09-13T13:41:21.783Z,2026-09-14T13:41:21.783Z,2026-09-13T14:18:21.783Z,telemetry,boiler_01,12,0,29.52,194,65,39.52
,,0,2026-09-13T13:41:21.783Z,2026-09-14T13:41:21.783Z,2026-09-13T14:18:51.783Z,telemetry,boiler_01,12,0,28.57,195,65,38.57
,,0,2026-09-13T13:41:21.783Z,2026-09-14T13:41:21.783Z,2026-09-13T14:19:21.783Z,telemetry,boiler_01,12,0,27.67,196,65,37.67
,,0,2026-09-13T13:41:21.783Z,2026-09-14T13:41:21.783Z,2026-09-13T14:19:51.783Z,telemetry,boiler_01,12,0,26.8,197,65,36.8
,,0,2026-09-13T13:41:21.783Z,2026-09-14T13:41:21.783Z,2026-09-13T14:20:21.783Z,telemetry,boiler_01,12,5,42.72,198,65,52.72
,,0,2026-09-13T13:41:21.783Z,2026-09-14T13:41:21.783Z,2026-09-13T14:20:51.783Z,telemetry,boiler_01,12,5,51.3,199,65,61.3
,,0,2026-09-13T13:41:21.783Z,2026-09-14T13:41:21.783Z,2026-09-13T14:21:21.783Z,telemetry,boiler_01,12,5,53.89,200,65,63.89
,,0,2026-09-13T13:41:21.783Z,2026-09-14T13:41:21.783Z,2026-09-13T14:21:51.783Z,telemetry,boiler_01,12,5,54.66,201,65,64.66
,,0,2026-09-13T13:41:21.783Z,2026-09-14T13:41:21.783Z,2026-09-13T14:22:21.783Z,telemetry,boiler_01,12,5,54.9,202,65,64.9
,,0,2026-09-13T13:41:21.783Z,2026-09-14T13:41:21.783Z,2026-09-13T14:22:51.783Z,telemetry,boiler_01,12,5,54.97,203,65,64.97
,,0,2026-09-13T13:41:21.783Z,2026-09-14T13:41:21.783Z,2026-09-13T14:23:21.783Z,telemetry,boiler_01,12,5,54.99,204,65,64.99
,,0,2026-09-13T13:41:21.783Z,2026-09-14T13:41:21.783Z,2026-09-13T14:23:51.783Z,telemetry,boiler_01,12,5,55,205,65,65
,,0,2026-09-13T13:41:21.783Z,2026-09-14T13:41:21.783Z,2026-09-13T14:24:21.783Z,telemetry,boiler_01,12,5,55,206,65,65
,,0,2026-09-13T13:41:21.783Z,2026-09-14T13:41:21.783Z,2026-09-13T14:24:51.783Z,telemetry,boiler_01,12,5,55,207,65,65
,,0,2026-09-13T13:41:21.783Z,2026-09-14T13:41:21.783Z,2026-09-13T14:25:21.783Z,telemetry,boiler_01,12,5,55,208,65,65
,,0,2026-09-13T13:41:21.783Z,2026-09-14T13:41:21.783Z,2026-09-13T14:25:51.783Z,telemetry,boiler_01,12,5,55,209,65,65
,,0,2026-09-13T13:41:21.783Z,2026-09-14T13:41:21.783Z,2026-09-13T14:26:21.783Z,telemetry,boiler_01,12,5,55,210,65,65
,,0,2026-09-13T13:41:21.783Z,2026-09-14T13:41:21.783Z,2026-09-13T14:26:51.783Z,telemetry,boiler_01,12,5,55,211,65,65
,,0,2026-09-13T13:41:21.783Z,2026-09-14T13:41:21.783Z,2026-09-13T14:27:21.783Z,telemetry,boiler_01,12,5,55,212,65,65
,,0,2026-09-13T13:41:21.783Z,2026-09-14T13:41:21.783Z,2026-09-13T14:27:51.783Z,telemetry,boiler_01,12,5,55,213,65,65
,,0,2026-09-13T13:41:21.783Z,2026-09-14T13:41:21.783Z,2026-09-13T14:28:21.783Z,telemetry,boiler_01,12,5,55,214,65,65
,,0,2026-09-13T13:41:21.783Z,2026-09-14T13:41:21.783Z,2026-09-13T14:28:51.783Z,telemetry,boiler_01,12,5,55,215,65,65
,,0,2026-09-13T13:41:21.783Z,2026-09-14T13:41:21.783Z,2026-09-13T14:29:21.783Z,telemetry,boiler_01,12,5,55,216,65,65
,,0,2026-09-13T13:41:21.783Z,2026-09-14T13:41:21.783Z,2026-09-13T14:29:51.783Z,telemetry,boiler_01,12,5,55,217,65,65
,,0,2026-09-13T13:41:21.783Z,2026-09-14T13:41:21.783Z,2026-09-13T14:30:21.783Z,telemetry,boiler_01,12,0,53.45,218,65,63.45
,,0,2026-09-13T13:41:21.783Z,2026-09-14T13:41:21.783Z,2026-09-13T14:30:51.783Z,telemetry,boiler_01,12,0,51.33,219,65,61.33
,,0,2026-09-13T13:41:21.783Z,2026-09-14T13:41:21.783Z,2026-09-13T14:31:21.783Z,telemetry,boiler_01,12,0,49.32,220,65,59.32
,,0,2026-09-13T13:41:21.783Z,2026-09-14T13:41:21.783Z,2026-09-13T14:31:51.783Z,telemetry,boiler_01,12,0,47.4,221,65,57.4
,,0,2026-09-13T13:41:21.783Z,2026-09-14T13:41:21.783Z,2026-09-13T14:32:21.783Z,telemetry,boiler_01,12,0,45.58,222,65,55.58
,,0,2026-09-13T13:41:21.783Z,2026-09-14T13:41:21.783Z,2026-09-13T14:32:51.783Z,telemetry,boiler_01,12,0,43.84,223,65,53.84
,,0,2026-09-13T13:41:21.783Z,2026-09-14T13:41:21.783Z,2026-09-13T14:33:21.783Z,telemetry,boiler_01,12,0,42.19,224,65,52.19
,,0,2026-09-13T13:41:21.783Z,2026-09-14T13:41:21.783Z,2026-09-13T14:33:51.783Z,telemetry,boiler_01,12,0,40.62,225,65,50.62
,,0,2026-09-13T13:41:21.783Z,2026-09-14T13:41:21.783Z,2026-09-13T14:34:21.783Z,telemetry,boiler_01,12,0,39.13,226,65,49.13
,,0,2026-09-13T13:41:21.783Z,2026-09-14T13:41:21.783Z,2026-09-13T14:34:51.783Z,telemetry,boiler_01,12,0,37.71,227,65,47.71
,,0,2026-09-13T13:41:21.783Z,2026-09-14T13:41:21.783Z,2026-09-13T14:35:21.783Z,telemetry,boiler_01,12,0,36.36,228,65,46.36
,,0,2026-09-13T13:41:21.783Z,2026-09-14T13:41:21.783Z,2026-09-13T14:35:51.783Z,telemetry,boiler_01,12,0,35.07,229,65,45.07
,,0,2026-09-13T13:41:21.783Z,2026-09-14T13:41:21.783Z,2026-09-13T14:36:21.783Z,telemetry,boiler_01,12,0,33.85,230,65,43.85
,,0,2026-09-13T13:41:21.783Z,2026-09-14T13:41:21.783Z,2026-09-13T14:36:51.783Z,telemetry,boiler_01,12,0,32.68,231,65,42.68
,,0,2026-09-13T13:41:21.783Z,2026-09-14T13:41:21.783Z,2026-09-13T14:37:21.783Z,telemetry,boiler_01,12,0,31.58,232,65,41.58
,,0,2026-09-13T13:41:21.783Z,2026-09-14T13:41:21.783Z,2026-09-13T14:37:51.783Z,telemetry,boiler_01,12,0,30.53,233,65,40.53
,,0,2026-09-13T13:41:21.783Z,2026-09-14T13:41:21.783Z,2026-09-13T14:38:21.783Z,telemetry,boiler_01,12,0,29.52,234,65,39.52
,,0,2026-09-13T13:41:21.783Z,2026-09-14T13:41:21.783Z,2026-09-13T14:38:51.783Z,telemetry,boiler_01,12,0,28.57,235,65,38.57
,,0,2026-09-13T13:41:21.783Z,2026-09-14T13:41:21.783Z,2026-09-13T14:39:21.783Z,telemetry,boiler_01,12,0,27.67,236,65,37.67
,,0,2026-09-13T13:41:21.783Z,2026-09-14T13:41:21.783Z,2026-09-13T14:39:51.783Z,telemetry,boiler_01,12,0,26.8,237,65,36.8
,,0,2026-09-13T13:41:21.783Z,2026-09-14T13:41:21.783Z,2026-09-13T14:40:21.783Z,telemetry,boiler_01,12,5,42.72,238,65,52.72
,,0,2026-09-13T13:41:21.783Z,2026-09-14T13:41:21.783Z,2026-09-13T14:40:51.783Z,telemetry,boiler_01,12,5,51.3,239,65,61.3
,,0,2026-09-13T13:41:21.783Z,2026-09-14T13:41:21.783Z,2026-09-13T14:41:21.784Z,telemetry,boiler_01,12,5,53.89,240,65,63.89
,,0,2026-09-13T13:41:21.783Z,2026-09-14T13:41:21.783Z,2026-09-13T14:41:51.783Z,telemetry,boiler_01,12,5,54.66,241,65,64.66
,,0,2026-09-13T13:41:21.783Z,2026-09-14T13:41:21.783Z,2026-09-13T14:42:21.783Z,telemetry,boiler_01,12,5,54.9,242,65,64.9
,,0,2026-09-13T13:41:21.783Z,2026-09-14T13:41:21.783Z,2026-09-13T14:42:51.783Z,telemetry,boiler_01,12,5,54.97,243,65,64.97
,,0,2026-09-13T13:41:21.783Z,2026-09-14T13:41:21.783Z,2026-09-13T14:43:21.783Z,telemetry,boiler_01,12,5,54.99,244,65,64.99
,,0,2026-09-13T13:41:21.783Z,2026-09-14T13:41:21.783Z,2026-09-13T14:43:51.783Z,telemetry,boiler_01,12,5,55,245,65,65
,,0,2026-09-13T13:41:21.783Z,2026-09-14T13:41:21.783Z,2026-09-13T14:44:21.783Z,telemetry,boiler_01,12,5,55,246,65,65
,,0,2026-09-13T13:41:21.783Z,2026-09-14T13:41:21.783Z,2026-09-13T14:44:51.783Z,telemetry,boiler_01,12,5,55,247,65,65
,,0,2026-09-13T13:41:21.783Z,2026-09-14T13:41:21.783Z,2026-09-13T14:45:21.783Z,telemetry,boiler_01,12,5,55,248,65,65
,,0,2026-09-13T13:41:21.783Z,2026-09-14T13:41:21.783Z,2026-09-13T14:45:51.783Z,telemetry,boiler_01,12,5,55,249,65,65
,,0,2026-09-13T13:41:21.783Z,2026-09-14T13:41:21.783Z,2026-09-13T14:46:21.783Z,telemetry,boiler_01,12,5,55,250,65,65
,,0,2026-09-13T13:41:21.783Z,2026-09-14T13:41:21.783Z,2026-09-13T14:46:51.783Z,telemetry,boiler_01,12,5,55,251,65,65
,,0,2026-09-13T13:41:21.783Z,2026-09-14T13:41:21.783Z,2026-09-13T14:47:21.783Z,telemetry,boiler_01,12,5,55,252,65,65
,,0,2026-09-13T13:41:21.783Z,2026-09-14T13:41:21.783Z,2026-09-13T14:47:51.783Z,telemetry,boiler_01,12,5,55,253,65,65
,,0,2026-09-13T13:41:21.783Z,2026-09-14T13:41:21.783Z,2026-09-13T14:48:21.783Z,telemetry,boiler_01,12,5,55,254,65,65
,,0,2026-09-13T13:41:21.783Z,2026-09-14T13:41:21.783Z,2026-09-13T14:48:51.783Z,telemetry,boiler_01,12,5,55,255,65,65
,,0,2026-09-13T13:41:21.783Z,2026-09-14T13:41:21.783Z,2026-09-13T14:49:21.783Z,telemetry,boiler_01,12,5,55,256,65,65
,,0,2026-09-13T13:41:21.783Z,2026-09-14T13:41:21.783Z,2026-09-13T14:49:51.783Z,telemetry,boiler_01,12,5,55,257,65,65
,,0,2026-09-13T13:41:21.783Z,2026-09-14T13:41:21.783Z,2026-09-13T14:50:21.783Z,telemetry,boiler_01,12,0,53.45,258,65,63.45
,,0,2026-09-13T13:41:21.783Z,2026-09-14T13:41:21.783Z,2026-09-13T14:50:51.783Z,telemetry,boiler_01,12,0,51.33,259,65,61.33
,,0,2026-09-13T13:41:21.783Z,2026-09-14T13:41:21.783Z,2026-09-13T14:51:21.783Z,telemetry,boiler_01,12,0,49.32,260,65,59.32
,,0,2026-09-13T13:41:21.783Z,2026-09-14T13:41:21.783Z,2026-09-13T14:51:51.783Z,telemetry,boiler_01,12,0,47.4,261,65,57.4
,,0,2026-09-13T13:41:21.783Z,2026-09-14T13:41:21.783Z,2026-09-13T14:52:21.783Z,telemetry,boiler_01,12,0,45.58,262,65,55.58
,,0,2026-09-13T13:41:21.783Z,2026-09-14T13:41:21.783Z,2026-09-13T14:52:51.783Z,telemetry,boiler_01,12,0,43.84,263,65,53.84
,,0,2026-09-13T13:41:21.783Z,2026-09-14T13:41:21.783Z,2026-09-13T14:53:21.783Z,telemetry,boiler_01,12,0,42.19,264,65,52.19
,,0,2026-09-13T13:41:21.783Z,2026-09-14T13:41:21.783Z,2026-09-13T14:53:51.783Z,telemetry,boiler_01,12,0,40.62,265,65,50.62
,,0,2026-09-13T13:41:21.783Z,2026-09-14T13:41:21.783Z,2026-09-13T14:54:21.783Z,telemetry,boiler_01,12,0,39.13,266,65,49.13
,,0,2026-09-13T13:41:21.783Z,2026-09-14T13:41:21.783Z,2026-09-13T14:54:51.783Z,telemetry,boiler_01,12,0,37.71,267,65,47.71
,,0,2026-09-13T13:41:21.783Z,2026-09-14T13:41:21.783Z,2026-09-13T14:55:21.783Z,telemetry,boiler_01,12,0,36.36,268,65,46.36
,,0,2026-09-13T13:41:21.783Z,2026-09-14T13:41:21.783Z,2026-09-13T14:55:51.783Z,telemetry,boiler_01,12,0,35.07,269,65,45.07
,,0,2026-09-13T13:41:21.783Z,2026-09-14T13:41:21.783Z,2026-09-13T14:56:21.783Z,telemetry,boiler_01,12,0,33.85,270,65,43.85
,,0,2026-09-13T13:41:21.783Z,2026-09-14T13:41:21.783Z,2026-09-13T14:56:51.783Z,telemetry,boiler_01,12,0,32.68,271,65,42.68
,,0,2026-09-13T13:41:21.783Z,2026-09-14T13:41:21.783Z,2026-09-13T14:57:21.783Z,telemetry,boiler_01,12,0,31.58,272,65,41.58
,,0,2026-09-13T13:41:21.783Z,2026-09-14T13:41:21.783Z,2026-09-13T14:57:51.783Z,telemetry,boiler_01,12,0,30.53,273,65,40.53
,,0,2026-09-13T13:41:21.783Z,2026-09-14T13:41:21.783Z,2026-09-13T14:58:21.783Z,telemetry,boiler_01,12,0,29.52,274,65,39.52
,,0,2026-09-13T13:41:21.783Z,2026-09-14T13:41:21.783Z,2026-09-13T14:58:51.783Z,telemetry,boiler_01,12,0,28.57,275,65,38.57
,,0,2026-09-13T13:41:21.783Z,2026-09-14T13:41:21.783Z,2026-09-13T14:59:21.783Z,telemetry,boiler_01,12,0,27.67,276,65,37.67
,,0,2026-09-13T13:41:21.783Z,2026-09-14T13:41:21.783Z,2026-09-13T14:59:51.783Z,telemetry,boiler_01,12,0,26.8,277,65,36.8
,,0,2026-09-13T13:41:21.783Z,2026-09-14T13:41:21.783Z,2026-09-13T15:00:21.783Z,telemetry,boiler_01,12,5,42.72,278,65,52.72
,,0,2026-09-13T13:41:21.783Z,2026-09-14T13:41:21.783Z,2026-09-13T15:00:51.783Z,telemetry,boiler_01,12,5,51.3,279,65,61.3
,,0,2026-09-13T13:41:21.783Z,2026-09-14T13:41:21.783Z,2026-09-13T15:01:21.784Z,telemetry,boiler_01,12,5,53.89,280,65,63.89
,,0,2026-09-13T13:41:21.783Z,2026-09-14T13:41:21.783Z,2026-09-13T15:01:51.783Z,telemetry,boiler_01,12,5,54.66,281,65,64.66
,,0,2026-09-13T13:41:21.783Z,2026-09-14T13:41:21.783Z,2026-09-13T15:02:21.783Z,telemetry,boiler_01,12,5,54.9,282,65,64.9
,,0,2026-09-13T13:41:21.783Z,2026-09-14T13:41:21.783Z,2026-09-13T15:02:51.783Z,telemetry,boiler_01,12,5,54.97,283,65,64.97
,,0,2026-09-13T13:41:21.783Z,2026-09-14T13:41:21.783Z,2026-09-13T15:03:21.783Z,telemetry,boiler_01,12,5,54.99,284,65,64.99
,,0,2026-09-13T13:41:21.783Z,2026-09-14T13:41:21.783Z,2026-09-13T15:03:51.783Z,telemetry,boiler_01,12,5,55,285,65,65
,,0,2026-09-13T13:41:21.783Z,2026-09-14T13:41:21.783Z,2026-09-13T15:04:21.783Z,telemetry,boiler_01,12,5,55,286,65,65
,,0,2026-09-13T13:41:21.783Z,2026-09-14T13:41:21.783Z,2026-09-13T15:04:51.783Z,telemetry,boiler_01,12,5,55,287,65,65
,,0,2026-09-13T13:41:21.783Z,2026-09-14T13:41:21.783Z,2026-09-13T15:05:21.783Z,telemetry,boiler_01,12,5,55,288,65,65
,,0,2026-09-13T13:41:21.783Z,2026-09-14T13:41:21.783Z,2026-09-13T15:05:51.783Z,telemetry,boiler_01,12,5,55,289,65,65
,,0,2026-09-13T13:41:21.783Z,2026-09-14T13:41:21.783Z,2026-09-13T15:06:21.783Z,telemetry,boiler_01,12,5,55,290,65,65
,,0,2026-09-13T13:41:21.783Z,2026-09-14T13:41:21.783Z,2026-09-13T15:06:51.783Z,telemetry,boiler_01,12,5,55,291,65,65
,,0,2026-09-13T13:41:21.783Z,2026-09-14T13:41:21.783Z,2026-09-13T15:07:21.783Z,telemetry,boiler_01,12,5,55,292,65,65
,,0,2026-09-13T13:41:21.783Z,2026-09-14T13:41:21.783Z,2026-09-13T15:07:51.783Z,telemetry,boiler_01,12,5,55,293,65,65
,,0,2026-09-13T13:41:21.783Z,2026-09-14T13:41:21.783Z,2026-09-13T15:08:21.783Z,telemetry,boiler_01,12,5,55,294,65,65
,,0,2026-09-13T13:41:21.783Z,2026-09-14T13:41:21.783Z,2026-09-13T15:08:51.783Z,telemetry,boiler_01,12,5,55,295,65,65
,,0,2026-09-13T13:41:21.783Z,2026-09-14T13:41:21.783Z,2026-09-13T15:09:21.783Z,telemetry,boiler_01,12,5,55,296,65,65
,,0,2026-09-13T13:41:21.783Z,2026-09-14T13:41:21.783Z,2026-09-13T15:09:51.783Z,telemetry,boiler_01,12,5,55,297,65,65
,,0,2026-09-13T13:41:21.783Z,2026-09-14T13:41:21.783Z,2026-09-13T15:10:21.783Z,telemetry,boiler_01,12,0,53.45,298,65,63.45
,,0,2026-09-13T13:41:21.783Z,2026-09-14T13:41:21.783Z,2026-09-13T15:10:51.783Z,telemetry,boiler_01,12,0,51.33,299,65,61.33
,,0,2026-09-13T13:41:21.783Z,2026-09-14T13:41:21.783Z,2026-09-13T15:11:21.783Z,telemetry,boiler_01,12,0,49.32,300,65,59.32
,,0,2026-09-13T13:41:21.783Z,2026-09-14T13:41:21.783Z,2026-09-13T15:11:51.783Z,telemetry,boiler_01,12,0,47.4,301,65,57.4
,,0,2026-09-13T13:41:21.783Z,2026-09-14T13:41:21.783Z,2026-09-13T15:12:21.783Z,telemetry,boiler_01,12,0,45.58,302,65,55.58
,,0,2026-09-13T13:41:21.783Z,2026-09-14T13:41:21.783Z,2026-09-13T15:12:51.783Z,telemetry,boiler_01,12,0,43.84,303,65,53.84
,,0,2026-09-13T13:41:21.783Z,2026-09-14T13:41:21.783Z,2026-09-13T15:13:21.783Z,telemetry,boiler_01,12,0,42.19,304,65,52.19
,,0,2026-09-13T13:41:21.783Z,2026-09-14T13:41:21.783Z,2026-09-13T15:13:51.783Z,telemetry,boiler_01,12,0,40.62,305,65,50.62
,,0,2026-09-13T13:41:21.783Z,2026-09-14T13:41:21.783Z,2026-09-13T15:14:21.783Z,telemetry,boiler_01,12,0,39.13,306,65,49.13
,,0,2026-09-13T13:41:21.783Z,2026-09-14T13:41:21.783Z,2026-09-13T15:14:51.783Z,telemetry,boiler_01,12,0,37.71,307,65,47.71
,,0,2026-09-13T13:41:21.783Z,2026-09-14T13:41:21.783Z,2026-09-13T15:15:21.783Z,telemetry,boiler_01,12,0,36.36,308,65,46.36
,,0,2026-09-13T13:41:21.783Z,2026-09-14T13:41:21.783Z,2026-09-13T15:15:51.783Z,telemetry,boiler_01,12,0,35.07,309,65,45.07
,,0,2026-09-13T13:41:21.783Z,2026-09-14T13:41:21.783Z,2026-09-13T15:16:21.783Z,telemetry,boiler_01,12,0,33.85,310,65,43.85
,,0,2026-09-13T13:41:21.783Z,2026-09-14T13:41:21.783Z,2026-09-13T15:16:51.783Z,telemetry,boiler_01,12,0,32.68,311,65,42.68
,,0,2026-09-13T13:41:21.783Z,2026-09-14T13:41:21.783Z,2026-09-13T15:17:21.783Z,telemetry,boiler_01,12,0,31.58,312,65,41.58
,,0,2026-09-13T13:41:21.783Z,2026-09-14T13:41:21.783Z,2026-09-13T15:17:51.783Z,telemetry,boiler_01,12,0,30.53,313,65,40.53
,,0,2026-09-13T13:41:21.783Z,2026-09-14T13:41:21.783Z,2026-09-13T15:18:21.783Z,telemetry,boiler_01,12,0,29.52,314,65,39.52
,,0,2026-09-13T13:41:21.783Z,2026-09-14T13:41:21.783Z,2026-09-13T15:18:51.783Z,telemetry,boiler_01,12,0,28.57,315,65,38.57
,,0,2026-09-13T13:41:21.783Z,2026-09-14T13:41:21.783Z,2026-09-13T15:19:21.783Z,telemetry,boiler_01,12,0,27.67,316,65,37.67
,,0,2026-09-13T13:41:21.783Z,2026-09-14T13:41:21.783Z,2026-09-13T15:19:51.783Z,telemetry,boiler_01,12,0,26.8,317,65,36.8
,,0,2026-09-13T13:41:21.783Z,2026-09-14T13:41:21.783Z,2026-09-13T15:20:21.783Z,telemetry,boiler_01,12,5,42.72,318,65,52.72
,,0,2026-09-13T13:41:21.783Z,2026-09-14T13:41:21.783Z,2026-09-13T15:20:51.783Z,telemetry,boiler_01,12,5,51.3,319,65,61.3
,,0,2026-09-13T13:41:21.783Z,2026-09-14T13:41:21.783Z,2026-09-13T15:21:21.783Z,telemetry,boiler_01,12,5,53.89,320,65,63.89
,,0,2026-09-13T13:41:21.783Z,2026-09-14T13:41:21.783Z,2026-09-13T15:21:51.783Z,telemetry,boiler_01,12,5,54.66,321,65,64.66
,,0,2026-09-13T13:41:21.783Z,2026-09-14T13:41:21.783Z,2026-09-13T15:22:21.783Z,telemetry,boiler_01,12,5,54.9,322,65,64.9
,,0,2026-09-13T13:41:21.783Z,2026-09-14T13:41:21.783Z,2026-09-13T15:22:51.783Z,telemetry,boiler_01,12,5,54.97,323,65,64.97
,,0,2026-09-13T13:41:21.783Z,2026-09-14T13:41:21.783Z,2026-09-13T15:23:21.783Z,telemetry,boiler_01,12,5,54.99,324,65,64.99
,,0,2026-09-13T13:41:21.783Z,2026-09-14T13:41:21.783Z,2026-09-13T15:23:51.783Z,telemetry,boiler_01,12,5,55,325,65,65
,,0,2026-09-13T13:41:21.783Z,2026-09-14T13:41:21.783Z,2026-09-13T15:24:21.783Z,telemetry,boiler_01,12,5,55,326,65,65
,,0,2026-09-13T13:41:21.783Z,2026-09-14T13:41:21.783Z,2026-09-13T15:24:51.783Z,telemetry,boiler_01,12,5,55,327,65,65
,,0,2026-09-13T13:41:21.783Z,2026-09-14T13:41:21.783Z,2026-09-13T15:25:21.783Z,telemetry,boiler_01,12,5,55,328,65,65
,,0,2026-09-13T13:41:21.783Z,2026-09-14T13:41:21.783Z,2026-09-13T15:25:51.783Z,telemetry,boiler_01,12,5,55,329,65,65
,,0,2026-09-13T13:41:21.783Z,2026-09-14T13:41:21.783Z,2026-09-13T15:26:21.783Z,telemetry,boiler_01,12,5,55,330,65,65
,,0,2026-09-13T13:41:21.783Z,2026-09-14T13:41:21.783Z,2026-09-13T15:26:51.783Z,telemetry,boiler_01,12,5,55,331,65,65
,,0,2026-09-13T13:41:21.783Z,2026-09-14T13:41:21.783Z,2026-09-13T15:27:21.783Z,telemetry,boiler_01,12,5,55,332,65,65
,,0,2026-09-13T13:41:21.783Z,2026-09-14T13:41:21.783Z,2026-09-13T15:27:51.783Z,telemetry,boiler_01,12,5,55,333,65,65
,,0,2026-09-13T13:41:21.783Z,2026-09-14T13:41:21.783Z,2026-09-13T15:28:21.783Z,telemetry,boiler_01,12,5,55,334,65,65
,,0,2026-09-13T13:41:21.783Z,2026-09-14T13:41:21.783Z,2026-09-13T15:28:51.783Z,telemetry,boiler_01,12,5,55,335,65,65
,,0,2026-09-13T13:41:21.783Z,2026-09-14T13:41:21.783Z,2026-09-13T15:29:21.783Z,telemetry,boiler_01,12,5,55,336,65,65
,,0,2026-09-13T13:41:21.783Z,2026-09-14T13:41:21.783Z,2026-09-13T15:29:51.783Z,telemetry,boiler_01,12,5,55,337,65,65
,,0,2026-09-13T13:41:21.783Z,2026-09-14T13:41:21.783Z,2026-09-13T15:30:21.783Z,telemetry,boiler_01,12,0,53.45,338,65,63.45
,,0,2026-09-13T13:41:21.783Z,2026-09-14T13:41:21.783Z,2026-09-13T15:30:51.783Z,telemetry,boiler_01,12,0,51.33,339,65,61.33
,,0,2026-09-13T13:41:21.783Z,2026-09-14T13:41:21.783Z,2026-09-13T15:31:21.783Z,telemetry,boiler_01,12,0,49.32,340,65,59.32
,,0,2026-09-13T13:41:21.783Z,2026-09-14T13:41:21.783Z,2026-09-13T15:31:51.783Z,telemetry,boiler_01,12,0,47.4,341,65,57.4
,,0,2026-09-13T13:41:21.783Z,2026-09-14T13:41:21.783Z,2026-09-13T15:32:21.783Z,telemetry,boiler_01,12,0,45.58,342,65,55.58
,,0,2026-09-13T13:41:21.783Z,2026-09-14T13:41:21.783Z,2026-09-13T15:32:51.783Z,telemetry,boiler_01,12,0,43.84,343,65,53.84
,,0,2026-09-13T13:41:21.783Z,2026-09-14T13:41:21.783Z,2026-09-13T15:33:21.783Z,telemetry,boiler_01,12,0,42.19,344,65,52.19
,,0,2026-09-13T13:41:21.783Z,2026-09-14T13:41:21.783Z,2026-09-13T15:33:51.783Z,telemetry,boiler_01,12,0,40.62,345,65,50.62
,,0,2026-09-13T13:41:21.783Z,2026-09-14T13:41:21.783Z,2026-09-13T15:34:21.783Z,telemetry,boiler_01,12,0,39.13,346,65,49.13
,,0,2026-09-13T13:41:21.783Z,2026-09-14T13:41:21.783Z,2026-09-13T15:34:51.783Z,telemetry,boiler_01,12,0,37.71,347,65,47.71
,,0,2026-09-13T13:41:21.783Z,2026-09-14T13:41:21.783Z,2026-09-13T15:35:21.783Z,telemetry,boiler_01,12,0,36.36,348,65,46.36
,,0,2026-09-13T13:41:21.783Z,2026-09-14T13:41:21.783Z,2026-09-13T15:35:51.783Z,telemetry,boiler_01,12,0,35.07,349,65,45.07
,,0,2026-09-13T13:41:21.783Z,2026-09-14T13:41:21.783Z,2026-09-13T15:36:21.783Z,telemetry,boiler_01,12,0,33.85,350,65,43.85
,,0,2026-09-13T13:41:21.783Z,2026-09-14T13:41:21.783Z,2026-09-13T15:36:51.783Z,telemetry,boiler_01,12,0,32.68,351,65,42.68
,,0,2026-09-13T13:41:21.783Z,2026-09-14T13:41:21.783Z,2026-09-13T15:37:21.783Z,telemetry,boiler_01,12,0,31.58,352,65,41.58
,,0,2026-09-13T13:41:21.783Z,2026-09-14T13:41:21.783Z,2026-09-13T15:37:51.783Z,telemetry,boiler_01,12,0,30.53,353,65,40.53
,,0,2026-09-13T13:41:21.783Z,2026-09-14T13:41:21.783Z,2026-09-13T15:38:21.783Z,telemetry,boiler_01,12,0,29.52,354,65,39.52
,,0,2026-09-13T13:41:21.783Z,2026-09-14T13:41:21.783Z,2026-09-13T15:38:51.783Z,telemetry,boiler_01,12,0,28.57,355,65,38.57
,,0,2026-09-13T13:41:21.783Z,2026-09-14T13:41:21.783Z,2026-09-13T15:39:21.783Z,telemetry,boiler_01,12,0,27.67,356,65,37.67
,,0,2026-09-13T13:41:21.783Z,2026-09-14T13:41:21.783Z,2026-09-13T15:39:51.783Z,telemetry,boiler_01,12,0,26.8,357,65,36.8
,,0,2026-09-13T13:41:21.783Z,2026-09-14T13:41:21.783Z,2026-09-13T15:40:21.783Z,telemetry,boiler_01,12,5,42.72,358,65,52.72
,,0,2026-09-13T13:41:21.783Z,2026-09-14T13:41:21.783Z,2026-09-13T15:40:51.783Z,telemetry,boiler_01,12,5,51.3,359,65,61.3
,,0,2026-09-13T13:41:21.783Z,2026-09-14T13:41:21.783Z,2026-09-13T15:41:21.783Z,telemetry,boiler_01,12,5,53.89,360,65,63.89
,,0,2026-09-13T13:41:21.783Z,2026-09-14T13:41:21.783Z,2026-09-13T15:41:51.783Z,telemetry,boiler_01,12,5,54.66,361,65,64.66
,,0,2026-09-13T13:41:21.783Z,2026-09-14T13:41:21.783Z,2026-09-13T15:42:21.783Z,telemetry,boiler_01,12,5,54.9,362,65,64.9
,,0,2026-09-13T13:41:21.783Z,2026-09-14T13:41:21.783Z,2026-09-13T15:42:51.783Z,telemetry,boiler_01,12,5,54.97,363,65,64.97
,,0,2026-09-13T13:41:21.783Z,2026-09-14T13:41:21.783Z,2026-09-13T15:43:21.783Z,telemetry,boiler_01,12,5,54.99,364,65,64.99
,,0,2026-09-13T13:41:21.783Z,2026-09-14T13:41:21.783Z,2026-09-13T15:43:51.783Z,telemetry,boiler_01,12,5,55,365,65,65
,,0,2026-09-13T13:41:21.783Z,2026-09-14T13:41:21.783Z,2026-09-13T15:44:21.783Z,telemetry,boiler_01,12,5,55,366,65,65
,,0,2026-09-13T13:41:21.783Z,2026-09-14T13:41:21.783Z,2026-09-13T15:44:51.783Z,telemetry,boiler_01,12,5,55,367,65,65
,,0,2026-09-13T13:41:21.783Z,2026-09-14T13:41:21.783Z,2026-09-13T15:45:21.783Z,telemetry,boiler_01,12,5,55,368,65,65
,,0,2026-09-13T13:41:21.783Z,2026-09-14T13:41:21.783Z,2026-09-13T15:45:51.783Z,telemetry,boiler_01,12,5,55,369,65,65
,,0,2026-09-13T13:41:21.783Z,2026-09-14T13:41:21.783Z,2026-09-13T15:46:21.783Z,telemetry,boiler_01,12,5,55,370,65,65
,,0,2026-09-13T13:41:21.783Z,2026-09-14T13:41:21.783Z,2026-09-13T15:46:51.783Z,telemetry,boiler_01,12,5,55,371,65,65
,,0,2026-09-13T13:41:21.783Z,2026-09-14T13:41:21.783Z,2026-09-13T15:47:21.783Z,telemetry,boiler_01,12,5,55,372,65,65
,,0,2026-09-13T13:41:21.783Z,2026-09-14T13:41:21.783Z,2026-09-13T15:47:51.783Z,telemetry,boiler_01,12,5,55,373,65,65
,,0,2026-09-13T13:41:21.783Z,2026-09-14T13:41:21.783Z,2026-09-13T15:48:21.783Z,telemetry,boiler_01,12,5,55,374,65,65
,,0,2026-09-13T13:41:21.783Z,2026-09-14T13:41:21.783Z,2026-09-13T15:48:51.783Z,telemetry,boiler_01,12,5,55,375,65,65
,,0,2026-09-13T13:41:21.783Z,2026-09-14T13:41:21.783Z,2026-09-13T15:49:21.783Z,telemetry,boiler_01,12,5,55,376,65,65
,,0,2026-09-13T13:41:21.783Z,2026-09-14T13:41:21.783Z,2026-09-13T15:49:51.783Z,telemetry,boiler_01,12,5,55,377,65,65
,,0,2026-09-13T13:41:21.783Z,2026-09-14T13:41:21.783Z,2026-09-13T15:50:21.783Z,telemetry,boiler_01,12,0,53.45,378,65,63.45
,,0,2026-09-13T13:41:21.783Z,2026-09-14T13:41:21.783Z,2026-09-13T15:50:51.783Z,telemetry,boiler_01,12,0,51.33,379,65,61.33
,,0,2026-09-13T13:41:21.783Z,2026-09-14T13:41:21.783Z,2026-09-13T15:51:21.783Z,telemetry,boiler_01,12,0,49.32,380,65,59.32
,,0,2026-09-13T13:41:21.783Z,2026-09-14T13:41:21.783Z,2026-09-13T15:51:51.783Z,telemetry,boiler_01,12,0,47.4,381,65,57.4
,,0,2026-09-13T13:41:21.783Z,2026-09-14T13:41:21.783Z,2026-09-13T15:52:21.783Z,telemetry,boiler_01,12,0,45.58,382,65,55.58
,,0,2026-09-13T13:41:21.783Z,2026-09-14T13:41:21.783Z,2026-09-13T15:52:51.783Z,telemetry,boiler_01,12,0,43.84,383,65,53.84
,,0,2026-09-13T13:41:21.783Z,2026-09-14T13:41:21.783Z,2026-09-13T15:53:21.783Z,telemetry,boiler_01,12,0,42.19,384,65,52.19
,,0,2026-09-13T13:41:21.783Z,2026-09-14T13:41:21.783Z,2026-09-13T15:53:51.783Z,telemetry,boiler_01,12,0,40.62,385,65,50.62
,,0,2026-09-13T13:41:21.783Z,2026-09-14T13:41:21.783Z,2026-09-13T15:54:21.783Z,telemetry,boiler_01,12,0,39.13,386,65,49.13
,,0,2026-09-13T13:41:21.783Z,2026-09-14T13:41:21.783Z,2026-09-13T15:54:51.783Z,telemetry,boiler_01,12,0,37.71,387,65,47.71
,,0,2026-09-13T13:41:21.783Z,2026-09-14T13:41:21.783Z,2026-09-13T15:55:21.783Z,telemetry,boiler_01,12,0,36.36,388,65,46.36
,,0,2026-09-13T13:41:21.783Z,2026-09-14T13:41:21.783Z,2026-09-13T15:55:51.783Z,telemetry,boiler_01,12,0,35.07,389,65,45.07
,,0,2026-09-13T13:41:21.783Z,2026-09-14T13:41:21.783Z,2026-09-13T15:56:21.783Z,telemetry,boiler_01,12,0,33.85,390,65,43.85
,,0,2026-09-13T13:41:21.783Z,2026-09-14T13:41:21.783Z,2026-09-13T15:56:51.783Z,telemetry,boiler_01,12,0,32.68,391,65,42.68
,,0,2026-09-13T13:41:21.783Z,2026-09-14T13:41:21.783Z,2026-09-13T15:57:21.783Z,telemetry,boiler_01,12,0,31.58,392,65,41.58
,,0,2026-09-13T13:41:21.783Z,2026-09-14T13:41:21.783Z,2026-09-13T15:57:51.783Z,telemetry,boiler_01,12,0,30.53,393,65,40.53
,,0,2026-09-13T13:41:21.783Z,2026-09-14T13:41:21.783Z,2026-09-13T15:58:21.783Z,telemetry,boiler_01,12,0,29.52,394,65,39.52
,,0,2026-09-13T13:41:21.783Z,2026-09-14T13:41:21.783Z,2026-09-13T15:58:51.783Z,telemetry,boiler_01,12,0,28.57,395,65,38.57
,,0,2026-09-13T13:41:21.783Z,2026-09-14T13:41:21.783Z,2026-09-13T15:59:21.783Z,telemetry,boiler_01,12,0,27.67,396,65,37.67
,,0,2026-09-13T13:41:21.783Z,2026-09-14T13:41:21.783Z,2026-09-13T15:59:51.783Z,telemetry,boiler_01,12,0,26.8,397,65,36.8
,,0,2026-09-13T13:41:21.783Z,2026-09-14T13:41:21.783Z,2026-09-13T16:00:21.783Z,telemetry,boiler_01,12,5,42.72,398,65,52.72
,,0,2026-09-13T13:41:21.783Z,2026-09-14T13:41:21.783Z,2026-09-13T16:00:51.783Z,telemetry,boiler_01,12,5,51.3,399,65,61.3
,,0,2026-09-13T13:41:21.783Z,2026-09-14T13:41:21.783Z,2026-09-13T16:01:21.784Z,telemetry,boiler_01,12,5,53.89,400,65,63.89
,,0,2026-09-13T13:41:21.783Z,2026-09-14T13:41:21.783Z,2026-09-13T16:01:51.783Z,telemetry,boiler_01,12,5,54.66,401,65,64.66
,,0,2026-09-13T13:41:21.783Z,2026-09-14T13:41:21.783Z,2026-09-13T16:02:21.783Z,telemetry,boiler_01,12,5,54.9,402,65,64.9
,,0,2026-09-13T13:41:21.783Z,2026-09-14T13:41:21.783Z,2026-09-13T16:02:51.783Z,telemetry,boiler_01,12,5,54.97,403,65,64.97
,,0,2026-09-13T13:41:21.783Z,2026-09-14T13:41:21.783Z,2026-09-13T16:03:21.783Z,telemetry,boiler_01,12,5,54.99,404,65,64.99
,,0,2026-09-13T13:41:21.783Z,2026-09-14T13:41:21.783Z,2026-09-13T16:03:51.783Z,telemetry,boiler_01,12,5,55,405,65,65
,,0,2026-09-13T13:41:21.783Z,2026-09-14T13:41:21.783Z,2026-09-13T16:04:21.783Z,telemetry,boiler_01,12,5,55,406,65,65
,,0,2026-09-13T13:41:21.783Z,2026-09-14T13:41:21.783Z,2026-09-13T16:04:51.783Z,telemetry,boiler_01,12,5,55,407,65,65
,,0,2026-09-13T13:41:21.783Z,2026-09-14T13:41:21.783Z,2026-09-13T16:05:21.783Z,telemetry,boiler_01,12,5,55,408,65,65
,,0,2026-09-13T13:41:21.783Z,2026-09-14T13:41:21.783Z,2026-09-13T16:05:51.783Z,telemetry,boiler_01,12,5,55,409,65,65
,,0,2026-09-13T13:41:21.783Z,2026-09-14T13:41:21.783Z,2026-09-13T16:06:21.783Z,telemetry,boiler_01,12,5,55,410,65,65
,,0,2026-09-13T13:41:21.783Z,2026-09-14T13:41:21.783Z,2026-09-13T16:06:51.783Z,telemetry,boiler_01,12,5,55,411,65,65
,,0,2026-09-13T13:41:21.783Z,2026-09-14T13:41:21.783Z,2026-09-13T16:07:21.783Z,telemetry,boiler_01,12,5,55,412,65,65
,,0,2026-09-13T13:41:21.783Z,2026-09-14T13:41:21.783Z,2026-09-13T16:07:51.783Z,telemetry,boiler_01,12,5,55,413,65,65
,,0,2026-09-13T13:41:21.783Z,2026-09-14T13:41:21.783Z,2026-09-13T16:08:21.783Z,telemetry,boiler_01,12,5,55,414,65,65
,,0,2026-09-13T13:41:21.783Z,2026-09-14T13:41:21.783Z,2026-09-13T16:08:51.783Z,telemetry,boiler_01,12,5,55,415,65,65
,,0,2026-09-13T13:41:21.783Z,2026-09-14T13:41:21.783Z,2026-09-13T16:09:21.783Z,telemetry,boiler_01,12,5,55,416,65,65
,,0,2026-09-13T13:41:21.783Z,2026-09-14T13:41:21.783Z,2026-09-13T16:09:51.783Z,telemetry,boiler_01,12,5,55,417,65,65
,,0,2026-09-13T13:41:21.783Z,2026-09-14T13:41:21.783Z,2026-09-13T16:10:21.783Z,telemetry,boiler_01,12,0,53.45,418,65,63.45
,,0,2026-09-13T13:41:21.783Z,2026-09-14T13:41:21.783Z,2026-09-13T16:10:51.783Z,telemetry,boiler_01,12,0,51.33,419,65,61.33
,,0,2026-09-13T13:41:21.783Z,2026-09-14T13:41:21.783Z,2026-09-13T16:11:21.783Z,telemetry,boiler_01,12,0,49.32,420,65,59.32
,,0,2026-09-13T13:41:21.783Z,2026-09-14T13:41:21.783Z,2026-09-13T16:11:51.783Z,telemetry,boiler_01,12,0,47.4,421,65,57.4
,,0,2026-09-13T13:41:21.783Z,2026-09-14T13:41:21.783Z,2026-09-13T16:12:21.783Z,telemetry,boiler_01,12,0,45.58,422,65,55.58
,,0,2026-09-13T13:41:21.783Z,2026-09-14T13:41:21.783Z,2026-09-13T16:12:51.783Z,telemetry,boiler_01,12,0,43.84,423,65,53.84
,,0,2026-09-13T13:41:21.783Z,2026-09-14T13:41:21.783Z,2026-09-13T16:13:21.783Z,telemetry,boiler_01,12,0,42.19,424,65,52.19
,,0,2026-09-13T13:41:21.783Z,2026-09-14T13:41:21.783Z,2026-09-13T16:13:51.783Z,telemetry,boiler_01,12,0,40.62,425,65,50.62
,,0,2026-09-13T13:41:21.783Z,2026-09-14T13:41:21.783Z,2026-09-13T16:14:21.783Z,telemetry,boiler_01,12,0,39.13,426,65,49.13
,,0,2026-09-13T13:41:21.783Z,2026-09-14T13:41:21.783Z,2026-09-13T16:14:51.783Z,telemetry,boiler_01,12,0,37.71,427,65,47.71
,,0,2026-09-13T13:41:21.783Z,2026-09-14T13:41:21.783Z,2026-09-13T16:15:21.783Z,telemetry,boiler_01,12,0,36.36,428,65,46.36
,,0,2026-09-13T13:41:21.783Z,2026-09-14T13:41:21.783Z,2026-09-13T16:15:51.783Z,telemetry,boiler_01,12,0,35.07,429,65,45.07
,,0,2026-09-13T13:41:21.783Z,2026-09-14T13:41:21.783Z,2026-09-13T16:16:21.783Z,telemetry,boiler_01,12,0,33.85,430,65,43.85
,,0,2026-09-13T13:41:21.783Z,2026-09-14T13:41:21.783Z,2026-09-13T16:16:51.783Z,telemetry,boiler_01,12,0,32.68,431,65,42.68
,,0,2026-09-13T13:41:21.783Z,2026-09-14T13:41:21.783Z,2026-09-13T16:17:21.783Z,telemetry,boiler_01,12,0,31.58,432,65,41.58
,,0,2026-09-13T13:41:21.783Z,2026-09-14T13:41:21.783Z,2026-09-13T16:17:51.783Z,telemetry,boiler_01,12,0,30.53,433,65,40.53
,,0,2026-09-13T13:41:21.783Z,2026-09-14T13:41:21.783Z,2026-09-13T16:18:21.783Z,telemetry,boiler_01,12,0,29.52,434,65,39.52
,,0,2026-09-13T13:41:21.783Z,2026-09-14T13:41:21.783Z,2026-09-13T16:18:51.783Z,telemetry,boiler_01,12,0,28.57,435,65,38.57
,,0,2026-09-13T13:41:21.783Z,2026-09-14T13:41:21.783Z,2026-09-13T16:19:21.783Z,telemetry,boiler_01,12,0,27.67,436,65,37.67
,,0,2026-09-13T13:41:21.783Z,2026-09-14T13:41:21.783Z,2026-09-13T16:19:51.783Z,telemetry,boiler_01,12,0,26.8,437,65,36.8
,,0,2026-09-13T13:41:21.783Z,2026-09-14T13:41:21.783Z,2026-09-13T16:20:21.783Z,telemetry,boiler_01,12,5,42.72,438,65,52.72
,,0,2026-09-13T13:41:21.783Z,2026-09-14T13:41:21.783Z,2026-09-13T16:20:51.783Z,telemetry,boiler_01,12,5,51.3,439,65,61.3
,,0,2026-09-13T13:41:21.783Z,2026-09-14T13:41:21.783Z,2026-09-13T16:21:21.783Z,telemetry,boiler_01,12,5,53.89,440,65,63.89
,,0,2026-09-13T13:41:21.783Z,2026-09-14T13:41:21.783Z,2026-09-13T16:21:51.783Z,telemetry,boiler_01,12,5,54.66,441,65,64.66
,,0,2026-09-13T13:41:21.783Z,2026-09-14T13:41:21.783Z,2026-09-13T16:22:21.783Z,telemetry,boiler_01,12,5,54.9,442,65,64.9
,,0,2026-09-13T13:41:21.783Z,2026-09-14T13:41:21.783Z,2026-09-13T16:22:51.783Z,telemetry,boiler_01,12,5,54.97,443,65,64.97
,,0,2026-09-13T13:41:21.783Z,2026-09-14T13:41:21.783Z,2026-09-13T16:23:21.783Z,telemetry,boiler_01,12,5,54.99,444,65,64.99
,,0,2026-09-13T13:41:21.783Z,2026-09-14T13:41:21.783Z,2026-09-13T16:23:51.783Z,telemetry,boiler_01,12,5,55,445,65,65
,,0,2026-09-13T13:41:21.783Z,2026-09-14T13:41:21.783Z,2026-09-13T16:24:21.783Z,telemetry,boiler_01,12,5,55,446,65,65
,,0,2026-09-13T13:41:21.783Z,2026-09-14T13:41:21.783Z,2026-09-13T16:24:51.783Z,telemetry,boiler_01,12,5,55,447,65,65
,,0,2026-09-13T13:41:21.783Z,2026-09-14T13:41:21.783Z,2026-09-13T16:25:21.783Z,telemetry,boiler_01,12,5,55,448,65,65
,,0,2026-09-13T13:41:21.783Z,2026-09-14T13:41:21.783Z,2026-09-13T16:25:51.783Z,telemetry,boiler_01,12,5,55,449,65,65
,,0,2026-09-13T13:41:21.783Z,2026-09-14T13:41:21.783Z,2026-09-13T16:26:21.783Z,telemetry,boiler_01,12,5,55,450,65,65
,,0,2026-09-13T13:41:21.783Z,2026-09-14T13:41:21.783Z,2026-09-13T16:26:51.783Z,telemetry,boiler_01,12,5,55,451,65,65
,,0,2026-09-13T13:41:21.783Z,2026-09-14T13:41:21.783Z,2026-09-13T16:27:21.783Z,telemetry,boiler_01,12,5,55,452,65,65
,,0,2026-09-13T13:41:21.783Z,2026-09-14T13:41:21.783Z,2026-09-13T16:27:51.783Z,telemetry,boiler_01,12,5,55,453,65,65
,,0,2026-09-13T13:41:21.783Z,2026-09-14T13:41:21.783Z,2026-09-13T16:28:21.783Z,telemetry,boiler_01,12,5,55,454,65,65
,,0,2026-09-13T13:41:21.783Z,2026-09-14T13:41:21.783Z,2026-09-13T16:28:51.783Z,telemetry,boiler_01,12,5,55,455,65,65
,,0,2026-09-13T13:41:21.783Z,2026-09-14T13:41:21.783Z,2026-09-13T16:29:21.783Z,telemetry,boiler_01,12,5,55,456,65,65
,,0,2026-09-13T13:41:21.783Z,2026-09-14T13:41:21.783Z,2026-09-13T16:29:51.783Z,telemetry,boiler_01,12,5,55,457,65,65
,,0,2026-09-13T13:41:21.783Z,2026-09-14T13:41:21.783Z,2026-09-13T16:30:21.783Z,telemetry,boiler_01,12,0,53.45,458,65,63.45
,,0,2026-09-13T13:41:21.783Z,2026-09-14T13:41:21.783Z,2026-09-13T16:30:51.783Z,telemetry,boiler_01,12,0,51.33,459,65,61.33
,,0,2026-09-13T13:41:21.783Z,2026-09-14T13:41:21.783Z,2026-09-13T16:31:21.783Z,telemetry,boiler_01,12,0,49.32,460,65,59.32
,,0,2026-09-13T13:41:21.783Z,2026-09-14T13:41:21.783Z,2026-09-13T16:31:51.783Z,telemetry,boiler_01,12,0,47.4,461,65,57.4
,,0,2026-09-13T13:41:21.783Z,2026-09-14T13:41:21.783Z,2026-09-13T16:32:21.783Z,telemetry,boiler_01,12,0,45.58,462,65,55.58
,,0,2026-09-13T13:41:21.783Z,2026-09-14T13:41:21.783Z,2026-09-13T16:32:51.783Z,telemetry,boiler_01,12,0,43.84,463,65,53.84
,,0,2026-09-13T13:41:21.783Z,2026-09-14T13:41:21.783Z,2026-09-13T16:33:21.783Z,telemetry,boiler_01,12,0,42.19,464,65,52.19
,,0,2026-09-13T13:41:21.783Z,2026-09-14T13:41:21.783Z,2026-09-13T16:33:51.783Z,telemetry,boiler_01,12,0,40.62,465,65,50.62
,,0,2026-09-13T13:41:21.783Z,2026-09-14T13:41:21.783Z,2026-09-13T16:34:21.783Z,telemetry,boiler_01,12,0,39.13,466,65,49.13
,,0,2026-09-13T13:41:21.783Z,2026-09-14T13:41:21.783Z,2026-09-13T16:34:51.783Z,telemetry,boiler_01,12,0,37.71,467,65,47.71
,,0,2026-09-13T13:41:21.783Z,2026-09-14T13:41:21.783Z,2026-09-13T16:35:21.783Z,telemetry,boiler_01,12,0,36.36,468,65,46.36
,,0,2026-09-13T13:41:21.783Z,2026-09-14T13:41:21.783Z,2026-09-13T16:35:51.783Z,telemetry,boiler_01,12,0,35.07,469,65,45.07
,,0,2026-09-13T13:41:21.783Z,2026-09-14T13:41:21.783Z,2026-09-13T16:36:21.783Z,telemetry,boiler_01,12,0,33.85,470,65,43.85
,,0,2026-09-13T13:41:21.783Z,2026-09-14T13:41:21.783Z,2026-09-13T16:36:51.783Z,telemetry,boiler_01,12,0,32.68,471,65,42.68
,,0,2026-09-13T13:41:21.783Z,2026-09-14T13:41:21.783Z,2026-09-13T16:37:21.783Z,telemetry,boiler_01,12,0,31.58,472,65,41.58
,,0,2026-09-13T13:41:21.783Z,2026-09-14T13:41:21.783Z,2026-09-13T16:37:51.783Z,telemetry,boiler_01,12,0,30.53,473,65,40.53
,,0,2026-09-13T13:41:21.783Z,2026-09-14T13:41:21.783Z,2026-09-13T16:38:21.783Z,telemetry,boiler_01,12,0,29.52,474,65,39.52
,,0,2026-09-13T13:41:21.783Z,2026-09-14T13:41:21.783Z,2026-09-13T16:38:51.783Z,telemetry,boiler_01,12,0,28.57,475,65,38.57
,,0,2026-09-13T13:41:21.783Z,2026-09-14T13:41:21.783Z,2026-09-13T16:39:21.783Z,telemetry,boiler_01,12,0,27.67,476,65,37.67
,,0,2026-09-13T13:41:21.783Z,2026-09-14T13:41:21.783Z,2026-09-13T16:39:51.783Z,telemetry,boiler_01,12,0,26.8,477,65,36.8
,,0,2026-09-13T13:41:21.783Z,2026-09-14T13:41:21.783Z,2026-09-13T16:40:21.783Z,telemetry,boiler_01,12,5,42.72,478,65,52.72
,,0,2026-09-13T13:41:21.783Z,2026-09-14T13:41:21.783Z,2026-09-13T16:40:51.783Z,telemetry,boiler_01,12,5,51.3,479,65,61.3
,,0,2026-09-13T13:41:21.783Z,2026-09-14T13:41:21.783Z,2026-09-13T16:41:21.783Z,telemetry,boiler_01,12,5,53.89,480,65,63.89
,,0,2026-09-13T13:41:21.783Z,2026-09-14T13:41:21.783Z,2026-09-13T16:41:51.783Z,telemetry,boiler_01,12,5,54.66,481,65,64.66
,,0,2026-09-13T13:41:21.783Z,2026-09-14T13:41:21.783Z,2026-09-13T16:42:21.783Z,telemetry,boiler_01,12,5,54.9,482,65,64.9
,,0,2026-09-13T13:41:21.783Z,2026-09-14T13:41:21.783Z,2026-09-13T16:42:51.783Z,telemetry,boiler_01,12,5,54.97,483,65,64.97
,,0,2026-09-13T13:41:21.783Z,2026-09-14T13:41:21.783Z,2026-09-13T16:43:21.783Z,telemetry,boiler_01,12,5,54.99,484,65,64.99
,,0,2026-09-13T13:41:21.783Z,2026-09-14T13:41:21.783Z,2026-09-13T16:43:51.783Z,telemetry,boiler_01,12,5,55,485,65,65
,,0,2026-09-13T13:41:21.783Z,2026-09-14T13:41:21.783Z,2026-09-13T16:44:21.783Z,telemetry,boiler_01,12,5,55,486,65,65
,,0,2026-09-13T13:41:21.783Z,2026-09-14T13:41:21.783Z,2026-09-13T16:44:51.783Z,telemetry,boiler_01,12,5,55,487,65,65
,,0,2026-09-13T13:41:21.783Z,2026-09-14T13:41:21.783Z,2026-09-13T16:45:21.783Z,telemetry,boiler_01,12,5,55,488,65,65
,,0,2026-09-13T13:41:21.783Z,2026-09-14T13:41:21.783Z,2026-09-13T16:45:51.783Z,telemetry,boiler_01,12,5,55,489,65,65
,,0,2026-09-13T13:41:21.783Z,2026-09-14T13:41:21.783Z,2026-09-13T16:46:21.783Z,telemetry,boiler_01,12,5,55,490,65,65
,,0,2026-09-13T13:41:21.783Z,2026-09-14T13:41:21.783Z,2026-09-13T16:46:51.783Z,telemetry,boiler_01,12,5,55,491,65,65
,,0,2026-09-13T13:41:21.783Z,2026-09-14T13:41:21.783Z,2026-09-13T16:47:21.783Z,telemetry,boiler_01,12,5,55,492,65,65
,,0,2026-09-13T13:41:21.783Z,2026-09-14T13:41:21.783Z,2026-09-13T16:47:51.783Z,telemetry,boiler_01,12,5,55,493,65,65
,,0,2026-09-13T13:41:21.783Z,2026-09-14T13:41:21.783Z,2026-09-13T16:48:21.783Z,telemetry,boiler_01,12,5,55,494,65,65
,,0,2026-09-13T13:41:21.783Z,2026-09-14T13:41:21.783Z,2026-09-13T16:48:51.783Z,telemetry,boiler_01,12,5,55,495,65,65
,,0,2026-09-13T13:41:21.783Z,2026-09-14T13:41:21.783Z,2026-09-13T16:49:21.783Z,telemetry,boiler_01,12,5,55,496,65,65
,,0,2026-09-13T13:41:21.783Z,2026-09-14T13:41:21.783Z,2026-09-13T16:49:51.783Z,telemetry,boiler_01,12,5,55,497,65,65
,,0,2026-09-13T13:41:21.783Z,2026-09-14T13:41:21.783Z,2026-09-13T16:50:21.783Z,telemetry,boiler_01,12,0,53.45,498,65,63.45
,,0,2026-09-13T13:41:21.783Z,2026-09-14T13:41:21.783Z,2026-09-13T16:50:51.783Z,telemetry,boiler_01,12,0,51.33,499,65,61.33
,,0,2026-09-13T13:41:21.783Z,2026-09-14T13:41:21.783Z,2026-09-13T16:51:21.783Z,telemetry,boiler_01,12,0,49.32,500,65,59.32
,,0,2026-09-13T13:41:21.783Z,2026-09-14T13:41:21.783Z,2026-09-13T16:51:51.783Z,telemetry,boiler_01,12,0,47.4,501,65,57.4
,,0,2026-09-13T13:41:21.783Z,2026-09-14T13:41:21.783Z,2026-09-13T16:52:21.783Z,telemetry,boiler_01,12,0,45.58,502,65,55.58
,,0,2026-09-13T13:41:21.783Z,2026-09-14T13:41:21.783Z,2026-09-13T16:52:51.783Z,telemetry,boiler_01,12,0,43.84,503,65,53.84
,,0,2026-09-13T13:41:21.783Z,2026-09-14T13:41:21.783Z,2026-09-13T16:53:21.783Z,telemetry,boiler_01,12,0,42.19,504,65,52.19
,,0,2026-09-13T13:41:21.783Z,2026-09-14T13:41:21.783Z,2026-09-13T16:53:51.783Z,telemetry,boiler_01,12,0,40.62,505,65,50.62
,,0,2026-09-13T13:41:21.783Z,2026-09-14T13:41:21.783Z,2026-09-13T16:54:21.783Z,telemetry,boiler_01,12,0,39.13,506,65,49.13
,,0,2026-09-13T13:41:21.783Z,2026-09-14T13:41:21.783Z,2026-09-13T16:54:51.783Z,telemetry,boiler_01,12,0,37.71,507,65,47.71
,,0,2026-09-13T13:41:21.783Z,2026-09-14T13:41:21.783Z,2026-09-13T16:55:21.783Z,telemetry,boiler_01,12,0,36.36,508,65,46.36
,,0,2026-09-13T13:41:21.783Z,2026-09-14T13:41:21.783Z,2026-09-13T16:55:51.783Z,telemetry,boiler_01,12,0,35.07,509,65,45.07
,,0,2026-09-13T13:41:21.783Z,2026-09-14T13:41:21.783Z,2026-09-13T16:56:21.783Z,telemetry,boiler_01,12,0,33.85,510,65,43.85
,,0,2026-09-13T13:41:21.783Z,2026-09-14T13:41:21.783Z,2026-09-13T16:56:51.783Z,telemetry,boiler_01,12,0,32.68,511,65,42.68
,,0,2026-09-13T13:41:21.783Z,2026-09-14T13:41:21.783Z,2026-09-13T16:57:21.783Z,telemetry,boiler_01,12,0,31.58,512,65,41.58
,,0,2026-09-13T13:41:21.783Z,2026-09-14T13:41:21.783Z,2026-09-13T16:57:51.783Z,telemetry,boiler_01,12,0,30.53,513,65,40.53
,,0,2026-09-13T13:41:21.783Z,2026-09-14T13:41:21.783Z,2026-09-13T16:58:21.783Z,telemetry,boiler_01,12,0,29.52,514,65,39.52
,,0,2026-09-13T13:41:21.783Z,2026-09-14T13:41:21.783Z,2026-09-13T16:58:51.783Z,telemetry,boiler_01,12,0,28.57,515,65,38.57
,,0,2026-09-13T13:41:21.783Z,2026-09-14T13:41:21.783Z,2026-09-13T16:59:21.783Z,telemetry,boiler_01,12,0,27.67,516,65,37.67
,,0,2026-09-13T13:41:21.783Z,2026-09-14T13:41:21.783Z,2026-09-13T16:59:51.783Z,telemetry,boiler_01,12,0,26.8,517,65,36.8
,,0,2026-09-13T13:41:21.783Z,2026-09-14T13:41:21.783Z,2026-09-13T17:00:21.783Z,telemetry,boiler_01,12,5,42.72,518,65,52.72
,,0,2026-09-13T13:41:21.783Z,2026-09-14T13:41:21.783Z,2026-09-13T17:00:51.783Z,telemetry,boiler_01,12,5,51.3,519,65,61.3
,,0,2026-09-13T13:41:21.783Z,2026-09-14T13:41:21.783Z,2026-09-13T17:01:21.783Z,telemetry,boiler_01,12,5,53.89,520,65,63.89
,,0,2026-09-13T13:41:21.783Z,2026-09-14T13:41:21.783Z,2026-09-13T17:01:51.784Z,telemetry,boiler_01,12,5,54.66,521,65,64.66
,,0,2026-09-13T13:41:21.783Z,2026-09-14T13:41:21.783Z,2026-09-13T17:02:21.783Z,telemetry,boiler_01,12,5,54.9,522,65,64.9
,,0,2026-09-13T13:41:21.783Z,2026-09-14T13:41:21.783Z,2026-09-13T17:02:51.783Z,telemetry,boiler_01,12,5,54.97,523,65,64.97
,,0,2026-09-13T13:41:21.783Z,2026-09-14T13:41:21.783Z,2026-09-13T17:03:21.784Z,telemetry,boiler_01,12,5,54.99,524,65,64.99
,,0,2026-09-13T13:41:21.783Z,2026-09-14T13:41:21.783Z,2026-09-13T17:03:51.783Z,telemetry,boiler_01,12,5,55,525,65,65
,,0,2026-09-13T13:41:21.783Z,2026-09-14T13:41:21.783Z,2026-09-13T17:04:21.783Z,telemetry,boiler_01,12,5,55,526,65,65
,,0,2026-09-13T13:41:21.783Z,2026-09-14T13:41:21.783Z,2026-09-13T17:04:51.783Z,telemetry,boiler_01,12,5,55,527,65,65
,,0,2026-09-13T13:41:21.783Z,2026-09-14T13:41:21.783Z,2026-09-13T17:05:21.783Z,telemetry,boiler_01,12,5,55,528,65,65
,,0,2026-09-13T13:41:21.783Z,2026-09-14T13:41:21.783Z,2026-09-13T17:05:51.783Z,telemetry,boiler_01,12,5,55,529,65,65
,,0,2026-09-13T13:41:21.783Z,2026-09-14T13:41:21.783Z,2026-09-13T17:06:21.783Z,telemetry,boiler_01,12,5,55,530,65,65
,,0,2026-09-13T13:41:21.783Z,2026-09-14T13:41:21.783Z,2026-09-13T17:06:51.783Z,telemetry,boiler_01,12,5,55,531,65,65
,,0,2026-09-13T13:41:21.783Z,2026-09-14T13:41:21.783Z,2026-09-13T17:07:21.783Z,telemetry,boiler_01,12,5,55,532,65,65
,,0,2026-09-13T13:41:21.783Z,2026-09-14T13:41:21.783Z,2026-09-13T17:07:51.783Z,telemetry,boiler_01,12,5,55,533,65,65
,,0,2026-09-13T13:41:21.783Z,2026-09-14T13:41:21.783Z,2026-09-13T17:08:21.783Z,telemetry,boiler_01,12,5,55,534,65,65
,,0,2026-09-13T13:41:21.783Z,2026-09-14T13:41:21.783Z,2026-09-13T17:08:51.783Z,telemetry,boiler_01,12,5,55,535,65,65
,,0,2026-09-13T13:41:21.783Z,2026-09-14T13:41:21.783Z,2026-09-13T17:09:21.783Z,telemetry,boiler_01,12,5,55,536,65,65
,,0,2026-09-13T13:41:21.783Z,2026-09-14T13:41:21.783Z,2026-09-13T17:09:51.783Z,telemetry,boiler_01,12,5,55,537,65,65
,,0,2026-09-13T13:41:21.783Z,2026-09-14T13:41:21.783Z,2026-09-13T17:10:21.783Z,telemetry,boiler_01,12,0,53.45,538,65,63.45
,,0,2026-09-13T13:41:21.783Z,2026-09-14T13:41:21.783Z,2026-09-13T17:10:51.783Z,telemetry,boiler_01,12,0,51.33,539,65,61.33
,,0,2026-09-13T13:41:21.783Z,2026-09-14T13:41:21.783Z,2026-09-13T17:11:21.783Z,telemetry,boiler_01,12,0,49.32,540,65,59.32
,,0,2026-09-13T13:41:21.783Z,2026-09-14T13:41:21.783Z,2026-09-13T17:11:51.783Z,telemetry,boiler_01,12,0,47.4,541,65,57.4
,,0,2026-09-13T13:41:21.783Z,2026-09-14T13:41:21.783Z,2026-09-13T17:12:21.783Z,telemetry,boiler_01,12,0,45.58,542,65,55.58
,,0,2026-09-13T13:41:21.783Z,2026-09-14T13:41:21.783Z,2026-09-13T17:12:51.783Z,telemetry,boiler_01,12,0,43.84,543,65,53.84
,,0,2026-09-13T13:41:21.783Z,2026-09-14T13:41:21.783Z,2026-09-13T17:13:21.783Z,telemetry,boiler_01,12,0,42.19,544,65,52.19
,,0,2026-09-13T13:41:21.783Z,2026-09-14T13:41:21.783Z,2026-09-13T17:13:51.783Z,telemetry,boiler_01,12,0,40.62,545,65,50.62
,,0,2026-09-13T13:41:21.783Z,2026-09-14T13:41:21.783Z,2026-09-13T17:14:21.783Z,telemetry,boiler_01,12,0,39.13,546,65,49.13
,,0,2026-09-13T13:41:21.783Z,2026-09-14T13:41:21.783Z,2026-09-13T17:14:51.783Z,telemetry,boiler_01,12,0,37.71,547,65,47.71
,,0,2026-09-13T13:41:21.783Z,2026-09-14T13:41:21.783Z,2026-09-13T17:15:21.783Z,telemetry,boiler_01,12,0,36.36,548,65,46.36
,,0,2026-09-13T13:41:21.783Z,2026-09-14T13:41:21.783Z,2026-09-13T17:15:51.783Z,telemetry,boiler_01,12,0,35.07,549,65,45.07
,,0,2026-09-13T13:41:21.783Z,2026-09-14T13:41:21.783Z,2026-09-13T17:16:21.783Z,telemetry,boiler_01,12,0,33.85,550,65,43.85
,,0,2026-09-13T13:41:21.783Z,2026-09-14T13:41:21.783Z,2026-09-13T17:16:51.783Z,telemetry,boiler_01,12,0,32.68,551,65,42.68
,,0,2026-09-13T13:41:21.783Z,2026-09-14T13:41:21.783Z,2026-09-13T17:17:21.783Z,telemetry,boiler_01,12,0,31.58,552,65,41.58
,,0,2026-09-13T13:41:21.783Z,2026-09-14T13:41:21.783Z,2026-09-13T17:17:51.783Z,telemetry,boiler_01,12,0,30.53,553,65,40.53
,,0,2026-09-13T13:41:21.783Z,2026-09-14T13:41:21.783Z,2026-09-13T17:18:21.783Z,telemetry,boiler_01,12,0,29.52,554,65,39.52
,,0,2026-09-13T13:41:21.783Z,2026-09-14T13:41:21.783Z,2026-09-13T17:18:51.783Z,telemetry,boiler_01,12,0,28.57,555,65,38.57
,,0,2026-09-13T13:41:21.783Z,2026-09-14T13:41:21.783Z,2026-09-13T17:19:21.783Z,telemetry,boiler_01,12,0,27.67,556,65,37.67
,,0,2026-09-13T13:41:21.783Z,2026-09-14T13:41:21.783Z,2026-09-13T17:19:51.783Z,telemetry,boiler_01,12,0,26.8,557,65,36.8
,,0,2026-09-13T13:41:21.783Z,2026-09-14T13:41:21.783Z,2026-09-13T17:20:21.783Z,telemetry,boiler_01,12,5,42.72,558,65,52.72
,,0,2026-09-13T13:41:21.783Z,2026-09-14T13:41:21.783Z,2026-09-13T17:20:51.783Z,telemetry,boiler_01,12,5,51.3,559,65,61.3
,,0,2026-09-13T13:41:21.783Z,2026-09-14T13:41:21.783Z,2026-09-13T17:21:21.783Z,telemetry,boiler_01,12,5,53.89,560,65,63.89
,,0,2026-09-13T13:41:21.783Z,2026-09-14T13:41:21.783Z,2026-09-13T17:21:51.783Z,telemetry,boiler_01,12,5,54.66,561,65,64.66
,,0,2026-09-13T13:41:21.783Z,2026-09-14T13:41:21.783Z,2026-09-13T17:22:21.783Z,telemetry,boiler_01,12,5,54.9,562,65,64.9
,,0,2026-09-13T13:41:21.783Z,2026-09-14T13:41:21.783Z,2026-09-13T17:22:51.783Z,telemetry,boiler_01,12,5,54.97,563,65,64.97
,,0,2026-09-13T13:41:21.783Z,2026-09-14T13:41:21.783Z,2026-09-13T17:23:21.783Z,telemetry,boiler_01,12,5,54.99,564,65,64.99
,,0,2026-09-13T13:41:21.783Z,2026-09-14T13:41:21.783Z,2026-09-13T17:23:51.783Z,telemetry,boiler_01,12,5,55,565,65,65
,,0,2026-09-13T13:41:21.783Z,2026-09-14T13:41:21.783Z,2026-09-13T17:24:21.783Z,telemetry,boiler_01,12,5,55,566,65,65
,,0,2026-09-13T13:41:21.783Z,2026-09-14T13:41:21.783Z,2026-09-13T17:24:51.783Z,telemetry,boiler_01,12,5,55,567,65,65
,,0,2026-09-13T13:41:21.783Z,2026-09-14T13:41:21.783Z,2026-09-13T17:25:21.783Z,telemetry,boiler_01,12,5,55,568,65,65
,,0,2026-09-13T13:41:21.783Z,2026-09-14T13:41:21.783Z,2026-09-13T17:25:51.783Z,telemetry,boiler_01,12,5,55,569,65,65
,,0,2026-09-13T13:41:21.783Z,2026-09-14T13:41:21.783Z,2026-09-13T17:26:21.783Z,telemetry,boiler_01,12,5,55,570,65,65
,,0,2026-09-13T13:41:21.783Z,2026-09-14T13:41:21.783Z,2026-09-13T17:26:51.783Z,telemetry,boiler_01,12,5,55,571,65,65
,,0,2026-09-13T13:41:21.783Z,2026-09-14T13:41:21.783Z,2026-09-13T17:27:21.783Z,telemetry,boiler_01,12,5,55,572,65,65
,,0,2026-09-13T13:41:21.783Z,2026-09-14T13:41:21.783Z,2026-09-13T17:27:51.783Z,telemetry,boiler_01,12,5,55,573,65,65
,,0,2026-09-13T13:41:21.783Z,2026-09-14T13:41:21.783Z,2026-09-13T17:28:21.783Z,telemetry,boiler_01,12,5,55,574,65,65
,,0,2026-09-13T13:41:21.783Z,2026-09-14T13:41:21.783Z,2026-09-13T17:28:51.783Z,telemetry,boiler_01,12,5,55,575,65,65
,,0,2026-09-13T13:41:21.783Z,2026-09-14T13:41:21.783Z,2026-09-13T17:29:21.783Z,telemetry,boiler_01,12,5,55,576,65,65
,,0,2026-09-13T13:41:21.783Z,2026-09-14T13:41:21.783Z,2026-09-13T17:29:51.783Z,telemetry,boiler_01,12,5,55,577,65,65
,,0,2026-09-13T13:41:21.783Z,2026-09-14T13:41:21.783Z,2026-09-13T17:30:21.783Z,telemetry,boiler_01,12,0,53.45,578,65,63.45
,,0,2026-09-13T13:41:21.783Z,2026-09-14T13:41:21.783Z,2026-09-13T17:30:51.783Z,telemetry,boiler_01,12,0,51.33,579,65,61.33
,,0,2026-09-13T13:41:21.783Z,2026-09-14T13:41:21.783Z,2026-09-13T17:31:21.783Z,telemetry,boiler_01,12,0,49.32,580,65,59.32
,,0,2026-09-13T13:41:21.783Z,2026-09-14T13:41:21.783Z,2026-09-13T17:31:51.783Z,telemetry,boiler_01,12,0,47.4,581,65,57.4
,,0,2026-09-13T13:41:21.783Z,2026-09-14T13:41:21.783Z,2026-09-13T17:32:21.783Z,telemetry,boiler_01,12,0,45.58,582,65,55.58
,,0,2026-09-13T13:41:21.783Z,2026-09-14T13:41:21.783Z,2026-09-13T17:32:51.783Z,telemetry,boiler_01,12,0,43.84,583,65,53.84
,,0,2026-09-13T13:41:21.783Z,2026-09-14T13:41:21.783Z,2026-09-13T17:33:21.783Z,telemetry,boiler_01,12,0,42.19,584,65,52.19
,,0,2026-09-13T13:41:21.783Z,2026-09-14T13:41:21.783Z,2026-09-13T17:33:51.783Z,telemetry,boiler_01,12,0,40.62,585,65,50.62
,,0,2026-09-13T13:41:21.783Z,2026-09-14T13:41:21.783Z,2026-09-13T17:34:21.783Z,telemetry,boiler_01,12,0,39.13,586,65,49.13
,,0,2026-09-13T13:41:21.783Z,2026-09-14T13:41:21.783Z,2026-09-13T17:34:51.783Z,telemetry,boiler_01,12,0,37.71,587,65,47.71
,,0,2026-09-13T13:41:21.783Z,2026-09-14T13:41:21.783Z,2026-09-13T17:35:21.783Z,telemetry,boiler_01,12,0,36.36,588,65,46.36
,,0,2026-09-13T13:41:21.783Z,2026-09-14T13:41:21.783Z,2026-09-13T17:35:51.783Z,telemetry,boiler_01,12,0,35.07,589,65,45.07
,,0,2026-09-13T13:41:21.783Z,2026-09-14T13:41:21.783Z,2026-09-13T17:36:21.783Z,telemetry,boiler_01,12,0,33.85,590,65,43.85
,,0,2026-09-13T13:41:21.783Z,2026-09-14T13:41:21.783Z,2026-09-13T17:36:51.783Z,telemetry,boiler_01,12,0,32.68,591,65,42.68
,,0,2026-09-13T13:41:21.783Z,2026-09-14T13:41:21.783Z,2026-09-13T17:37:21.783Z,telemetry,boiler_01,12,0,31.58,592,65,41.58
,,0,2026-09-13T13:41:21.783Z,2026-09-14T13:41:21.783Z,2026-09-13T17:37:51.783Z,telemetry,boiler_01,12,0,30.53,593,65,40.53
,,0,2026-09-13T13:41:21.783Z,2026-09-14T13:41:21.783Z,2026-09-13T17:38:21.783Z,telemetry,boiler_01,12,0,29.52,594,65,39.52
,,0,2026-09-13T13:41:21.783Z,2026-09-14T13:41:21.783Z,2026-09-13T17:38:51.783Z,telemetry,boiler_01,12,0,28.57,595,65,38.57
,,0,2026-09-13T13:41:21.783Z,2026-09-14T13:41:21.783Z,2026-09-13T17:39:21.783Z,telemetry,boiler_01,12,0,27.67,596,65,37.67
,,0,2026-09-13T13:41:21.783Z,2026-09-14T13:41:21.783Z,2026-09-13T17:39:51.783Z,telemetry,boiler_01,12,0,26.8,597,65,36.8
,,0,2026-09-13T13:41:21.783Z,2026-09-14T13:41:21.783Z,2026-09-13T17:40:21.783Z,telemetry,boiler_01,12,5,42.72,598,65,52.72
,,0,2026-09-13T13:41:21.783Z,2026-09-14T13:41:21.783Z,2026-09-13T17:40:51.783Z,telemetry,boiler_01,12,5,51.3,599,65,61.3
,,0,2026-09-13T13:41:21.783Z,2026-09-14T13:41:21.783Z,2026-09-13T17:41:21.783Z,telemetry,boiler_01,12,5,53.89,600,65,63.89
,,0,2026-09-13T13:41:21.783Z,2026-09-14T13:41:21.783Z,2026-09-13T17:41:51.783Z,telemetry,boiler_01,12,5,54.66,601,65,64.66
,,0,2026-09-13T13:41:21.783Z,2026-09-14T13:41:21.783Z,2026-09-13T17:42:21.783Z,telemetry,boiler_01,12,5,54.9,602,65,64.9
,,0,2026-09-13T13:41:21.783Z,2026-09-14T13:41:21.783Z,2026-09-13T17:42:51.783Z,telemetry,boiler_01,12,5,54.97,603,65,64.97
,,0,2026-09-13T13:41:21.783Z,2026-09-14T13:41:21.783Z,2026-09-13T17:43:21.783Z,telemetry,boiler_01,12,5,54.99,604,65,64.99
,,0,2026-09-13T13:41:21.783Z,2026-09-14T13:41:21.783Z,2026-09-13T17:43:51.783Z,telemetry,boiler_01,12,5,55,605,65,65
,,0,2026-09-13T13:41:21.783Z,2026-09-14T13:41:21.783Z,2026-09-13T17:44:21.783Z,telemetry,boiler_01,12,5,55,606,65,65
,,0,2026-09-13T13:41:21.783Z,2026-09-14T13:41:21.783Z,2026-09-13T17:44:51.783Z,telemetry,boiler_01,12,5,55,607,65,65
,,0,2026-09-13T13:41:21.783Z,2026-09-14T13:41:21.783Z,2026-09-13T17:45:21.783Z,telemetry,boiler_01,12,5,55,608,65,65
,,0,2026-09-13T13:41:21.783Z,2026-09-14T13:41:21.783Z,2026-09-13T17:45:51.783Z,telemetry,boiler_01,12,5,55,609,65,65
,,0,2026-09-13T13:41:21.783Z,2026-09-14T13:41:21.783Z,2026-09-13T17:46:21.783Z,telemetry,boiler_01,12,5,55,610,65,65
,,0,2026-09-13T13:41:21.783Z,2026-09-14T13:41:21.783Z,2026-09-13T17:46:51.783Z,telemetry,boiler_01,12,5,55,611,65,65
,,0,2026-09-13T13:41:21.783Z,2026-09-14T13:41:21.783Z,2026-09-13T17:47:21.783Z,telemetry,boiler_01,12,5,55,612,65,65
,,0,2026-09-13T13:41:21.783Z,2026-09-14T13:41:21.783Z,2026-09-13T17:47:51.783Z,telemetry,boiler_01,12,5,55,613,65,65
,,0,2026-09-13T13:41:21.783Z,2026-09-14T13:41:21.783Z,2026-09-13T17:48:21.783Z,telemetry,boiler_01,12,5,55,614,65,65
,,0,2026-09-13T13:41:21.783Z,2026-09-14T13:41:21.783Z,2026-09-13T17:48:51.783Z,telemetry,boiler_01,12,5,55,615,65,65
,,0,2026-09-13T13:41:21.783Z,2026-09-14T13:41:21.783Z,2026-09-13T17:49:21.783Z,telemetry,boiler_01,12,5,55,616,65,65
,,0,2026-09-13T13:41:21.783Z,2026-09-14T13:41:21.783Z,2026-09-13T17:49:51.783Z,telemetry,boiler_01,12,5,55,617,65,65
,,0,2026-09-13T13:41:21.783Z,2026-09-14T13:41:21.783Z,2026-09-13T17:50:21.783Z,telemetry,boiler_01,12,0,53.45,618,65,63.45
,,0,2026-09-13T13:41:21.783Z,2026-09-14T13:41:21.783Z,2026-09-13T17:50:51.783Z,telemetry,boiler_01,12,0,51.33,619,65,61.33
,,0,2026-09-13T13:41:21.783Z,2026-09-14T13:41:21.783Z,2026-09-13T17:51:21.783Z,telemetry,boiler_01,12,0,49.32,620,65,59.32
,,0,2026-09-13T13:41:21.783Z,2026-09-14T13:41:21.783Z,2026-09-13T17:51:51.783Z,telemetry,boiler_01,12,0,47.4,621,65,57.4
,,0,2026-09-13T13:41:21.783Z,2026-09-14T13:41:21.783Z,2026-09-13T17:52:21.783Z,telemetry,boiler_01,12,0,45.58,622,65,55.58
,,0,2026-09-13T13:41:21.783Z,2026-09-14T13:41:21.783Z,2026-09-13T17:52:51.783Z,telemetry,boiler_01,12,0,43.84,623,65,53.84
,,0,2026-09-13T13:41:21.783Z,2026-09-14T13:41:21.783Z,2026-09-13T17:53:21.783Z,telemetry,boiler_01,12,0,42.19,624,65,52.19
,,0,2026-09-13T13:41:21.783Z,2026-09-14T13:41:21.783Z,2026-09-13T17:53:51.783Z,telemetry,boiler_01,12,0,40.62,625,65,50.62
,,0,2026-09-13T13:41:21.783Z,2026-09-14T13:41:21.783Z,2026-09-13T17:54:21.783Z,telemetry,boiler_01,12,0,39.13,626,65,49.13
,,0,2026-09-13T13:41:21.783Z,2026-09-14T13:41:21.783Z,2026-09-13T17:54:51.783Z,telemetry,boiler_01,12,0,37.71,627,65,47.71
,,0,2026-09-13T13:41:21.783Z,2026-09-14T13:41:21.783Z,2026-09-13T17:55:21.783Z,telemetry,boiler_01,12,0,36.36,628,65,46.36
,,0,2026-09-13T13:41:21.783Z,2026-09-14T13:41:21.783Z,2026-09-13T17:55:51.783Z,telemetry,boiler_01,12,0,35.07,629,65,45.07
,,0,2026-09-13T13:41:21.783Z,2026-09-14T13:41:21.783Z,2026-09-13T17:56:21.783Z,telemetry,boiler_01,12,0,33.85,630,65,43.85
,,0,2026-09-13T13:41:21.783Z,2026-09-14T13:41:21.783Z,2026-09-13T17:56:51.783Z,telemetry,boiler_01,12,0,32.68,631,65,42.68
,,0,2026-09-13T13:41:21.783Z,2026-09-14T13:41:21.783Z,2026-09-13T17:57:21.783Z,telemetry,boiler_01,12,0,31.58,632,65,41.58
,,0,2026-09-13T13:41:21.783Z,2026-09-14T13:41:21.783Z,2026-09-13T17:57:51.783Z,telemetry,boiler_01,12,0,30.53,633,65,40.53
,,0,2026-09-13T13:41:21.783Z,2026-09-14T13:41:21.783Z,2026-09-13T17:58:21.783Z,telemetry,boiler_01,12,0,29.52,634,65,39.52
,,0,2026-09-13T13:41:21.783Z,2026-09-14T13:41:21.783Z,2026-09-13T17:58:51.783Z,telemetry,boiler_01,12,0,28.57,635,65,38.57
,,0,2026-09-13T13:41:21.783Z,2026-09-14T13:41:21.783Z,2026-09-13T17:59:21.783Z,telemetry,boiler_01,12,0,27.67,636,65,37.67
,,0,2026-09-13T13:41:21.783Z,2026-09-14T13:41:21.783Z,2026-09-13T17:59:51.783Z,telemetry,boiler_01,12,0,26.8,637,65,36.8
,,0,2026-09-13T13:41:21.783Z,2026-09-14T13:41:21.783Z,2026-09-13T18:00:21.783Z,telemetry,boiler_01,12,5,42.72,638,65,52.72
,,0,2026-09-13T13:41:21.783Z,2026-09-14T13:41:21.783Z,2026-09-13T18:00:51.783Z,telemetry,boiler_01,12,5,51.3,639,65,61.3
,,0,2026-09-13T13:41:21.783Z,2026-09-14T13:41:21.783Z,2026-09-13T18:01:21.783Z,telemetry,boiler_01,12,5,53.89,640,65,63.89
,,0,2026-09-13T13:41:21.783Z,2026-09-14T13:41:21.783Z,2026-09-13T18:01:51.783Z,telemetry,boiler_01,12,5,54.66,641,65,64.66
,,0,2026-09-13T13:41:21.783Z,2026-09-14T13:41:21.783Z,2026-09-13T18:02:21.783Z,telemetry,boiler_01,12,5,54.9,642,65,64.9
,,0,2026-09-13T13:41:21.783Z,2026-09-14T13:41:21.783Z,2026-09-13T18:02:51.783Z,telemetry,boiler_01,12,5,54.97,643,65,64.97
,,0,2026-09-13T13:41:21.783Z,2026-09-14T13:41:21.783Z,2026-09-13T18:03:21.783Z,telemetry,boiler_01,12,5,54.99,644,65,64.99
,,0,2026-09-13T13:41:21.783Z,2026-09-14T13:41:21.783Z,2026-09-13T18:03:51.783Z,telemetry,boiler_01,12,5,55,645,65,65
,,0,2026-09-13T13:41:21.783Z,2026-09-14T13:41:21.783Z,2026-09-13T18:04:21.783Z,telemetry,boiler_01,12,5,55,646,65,65
,,0,2026-09-13T13:41:21.783Z,2026-09-14T13:41:21.783Z,2026-09-13T18:04:51.783Z,telemetry,boiler_01,12,5,55,647,65,65
,,0,2026-09-13T13:41:21.783Z,2026-09-14T13:41:21.783Z,2026-09-13T18:05:21.783Z,telemetry,boiler_01,12,5,55,648,65,65
,,0,2026-09-13T13:41:21.783Z,2026-09-14T13:41:21.783Z,2026-09-13T18:05:51.783Z,telemetry,boiler_01,12,5,55,649,65,65
,,0,2026-09-13T13:41:21.783Z,2026-09-14T13:41:21.783Z,2026-09-13T18:06:21.783Z,telemetry,boiler_01,12,5,55,650,65,65
,,0,2026-09-13T13:41:21.783Z,2026-09-14T13:41:21.783Z,2026-09-13T18:06:51.783Z,telemetry,boiler_01,12,5,55,651,65,65
,,0,2026-09-13T13:41:21.783Z,2026-09-14T13:41:21.783Z,2026-09-13T18:07:21.783Z,telemetry,boiler_01,12,5,55,652,65,65
,,0,2026-09-13T13:41:21.783Z,2026-09-14T13:41:21.783Z,2026-09-13T18:07:51.783Z,telemetry,boiler_01,12,5,55,653,65,65
,,0,2026-09-13T13:41:21.783Z,2026-09-14T13:41:21.783Z,2026-09-13T18:08:21.783Z,telemetry,boiler_01,12,5,55,654,65,65
,,0,2026-09-13T13:41:21.783Z,2026-09-14T13:41:21.783Z,2026-09-13T18:08:51.783Z,telemetry,boiler_01,12,5,55,655,65,65
,,0,2026-09-13T13:41:21.783Z,2026-09-14T13:41:21.783Z,2026-09-13T18:09:21.783Z,telemetry,boiler_01,12,5,55,656,65,65
,,0,2026-09-13T13:41:21.783Z,2026-09-14T13:41:21.783Z,2026-09-13T18:09:51.783Z,telemetry,boiler_01,12,5,55,657,65,65
,,0,2026-09-13T13:41:21.783Z,2026-09-14T13:41:21.783Z,2026-09-13T18:10:21.783Z,telemetry,boiler_01,12,0,53.45,658,65,63.45
,,0,2026-09-13T13:41:21.783Z,2026-09-14T13:41:21.783Z,2026-09-13T18:10:51.783Z,telemetry,boiler_01,12,0,51.33,659,65,61.33
,,0,2026-09-13T13:41:21.783Z,2026-09-14T13:41:21.783Z,2026-09-13T18:11:21.783Z,telemetry,boiler_01,12,0,49.32,660,65,59.32
,,0,2026-09-13T13:41:21.783Z,2026-09-14T13:41:21.783Z,2026-09-13T18:11:51.783Z,telemetry,boiler_01,12,0,47.4,661,65,57.4
,,0,2026-09-13T13:41:21.783Z,2026-09-14T13:41:21.783Z,2026-09-13T18:12:21.783Z,telemetry,boiler_01,12,0,45.58,662,65,55.58
,,0,2026-09-13T13:41:21.783Z,2026-09-14T13:41:21.783Z,2026-09-13T18:12:51.783Z,telemetry,boiler_01,12,0,43.84,663,65,53.84
,,0,2026-09-13T13:41:21.783Z,2026-09-14T13:41:21.783Z,2026-09-13T18:13:21.783Z,telemetry,boiler_01,12,0,42.19,664,65,52.19
,,0,2026-09-13T13:41:21.783Z,2026-09-14T13:41:21.783Z,2026-09-13T18:13:51.783Z,telemetry,boiler_01,12,0,40.62,665,65,50.62
,,0,2026-09-13T13:41:21.783Z,2026-09-14T13:41:21.783Z,2026-09-13T18:14:21.783Z,telemetry,boiler_01,12,0,39.13,666,65,49.13
,,0,2026-09-13T13:41:21.783Z,2026-09-14T13:41:21.783Z,2026-09-13T18:14:51.783Z,telemetry,boiler_01,12,0,37.71,667,65,47.71
,,0,2026-09-13T13:41:21.783Z,2026-09-14T13:41:21.783Z,2026-09-13T18:15:21.783Z,telemetry,boiler_01,12,0,36.36,668,65,46.36
,,0,2026-09-13T13:41:21.783Z,2026-09-14T13:41:21.783Z,2026-09-13T18:15:51.783Z,telemetry,boiler_01,12,0,35.07,669,65,45.07
,,0,2026-09-13T13:41:21.783Z,2026-09-14T13:41:21.783Z,2026-09-13T18:16:21.783Z,telemetry,boiler_01,12,0,33.85,670,65,43.85
,,0,2026-09-13T13:41:21.783Z,2026-09-14T13:41:21.783Z,2026-09-13T18:16:51.783Z,telemetry,boiler_01,12,0,32.68,671,65,42.68
,,0,2026-09-13T13:41:21.783Z,2026-09-14T13:41:21.783Z,2026-09-13T18:17:21.783Z,telemetry,boiler_01,12,0,31.58,672,65,41.58
,,0,2026-09-13T13:41:21.783Z,2026-09-14T13:41:21.783Z,2026-09-13T18:17:51.783Z,telemetry,boiler_01,12,0,30.53,673,65,40.53
,,0,2026-09-13T13:41:21.783Z,2026-09-14T13:41:21.783Z,2026-09-13T18:18:21.783Z,telemetry,boiler_01,12,0,29.52,674,65,39.52
,,0,2026-09-13T13:41:21.783Z,2026-09-14T13:41:21.783Z,2026-09-13T18:18:51.783Z,telemetry,boiler_01,12,0,28.57,675,65,38.57
,,0,2026-09-13T13:41:21.783Z,2026-09-14T13:41:21.783Z,2026-09-13T18:19:21.783Z,telemetry,boiler_01,12,0,27.67,676,65,37.67
,,0,2026-09-13T13:41:21.783Z,2026-09-14T13:41:21.783Z,2026-09-13T18:19:51.783Z,telemetry,boiler_01,12,0,26.8,677,65,36.8
,,0,2026-09-13T13:41:21.783Z,2026-09-14T13:41:21.783Z,2026-09-13T18:20:21.783Z,telemetry,boiler_01,12,5,42.72,678,65,52.72
,,0,2026-09-13T13:41:21.783Z,2026-09-14T13:41:21.783Z,2026-09-13T18:20:51.783Z,telemetry,boiler_01,12,5,51.3,679,65,61.3
,,0,2026-09-13T13:41:21.783Z,2026-09-14T13:41:21.783Z,2026-09-13T18:21:21.783Z,telemetry,boiler_01,12,5,53.89,680,65,63.89
,,0,2026-09-13T13:41:21.783Z,2026-09-14T13:41:21.783Z,2026-09-13T18:21:51.783Z,telemetry,boiler_01,12,5,54.66,681,65,64.66
,,0,2026-09-13T13:41:21.783Z,2026-09-14T13:41:21.783Z,2026-09-13T18:22:21.783Z,telemetry,boiler_01,12,5,54.9,682,65,64.9
,,0,2026-09-13T13:41:21.783Z,2026-09-14T13:41:21.783Z,2026-09-13T18:22:51.783Z,telemetry,boiler_01,12,5,54.97,683,65,64.97
,,0,2026-09-13T13:41:21.783Z,2026-09-14T13:41:21.783Z,2026-09-13T18:23:21.783Z,telemetry,boiler_01,12,5,54.99,684,65,64.99
,,0,2026-09-13T13:41:21.783Z,2026-09-14T13:41:21.783Z,2026-09-13T18:23:51.783Z,telemetry,boiler_01,12,5,55,685,65,65
,,0,2026-09-13T13:41:21.783Z,2026-09-14T13:41:21.783Z,2026-09-13T18:24:21.783Z,telemetry,boiler_01,12,5,55,686,65,65
,,0,2026-09-13T13:41:21.783Z,2026-09-14T13:41:21.783Z,2026-09-13T18:24:51.783Z,telemetry,boiler_01,12,5,55,687,65,65
,,0,2026-09-13T13:41:21.783Z,2026-09-14T13:41:21.783Z,2026-09-13T18:25:21.783Z,telemetry,boiler_01,12,5,55,688,65,65
,,0,2026-09-13T13:41:21.783Z,2026-09-14T13:41:21.783Z,2026-09-13T18:25:51.783Z,telemetry,boiler_01,12,5,55,689,65,65
,,0,2026-09-13T13:41:21.783Z,2026-09-14T13:41:21.783Z,2026-09-13T18:26:21.783Z,telemetry,boiler_01,12,5,55,690,65,65
,,0,2026-09-13T13:41:21.783Z,2026-09-14T13:41:21.783Z,2026-09-13T18:26:51.783Z,telemetry,boiler_01,12,5,55,691,65,65
,,0,2026-09-13T13:41:21.783Z,2026-09-14T13:41:21.783Z,2026-09-13T18:27:21.783Z,telemetry,boiler_01,12,5,55,692,65,65
,,0,2026-09-13T13:41:21.783Z,2026-09-14T13:41:21.783Z,2026-09-13T18:27:51.783Z,telemetry,boiler_01,12,5,55,693,65,65
,,0,2026-09-13T13:41:21.783Z,2026-09-14T13:41:21.783Z,2026-09-13T18:28:21.783Z,telemetry,boiler_01,12,5,55,694,65,65
,,0,2026-09-13T13:41:21.783Z,2026-09-14T13:41:21.783Z,2026-09-13T18:28:51.783Z,telemetry,boiler_01,12,5,55,695,65,65
,,0,2026-09-13T13:41:21.783Z,2026-09-14T13:41:21.783Z,2026-09-13T18:29:21.783Z,telemetry,boiler_01,12,5,55,696,65,65
,,0,2026-09-13T13:41:21.783Z,2026-09-14T13:41:21.783Z,2026-09-13T18:29:51.783Z,telemetry,boiler_01,12,5,55,697,65,65
,,0,2026-09-13T13:41:21.783Z,2026-09-14T13:41:21.783Z,2026-09-13T18:30:21.783Z,telemetry,boiler_01,12,0,53.45,698,65,63.45
,,0,2026-09-13T13:41:21.783Z,2026-09-14T13:41:21.783Z,2026-09-13T18:30:51.783Z,telemetry,boiler_01,12,0,51.33,699,65,61.33
,,0,2026-09-13T13:41:21.783Z,2026-09-14T13:41:21.783Z,2026-09-13T18:31:21.783Z,telemetry,boiler_01,12,0,49.32,700,65,59.32
,,0,2026-09-13T13:41:21.783Z,2026-09-14T13:41:21.783Z,2026-09-13T18:31:51.783Z,telemetry,boiler_01,12,0,47.4,701,65,57.4
,,0,2026-09-13T13:41:21.783Z,2026-09-14T13:41:21.783Z,2026-09-13T18:32:21.783Z,telemetry,boiler_01,12,0,45.58,702,65,55.58
,,0,2026-09-13T13:41:21.783Z,2026-09-14T13:41:21.783Z,2026-09-13T18:32:51.783Z,telemetry,boiler_01,12,0,43.84,703,65,53.84
,,0,2026-09-13T13:41:21.783Z,2026-09-14T13:41:21.783Z,2026-09-13T18:33:21.783Z,telemetry,boiler_01,12,0,42.19,704,65,52.19
,,0,2026-09-13T13:41:21.783Z,2026-09-14T13:41:21.783Z,2026-09-13T18:33:51.783Z,telemetry,boiler_01,12,0,40.62,705,65,50.62
,,0,2026-09-13T13:41:21.783Z,2026-09-14T13:41:21.783Z,2026-09-13T18:34:21.783Z,telemetry,boiler_01,12,0,39.13,706,65,49.13
,,0,2026-09-13T13:41:21.783Z,2026-09-14T13:41:21.783Z,2026-09-13T18:34:51.783Z,telemetry,boiler_01,12,0,37.71,707,65,47.71
,,0,2026-09-13T13:41:21.783Z,2026-09-14T13:41:21.783Z,2026-09-13T18:35:21.783Z,telemetry,boiler_01,12,0,36.36,708,65,46.36
,,0,2026-09-13T13:41:21.783Z,2026-09-14T13:41:21.783Z,2026-09-13T18:35:51.783Z,telemetry,boiler_01,12,0,35.07,709,65,45.07
,,0,2026-09-13T13:41:21.783Z,2026-09-14T13:41:21.783Z,2026-09-13T18:36:21.783Z,telemetry,boiler_01,12,0,33.85,710,65,43.85
,,0,2026-09-13T13:41:21.783Z,2026-09-14T13:41:21.783Z,2026-09-13T18:36:51.783Z,telemetry,boiler_01,12,0,32.68,711,65,42.68
,,0,2026-09-13T13:41:21.783Z,2026-09-14T13:41:21.783Z,2026-09-13T18:37:21.783Z,telemetry,boiler_01,12,0,31.58,712,65,41.58
,,0,2026-09-13T13:41:21.783Z,2026-09-14T13:41:21.783Z,2026-09-13T18:37:51.783Z,telemetry,boiler_01,12,0,30.53,713,65,40.53
,,0,2026-09-13T13:41:21.783Z,2026-09-14T13:41:21.783Z,2026-09-13T18:38:21.783Z,telemetry,boiler_01,12,0,29.52,714,65,39.52
,,0,2026-09-13T13:41:21.783Z,2026-09-14T13:41:21.783Z,2026-09-13T18:38:51.783Z,telemetry,boiler_01,12,0,28.57,715,65,38.57
,,0,2026-09-13T13:41:21.783Z,2026-09-14T13:41:21.783Z,2026-09-13T18:39:21.783Z,telemetry,boiler_01,12,0,27.67,716,65,37.67
,,0,2026-09-13T13:41:21.783Z,2026-09-14T13:41:21.783Z,2026-09-13T18:39:51.783Z,telemetry,boiler_01,12,0,26.8,717,65,36.8
,,0,2026-09-13T13:41:21.783Z,2026-09-14T13:41:21.783Z,2026-09-13T18:40:21.783Z,telemetry,boiler_01,12,5,42.72,718,65,52.72
,,0,2026-09-13T13:41:21.783Z,2026-09-14T13:41:21.783Z,2026-09-13T18:40:51.783Z,telemetry,boiler_01,12,5,51.3,719,65,61.3
,,0,2026-09-13T13:41:21.783Z,2026-09-14T13:41:21.783Z,2026-09-13T18:41:21.783Z,telemetry,boiler_01,12,5,53.89,720,65,63.89
,,0,2026-09-13T13:41:21.783Z,2026-09-14T13:41:21.783Z,2026-09-13T18:41:51.783Z,telemetry,boiler_01,12,5,54.66,721,65,64.66
,,0,2026-09-13T13:41:21.783Z,2026-09-14T13:41:21.783Z,2026-09-13T18:42:21.783Z,telemetry,boiler_01,12,5,54.9,722,65,64.9
,,0,2026-09-13T13:41:21.783Z,2026-09-14T13:41:21.783Z,2026-09-13T18:42:51.783Z,telemetry,boiler_01,12,5,54.97,723,65,64.97
,,0,2026-09-13T13:41:21.783Z,2026-09-14T13:41:21.783Z,2026-09-13T18:43:21.783Z,telemetry,boiler_01,12,5,54.99,724,65,64.99
,,0,2026-09-13T13:41:21.783Z,2026-09-14T13:41:21.783Z,2026-09-13T18:43:51.783Z,telemetry,boiler_01,12,5,55,725,65,65
,,0,2026-09-13T13:41:21.783Z,2026-09-14T13:41:21.783Z,2026-09-13T18:44:21.783Z,telemetry,boiler_01,12,5,55,726,65,65
,,0,2026-09-13T13:41:21.783Z,2026-09-14T13:41:21.783Z,2026-09-13T18:44:51.783Z,telemetry,boiler_01,12,5,55,727,65,65
,,0,2026-09-13T13:41:21.783Z,2026-09-14T13:41:21.783Z,2026-09-13T18:45:21.783Z,telemetry,boiler_01,12,5,55,728,65,65
,,0,2026-09-13T13:41:21.783Z,2026-09-14T13:41:21.783Z,2026-09-13T18:45:51.783Z,telemetry,boiler_01,12,5,55,729,65,65
,,0,2026-09-13T13:41:21.783Z,2026-09-14T13:41:21.783Z,2026-09-13T18:46:21.783Z,telemetry,boiler_01,12,5,55,730,65,65
,,0,2026-09-13T13:41:21.783Z,2026-09-14T13:41:21.783Z,2026-09-13T18:46:51.783Z,telemetry,boiler_01,12,5,55,731,65,65
,,0,2026-09-13T13:41:21.783Z,2026-09-14T13:41:21.783Z,2026-09-13T18:47:21.783Z,telemetry,boiler_01,12,5,55,732,65,65
,,0,2026-09-13T13:41:21.783Z,2026-09-14T13:41:21.783Z,2026-09-13T18:47:51.783Z,telemetry,boiler_01,12,5,55,733,65,65
,,0,2026-09-13T13:41:21.783Z,2026-09-14T13:41:21.783Z,2026-09-13T18:48:21.783Z,telemetry,boiler_01,12,5,55,734,65,65
,,0,2026-09-13T13:41:21.783Z,2026-09-14T13:41:21.783Z,2026-09-13T18:48:51.783Z,telemetry,boiler_01,12,5,55,735,65,65
,,0,2026-09-13T13:41:21.783Z,2026-09-14T13:41:21.783Z,2026-09-13T18:49:21.783Z,telemetry,boiler_01,12,5,55,736,65,65
,,0,2026-09-13T13:41:21.783Z,2026-09-14T13:41:21.783Z,2026-09-13T18:49:51.783Z,telemetry,boiler_01,12,5,55,737,65,65
,,0,2026-09-13T13:41:21.783Z,2026-09-14T13:41:21.783Z,2026-09-13T18:50:21.783Z,telemetry,boiler_01,12,0,53.45,738,65,63.45
,,0,2026-09-13T13:41:21.783Z,2026-09-14T13:41:21.783Z,2026-09-13T18:50:51.783Z,telemetry,boiler_01,12,0,51.33,739,65,61.33
,,0,2026-09-13T13:41:21.783Z,2026-09-14T13:41:21.783Z,2026-09-13T18:51:21.783Z,telemetry,boiler_01,12,0,49.32,740,65,59.32
,,0,2026-09-13T13:41:21.783Z,2026-09-14T13:41:21.783Z,2026-09-13T18:51:51.783Z,telemetry,boiler_01,12,0,47.4,741,65,57.4
,,0,2026-09-13T13:41:21.783Z,2026-09-14T13:41:21.783Z,2026-09-13T18:52:21.783Z,telemetry,boiler_01,12,0,45.58,742,65,55.58
,,0,2026-09-13T13:41:21.783Z,2026-09-14T13:41:21.783Z,2026-09-13T18:52:51.783Z,telemetry,boiler_01,12,0,43.84,743,65,53.84
,,0,2026-09-13T13:41:21.783Z,2026-09-14T13:41:21.783Z,2026-09-13T18:53:21.783Z,telemetry,boiler_01,12,0,42.19,744,65,52.19
,,0,2026-09-13T13:41:21.783Z,2026-09-14T13:41:21.783Z,2026-09-13T18:53:51.783Z,telemetry,boiler_01,12,0,40.62,745,65,50.62
,,0,2026-09-13T13:41:21.783Z,2026-09-14T13:41:21.783Z,2026-09-13T18:54:21.783Z,telemetry,boiler_01,12,0,39.13,746,65,49.13
,,0,2026-09-13T13:41:21.783Z,2026-09-14T13:41:21.783Z,2026-09-13T18:54:51.783Z,telemetry,boiler_01,12,0,37.71,747,65,47.71
,,0,2026-09-13T13:41:21.783Z,2026-09-14T13:41:21.783Z,2026-09-13T18:55:21.783Z,telemetry,boiler_01,12,0,36.36,748,65,46.36
,,0,2026-09-13T13:41:21.783Z,2026-09-14T13:41:21.783Z,2026-09-13T18:55:51.783Z,telemetry,boiler_01,12,0,35.07,749,65,45.07
,,0,2026-09-13T13:41:21.783Z,2026-09-14T13:41:21.783Z,2026-09-13T18:56:21.783Z,telemetry,boiler_01,12,0,33.85,750,65,43.85
,,0,2026-09-13T13:41:21.783Z,2026-09-14T13:41:21.783Z,2026-09-13T18:56:51.783Z,telemetry,boiler_01,12,0,32.68,751,65,42.68
,,0,2026-09-13T13:41:21.783Z,2026-09-14T13:41:21.783Z,2026-09-13T18:57:21.783Z,telemetry,boiler_01,12,0,31.58,752,65,41.58
,,0,2026-09-13T13:41:21.783Z,2026-09-14T13:41:21.783Z,2026-09-13T18:57:51.783Z,telemetry,boiler_01,12,0,30.53,753,65,40.53
,,0,2026-09-13T13:41:21.783Z,2026-09-14T13:41:21.783Z,2026-09-13T18:58:21.783Z,telemetry,boiler_01,12,0,29.52,754,65,39.52
,,0,2026-09-13T13:41:21.783Z,2026-09-14T13:41:21.783Z,2026-09-13T18:58:51.783Z,telemetry,boiler_01,12,0,28.57,755,65,38.57
,,0,2026-09-13T13:41:21.783Z,2026-09-14T13:41:21.783Z,2026-09-13T18:59:21.783Z,telemetry,boiler_01,12,0,27.67,756,65,37.67
,,0,2026-09-13T13:41:21.783Z,2026-09-14T13:41:21.783Z,2026-09-13T18:59:51.783Z,telemetry,boiler_01,12,0,26.8,757,65,36.8
,,0,2026-09-13T13:41:21.783Z,2026-09-14T13:41:21.783Z,2026-09-13T19:00:21.783Z,telemetry,boiler_01,12,5,42.72,758,65,52.72
,,0,2026-09-13T13:41:21.783Z,2026-09-14T13:41:21.783Z,2026-09-13T19:00:51.783Z,telemetry,boiler_01,12,5,51.3,759,65,61.3
,,0,2026-09-13T13:41:21.783Z,2026-09-14T13:41:21.783Z,2026-09-13T19:01:21.783Z,telemetry,boiler_01,12,5,53.89,760,65,63.89
,,0,2026-09-13T13:41:21.783Z,2026-09-14T13:41:21.783Z,2026-09-13T19:01:51.783Z,telemetry,boiler_01,12,5,54.66,761,65,64.66
,,0,2026-09-13T13:41:21.783Z,2026-09-14T13:41:21.783Z,2026-09-13T19:02:21.783Z,telemetry,boiler_01,12,5,54.9,762,65,64.9
,,0,2026-09-13T13:41:21.783Z,2026-09-14T13:41:21.783Z,2026-09-13T19:02:51.783Z,telemetry,boiler_01,12,5,54.97,763,65,64.97
,,0,2026-09-13T13:41:21.783Z,2026-09-14T13:41:21.783Z,2026-09-13T19:03:21.783Z,telemetry,boiler_01,12,5,54.99,764,65,64.99
,,0,2026-09-13T13:41:21.783Z,2026-09-14T13:41:21.783Z,2026-09-13T19:03:51.783Z,telemetry,boiler_01,12,5,55,765,65,65
,,0,2026-09-13T13:41:21.783Z,2026-09-14T13:41:21.783Z,2026-09-13T19:04:21.783Z,telemetry,boiler_01,12,5,55,766,65,65
,,0,2026-09-13T13:41:21.783Z,2026-09-14T13:41:21.783Z,2026-09-13T19:04:51.783Z,telemetry,boiler_01,12,5,55,767,65,65
,,0,2026-09-13T13:41:21.783Z,2026-09-14T13:41:21.783Z,2026-09-13T19:05:21.783Z,telemetry,boiler_01,12,5,55,768,65,65
,,0,2026-09-13T13:41:21.783Z,2026-09-14T13:41:21.783Z,2026-09-13T19:05:51.783Z,telemetry,boiler_01,12,5,55,769,65,65
,,0,2026-09-13T13:41:21.783Z,2026-09-14T13:41:21.783Z,2026-09-13T19:06:21.783Z,telemetry,boiler_01,12,5,55,770,65,65
,,0,2026-09-13T13:41:21.783Z,2026-09-14T13:41:21.783Z,2026-09-13T19:06:51.783Z,telemetry,boiler_01,12,5,55,771,65,65
,,0,2026-09-13T13:41:21.783Z,2026-09-14T13:41:21.783Z,2026-09-13T19:07:21.783Z,telemetry,boiler_01,12,5,55,772,65,65
,,0,2026-09-13T13:41:21.783Z,2026-09-14T13:41:21.783Z,2026-09-13T19:07:51.783Z,telemetry,boiler_01,12,5,55,773,65,65
,,0,2026-09-13T13:41:21.783Z,2026-09-14T13:41:21.783Z,2026-09-13T19:08:21.783Z,telemetry,boiler_01,12,5,55,774,65,65
,,0,2026-09-13T13:41:21.783Z,2026-09-14T13:41:21.783Z,2026-09-13T19:08:51.783Z,telemetry,boiler_01,12,5,55,775,65,65
,,0,2026-09-13T13:41:21.783Z,2026-09-14T13:41:21.783Z,2026-09-13T19:09:21.783Z,telemetry,boiler_01,12,5,55,776,65,65
,,0,2026-09-13T13:41:21.783Z,2026-09-14T13:41:21.783Z,2026-09-13T19:09:51.783Z,telemetry,boiler_01,12,5,55,777,65,65
,,0,2026-09-13T13:41:21.783Z,2026-09-14T13:41:21.783Z,2026-09-13T19:10:21.783Z,telemetry,boiler_01,12,0,53.45,778,65,63.45
,,0,2026-09-13T13:41:21.783Z,2026-09-14T13:41:21.783Z,2026-09-13T19:10:51.783Z,telemetry,boiler_01,12,0,51.33,779,65,61.33
,,0,2026-09-13T13:41:21.783Z,2026-09-14T13:41:21.783Z,2026-09-13T19:11:21.783Z,telemetry,boiler_01,12,0,49.32,780,65,59.32
,,0,2026-09-13T13:41:21.783Z,2026-09-14T13:41:21.783Z,2026-09-13T19:11:51.783Z,telemetry,boiler_01,12,0,47.4,781,65,57.4
,,0,2026-09-13T13:41:21.783Z,2026-09-14T13:41:21.783Z,2026-09-13T19:12:21.783Z,telemetry,boiler_01,12,0,45.58,782,65,55.58
,,0,2026-09-13T13:41:21.783Z,2026-09-14T13:41:21.783Z,2026-09-13T19:12:51.783Z,telemetry,boiler_01,12,0,43.84,783,65,53.84
,,0,2026-09-13T13:41:21.783Z,2026-09-14T13:41:21.783Z,2026-09-13T19:13:21.783Z,telemetry,boiler_01,12,0,42.19,784,65,52.19
,,0,2026-09-13T13:41:21.783Z,2026-09-14T13:41:21.783Z,2026-09-13T19:13:51.783Z,telemetry,boiler_01,12,0,40.62,785,65,50.62
,,0,2026-09-13T13:41:21.783Z,2026-09-14T13:41:21.783Z,2026-09-13T19:14:21.783Z,telemetry,boiler_01,12,0,39.13,786,65,49.13
,,0,2026-09-13T13:41:21.783Z,2026-09-14T13:41:21.783Z,2026-09-13T19:14:51.783Z,telemetry,boiler_01,12,0,37.71,787,65,47.71
,,0,2026-09-13T13:41:21.783Z,2026-09-14T13:41:21.783Z,2026-09-13T19:15:21.783Z,telemetry,boiler_01,12,0,36.36,788,65,46.36
,,0,2026-09-13T13:41:21.783Z,2026-09-14T13:41:21.783Z,2026-09-13T19:15:51.783Z,telemetry,boiler_01,12,0,35.07,789,65,45.07
,,0,2026-09-13T13:41:21.783Z,2026-09-14T13:41:21.783Z,2026-09-13T19:16:21.783Z,telemetry,boiler_01,12,0,33.85,790,65,43.85
,,0,2026-09-13T13:41:21.783Z,2026-09-14T13:41:21.783Z,2026-09-13T19:16:51.783Z,telemetry,boiler_01,12,0,32.68,791,65,42.68
,,0,2026-09-13T13:41:21.783Z,2026-09-14T13:41:21.783Z,2026-09-13T19:17:21.783Z,telemetry,boiler_01,12,0,31.58,792,65,41.58
,,0,2026-09-13T13:41:21.783Z,2026-09-14T13:41:21.783Z,2026-09-13T19:17:51.783Z,telemetry,boiler_01,12,0,30.53,793,65,40.53
,,0,2026-09-13T13:41:21.783Z,2026-09-14T13:41:21.783Z,2026-09-13T19:18:21.783Z,telemetry,boiler_01,12,0,29.52,794,65,39.52
,,0,2026-09-13T13:41:21.783Z,2026-09-14T13:41:21.783Z,2026-09-13T19:18:51.783Z,telemetry,boiler_01,12,0,28.57,795,65,38.57
,,0,2026-09-13T13:41:21.783Z,2026-09-14T13:41:21.783Z,2026-09-13T19:19:21.783Z,telemetry,boiler_01,12,0,27.67,796,65,37.67
,,0,2026-09-13T13:41:21.783Z,2026-09-14T13:41:21.783Z,2026-09-13T19:19:51.783Z,telemetry,boiler_01,12,0,26.8,797,65,36.8
,,0,2026-09-13T13:41:21.783Z,2026-09-14T13:41:21.783Z,2026-09-13T19:20:21.783Z,telemetry,boiler_01,12,5,42.72,798,65,52.72
,,0,2026-09-13T13:41:21.783Z,2026-09-14T13:41:21.783Z,2026-09-13T19:20:51.783Z,telemetry,boiler_01,12,5,51.3,799,65,61.3
,,0,2026-09-13T13:41:21.783Z,2026-09-14T13:41:21.783Z,2026-09-13T19:21:21.783Z,telemetry,boiler_01,12,5,53.89,800,65,63.89
,,0,2026-09-13T13:41:21.783Z,2026-09-14T13:41:21.783Z,2026-09-13T19:21:51.783Z,telemetry,boiler_01,12,5,54.66,801,65,64.66
,,0,2026-09-13T13:41:21.783Z,2026-09-14T13:41:21.783Z,2026-09-13T19:22:21.783Z,telemetry,boiler_01,12,5,54.9,802,65,64.9
,,0,2026-09-13T13:41:21.783Z,2026-09-14T13:41:21.783Z,2026-09-13T19:22:51.783Z,telemetry,boiler_01,12,5,54.97,803,65,64.97
,,0,2026-09-13T13:41:21.783Z,2026-09-14T13:41:21.783Z,2026-09-13T19:23:21.783Z,telemetry,boiler_01,12,5,54.99,804,65,64.99
,,0,2026-09-13T13:41:21.783Z,2026-09-14T13:41:21.783Z,2026-09-13T19:23:51.783Z,telemetry,boiler_01,12,5,55,805,65,65
,,0,2026-09-13T13:41:21.783Z,2026-09-14T13:41:21.783Z,2026-09-13T19:24:21.783Z,telemetry,boiler_01,12,5,55,806,65,65
,,0,2026-09-13T13:41:21.783Z,2026-09-14T13:41:21.783Z,2026-09-13T19:24:51.783Z,telemetry,boiler_01,12,5,55,807,65,65
,,0,2026-09-13T13:41:21.783Z,2026-09-14T13:41:21.783Z,2026-09-13T19:25:21.783Z,telemetry,boiler_01,12,5,55,808,65,65
,,0,2026-09-13T13:41:21.783Z,2026-09-14T13:41:21.783Z,2026-09-13T19:25:51.783Z,telemetry,boiler_01,12,5,55,809,65,65
,,0,2026-09-13T13:41:21.783Z,2026-09-14T13:41:21.783Z,2026-09-13T19:26:21.783Z,telemetry,boiler_01,12,5,55,810,65,65
,,0,2026-09-13T13:41:21.783Z,2026-09-14T13:41:21.783Z,2026-09-13T19:26:51.783Z,telemetry,boiler_01,12,5,55,811,65,65
,,0,2026-09-13T13:41:21.783Z,2026-09-14T13:41:21.783Z,2026-09-13T19:27:21.783Z,telemetry,boiler_01,12,5,55,812,65,65
,,0,2026-09-13T13:41:21.783Z,2026-09-14T13:41:21.783Z,2026-09-13T19:27:51.783Z,telemetry,boiler_01,12,5,55,813,65,65
,,0,2026-09-13T13:41:21.783Z,2026-09-14T13:41:21.783Z,2026-09-13T19:28:21.783Z,telemetry,boiler_01,12,5,55,814,65,65
,,0,2026-09-13T13:41:21.783Z,2026-09-14T13:41:21.783Z,2026-09-13T19:28:51.783Z,telemetry,boiler_01,12,5,55,815,65,65
,,0,2026-09-13T13:41:21.783Z,2026-09-14T13:41:21.783Z,2026-09-13T19:29:21.783Z,telemetry,boiler_01,12,5,55,816,65,65
,,0,2026-09-13T13:41:21.783Z,2026-09-14T13:41:21.783Z,2026-09-13T19:29:51.783Z,telemetry,boiler_01,12,5,55,817,65,65
,,0,2026-09-13T13:41:21.783Z,2026-09-14T13:41:21.783Z,2026-09-13T19:30:21.783Z,telemetry,boiler_01,12,0,53.45,818,65,63.45
,,0,2026-09-13T13:41:21.783Z,2026-09-14T13:41:21.783Z,2026-09-13T19:30:51.783Z,telemetry,boiler_01,12,0,51.33,819,65,61.33
,,0,2026-09-13T13:41:21.783Z,2026-09-14T13:41:21.783Z,2026-09-13T19:31:21.783Z,telemetry,boiler_01,12,0,49.32,820,65,59.32
,,0,2026-09-13T13:41:21.783Z,2026-09-14T13:41:21.783Z,2026-09-13T19:31:51.783Z,telemetry,boiler_01,12,0,47.4,821,65,57.4
,,0,2026-09-13T13:41:21.783Z,2026-09-14T13:41:21.783Z,2026-09-13T19:32:21.783Z,telemetry,boiler_01,12,0,45.58,822,65,55.58
,,0,2026-09-13T13:41:21.783Z,2026-09-14T13:41:21.783Z,2026-09-13T19:32:51.783Z,telemetry,boiler_01,12,0,43.84,823,65,53.84
,,0,2026-09-13T13:41:21.783Z,2026-09-14T13:41:21.783Z,2026-09-13T19:33:21.783Z,telemetry,boiler_01,12,0,42.19,824,65,52.19
,,0,2026-09-13T13:41:21.783Z,2026-09-14T13:41:21.783Z,2026-09-13T19:33:51.783Z,telemetry,boiler_01,12,0,40.62,825,65,50.62
,,0,2026-09-13T13:41:21.783Z,2026-09-14T13:41:21.783Z,2026-09-13T19:34:21.783Z,telemetry,boiler_01,12,0,39.13,826,65,49.13
,,0,2026-09-13T13:41:21.783Z,2026-09-14T13:41:21.783Z,2026-09-13T19:34:51.783Z,telemetry,boiler_01,12,0,37.71,827,65,47.71
,,0,2026-09-13T13:41:21.783Z,2026-09-14T13:41:21.783Z,2026-09-13T19:35:21.783Z,telemetry,boiler_01,12,0,36.36,828,65,46.36
,,0,2026-09-13T13:41:21.783Z,2026-09-14T13:41:21.783Z,2026-09-13T19:35:51.783Z,telemetry,boiler_01,12,0,35.07,829,65,45.07
,,0,2026-09-13T13:41:21.783Z,2026-09-14T13:41:21.783Z,2026-09-13T19:36:21.783Z,telemetry,boiler_01,12,0,33.85,830,65,43.85
,,0,2026-09-13T13:41:21.783Z,2026-09-14T13:41:21.783Z,2026-09-13T19:36:51.783Z,telemetry,boiler_01,12,0,32.68,831,65,42.68
,,0,2026-09-13T13:41:21.783Z,2026-09-14T13:41:21.783Z,2026-09-13T19:37:21.783Z,telemetry,boiler_01,12,0,31.58,832,65,41.58
,,0,2026-09-13T13:41:21.783Z,2026-09-14T13:41:21.783Z,2026-09-13T19:37:51.783Z,telemetry,boiler_01,12,0,30.53,833,65,40.53
,,0,2026-09-13T13:41:21.783Z,2026-09-14T13:41:21.783Z,2026-09-13T19:38:21.783Z,telemetry,boiler_01,12,0,29.52,834,65,39.52
,,0,2026-09-13T13:41:21.783Z,2026-09-14T13:41:21.783Z,2026-09-13T19:38:51.783Z,telemetry,boiler_01,12,0,28.57,835,65,38.57
,,0,2026-09-13T13:41:21.783Z,2026-09-14T13:41:21.783Z,2026-09-13T19:39:21.783Z,telemetry,boiler_01,12,0,27.67,836,65,37.67
,,0,2026-09-13T13:41:21.783Z,2026-09-14T13:41:21.783Z,2026-09-13T19:39:51.783Z,telemetry,boiler_01,12,0,26.8,837,65,36.8
,,0,2026-09-13T13:41:21.783Z,2026-09-14T13:41:21.783Z,2026-09-13T19:40:21.783Z,telemetry,boiler_01,12,5,42.72,838,65,52.72
,,0,2026-09-13T13:41:21.783Z,2026-09-14T13:41:21.783Z,2026-09-13T19:40:51.783Z,telemetry,boiler_01,12,5,51.3,839,65,61.3
,,0,2026-09-13T13:41:21.783Z,2026-09-14T13:41:21.783Z,2026-09-13T19:41:21.783Z,telemetry,boiler_01,12,5,53.89,840,65,63.89
,,0,2026-09-13T13:41:21.783Z,2026-09-14T13:41:21.783Z,2026-09-13T19:41:51.783Z,telemetry,boiler_01,12,5,54.66,841,65,64.66
,,0,2026-09-13T13:41:21.783Z,2026-09-14T13:41:21.783Z,2026-09-13T19:42:21.783Z,telemetry,boiler_01,12,5,54.9,842,65,64.9
,,0,2026-09-13T13:41:21.783Z,2026-09-14T13:41:21.783Z,2026-09-13T19:42:51.783Z,telemetry,boiler_01,12,5,54.97,843,65,64.97
,,0,2026-09-13T13:41:21.783Z,2026-09-14T13:41:21.783Z,2026-09-13T19:43:21.783Z,telemetry,boiler_01,12,5,54.99,844,65,64.99
,,0,2026-09-13T13:41:21.783Z,2026-09-14T13:41:21.783Z,2026-09-13T19:43:51.783Z,telemetry,boiler_01,12,5,55,845,65,65
,,0,2026-09-13T13:41:21.783Z,2026-09-14T13:41:21.783Z,2026-09-13T19:44:21.783Z,telemetry,boiler_01,12,5,55,846,65,65
,,0,2026-09-13T13:41:21.783Z,2026-09-14T13:41:21.783Z,2026-09-13T19:44:51.783Z,telemetry,boiler_01,12,5,55,847,65,65
,,0,2026-09-13T13:41:21.783Z,2026-09-14T13:41:21.783Z,2026-09-13T19:45:21.783Z,telemetry,boiler_01,12,5,55,848,65,65
,,0,2026-09-13T13:41:21.783Z,2026-09-14T13:41:21.783Z,2026-09-13T19:45:51.783Z,telemetry,boiler_01,12,5,55,849,65,65
,,0,2026-09-13T13:41:21.783Z,2026-09-14T13:41:21.783Z,2026-09-13T19:46:21.783Z,telemetry,boiler_01,12,5,55,850,65,65
,,0,2026-09-13T13:41:21.783Z,2026-09-14T13:41:21.783Z,2026-09-13T19:46:51.783Z,telemetry,boiler_01,12,5,55,851,65,65
,,0,2026-09-13T13:41:21.783Z,2026-09-14T13:41:21.783Z,2026-09-13T19:47:21.783Z,telemetry,boiler_01,12,5,55,852,65,65
,,0,2026-09-13T13:41:21.783Z,2026-09-14T13:41:21.783Z,2026-09-13T19:47:51.783Z,telemetry,boiler_01,12,5,55,853,65,65
,,0,2026-09-13T13:41:21.783Z,2026-09-14T13:41:21.783Z,2026-09-13T19:48:21.783Z,telemetry,boiler_01,12,5,55,854,65,65
,,0,2026-09-13T13:41:21.783Z,2026-09-14T13:41:21.783Z,2026-09-13T19:48:51.783Z,telemetry,boiler_01,12,5,55,855,65,65
,,0,2026-09-13T13:41:21.783Z,2026-09-14T13:41:21.783Z,2026-09-13T19:49:21.783Z,telemetry,boiler_01,12,5,55,856,65,65
,,0,2026-09-13T13:41:21.783Z,2026-09-14T13:41:21.783Z,2026-09-13T19:49:51.783Z,telemetry,boiler_01,12,5,55,857,65,65
,,0,2026-09-13T13:41:21.783Z,2026-09-14T13:41:21.783Z,2026-09-13T19:50:21.783Z,telemetry,boiler_01,12,0,53.45,858,65,63.45
,,0,2026-09-13T13:41:21.783Z,2026-09-14T13:41:21.783Z,2026-09-13T19:50:51.783Z,telemetry,boiler_01,12,0,51.33,859,65,61.33
,,0,2026-09-13T13:41:21.783Z,2026-09-14T13:41:21.783Z,2026-09-13T19:51:21.783Z,telemetry,boiler_01,12,0,49.32,860,65,59.32
,,0,2026-09-13T13:41:21.783Z,2026-09-14T13:41:21.783Z,2026-09-13T19:51:51.783Z,telemetry,boiler_01,12,0,47.4,861,65,57.4
,,0,2026-09-13T13:41:21.783Z,2026-09-14T13:41:21.783Z,2026-09-13T19:52:21.783Z,telemetry,boiler_01,12,0,45.58,862,65,55.58
,,0,2026-09-13T13:41:21.783Z,2026-09-14T13:41:21.783Z,2026-09-13T19:52:51.783Z,telemetry,boiler_01,12,0,43.84,863,65,53.84
,,0,2026-09-13T13:41:21.783Z,2026-09-14T13:41:21.783Z,2026-09-13T19:53:21.783Z,telemetry,boiler_01,12,0,42.19,864,65,52.19
,,0,2026-09-13T13:41:21.783Z,2026-09-14T13:41:21.783Z,2026-09-13T19:53:51.783Z,telemetry,boiler_01,12,0,40.62,865,65,50.62
,,0,2026-09-13T13:41:21.783Z,2026-09-14T13:41:21.783Z,2026-09-13T19:54:21.783Z,telemetry,boiler_01,12,0,39.13,866,65,49.13
,,0,2026-09-13T13:41:21.783Z,2026-09-14T13:41:21.783Z,2026-09-13T19:54:51.783Z,telemetry,boiler_01,12,0,37.71,867,65,47.71
,,0,2026-09-13T13:41:21.783Z,2026-09-14T13:41:21.783Z,2026-09-13T19:55:21.783Z,telemetry,boiler_01,12,0,36.36,868,65,46.36
,,0,2026-09-13T13:41:21.783Z,2026-09-14T13:41:21.783Z,2026-09-13T19:55:51.783Z,telemetry,boiler_01,12,0,35.07,869,65,45.07
,,0,2026-09-13T13:41:21.783Z,2026-09-14T13:41:21.783Z,2026-09-13T19:56:21.783Z,telemetry,boiler_01,12,0,33.85,870,65,43.85
,,0,2026-09-13T13:41:21.783Z,2026-09-14T13:41:21.783Z,2026-09-13T19:56:51.783Z,telemetry,boiler_01,12,0,32.68,871,65,42.68
,,0,2026-09-13T13:41:21.783Z,2026-09-14T13:41:21.783Z,2026-09-13T19:57:21.783Z,telemetry,boiler_01,12,0,31.58,872,65,41.58
,,0,2026-09-13T13:41:21.783Z,2026-09-14T13:41:21.783Z,2026-09-13T19:57:51.783Z,telemetry,boiler_01,12,0,30.53,873,65,40.53
,,0,2026-09-13T13:41:21.783Z,2026-09-14T13:41:21.783Z,2026-09-13T19:58:21.783Z,telemetry,boiler_01,12,0,29.52,874,65,39.52
,,0,2026-09-13T13:41:21.783Z,2026-09-14T13:41:21.783Z,2026-09-13T19:58:51.783Z,telemetry,boiler_01,12,0,28.57,875,65,38.57
,,0,2026-09-13T13:41:21.783Z,2026-09-14T13:41:21.783Z,2026-09-13T19:59:21.783Z,telemetry,boiler_01,12,0,27.67,876,65,37.67
,,0,2026-09-13T13:41:21.783Z,2026-09-14T13:41:21.783Z,2026-09-13T19:59:51.783Z,telemetry,boiler_01,12,0,26.8,877,65,36.8
,,0,2026-09-13T13:41:21.783Z,2026-09-14T13:41:21.783Z,2026-09-13T20:00:21.783Z,telemetry,boiler_01,12,5,42.72,878,65,52.72
,,0,2026-09-13T13:41:21.783Z,2026-09-14T13:41:21.783Z,2026-09-13T20:00:51.783Z,telemetry,boiler_01,12,5,51.3,879,65,61.3
,,0,2026-09-13T13:41:21.783Z,2026-09-14T13:41:21.783Z,2026-09-13T20:01:21.783Z,telemetry,boiler_01,12,5,53.89,880,65,63.89
,,0,2026-09-13T13:41:21.783Z,2026-09-14T13:41:21.783Z,2026-09-13T20:01:51.783Z,telemetry,boiler_01,12,5,54.66,881,65,64.66
,,0,2026-09-13T13:41:21.783Z,2026-09-14T13:41:21.783Z,2026-09-13T20:02:21.783Z,telemetry,boiler_01,12,5,54.9,882,65,64.9
,,0,2026-09-13T13:41:21.783Z,2026-09-14T13:41:21.783Z,2026-09-13T20:02:51.783Z,telemetry,boiler_01,12,5,54.97,883,65,64.97
,,0,2026-09-13T13:41:21.783Z,2026-09-14T13:41:21.783Z,2026-09-13T20:03:21.783Z,telemetry,boiler_01,12,5,54.99,884,65,64.99
,,0,2026-09-13T13:41:21.783Z,2026-09-14T13:41:21.783Z,2026-09-13T20:03:51.783Z,telemetry,boiler_01,12,5,55,885,65,65
,,0,2026-09-13T13:41:21.783Z,2026-09-14T13:41:21.783Z,2026-09-13T20:04:21.783Z,telemetry,boiler_01,12,5,55,886,65,65
,,0,2026-09-13T13:41:21.783Z,2026-09-14T13:41:21.783Z,2026-09-13T20:04:51.783Z,telemetry,boiler_01,12,5,55,887,65,65
,,0,2026-09-13T13:41:21.783Z,2026-09-14T13:41:21.783Z,2026-09-13T20:05:21.783Z,telemetry,boiler_01,12,5,55,888,65,65
,,0,2026-09-13T13:41:21.783Z,2026-09-14T13:41:21.783Z,2026-09-13T20:05:51.783Z,telemetry,boiler_01,12,5,55,889,65,65
,,0,2026-09-13T13:41:21.783Z,2026-09-14T13:41:21.783Z,2026-09-13T20:06:21.783Z,telemetry,boiler_01,12,5,55,890,65,65
,,0,2026-09-13T13:41:21.783Z,2026-09-14T13:41:21.783Z,2026-09-13T20:06:51.783Z,telemetry,boiler_01,12,5,55,891,65,65
,,0,2026-09-13T13:41:21.783Z,2026-09-14T13:41:21.783Z,2026-09-13T20:07:21.783Z,telemetry,boiler_01,12,5,55,892,65,65
,,0,2026-09-13T13:41:21.783Z,2026-09-14T13:41:21.783Z,2026-09-13T20:07:51.783Z,telemetry,boiler_01,12,5,55,893,65,65
,,0,2026-09-13T13:41:21.783Z,2026-09-14T13:41:21.783Z,2026-09-13T20:08:21.783Z,telemetry,boiler_01,12,5,55,894,65,65
,,0,2026-09-13T13:41:21.783Z,2026-09-14T13:41:21.783Z,2026-09-13T20:08:51.783Z,telemetry,boiler_01,12,5,55,895,65,65
,,0,2026-09-13T13:41:21.783Z,2026-09-14T13:41:21.783Z,2026-09-13T20:09:21.783Z,telemetry,boiler_01,12,5,55,896,65,65
,,0,2026-09-13T13:41:21.783Z,2026-09-14T13:41:21.783Z,2026-09-13T20:09:51.783Z,telemetry,boiler_01,12,5,55,897,65,65
,,0,2026-09-13T13:41:21.783Z,2026-09-14T13:41:21.783Z,2026-09-13T20:10:21.783Z,telemetry,boiler_01,12,0,53.45,898,65,63.45
,,0,2026-09-13T13:41:21.783Z,2026-09-14T13:41:21.783Z,2026-09-13T20:10:51.783Z,telemetry,boiler_01,12,0,51.33,899,65,61.33
,,0,2026-09-13T13:41:21.783Z,2026-09-14T13:41:21.783Z,2026-09-13T20:11:21.783Z,telemetry,boiler_01,12,0,49.32,900,65,59.32
,,0,2026-09-13T13:41:21.783Z,2026-09-14T13:41:21.783Z,2026-09-13T20:11:51.783Z,telemetry,boiler_01,12,0,47.4,901,65,57.4
,,0,2026-09-13T13:41:21.783Z,2026-09-14T13:41:21.783Z,2026-09-13T20:12:21.783Z,telemetry,boiler_01,12,0,45.58,902,65,55.58
,,0,2026-09-13T13:41:21.783Z,2026-09-14T13:41:21.783Z,2026-09-13T20:12:51.783Z,telemetry,boiler_01,12,0,43.84,903,65,53.84
,,0,2026-09-13T13:41:21.783Z,2026-09-14T13:41:21.783Z,2026-09-13T20:13:21.783Z,telemetry,boiler_01,12,0,42.19,904,65,52.19
,,0,2026-09-13T13:41:21.783Z,2026-09-14T13:41:21.783Z,2026-09-13T20:13:51.783Z,telemetry,boiler_01,12,0,40.62,905,65,50.62
,,0,2026-09-13T13:41:21.783Z,2026-09-14T13:41:21.783Z,2026-09-13T20:14:21.783Z,telemetry,boiler_01,12,0,39.13,906,65,49.13
,,0,2026-09-13T13:41:21.783Z,2026-09-14T13:41:21.783Z,2026-09-13T20:14:51.783Z,telemetry,boiler_01,12,0,37.71,907,65,47.71
,,0,2026-09-13T13:41:21.783Z,2026-09-14T13:41:21.783Z,2026-09-13T20:15:21.783Z,telemetry,boiler_01,12,0,36.36,908,65,46.36
,,0,2026-09-13T13:41:21.783Z,2026-09-14T13:41:21.783Z,2026-09-13T20:15:51.783Z,telemetry,boiler_01,12,0,35.07,909,65,45.07
,,0,2026-09-13T13:41:21.783Z,2026-09-14T13:41:21.783Z,2026-09-13T20:16:21.783Z,telemetry,boiler_01,12,0,33.85,910,65,43.85
,,0,2026-09-13T13:41:21.783Z,2026-09-14T13:41:21.783Z,2026-09-13T20:16:51.783Z,telemetry,boiler_01,12,0,32.68,911,65,42.68
,,0,2026-09-13T13:41:21.783Z,2026-09-14T13:41:21.783Z,2026-09-13T20:17:21.783Z,telemetry,boiler_01,12,0,31.58,912,65,41.58
,,0,2026-09-13T13:41:21.783Z,2026-09-14T13:41:21.783Z,2026-09-13T20:17:51.783Z,telemetry,boiler_01,12,0,30.53,913,65,40.53
,,0,2026-09-13T13:41:21.783Z,2026-09-14T13:41:21.783Z,2026-09-13T20:18:21.783Z,telemetry,boiler_01,12,0,29.52,914,65,39.52
,,0,2026-09-13T13:41:21.783Z,2026-09-14T13:41:21.783Z,2026-09-13T20:18:51.783Z,telemetry,boiler_01,12,0,28.57,915,65,38.57
,,0,2026-09-13T13:41:21.783Z,2026-09-14T13:41:21.783Z,2026-09-13T20:19:21.783Z,telemetry,boiler_01,12,0,27.67,916,65,37.67
,,0,2026-09-13T13:41:21.783Z,2026-09-14T13:41:21.783Z,2026-09-13T20:19:51.783Z,telemetry,boiler_01,12,0,26.8,917,65,36.8
,,0,2026-09-13T13:41:21.783Z,2026-09-14T13:41:21.783Z,2026-09-13T20:20:21.783Z,telemetry,boiler_01,12,5,42.72,918,65,52.72
,,0,2026-09-13T13:41:21.783Z,2026-09-14T13:41:21.783Z,2026-09-13T20:20:51.783Z,telemetry,boiler_01,12,5,51.3,919,65,61.3
,,0,2026-09-13T13:41:21.783Z,2026-09-14T13:41:21.783Z,2026-09-13T20:21:21.783Z,telemetry,boiler_01,12,5,53.89,920,65,63.89
,,0,2026-09-13T13:41:21.783Z,2026-09-14T13:41:21.783Z,2026-09-13T20:21:51.783Z,telemetry,boiler_01,12,5,54.66,921,65,64.66
,,0,2026-09-13T13:41:21.783Z,2026-09-14T13:41:21.783Z,2026-09-13T20:22:21.783Z,telemetry,boiler_01,12,5,54.9,922,65,64.9
,,0,2026-09-13T13:41:21.783Z,2026-09-14T13:41:21.783Z,2026-09-13T20:22:51.783Z,telemetry,boiler_01,12,5,54.97,923,65,64.97
,,0,2026-09-13T13:41:21.783Z,2026-09-14T13:41:21.783Z,2026-09-13T20:23:21.783Z,telemetry,boiler_01,12,5,54.99,924,65,64.99
,,0,2026-09-13T13:41:21.783Z,2026-09-14T13:41:21.783Z,2026-09-13T20:23:51.783Z,telemetry,boiler_01,12,5,55,925,65,65
,,0,2026-09-13T13:41:21.783Z,2026-09-14T13:41:21.783Z,2026-09-13T20:24:21.783Z,telemetry,boiler_01,12,5,55,926,65,65
,,0,2026-09-13T13:41:21.783Z,2026-09-14T13:41:21.783Z,2026-09-13T20:24:51.783Z,telemetry,boiler_01,12,5,55,927,65,65
,,0,2026-09-13T13:41:21.783Z,2026-09-14T13:41:21.783Z,2026-09-13T20:25:21.783Z,telemetry,boiler_01,12,5,55,928,65,65
,,0,2026-09-13T13:41:21.783Z,2026-09-14T13:41:21.783Z,2026-09-13T20:25:51.783Z,telemetry,boiler_01,12,5,55,929,65,65
,,0,2026-09-13T13:41:21.783Z,2026-09-14T13:41:21.783Z,2026-09-13T20:26:21.783Z,telemetry,boiler_01,12,5,55,930,65,65
,,0,2026-09-13T13:41:21.783Z,2026-09-14T13:41:21.783Z,2026-09-13T20:26:51.783Z,telemetry,boiler_01,12,5,55,931,65,65
,,0,2026-09-13T13:41:21.783Z,2026-09-14T13:41:21.783Z,2026-09-13T20:27:21.783Z,telemetry,boiler_01,12,5,55,932,65,65
,,0,2026-09-13T13:41:21.783Z,2026-09-14T13:41:21.783Z,2026-09-13T20:27:51.783Z,telemetry,boiler_01,12,5,55,933,65,65
,,0,2026-09-13T13:41:21.783Z,2026-09-14T13:41:21.783Z,2026-09-13T20:28:21.783Z,telemetry,boiler_01,12,5,55,934,65,65
,,0,2026-09-13T13:41:21.783Z,2026-09-14T13:41:21.783Z,2026-09-13T20:28:51.783Z,telemetry,boiler_01,12,5,55,935,65,65
,,0,2026-09-13T13:41:21.783Z,2026-09-14T13:41:21.783Z,2026-09-13T20:29:21.783Z,telemetry,boiler_01,12,5,55,936,65,65
,,0,2026-09-13T13:41:21.783Z,2026-09-14T13:41:21.783Z,2026-09-13T20:29:51.783Z,telemetry,boiler_01,12,5,55,937,65,65
,,0,2026-09-13T13:41:21.783Z,2026-09-14T13:41:21.783Z,2026-09-13T20:30:21.783Z,telemetry,boiler_01,12,0,53.45,938,65,63.45
,,0,2026-09-13T13:41:21.783Z,2026-09-14T13:41:21.783Z,2026-09-13T20:30:51.783Z,telemetry,boiler_01,12,0,51.33,939,65,61.33
,,0,2026-09-13T13:41:21.783Z,2026-09-14T13:41:21.783Z,2026-09-13T20:31:21.783Z,telemetry,boiler_01,12,0,49.32,940,65,59.32
,,0,2026-09-13T13:41:21.783Z,2026-09-14T13:41:21.783Z,2026-09-13T20:31:51.783Z,telemetry,boiler_01,12,0,47.4,941,65,57.4
,,0,2026-09-13T13:41:21.783Z,2026-09-14T13:41:21.783Z,2026-09-13T20:32:21.783Z,telemetry,boiler_01,12,0,45.58,942,65,55.58
,,0,2026-09-13T13:41:21.783Z,2026-09-14T13:41:21.783Z,2026-09-13T20:32:51.783Z,telemetry,boiler_01,12,0,43.84,943,65,53.84
,,0,2026-09-13T13:41:21.783Z,2026-09-14T13:41:21.783Z,2026-09-13T20:33:21.783Z,telemetry,boiler_01,12,0,42.19,944,65,52.19
,,0,2026-09-13T13:41:21.783Z,2026-09-14T13:41:21.783Z,2026-09-13T20:33:51.783Z,telemetry,boiler_01,12,0,40.62,945,65,50.62
,,0,2026-09-13T13:41:21.783Z,2026-09-14T13:41:21.783Z,2026-09-13T20:34:21.783Z,telemetry,boiler_01,12,0,39.13,946,65,49.13
,,0,2026-09-13T13:41:21.783Z,2026-09-14T13:41:21.783Z,2026-09-13T20:34:51.783Z,telemetry,boiler_01,12,0,37.71,947,65,47.71
,,0,2026-09-13T13:41:21.783Z,2026-09-14T13:41:21.783Z,2026-09-13T20:35:21.783Z,telemetry,boiler_01,12,0,36.36,948,65,46.36
,,0,2026-09-13T13:41:21.783Z,2026-09-14T13:41:21.783Z,2026-09-13T20:35:51.783Z,telemetry,boiler_01,12,0,35.07,949,65,45.07
,,0,2026-09-13T13:41:21.783Z,2026-09-14T13:41:21.783Z,2026-09-13T20:36:21.783Z,telemetry,boiler_01,12,0,33.85,950,65,43.85
,,0,2026-09-13T13:41:21.783Z,2026-09-14T13:41:21.783Z,2026-09-13T20:36:51.783Z,telemetry,boiler_01,12,0,32.68,951,65,42.68
,,0,2026-09-13T13:41:21.783Z,2026-09-14T13:41:21.783Z,2026-09-13T20:37:21.783Z,telemetry,boiler_01,12,0,31.58,952,65,41.58
,,0,2026-09-13T13:41:21.783Z,2026-09-14T13:41:21.783Z,2026-09-13T20:37:51.783Z,telemetry,boiler_01,12,0,30.53,953,65,40.53
,,0,2026-09-13T13:41:21.783Z,2026-09-14T13:41:21.783Z,2026-09-13T20:38:21.783Z,telemetry,boiler_01,12,0,29.52,954,65,39.52
,,0,2026-09-13T13:41:21.783Z,2026-09-14T13:41:21.783Z,2026-09-13T20:38:51.783Z,telemetry,boiler_01,12,0,28.57,955,65,38.57
,,0,2026-09-13T13:41:21.783Z,2026-09-14T13:41:21.783Z,2026-09-13T20:39:21.783Z,telemetry,boiler_01,12,0,27.67,956,65,37.67
,,0,2026-09-13T13:41:21.783Z,2026-09-14T13:41:21.783Z,2026-09-13T20:39:51.783Z,telemetry,boiler_01,12,0,26.8,957,65,36.8
,,0,2026-09-13T13:41:21.783Z,2026-09-14T13:41:21.783Z,2026-09-13T20:40:21.783Z,telemetry,boiler_01,12,5,42.72,958,65,52.72
,,0,2026-09-13T13:41:21.783Z,2026-09-14T13:41:21.783Z,2026-09-13T20:40:51.783Z,telemetry,boiler_01,12,5,51.3,959,65,61.3
,,0,2026-09-13T13:41:21.783Z,2026-09-14T13:41:21.783Z,2026-09-13T20:41:21.784Z,telemetry,boiler_01,12,5,53.89,960,65,63.89
,,0,2026-09-13T13:41:21.783Z,2026-09-14T13:41:21.783Z,2026-09-13T20:41:51.783Z,telemetry,boiler_01,12,5,54.66,961,65,64.66
,,0,2026-09-13T13:41:21.783Z,2026-09-14T13:41:21.783Z,2026-09-13T20:42:21.783Z,telemetry,boiler_01,12,5,54.9,962,65,64.9
,,0,2026-09-13T13:41:21.783Z,2026-09-14T13:41:21.783Z,2026-09-13T20:42:51.783Z,telemetry,boiler_01,12,5,54.97,963,65,64.97
,,0,2026-09-13T13:41:21.783Z,2026-09-14T13:41:21.783Z,2026-09-13T20:43:21.783Z,telemetry,boiler_01,12,5,54.99,964,65,64.99
,,0,2026-09-13T13:41:21.783Z,2026-09-14T13:41:21.783Z,2026-09-13T20:43:51.783Z,telemetry,boiler_01,12,5,55,965,65,65
,,0,2026-09-13T13:41:21.783Z,2026-09-14T13:41:21.783Z,2026-09-13T20:44:21.783Z,telemetry,boiler_01,12,5,55,966,65,65
,,0,2026-09-13T13:41:21.783Z,2026-09-14T13:41:21.783Z,2026-09-13T20:44:51.783Z,telemetry,boiler_01,12,5,55,967,65,65
,,0,2026-09-13T13:41:21.783Z,2026-09-14T13:41:21.783Z,2026-09-13T20:45:21.783Z,telemetry,boiler_01,12,5,55,968,65,65
,,0,2026-09-13T13:41:21.783Z,2026-09-14T13:41:21.783Z,2026-09-13T20:45:51.783Z,telemetry,boiler_01,12,5,55,969,65,65
,,0,2026-09-13T13:41:21.783Z,2026-09-14T13:41:21.783Z,2026-09-13T20:46:21.783Z,telemetry,boiler_01,12,5,55,970,65,65
,,0,2026-09-13T13:41:21.783Z,2026-09-14T13:41:21.783Z,2026-09-13T20:46:51.783Z,telemetry,boiler_01,12,5,55,971,65,65
,,0,2026-09-13T13:41:21.783Z,2026-09-14T13:41:21.783Z,2026-09-13T20:47:21.783Z,telemetry,boiler_01,12,5,55,972,65,65
,,0,2026-09-13T13:41:21.783Z,2026-09-14T13:41:21.783Z,2026-09-13T20:47:51.783Z,telemetry,boiler_01,12,5,55,973,65,65
,,0,2026-09-13T13:41:21.783Z,2026-09-14T13:41:21.783Z,2026-09-13T20:48:21.783Z,telemetry,boiler_01,12,5,55,974,65,65
,,0,2026-09-13T13:41:21.783Z,2026-09-14T13:41:21.783Z,2026-09-13T20:48:51.783Z,telemetry,boiler_01,12,5,55,975,65,65
,,0,2026-09-13T13:41:21.783Z,2026-09-14T13:41:21.783Z,2026-09-13T20:49:21.783Z,telemetry,boiler_01,12,5,55,976,65,65
,,0,2026-09-13T13:41:21.783Z,2026-09-14T13:41:21.783Z,2026-09-13T20:49:51.783Z,telemetry,boiler_01,12,5,55,977,65,65
,,0,2026-09-13T13:41:21.783Z,2026-09-14T13:41:21.783Z,2026-09-13T20:50:21.783Z,telemetry,boiler_01,12,0,53.45,978,65,63.45
,,0,2026-09-13T13:41:21.783Z,2026-09-14T13:41:21.783Z,2026-09-13T20:50:51.783Z,telemetry,boiler_01,12,0,51.33,979,65,61.33
,,0,2026-09-13T13:41:21.783Z,2026-09-14T13:41:21.783Z,2026-09-13T20:51:21.783Z,telemetry,boiler_01,12,0,49.32,980,65,59.32
,,0,2026-09-13T13:41:21.783Z,2026-09-14T13:41:21.783Z,2026-09-13T20:51:51.783Z,telemetry,boiler_01,12,0,47.4,981,65,57.4
,,0,2026-09-13T13:41:21.783Z,2026-09-14T13:41:21.783Z,2026-09-13T20:52:21.783Z,telemetry,boiler_01,12,0,45.58,982,65,55.58
,,0,2026-09-13T13:41:21.783Z,2026-09-14T13:41:21.783Z,2026-09-13T20:52:51.783Z,telemetry,boiler_01,12,0,43.84,983,65,53.84
,,0,2026-09-13T13:41:21.783Z,2026-09-14T13:41:21.783Z,2026-09-13T20:53:21.783Z,telemetry,boiler_01,12,0,42.19,984,65,52.19
,,0,2026-09-13T13:41:21.783Z,2026-09-14T13:41:21.783Z,2026-09-13T20:53:51.783Z,telemetry,boiler_01,12,0,40.62,985,65,50.62
,,0,2026-09-13T13:41:21.783Z,2026-09-14T13:41:21.783Z,2026-09-13T20:54:21.783Z,telemetry,boiler_01,12,0,39.13,986,65,49.13
,,0,2026-09-13T13:41:21.783Z,2026-09-14T13:41:21.783Z,2026-09-13T20:54:51.783Z,telemetry,boiler_01,12,0,37.71,987,65,47.71
,,0,2026-09-13T13:41:21.783Z,2026-09-14T13:41:21.783Z,2026-09-13T20:55:21.783Z,telemetry,boiler_01,12,0,36.36,988,65,46.36
,,0,2026-09-13T13:41:21.783Z,2026-09-14T13:41:21.783Z,2026-09-13T20:55:51.783Z,telemetry,boiler_01,12,0,35.07,989,65,45.07
,,0,2026-09-13T13:41:21.783Z,2026-09-14T13:41:21.783Z,2026-09-13T20:56:21.783Z,telemetry,boiler_01,12,0,33.85,990,65,43.85
,,0,2026-09-13T13:41:21.783Z,2026-09-14T13:41:21.783Z,2026-09-13T20:56:51.783Z,telemetry,boiler_01,12,0,32.68,991,65,42.68
,,0,2026-09-13T13:41:21.783Z,2026-09-14T13:41:21.783Z,2026-09-13T20:57:21.783Z,telemetry,boiler_01,12,0,31.58,992,65,41.58
,,0,2026-09-13T13:41:21.783Z,2026-09-14T13:41:21.783Z,2026-09-13T20:57:51.783Z,telemetry,boiler_01,12,0,30.53,993,65,40.53
,,0,2026-09-13T13:41:21.783Z,2026-09-14T13:41:21.783Z,2026-09-13T20:58:21.783Z,telemetry,boiler_01,12,0,29.52,994,65,39.52
,,0,2026-09-13T13:41:21.783Z,2026-09-14T13:41:21.783Z,2026-09-13T20:58:51.783Z,telemetry,boiler_01,12,0,28.57,995,65,38.57
,,0,2026-09-13T13:41:21.783Z,2026-09-14T13:41:21.783Z,2026-09-13T20:59:21.783Z,telemetry,boiler_01,12,0,27.67,996,65,37.67
,,0,2026-09-13T13:41:21.783Z,2026-09-14T13:41:21.783Z,2026-09-13T20:59:51.783Z,telemetry,boiler_01,12,0,26.8,997,65,36.8
,,0,2026-09-13T13:41:21.783Z,2026-09-14T13:41:21.783Z,2026-09-13T21:00:21.783Z,telemetry,boiler_01,12,5,42.72,998,65,52.72
,,0,2026-09-13T13:41:21.783Z,2026-09-14T13:41:21.783Z,2026-09-13T21:00:51.783Z,telemetry,boiler_01,12,5,51.3,999,65,61.3
,,0,2026-09-13T13:41:21.783Z,2026-09-14T13:41:21.783Z,2026-09-13T21:01:21.783Z,telemetry,boiler_01,12,5,53.89,1000,65,63.89
,,0,2026-09-13T13:41:21.783Z,2026-09-14T13:41:21.783Z,2026-09-13T21:01:51.783Z,telemetry,boiler_01,12,5,54.66,1001,65,64.66
,,0,2026-09-13T13:41:21.783Z,2026-09-14T13:41:21.783Z,2026-09-13T21:02:21.783Z,telemetry,boiler_01,12,5,54.9,1002,65,64.9
,,0,2026-09-13T13:41:21.783Z,2026-09-14T13:41:21.783Z,2026-09-13T21:02:51.783Z,telemetry,boiler_01,12,5,54.97,1003,65,64.97
,,0,2026-09-13T13:41:21.783Z,2026-09-14T13:41:21.783Z,2026-09-13T21:03:21.783Z,telemetry,boiler_01,12,5,54.99,1004,65,64.99
,,0,2026-09-13T13:41:21.783Z,2026-09-14T13:41:21.783Z,2026-09-13T21:03:51.783Z,telemetry,boiler_01,12,5,55,1005,65,65
,,0,2026-09-13T13:41:21.783Z,2026-09-14T13:41:21.783Z,2026-09-13T21:04:21.783Z,telemetry,boiler_01,12,5,55,1006,65,65
,,0,2026-09-13T13:41:21.783Z,2026-09-14T13:41:21.783Z,2026-09-13T21:04:51.783Z,telemetry,boiler_01,12,5,55,1007,65,65
,,0,2026-09-13T13:41:21.783Z,2026-09-14T13:41:21.783Z,2026-09-13T21:05:21.783Z,telemetry,boiler_01,12,5,55,1008,65,65
,,0,2026-09-13T13:41:21.783Z,2026-09-14T13:41:21.783Z,2026-09-13T21:05:51.783Z,telemetry,boiler_01,12,5,55,1009,65,65
,,0,2026-09-13T13:41:21.783Z,2026-09-14T13:41:21.783Z,2026-09-13T21:06:21.783Z,telemetry,boiler_01,12,5,55,1010,65,65
,,0,2026-09-13T13:41:21.783Z,2026-09-14T13:41:21.783Z,2026-09-13T21:06:51.783Z,telemetry,boiler_01,12,5,55,1011,65,65
,,0,2026-09-13T13:41:21.783Z,2026-09-14T13:41:21.783Z,2026-09-13T21:07:21.783Z,telemetry,boiler_01,12,5,55,1012,65,65
,,0,2026-09-13T13:41:21.783Z,2026-09-14T13:41:21.783Z,2026-09-13T21:07:51.783Z,telemetry,boiler_01,12,5,55,1013,65,65
,,0,2026-09-13T13:41:21.783Z,2026-09-14T13:41:21.783Z,2026-09-13T21:08:21.783Z,telemetry,boiler_01,12,5,55,1014,65,65
,,0,2026-09-13T13:41:21.783Z,2026-09-14T13:41:21.783Z,2026-09-13T21:08:51.783Z,telemetry,boiler_01,12,5,55,1015,65,65
,,0,2026-09-13T13:41:21.783Z,2026-09-14T13:41:21.783Z,2026-09-13T21:09:21.783Z,telemetry,boiler_01,12,5,55,1016,65,65
,,0,2026-09-13T13:41:21.783Z,2026-09-14T13:41:21.783Z,2026-09-13T21:09:51.783Z,telemetry,boiler_01,12,5,55,1017,65,65
,,0,2026-09-13T13:41:21.783Z,2026-09-14T13:41:21.783Z,2026-09-13T21:10:21.783Z,telemetry,boiler_01,12,0,53.45,1018,65,63.45
,,0,2026-09-13T13:41:21.783Z,2026-09-14T13:41:21.783Z,2026-09-13T21:10:51.783Z,telemetry,boiler_01,12,0,51.33,1019,65,61.33
,,0,2026-09-13T13:41:21.783Z,2026-09-14T13:41:21.783Z,2026-09-13T21:11:21.783Z,telemetry,boiler_01,12,0,49.32,1020,65,59.32
,,0,2026-09-13T13:41:21.783Z,2026-09-14T13:41:21.783Z,2026-09-13T21:11:51.783Z,telemetry,boiler_01,12,0,47.4,1021,65,57.4
,,0,2026-09-13T13:41:21.783Z,2026-09-14T13:41:21.783Z,2026-09-13T21:12:21.783Z,telemetry,boiler_01,12,0,45.58,1022,65,55.58
,,0,2026-09-13T13:41:21.783Z,2026-09-14T13:41:21.783Z,2026-09-13T21:12:51.783Z,telemetry,boiler_01,12,0,43.84,1023,65,53.84
,,0,2026-09-13T13:41:21.783Z,2026-09-14T13:41:21.783Z,2026-09-13T21:13:21.783Z,telemetry,boiler_01,12,0,42.19,1024,65,52.19
,,0,2026-09-13T13:41:21.783Z,2026-09-14T13:41:21.783Z,2026-09-13T21:13:51.783Z,telemetry,boiler_01,12,0,40.62,1025,65,50.62
,,0,2026-09-13T13:41:21.783Z,2026-09-14T13:41:21.783Z,2026-09-13T21:14:21.783Z,telemetry,boiler_01,12,0,39.13,1026,65,49.13
,,0,2026-09-13T13:41:21.783Z,2026-09-14T13:41:21.783Z,2026-09-13T21:14:51.783Z,telemetry,boiler_01,12,0,37.71,1027,65,47.71
,,0,2026-09-13T13:41:21.783Z,2026-09-14T13:41:21.783Z,2026-09-13T21:15:21.783Z,telemetry,boiler_01,12,0,36.36,1028,65,46.36
,,0,2026-09-13T13:41:21.783Z,2026-09-14T13:41:21.783Z,2026-09-13T21:15:51.783Z,telemetry,boiler_01,12,0,35.07,1029,65,45.07
,,0,2026-09-13T13:41:21.783Z,2026-09-14T13:41:21.783Z,2026-09-13T21:16:21.783Z,telemetry,boiler_01,12,0,33.85,1030,65,43.85
,,0,2026-09-13T13:41:21.783Z,2026-09-14T13:41:21.783Z,2026-09-13T21:16:51.783Z,telemetry,boiler_01,12,0,32.68,1031,65,42.68
,,0,2026-09-13T13:41:21.783Z,2026-09-14T13:41:21.783Z,2026-09-13T21:17:21.783Z,telemetry,boiler_01,12,0,31.58,1032,65,41.58
,,0,2026-09-13T13:41:21.783Z,2026-09-14T13:41:21.783Z,2026-09-13T21:17:51.783Z,telemetry,boiler_01,12,0,30.53,1033,65,40.53
,,0,2026-09-13T13:41:21.783Z,2026-09-14T13:41:21.783Z,2026-09-13T21:18:21.783Z,telemetry,boiler_01,12,0,29.52,1034,65,39.52
,,0,2026-09-13T13:41:21.783Z,2026-09-14T13:41:21.783Z,2026-09-13T21:18:51.783Z,telemetry,boiler_01,12,0,28.57,1035,65,38.57
,,0,2026-09-13T13:41:21.783Z,2026-09-14T13:41:21.783Z,2026-09-13T21:19:21.783Z,telemetry,boiler_01,12,0,27.67,1036,65,37.67
,,0,2026-09-13T13:41:21.783Z,2026-09-14T13:41:21.783Z,2026-09-13T21:19:51.783Z,telemetry,boiler_01,12,0,26.8,1037,65,36.8
,,0,2026-09-13T13:41:21.783Z,2026-09-14T13:41:21.783Z,2026-09-13T21:20:21.783Z,telemetry,boiler_01,12,5,42.72,1038,65,52.72
,,0,2026-09-13T13:41:21.783Z,2026-09-14T13:41:21.783Z,2026-09-13T21:20:51.783Z,telemetry,boiler_01,12,5,51.3,1039,65,61.3
,,0,2026-09-13T13:41:21.783Z,2026-09-14T13:41:21.783Z,2026-09-13T21:21:21.783Z,telemetry,boiler_01,12,5,53.89,1040,65,63.89
,,0,2026-09-13T13:41:21.783Z,2026-09-14T13:41:21.783Z,2026-09-13T21:21:51.783Z,telemetry,boiler_01,12,5,54.66,1041,65,64.66
,,0,2026-09-13T13:41:21.783Z,2026-09-14T13:41:21.783Z,2026-09-13T21:22:21.783Z,telemetry,boiler_01,12,5,54.9,1042,65,64.9
,,0,2026-09-13T13:41:21.783Z,2026-09-14T13:41:21.783Z,2026-09-13T21:22:51.783Z,telemetry,boiler_01,12,5,54.97,1043,65,64.97
,,0,2026-09-13T13:41:21.783Z,2026-09-14T13:41:21.783Z,2026-09-13T21:23:21.783Z,telemetry,boiler_01,12,5,54.99,1044,65,64.99
,,0,2026-09-13T13:41:21.783Z,2026-09-14T13:41:21.783Z,2026-09-13T21:23:51.783Z,telemetry,boiler_01,12,5,55,1045,65,65
,,0,2026-09-13T13:41:21.783Z,2026-09-14T13:41:21.783Z,2026-09-13T21:24:21.783Z,telemetry,boiler_01,12,5,55,1046,65,65
,,0,2026-09-13T13:41:21.783Z,2026-09-14T13:41:21.783Z,2026-09-13T21:24:51.783Z,telemetry,boiler_01,12,5,55,1047,65,65
,,0,2026-09-13T13:41:21.783Z,2026-09-14T13:41:21.783Z,2026-09-13T21:25:21.783Z,telemetry,boiler_01,12,5,55,1048,65,65
,,0,2026-09-13T13:41:21.783Z,2026-09-14T13:41:21.783Z,2026-09-13T21:25:51.783Z,telemetry,boiler_01,12,5,55,1049,65,65
,,0,2026-09-13T13:41:21.783Z,2026-09-14T13:41:21.783Z,2026-09-13T21:26:21.783Z,telemetry,boiler_01,12,5,55,1050,65,65
,,0,2026-09-13T13:41:21.783Z,2026-09-14T13:41:21.783Z,2026-09-13T21:26:51.783Z,telemetry,boiler_01,12,5,55,1051,65,65
,,0,2026-09-13T13:41:21.783Z,2026-09-14T13:41:21.783Z,2026-09-13T21:27:21.783Z,telemetry,boiler_01,12,5,55,1052,65,65
,,0,2026-09-13T13:41:21.783Z,2026-09-14T13:41:21.783Z,2026-09-13T21:27:51.783Z,telemetry,boiler_01,12,5,55,1053,65,65
,,0,2026-09-13T13:41:21.783Z,2026-09-14T13:41:21.783Z,2026-09-13T21:28:21.783Z,telemetry,boiler_01,12,5,55,1054,65,65
,,0,2026-09-13T13:41:21.783Z,2026-09-14T13:41:21.783Z,2026-09-13T21:28:51.783Z,telemetry,boiler_01,12,5,55,1055,65,65
,,0,2026-09-13T13:41:21.783Z,2026-09-14T13:41:21.783Z,2026-09-13T21:29:21.783Z,telemetry,boiler_01,12,5,55,1056,65,65
,,0,2026-09-13T13:41:21.783Z,2026-09-14T13:41:21.783Z,2026-09-13T21:29:51.783Z,telemetry,boiler_01,12,5,55,1057,65,65
,,0,2026-09-13T13:41:21.783Z,2026-09-14T13:41:21.783Z,2026-09-13T21:30:21.783Z,telemetry,boiler_01,12,0,53.45,1058,65,63.45
,,0,2026-09-13T13:41:21.783Z,2026-09-14T13:41:21.783Z,2026-09-13T21:30:51.783Z,telemetry,boiler_01,12,0,51.33,1059,65,61.33
,,0,2026-09-13T13:41:21.783Z,2026-09-14T13:41:21.783Z,2026-09-13T21:31:21.783Z,telemetry,boiler_01,12,0,49.32,1060,65,59.32
,,0,2026-09-13T13:41:21.783Z,2026-09-14T13:41:21.783Z,2026-09-13T21:31:51.783Z,telemetry,boiler_01,12,0,47.4,1061,65,57.4
,,0,2026-09-13T13:41:21.783Z,2026-09-14T13:41:21.783Z,2026-09-13T21:32:21.783Z,telemetry,boiler_01,12,0,45.58,1062,65,55.58
,,0,2026-09-13T13:41:21.783Z,2026-09-14T13:41:21.783Z,2026-09-13T21:32:51.783Z,telemetry,boiler_01,12,0,43.84,1063,65,53.84
,,0,2026-09-13T13:41:21.783Z,2026-09-14T13:41:21.783Z,2026-09-13T21:33:21.783Z,telemetry,boiler_01,12,0,42.19,1064,65,52.19
,,0,2026-09-13T13:41:21.783Z,2026-09-14T13:41:21.783Z,2026-09-13T21:33:51.783Z,telemetry,boiler_01,12,0,40.62,1065,65,50.62
,,0,2026-09-13T13:41:21.783Z,2026-09-14T13:41:21.783Z,2026-09-13T21:34:21.783Z,telemetry,boiler_01,12,0,39.13,1066,65,49.13
,,0,2026-09-13T13:41:21.783Z,2026-09-14T13:41:21.783Z,2026-09-13T21:34:51.783Z,telemetry,boiler_01,12,0,37.71,1067,65,47.71
,,0,2026-09-13T13:41:21.783Z,2026-09-14T13:41:21.783Z,2026-09-13T21:35:21.783Z,telemetry,boiler_01,12,0,36.36,1068,65,46.36
,,0,2026-09-13T13:41:21.783Z,2026-09-14T13:41:21.783Z,2026-09-13T21:35:51.783Z,telemetry,boiler_01,12,0,35.07,1069,65,45.07
,,0,2026-09-13T13:41:21.783Z,2026-09-14T13:41:21.783Z,2026-09-13T21:36:21.783Z,telemetry,boiler_01,12,0,33.85,1070,65,43.85
,,0,2026-09-13T13:41:21.783Z,2026-09-14T13:41:21.783Z,2026-09-13T21:36:51.783Z,telemetry,boiler_01,12,0,32.68,1071,65,42.68
,,0,2026-09-13T13:41:21.783Z,2026-09-14T13:41:21.783Z,2026-09-13T21:37:21.783Z,telemetry,boiler_01,12,0,31.58,1072,65,41.58
,,0,2026-09-13T13:41:21.783Z,2026-09-14T13:41:21.783Z,2026-09-13T21:37:51.783Z,telemetry,boiler_01,12,0,30.53,1073,65,40.53
,,0,2026-09-13T13:41:21.783Z,2026-09-14T13:41:21.783Z,2026-09-13T21:38:21.783Z,telemetry,boiler_01,12,0,29.52,1074,65,39.52
,,0,2026-09-13T13:41:21.783Z,2026-09-14T13:41:21.783Z,2026-09-13T21:38:51.783Z,telemetry,boiler_01,12,0,28.57,1075,65,38.57
,,0,2026-09-13T13:41:21.783Z,2026-09-14T13:41:21.783Z,2026-09-13T21:39:21.783Z,telemetry,boiler_01,12,0,27.67,1076,65,37.67
,,0,2026-09-13T13:41:21.783Z,2026-09-14T13:41:21.783Z,2026-09-13T21:39:51.783Z,telemetry,boiler_01,12,0,26.8,1077,65,36.8
,,0,2026-09-13T13:41:21.783Z,2026-09-14T13:41:21.783Z,2026-09-13T21:40:21.783Z,telemetry,boiler_01,12,5,42.72,1078,65,52.72
,,0,2026-09-13T13:41:21.783Z,2026-09-14T13:41:21.783Z,2026-09-13T21:40:51.783Z,telemetry,boiler_01,12,5,51.3,1079,65,61.3
,,0,2026-09-13T13:41:21.783Z,2026-09-14T13:41:21.783Z,2026-09-13T21:41:21.783Z,telemetry,boiler_01,12,5,53.89,1080,65,63.89
,,0,2026-09-13T13:41:21.783Z,2026-09-14T13:41:21.783Z,2026-09-13T21:41:51.783Z,telemetry,boiler_01,12,5,54.66,1081,65,64.66
,,0,2026-09-13T13:41:21.783Z,2026-09-14T13:41:21.783Z,2026-09-13T21:42:21.783Z,telemetry,boiler_01,12,5,54.9,1082,65,64.9
,,0,2026-09-13T13:41:21.783Z,2026-09-14T13:41:21.783Z,2026-09-13T21:42:51.783Z,telemetry,boiler_01,12,5,54.97,1083,65,64.97
,,0,2026-09-13T13:41:21.783Z,2026-09-14T13:41:21.783Z,2026-09-13T21:43:21.783Z,telemetry,boiler_01,12,5,54.99,1084,65,64.99
,,0,2026-09-13T13:41:21.783Z,2026-09-14T13:41:21.783Z,2026-09-13T21:43:51.783Z,telemetry,boiler_01,12,5,55,1085,65,65
,,0,2026-09-13T13:41:21.783Z,2026-09-14T13:41:21.783Z,2026-09-13T21:44:21.783Z,telemetry,boiler_01,12,5,55,1086,65,65
,,0,2026-09-13T13:41:21.783Z,2026-09-14T13:41:21.783Z,2026-09-13T21:44:51.783Z,telemetry,boiler_01,12,5,55,1087,65,65
,,0,2026-09-13T13:41:21.783Z,2026-09-14T13:41:21.783Z,2026-09-13T21:45:21.783Z,telemetry,boiler_01,12,5,55,1088,65,65
,,0,2026-09-13T13:41:21.783Z,2026-09-14T13:41:21.783Z,2026-09-13T21:45:51.783Z,telemetry,boiler_01,12,5,55,1089,65,65
,,0,2026-09-13T13:41:21.783Z,2026-09-14T13:41:21.783Z,2026-09-13T21:46:21.783Z,telemetry,boiler_01,12,5,55,1090,65,65
,,0,2026-09-13T13:41:21.783Z,2026-09-14T13:41:21.783Z,2026-09-13T21:46:51.783Z,telemetry,boiler_01,12,5,55,1091,65,65
,,0,2026-09-13T13:41:21.783Z,2026-09-14T13:41:21.783Z,2026-09-13T21:47:21.783Z,telemetry,boiler_01,12,5,55,1092,65,65
,,0,2026-09-13T13:41:21.783Z,2026-09-14T13:41:21.783Z,2026-09-13T21:47:51.783Z,telemetry,boiler_01,12,5,55,1093,65,65
,,0,2026-09-13T13:41:21.783Z,2026-09-14T13:41:21.783Z,2026-09-13T21:48:21.783Z,telemetry,boiler_01,12,5,55,1094,65,65
,,0,2026-09-13T13:41:21.783Z,2026-09-14T13:41:21.783Z,2026-09-13T21:48:51.783Z,telemetry,boiler_01,12,5,55,1095,65,65
,,0,2026-09-13T13:41:21.783Z,2026-09-14T13:41:21.783Z,2026-09-13T21:49:21.783Z,telemetry,boiler_01,12,5,55,1096,65,65
,,0,2026-09-13T13:41:21.783Z,2026-09-14T13:41:21.783Z,2026-09-13T21:49:51.783Z,telemetry,boiler_01,12,5,55,1097,65,65
,,0,2026-09-13T13:41:21.783Z,2026-09-14T13:41:21.783Z,2026-09-13T21:50:21.783Z,telemetry,boiler_01,12,0,53.45,1098,65,63.45
,,0,2026-09-13T13:41:21.783Z,2026-09-14T13:41:21.783Z,2026-09-13T21:50:51.783Z,telemetry,boiler_01,12,0,51.33,1099,65,61.33
,,0,2026-09-13T13:41:21.783Z,2026-09-14T13:41:21.783Z,2026-09-13T21:51:21.783Z,telemetry,boiler_01,12,0,49.32,1100,65,59.32
,,0,2026-09-13T13:41:21.783Z,2026-09-14T13:41:21.783Z,2026-09-13T21:51:51.783Z,telemetry,boiler_01,12,0,47.4,1101,65,57.4
,,0,2026-09-13T13:41:21.783Z,2026-09-14T13:41:21.783Z,2026-09-13T21:52:21.783Z,telemetry,boiler_01,12,0,45.58,1102,65,55.58
,,0,2026-09-13T13:41:21.783Z,2026-09-14T13:41:21.783Z,2026-09-13T21:52:51.783Z,telemetry,boiler_01,12,0,43.84,1103,65,53.84
,,0,2026-09-13T13:41:21.783Z,2026-09-14T13:41:21.783Z,2026-09-13T21:53:21.783Z,telemetry,boiler_01,12,0,42.19,1104,65,52.19
,,0,2026-09-13T13:41:21.783Z,2026-09-14T13:41:21.783Z,2026-09-13T21:53:51.783Z,telemetry,boiler_01,12,0,40.62,1105,65,50.62
,,0,2026-09-13T13:41:21.783Z,2026-09-14T13:41:21.783Z,2026-09-13T21:54:21.783Z,telemetry,boiler_01,12,0,39.13,1106,65,49.13
,,0,2026-09-13T13:41:21.783Z,2026-09-14T13:41:21.783Z,2026-09-13T21:54:51.783Z,telemetry,boiler_01,12,0,37.71,1107,65,47.71
,,0,2026-09-13T13:41:21.783Z,2026-09-14T13:41:21.783Z,2026-09-13T21:55:21.783Z,telemetry,boiler_01,12,0,36.36,1108,65,46.36
,,0,2026-09-13T13:41:21.783Z,2026-09-14T13:41:21.783Z,2026-09-13T21:55:51.783Z,telemetry,boiler_01,12,0,35.07,1109,65,45.07
,,0,2026-09-13T13:41:21.783Z,2026-09-14T13:41:21.783Z,2026-09-13T21:56:21.783Z,telemetry,boiler_01,12,0,33.85,1110,65,43.85
,,0,2026-09-13T13:41:21.783Z,2026-09-14T13:41:21.783Z,2026-09-13T21:56:51.783Z,telemetry,boiler_01,12,0,32.68,1111,65,42.68
,,0,2026-09-13T13:41:21.783Z,2026-09-14T13:41:21.783Z,2026-09-13T21:57:21.783Z,telemetry,boiler_01,12,0,31.58,1112,65,41.58
,,0,2026-09-13T13:41:21.783Z,2026-09-14T13:41:21.783Z,2026-09-13T21:57:51.783Z,telemetry,boiler_01,12,0,30.53,1113,65,40.53
,,0,2026-09-13T13:41:21.783Z,2026-09-14T13:41:21.783Z,2026-09-13T21:58:21.783Z,telemetry,boiler_01,12,0,29.52,1114,65,39.52
,,0,2026-09-13T13:41:21.783Z,2026-09-14T13:41:21.783Z,2026-09-13T21:58:51.783Z,telemetry,boiler_01,12,0,28.57,1115,65,38.57
,,0,2026-09-13T13:41:21.783Z,2026-09-14T13:41:21.783Z,2026-09-13T21:59:21.783Z,telemetry,boiler_01,12,0,27.67,1116,65,37.67
,,0,2026-09-13T13:41:21.783Z,2026-09-14T13:41:21.783Z,2026-09-13T21:59:51.783Z,telemetry,boiler_01,12,0,26.8,1117,65,36.8
,,0,2026-09-13T13:41:21.783Z,2026-09-14T13:41:21.783Z,2026-09-13T22:00:21.783Z,telemetry,boiler_01,12,0,20,1118,65,20
,,0,2026-09-13T13:41:21.783Z,2026-09-14T13:41:21.783Z,2026-09-13T22:00:51.783Z,telemetry,boiler_01,12,0,20,1119,65,20
,,0,2026-09-13T13:41:21.783Z,2026-09-14T13:41:21.783Z,2026-09-13T22:01:21.783Z,telemetry,boiler_01,12,0,20,1120,65,20
,,0,2026-09-13T13:41:21.783Z,2026-09-14T13:41:21.783Z,2026-09-13T22:01:51.783Z,telemetry,boiler_01,12,0,20,1121,65,20
,,0,2026-09-13T13:41:21.783Z,2026-09-14T13:41:21.783Z,2026-09-13T22:02:21.783Z,telemetry,boiler_01,12,0,20,1122,65,20
,,0,2026-09-13T13:41:21.783Z,2026-09-14T13:41:21.783Z,2026-09-13T22:02:51.783Z,telemetry,boiler_01,12,0,20,1123,65,20
,,0,2026-09-13T13:41:21.783Z,2026-09-14T13:41:21.783Z,2026-09-13T22:03:21.783Z,telemetry,boiler_01,12,0,20,1124,65,20
,,0,2026-09-13T13:41:21.783Z,2026-09-14T13:41:21.783Z,2026-09-13T22:03:51.783Z,telemetry,boiler_01,12,0,20,1125,65,20
,,0,2026-09-13T13:41:21.783Z,2026-09-14T13:41:21.783Z,2026-09-13T22:04:21.783Z,telemetry,boiler_01,12,0,20,1126,65,20
,,0,2026-09-13T13:41:21.783Z,2026-09-14T13:41:21.783Z,2026-09-13T22:04:51.783Z,telemetry,boiler_01,12,0,20,1127,65,20
,,0,2026-09-13T13:41:21.783Z,2026-09-14T13:41:21.783Z,2026-09-13T22:05:21.783Z,telemetry,boiler_01,12,0,20,1128,65,20
,,0,2026-09-13T13:41:21.783Z,2026-09-14T13:41:21.783Z,2026-09-13T22:05:51.783Z,telemetry,boiler_01,12,0,20,1129,65,20
,,0,2026-09-13T13:41:21.783Z,2026-09-14T13:41:21.783Z,2026-09-13T22:06:21.783Z,telemetry,boiler_01,12,0,20,1130,65,20
,,0,2026-09-13T13:41:21.783Z,2026-09-14T13:41:21.783Z,2026-09-13T22:06:51.783Z,telemetry,boiler_01,12,0,20,1131,65,20
,,0,2026-09-13T13:41:21.783Z,2026-09-14T13:41:21.783Z,2026-09-13T22:07:21.783Z,telemetry,boiler_01,12,0,20,1132,65,20
,,0,2026-09-13T13:41:21.783Z,2026-09-14T13:41:21.783Z,2026-09-13T22:07:51.783Z,telemetry,boiler_01,12,0,20,1133,65,20
,,0,2026-09-13T13:41:21.783Z,2026-09-14T13:41:21.783Z,2026-09-13T22:08:21.783Z,telemetry,boiler_01,12,0,20,1134,65,20
,,0,2026-09-13T13:41:21.783Z,2026-09-14T13:41:21.783Z,2026-09-13T22:08:51.783Z,telemetry,boiler_01,12,0,20,1135,65,20
,,0,2026-09-13T13:41:21.783Z,2026-09-14T13:41:21.783Z,2026-09-13T22:09:21.783Z,telemetry,boiler_01,12,0,20,1136,65,20
,,0,2026-09-13T13:41:21.783Z,2026-09-14T13:41:21.783Z,2026-09-13T22:09:51.783Z,telemetry,boiler_01,12,0,20,1137,65,20
,,0,2026-09-13T13:41:21.783Z,2026-09-14T13:41:21.783Z,2026-09-13T22:10:21.783Z,telemetry,boiler_01,12,0,20,1138,65,20
,,0,2026-09-13T13:41:21.783Z,2026-09-14T13:41:21.783Z,2026-09-13T22:10:51.783Z,telemetry,boiler_01,12,0,20,1139,65,20
,,0,2026-09-13T13:41:21.783Z,2026-09-14T13:41:21.783Z,2026-09-13T22:11:21.783Z,telemetry,boiler_01,12,0,20,1140,65,20
,,0,2026-09-13T13:41:21.783Z,2026-09-14T13:41:21.783Z,2026-09-13T22:11:51.783Z,telemetry,boiler_01,12,0,20,1141,65,20
,,0,2026-09-13T13:41:21.783Z,2026-09-14T13:41:21.783Z,2026-09-13T22:12:21.783Z,telemetry,boiler_01,12,0,20,1142,65,20
,,0,2026-09-13T13:41:21.783Z,2026-09-14T13:41:21.783Z,2026-09-13T22:12:51.783Z,telemetry,boiler_01,12,0,20,1143,65,20
,,0,2026-09-13T13:41:21.783Z,2026-09-14T13:41:21.783Z,2026-09-13T22:13:21.783Z,telemetry,boiler_01,12,0,20,1144,65,20
,,0,2026-09-13T13:41:21.783Z,2026-09-14T13:41:21.783Z,2026-09-13T22:13:51.783Z,telemetry,boiler_01,12,0,20,1145,65,20
,,0,2026-09-13T13:41:21.783Z,2026-09-14T13:41:21.783Z,2026-09-13T22:14:21.783Z,telemetry,boiler_01,12,0,20,1146,65,20
,,0,2026-09-13T13:41:21.783Z,2026-09-14T13:41:21.783Z,2026-09-13T22:14:51.783Z,telemetry,boiler_01,12,0,20,1147,65,20
,,0,2026-09-13T13:41:21.783Z,2026-09-14T13:41:21.783Z,2026-09-13T22:15:21.783Z,telemetry,boiler_01,12,0,20,1148,65,20
,,0,2026-09-13T13:41:21.783Z,2026-09-14T13:41:21.783Z,2026-09-13T22:15:51.783Z,telemetry,boiler_01,12,0,20,1149,65,20
,,0,2026-09-13T13:41:21.783Z,2026-09-14T13:41:21.783Z,2026-09-13T22:16:21.783Z,telemetry,boiler_01,12,0,20,1150,65,20
,,0,2026-09-13T13:41:21.783Z,2026-09-14T13:41:21.783Z,2026-09-13T22:16:51.783Z,telemetry,boiler_01,12,0,20,1151,65,20
,,0,2026-09-13T13:41:21.783Z,2026-09-14T13:41:21.783Z,2026-09-13T22:17:21.783Z,telemetry,boiler_01,12,0,20,1152,65,20
,,0,2026-09-13T13:41:21.783Z,2026-09-14T13:41:21.783Z,2026-09-13T22:17:51.783Z,telemetry,boiler_01,12,0,20,1153,65,20
,,0,2026-09-13T13:41:21.783Z,2026-09-14T13:41:21.783Z,2026-09-13T22:18:21.783Z,telemetry,boiler_01,12,0,20,1154,65,20
,,0,2026-09-13T13:41:21.783Z,2026-09-14T13:41:21.783Z,2026-09-13T22:18:51.783Z,telemetry,boiler_01,12,0,20,1155,65,20
,,0,2026-09-13T13:41:21.783Z,2026-09-14T13:41:21.783Z,2026-09-13T22:19:21.783Z,telemetry,boiler_01,12,0,20,1156,65,20
,,0,2026-09-13T13:41:21.783Z,2026-09-14T13:41:21.783Z,2026-09-13T22:19:51.783Z,telemetry,boiler_01,12,0,20,1157,65,20
,,0,2026-09-13T13:41:21.783Z,2026-09-14T13:41:21.783Z,2026-09-13T22:20:21.783Z,telemetry,boiler_01,12,0,20,1158,65,20
,,0,2026-09-13T13:41:21.783Z,2026-09-14T13:41:21.783Z,2026-09-13T22:20:51.783Z,telemetry,boiler_01,12,0,20,1159,65,20
,,0,2026-09-13T13:41:21.783Z,2026-09-14T13:41:21.783Z,2026-09-13T22:21:21.783Z,telemetry,boiler_01,12,0,20,1160,65,20
,,0,2026-09-13T13:41:21.783Z,2026-09-14T13:41:21.783Z,2026-09-13T22:21:51.783Z,telemetry,boiler_01,12,0,20,1161,65,20
,,0,2026-09-13T13:41:21.783Z,2026-09-14T13:41:21.783Z,2026-09-13T22:22:21.783Z,telemetry,boiler_01,12,0,20,1162,65,20
,,0,2026-09-13T13:41:21.783Z,2026-09-14T13:41:21.783Z,2026-09-13T22:22:51.783Z,telemetry,boiler_01,12,0,20,1163,65,20
,,0,2026-09-13T13:41:21.783Z,2026-09-14T13:41:21.783Z,2026-09-13T22:23:21.783Z,telemetry,boiler_01,12,0,20,1164,65,20
,,0,2026-09-13T13:41:21.783Z,2026-09-14T13:41:21.783Z,2026-09-13T22:23:51.783Z,telemetry,boiler_01,12,0,20,1165,65,20
,,0,2026-09-13T13:41:21.783Z,2026-09-14T13:41:21.783Z,2026-09-13T22:24:21.783Z,telemetry,boiler_01,12,0,20,1166,65,20
,,0,2026-09-13T13:41:21.783Z,2026-09-14T13:41:21.783Z,2026-09-13T22:24:51.783Z,telemetry,boiler_01,12,0,20,1167,65,20
,,0,2026-09-13T13:41:21.783Z,2026-09-14T13:41:21.783Z,2026-09-13T22:25:21.783Z,telemetry,boiler_01,12,0,20,1168,65,20
,,0,2026-09-13T13:41:21.783Z,2026-09-14T13:41:21.783Z,2026-09-13T22:25:51.783Z,telemetry,boiler_01,12,0,20,1169,65,20
,,0,2026-09-13T13:41:21.783Z,2026-09-14T13:41:21.783Z,2026-09-13T22:26:21.783Z,telemetry,boiler_01,12,0,20,1170,65,20
,,0,2026-09-13T13:41:21.783Z,2026-09-14T13:41:21.783Z,2026-09-13T22:26:51.783Z,telemetry,boiler_01,12,0,20,1171,65,20
,,0,2026-09-13T13:41:21.783Z,2026-09-14T13:41:21.783Z,2026-09-13T22:27:21.783Z,telemetry,boiler_01,12,0,20,1172,65,20
,,0,2026-09-13T13:41:21.783Z,2026-09-14T13:41:21.783Z,2026-09-13T22:27:51.783Z,telemetry,boiler_01,12,0,20,1173,65,20
,,0,2026-09-13T13:41:21.783Z,2026-09-14T13:41:21.783Z,2026-09-13T22:28:21.783Z,telemetry,boiler_01,12,0,20,1174,65,20
,,0,2026-09-13T13:41:21.783Z,2026-09-14T13:41:21.783Z,2026-09-13T22:28:51.783Z,telemetry,boiler_01,12,0,20,1175,65,20
,,0,2026-09-13T13:41:21.783Z,2026-09-14T13:41:21.783Z,2026-09-13T22:29:21.783Z,telemetry,boiler_01,12,0,20,1176,65,20
,,0,2026-09-13T13:41:21.783Z,2026-09-14T13:41:21.783Z,2026-09-13T22:29:51.783Z,telemetry,boiler_01,12,0,20,1177,65,20
,,0,2026-09-13T13:41:21.783Z,2026-09-14T13:41:21.783Z,2026-09-13T22:30:21.783Z,telemetry,boiler_01,12,0,20,1178,65,20
,,0,2026-09-13T13:41:21.783Z,2026-09-14T13:41:21.783Z,2026-09-13T22:30:51.783Z,telemetry,boiler_01,12,0,20,1179,65,20
,,0,2026-09-13T13:41:21.783Z,2026-09-14T13:41:21.783Z,2026-09-13T22:31:21.783Z,telemetry,boiler_01,12,0,20,1180,65,20
,,0,2026-09-13T13:41:21.783Z,2026-09-14T13:41:21.783Z,2026-09-13T22:31:51.783Z,telemetry,boiler_01,12,0,20,1181,65,20
,,0,2026-09-13T13:41:21.783Z,2026-09-14T13:41:21.783Z,2026-09-13T22:32:21.783Z,telemetry,boiler_01,12,0,20,1182,65,20
,,0,2026-09-13T13:41:21.783Z,2026-09-14T13:41:21.783Z,2026-09-13T22:32:51.783Z,telemetry,boiler_01,12,0,20,1183,65,20
,,0,2026-09-13T13:41:21.783Z,2026-09-14T13:41:21.783Z,2026-09-13T22:33:21.783Z,telemetry,boiler_01,12,0,20,1184,65,20
,,0,2026-09-13T13:41:21.783Z,2026-09-14T13:41:21.783Z,2026-09-13T22:33:51.783Z,telemetry,boiler_01,12,0,20,1185,65,20
,,0,2026-09-13T13:41:21.783Z,2026-09-14T13:41:21.783Z,2026-09-13T22:34:21.783Z,telemetry,boiler_01,12,0,20,1186,65,20
,,0,2026-09-13T13:41:21.783Z,2026-09-14T13:41:21.783Z,2026-09-13T22:34:51.783Z,telemetry,boiler_01,12,0,20,1187,65,20
,,0,2026-09-13T13:41:21.783Z,2026-09-14T13:41:21.783Z,2026-09-13T22:35:21.783Z,telemetry,boiler_01,12,0,20,1188,65,20
,,0,2026-09-13T13:41:21.783Z,2026-09-14T13:41:21.783Z,2026-09-13T22:35:51.783Z,telemetry,boiler_01,12,0,20,1189,65,20
,,0,2026-09-13T13:41:21.783Z,2026-09-14T13:41:21.783Z,2026-09-13T22:36:21.783Z,telemetry,boiler_01,12,0,20,1190,65,20
,,0,2026-09-13T13:41:21.783Z,2026-09-14T13:41:21.783Z,2026-09-13T22:36:51.783Z,telemetry,boiler_01,12,0,20,1191,65,20
,,0,2026-09-13T13:41:21.783Z,2026-09-14T13:41:21.783Z,2026-09-13T22:37:21.783Z,telemetry,boiler_01,12,0,20,1192,65,20
,,0,2026-09-13T13:41:21.783Z,2026-09-14T13:41:21.783Z,2026-09-13T22:37:51.783Z,telemetry,boiler_01,12,0,20,1193,65,20
,,0,2026-09-13T13:41:21.783Z,2026-09-14T13:41:21.783Z,2026-09-13T22:38:21.783Z,telemetry,boiler_01,12,0,20,1194,65,20
,,0,2026-09-13T13:41:21.783Z,2026-09-14T13:41:21.783Z,2026-09-13T22:38:51.783Z,telemetry,boiler_01,12,0,20,1195,65,20
,,0,2026-09-13T13:41:21.783Z,2026-09-14T13:41:21.783Z,2026-09-13T22:39:21.783Z,telemetry,boiler_01,12,0,20,1196,65,20
,,0,2026-09-13T13:41:21.783Z,2026-09-14T13:41:21.783Z,2026-09-13T22:39:51.783Z,telemetry,boiler_01,12,0,20,1197,65,20
,,0,2026-09-13T13:41:21.783Z,2026-09-14T13:41:21.783Z,2026-09-13T22:40:21.783Z,telemetry,boiler_01,12,0,20,1198,65,20
,,0,2026-09-13T13:41:21.783Z,2026-09-14T13:41:21.783Z,2026-09-13T22:40:51.783Z,telemetry,boiler_01,12,0,20,1199,65,20
,,0,2026-09-13T13:41:21.783Z,2026-09-14T13:41:21.783Z,2026-09-13T22:41:21.784Z,telemetry,boiler_01,12,0,20,1200,65,20
,,0,2026-09-13T13:41:21.783Z,2026-09-14T13:41:21.783Z,2026-09-13T22:41:51.783Z,telemetry,boiler_01,12,0,20,1201,65,20
,,0,2026-09-13T13:41:21.783Z,2026-09-14T13:41:21.783Z,2026-09-13T22:42:21.783Z,telemetry,boiler_01,12,0,20,1202,65,20
,,0,2026-09-13T13:41:21.783Z,2026-09-14T13:41:21.783Z,2026-09-13T22:42:51.783Z,telemetry,boiler_01,12,0,20,1203,65,20
,,0,2026-09-13T13:41:21.783Z,2026-09-14T13:41:21.783Z,2026-09-13T22:43:21.783Z,telemetry,boiler_01,12,0,20,1204,65,20
,,0,2026-09-13T13:41:21.783Z,2026-09-14T13:41:21.783Z,2026-09-13T22:43:51.783Z,telemetry,boiler_01,12,0,20,1205,65,20
,,0,2026-09-13T13:41:21.783Z,2026-09-14T13:41:21.783Z,2026-09-13T22:44:21.783Z,telemetry,boiler_01,12,0,20,1206,65,20
,,0,2026-09-13T13:41:21.783Z,2026-09-14T13:41:21.783Z,2026-09-13T22:44:51.783Z,telemetry,boiler_01,12,0,20,1207,65,20
,,0,2026-09-13T13:41:21.783Z,2026-09-14T13:41:21.783Z,2026-09-13T22:45:21.783Z,telemetry,boiler_01,12,0,20,1208,65,20
,,0,2026-09-13T13:41:21.783Z,2026-09-14T13:41:21.783Z,2026-09-13T22:45:51.783Z,telemetry,boiler_01,12,0,20,1209,65,20
,,0,2026-09-13T13:41:21.783Z,2026-09-14T13:41:21.783Z,2026-09-13T22:46:21.783Z,telemetry,boiler_01,12,0,20,1210,65,20
,,0,2026-09-13T13:41:21.783Z,2026-09-14T13:41:21.783Z,2026-09-13T22:46:51.783Z,telemetry,boiler_01,12,0,20,1211,65,20
,,0,2026-09-13T13:41:21.783Z,2026-09-14T13:41:21.783Z,2026-09-13T22:47:21.783Z,telemetry,boiler_01,12,0,20,1212,65,20
,,0,2026-09-13T13:41:21.783Z,2026-09-14T13:41:21.783Z,2026-09-13T22:47:51.783Z,telemetry,boiler_01,12,0,20,1213,65,20
,,0,2026-09-13T13:41:21.783Z,2026-09-14T13:41:21.783Z,2026-09-13T22:48:21.783Z,telemetry,boiler_01,12,0,20,1214,65,20
,,0,2026-09-13T13:41:21.783Z,2026-09-14T13:41:21.783Z,2026-09-13T22:48:51.783Z,telemetry,boiler_01,12,0,20,1215,65,20
,,0,2026-09-13T13:41:21.783Z,2026-09-14T13:41:21.783Z,2026-09-13T22:49:21.783Z,telemetry,boiler_01,12,0,20,1216,65,20
,,0,2026-09-13T13:41:21.783Z,2026-09-14T13:41:21.783Z,2026-09-13T22:49:51.783Z,telemetry,boiler_01,12,0,20,1217,65,20
,,0,2026-09-13T13:41:21.783Z,2026-09-14T13:41:21.783Z,2026-09-13T22:50:21.783Z,telemetry,boiler_01,12,0,20,1218,65,20
,,0,2026-09-13T13:41:21.783Z,2026-09-14T13:41:21.783Z,2026-09-13T22:50:51.783Z,telemetry,boiler_01,12,0,20,1219,65,20
,,0,2026-09-13T13:41:21.783Z,2026-09-14T13:41:21.783Z,2026-09-13T22:51:21.783Z,telemetry,boiler_01,12,0,20,1220,65,20
,,0,2026-09-13T13:41:21.783Z,2026-09-14T13:41:21.783Z,2026-09-13T22:51:51.783Z,telemetry,boiler_01,12,0,20,1221,65,20
,,0,2026-09-13T13:41:21.783Z,2026-09-14T13:41:21.783Z,2026-09-13T22:52:21.783Z,telemetry,boiler_01,12,0,20,1222,65,20
,,0,2026-09-13T13:41:21.783Z,2026-09-14T13:41:21.783Z,2026-09-13T22:52:51.783Z,telemetry,boiler_01,12,0,20,1223,65,20
,,0,2026-09-13T13:41:21.783Z,2026-09-14T13:41:21.783Z,2026-09-13T22:53:21.783Z,telemetry,boiler_01,12,0,20,1224,65,20
,,0,2026-09-13T13:41:21.783Z,2026-09-14T13:41:21.783Z,2026-09-13T22:53:51.783Z,telemetry,boiler_01,12,0,20,1225,65,20
,,0,2026-09-13T13:41:21.783Z,2026-09-14T13:41:21.783Z,2026-09-13T22:54:21.783Z,telemetry,boiler_01,12,0,20,1226,65,20
,,0,2026-09-13T13:41:21.783Z,2026-09-14T13:41:21.783Z,2026-09-13T22:54:51.783Z,telemetry,boiler_01,12,0,20,1227,65,20
,,0,2026-09-13T13:41:21.783Z,2026-09-14T13:41:21.783Z,2026-09-13T22:55:21.783Z,telemetry,boiler_01,12,0,20,1228,65,20
,,0,2026-09-13T13:41:21.783Z,2026-09-14T13:41:21.783Z,2026-09-13T22:55:51.783Z,telemetry,boiler_01,12,0,20,1229,65,20
,,0,2026-09-13T13:41:21.783Z,2026-09-14T13:41:21.783Z,2026-09-13T22:56:21.783Z,telemetry,boiler_01,12,0,20,1230,65,20
,,0,2026-09-13T13:41:21.783Z,2026-09-14T13:41:21.783Z,2026-09-13T22:56:51.783Z,telemetry,boiler_01,12,0,20,1231,65,20
,,0,2026-09-13T13:41:21.783Z,2026-09-14T13:41:21.783Z,2026-09-13T22:57:21.783Z,telemetry,boiler_01,12,0,20,1232,65,20
,,0,2026-09-13T13:41:21.783Z,2026-09-14T13:41:21.783Z,2026-09-13T22:57:51.783Z,telemetry,boiler_01,12,0,20,1233,65,20
,,0,2026-09-13T13:41:21.783Z,2026-09-14T13:41:21.783Z,2026-09-13T22:58:21.783Z,telemetry,boiler_01,12,0,20,1234,65,20
,,0,2026-09-13T13:41:21.783Z,2026-09-14T13:41:21.783Z,2026-09-13T22:58:51.783Z,telemetry,boiler_01,12,0,20,1235,65,20
,,0,2026-09-13T13:41:21.783Z,2026-09-14T13:41:21.783Z,2026-09-13T22:59:21.783Z,telemetry,boiler_01,12,0,20,1236,65,20
,,0,2026-09-13T13:41:21.783Z,2026-09-14T13:41:21.783Z,2026-09-13T22:59:51.783Z,telemetry,boiler_01,12,0,20,1237,65,20
,,0,2026-09-13T13:41:21.783Z,2026-09-14T13:41:21.783Z,2026-09-13T23:00:21.783Z,telemetry,boiler_01,12,0,20,1238,65,20
,,0,2026-09-13T13:41:21.783Z,2026-09-14T13:41:21.783Z,2026-09-13T23:00:51.783Z,telemetry,boiler_01,12,0,20,1239,65,20
,,0,2026-09-13T13:41:21.783Z,2026-09-14T13:41:21.783Z,2026-09-13T23:01:21.783Z,telemetry,boiler_01,12,0,20,1240,65,20
,,0,2026-09-13T13:41:21.783Z,2026-09-14T13:41:21.783Z,2026-09-13T23:01:51.783Z,telemetry,boiler_01,12,0,20,1241,65,20
,,0,2026-09-13T13:41:21.783Z,2026-09-14T13:41:21.783Z,2026-09-13T23:02:21.783Z,telemetry,boiler_01,12,0,20,1242,65,20
,,0,2026-09-13T13:41:21.783Z,2026-09-14T13:41:21.783Z,2026-09-13T23:02:51.783Z,telemetry,boiler_01,12,0,20,1243,65,20
,,0,2026-09-13T13:41:21.783Z,2026-09-14T13:41:21.783Z,2026-09-13T23:03:21.783Z,telemetry,boiler_01,12,0,20,1244,65,20
,,0,2026-09-13T13:41:21.783Z,2026-09-14T13:41:21.783Z,2026-09-13T23:03:51.783Z,telemetry,boiler_01,12,0,20,1245,65,20
,,0,2026-09-13T13:41:21.783Z,2026-09-14T13:41:21.783Z,2026-09-13T23:04:21.783Z,telemetry,boiler_01,12,0,20,1246,65,20
,,0,2026-09-13T13:41:21.783Z,2026-09-14T13:41:21.783Z,2026-09-13T23:04:51.783Z,telemetry,boiler_01,12,0,20,1247,65,20
,,0,2026-09-13T13:41:21.783Z,2026-09-14T13:41:21.783Z,2026-09-13T23:05:21.783Z,telemetry,boiler_01,12,0,20,1248,65,20
,,0,2026-09-13T13:41:21.783Z,2026-09-14T13:41:21.783Z,2026-09-13T23:05:51.783Z,telemetry,boiler_01,12,0,20,1249,65,20
,,0,2026-09-13T13:41:21.783Z,2026-09-14T13:41:21.783Z,2026-09-13T23:06:21.783Z,telemetry,boiler_01,12,0,20,1250,65,20
,,0,2026-09-13T13:41:21.783Z,2026-09-14T13:41:21.783Z,2026-09-13T23:06:51.783Z,telemetry,boiler_01,12,0,20,1251,65,20
,,0,2026-09-13T13:41:21.783Z,2026-09-14T13:41:21.783Z,2026-09-13T23:07:21.783Z,telemetry,boiler_01,12,0,20,1252,65,20
,,0,2026-09-13T13:41:21.783Z,2026-09-14T13:41:21.783Z,2026-09-13T23:07:51.783Z,telemetry,boiler_01,12,0,20,1253,65,20
,,0,2026-09-13T13:41:21.783Z,2026-09-14T13:41:21.783Z,2026-09-13T23:08:21.783Z,telemetry,boiler_01,12,0,20,1254,65,20
,,0,2026-09-13T13:41:21.783Z,2026-09-14T13:41:21.783Z,2026-09-13T23:08:51.783Z,telemetry,boiler_01,12,0,20,1255,65,20
,,0,2026-09-13T13:41:21.783Z,2026-09-14T13:41:21.783Z,2026-09-13T23:09:21.783Z,telemetry,boiler_01,12,0,20,1256,65,20
,,0,2026-09-13T13:41:21.783Z,2026-09-14T13:41:21.783Z,2026-09-13T23:09:51.783Z,telemetry,boiler_01,12,0,20,1257,65,20
,,0,2026-09-13T13:41:21.783Z,2026-09-14T13:41:21.783Z,2026-09-13T23:10:21.783Z,telemetry,boiler_01,12,0,20,1258,65,20
,,0,2026-09-13T13:41:21.783Z,2026-09-14T13:41:21.783Z,2026-09-13T23:10:51.783Z,telemetry,boiler_01,12,0,20,1259,65,20
,,0,2026-09-13T13:41:21.783Z,2026-09-14T13:41:21.783Z,2026-09-13T23:11:21.783Z,telemetry,boiler_01,12,0,20,1260,65,20
,,0,2026-09-13T13:41:21.783Z,2026-09-14T13:41:21.783Z,2026-09-13T23:11:51.783Z,telemetry,boiler_01,12,0,20,1261,65,20
,,0,2026-09-13T13:41:21.783Z,2026-09-14T13:41:21.783Z,2026-09-13T23:12:21.783Z,telemetry,boiler_01,12,0,20,1262,65,20
,,0,2026-09-13T13:41:21.783Z,2026-09-14T13:41:21.783Z,2026-09-13T23:12:51.783Z,telemetry,boiler_01,12,0,20,1263,65,20
,,0,2026-09-13T13:41:21.783Z,2026-09-14T13:41:21.783Z,2026-09-13T23:13:21.783Z,telemetry,boiler_01,12,0,20,1264,65,20
,,0,2026-09-13T13:41:21.783Z,2026-09-14T13:41:21.783Z,2026-09-13T23:13:51.783Z,telemetry,boiler_01,12,0,20,1265,65,20
,,0,2026-09-13T13:41:21.783Z,2026-09-14T13:41:21.783Z,2026-09-13T23:14:21.783Z,telemetry,boiler_01,12,0,20,1266,65,20
,,0,2026-09-13T13:41:21.783Z,2026-09-14T13:41:21.783Z,2026-09-13T23:14:51.783Z,telemetry,boiler_01,12,0,20,1267,65,20
,,0,2026-09-13T13:41:21.783Z,2026-09-14T13:41:21.783Z,2026-09-13T23:15:21.783Z,telemetry,boiler_01,12,0,20,1268,65,20
,,0,2026-09-13T13:41:21.783Z,2026-09-14T13:41:21.783Z,2026-09-13T23:15:51.783Z,telemetry,boiler_01,12,0,20,1269,65,20
,,0,2026-09-13T13:41:21.783Z,2026-09-14T13:41:21.783Z,2026-09-13T23:16:21.783Z,telemetry,boiler_01,12,0,20,1270,65,20
,,0,2026-09-13T13:41:21.783Z,2026-09-14T13:41:21.783Z,2026-09-13T23:16:51.783Z,telemetry,boiler_01,12,0,20,1271,65,20
,,0,2026-09-13T13:41:21.783Z,2026-09-14T13:41:21.783Z,2026-09-13T23:17:21.783Z,telemetry,boiler_01,12,0,20,1272,65,20
,,0,2026-09-13T13:41:21.783Z,2026-09-14T13:41:21.783Z,2026-09-13T23:17:51.783Z,telemetry,boiler_01,12,0,20,1273,65,20
,,0,2026-09-13T13:41:21.783Z,2026-09-14T13:41:21.783Z,2026-09-13T23:18:21.783Z,telemetry,boiler_01,12,0,20,1274,65,20
,,0,2026-09-13T13:41:21.783Z,2026-09-14T13:41:21.783Z,2026-09-13T23:18:51.783Z,telemetry,boiler_01,12,0,20,1275,65,20
,,0,2026-09-13T13:41:21.783Z,2026-09-14T13:41:21.783Z,2026-09-13T23:19:21.783Z,telemetry,boiler_01,12,0,20,1276,65,20
,,0,2026-09-13T13:41:21.783Z,2026-09-14T13:41:21.783Z,2026-09-13T23:19:51.783Z,telemetry,boiler_01,12,0,20,1277,65,20
,,0,2026-09-13T13:41:21.783Z,2026-09-14T13:41:21.783Z,2026-09-13T23:20:21.783Z,telemetry,boiler_01,12,0,20,1278,65,20
,,0,2026-09-13T13:41:21.783Z,2026-09-14T13:41:21.783Z,2026-09-13T23:20:51.783Z,telemetry,boiler_01,12,0,20,1279,65,20
,,0,2026-09-13T13:41:21.783Z,2026-09-14T13:41:21.783Z,2026-09-13T23:21:21.784Z,telemetry,boiler_01,12,0,20,1280,65,20
,,0,2026-09-13T13:41:21.783Z,2026-09-14T13:41:21.783Z,2026-09-13T23:21:51.783Z,telemetry,boiler_01,12,0,20,1281,65,20
,,0,2026-09-13T13:41:21.783Z,2026-09-14T13:41:21.783Z,2026-09-13T23:22:21.783Z,telemetry,boiler_01,12,0,20,1282,65,20
,,0,2026-09-13T13:41:21.783Z,2026-09-14T13:41:21.783Z,2026-09-13T23:22:51.783Z,telemetry,boiler_01,12,0,20,1283,65,20
,,0,2026-09-13T13:41:21.783Z,2026-09-14T13:41:21.783Z,2026-09-13T23:23:21.783Z,telemetry,boiler_01,12,0,20,1284,65,20
,,0,2026-09-13T13:41:21.783Z,2026-09-14T13:41:21.783Z,2026-09-13T23:23:51.783Z,telemetry,boiler_01,12,0,20,1285,65,20
,,0,2026-09-13T13:41:21.783Z,2026-09-14T13:41:21.783Z,2026-09-13T23:24:21.783Z,telemetry,boiler_01,12,0,20,1286,65,20
,,0,2026-09-13T13:41:21.783Z,2026-09-14T13:41:21.783Z,2026-09-13T23:24:51.783Z,telemetry,boiler_01,12,0,20,1287,65,20
,,0,2026-09-13T13:41:21.783Z,2026-09-14T13:41:21.783Z,2026-09-13T23:25:21.783Z,telemetry,boiler_01,12,0,20,1288,65,20
,,0,2026-09-13T13:41:21.783Z,2026-09-14T13:41:21.783Z,2026-09-13T23:25:51.783Z,telemetry,boiler_01,12,0,20,1289,65,20
,,0,2026-09-13T13:41:21.783Z,2026-09-14T13:41:21.783Z,2026-09-13T23:26:21.783Z,telemetry,boiler_01,12,0,20,1290,65,20
,,0,2026-09-13T13:41:21.783Z,2026-09-14T13:41:21.783Z,2026-09-13T23:26:51.783Z,telemetry,boiler_01,12,0,20,1291,65,20
,,0,2026-09-13T13:41:21.783Z,2026-09-14T13:41:21.783Z,2026-09-13T23:27:21.783Z,telemetry,boiler_01,12,0,20,1292,65,20
,,0,2026-09-13T13:41:21.783Z,2026-09-14T13:41:21.783Z,2026-09-13T23:27:51.783Z,telemetry,boiler_01,12,0,20,1293,65,20
,,0,2026-09-13T13:41:21.783Z,2026-09-14T13:41:21.783Z,2026-09-13T23:28:21.783Z,telemetry,boiler_01,12,0,20,1294,65,20
,,0,2026-09-13T13:41:21.783Z,2026-09-14T13:41:21.783Z,2026-09-13T23:28:51.783Z,telemetry,boiler_01,12,0,20,1295,65,20
,,0,2026-09-13T13:41:21.783Z,2026-09-14T13:41:21.783Z,2026-09-13T23:29:21.783Z,telemetry,boiler_01,12,0,20,1296,65,20
,,0,2026-09-13T13:41:21.783Z,2026-09-14T13:41:21.783Z,2026-09-13T23:29:51.783Z,telemetry,boiler_01,12,0,20,1297,65,20
,,0,2026-09-13T13:41:21.783Z,2026-09-14T13:41:21.783Z,2026-09-13T23:30:21.783Z,telemetry,boiler_01,12,0,20,1298,65,20
,,0,2026-09-13T13:41:21.783Z,2026-09-14T13:41:21.783Z,2026-09-13T23:30:51.783Z,telemetry,boiler_01,12,0,20,1299,65,20
,,0,2026-09-13T13:41:21.783Z,2026-09-14T13:41:21.783Z,2026-09-13T23:31:21.783Z,telemetry,boiler_01,12,0,20,1300,65,20
,,0,2026-09-13T13:41:21.783Z,2026-09-14T13:41:21.783Z,2026-09-13T23:31:51.783Z,telemetry,boiler_01,12,0,20,1301,65,20
,,0,2026-09-13T13:41:21.783Z,2026-09-14T13:41:21.783Z,2026-09-13T23:32:21.783Z,telemetry,boiler_01,12,0,20,1302,65,20
,,0,2026-09-13T13:41:21.783Z,2026-09-14T13:41:21.783Z,2026-09-13T23:32:51.783Z,telemetry,boiler_01,12,0,20,1303,65,20
,,0,2026-09-13T13:41:21.783Z,2026-09-14T13:41:21.783Z,2026-09-13T23:33:21.783Z,telemetry,boiler_01,12,0,20,1304,65,20
,,0,2026-09-13T13:41:21.783Z,2026-09-14T13:41:21.783Z,2026-09-13T23:33:51.783Z,telemetry,boiler_01,12,0,20,1305,65,20
,,0,2026-09-13T13:41:21.783Z,2026-09-14T13:41:21.783Z,2026-09-13T23:34:21.783Z,telemetry,boiler_01,12,0,20,1306,65,20
,,0,2026-09-13T13:41:21.783Z,2026-09-14T13:41:21.783Z,2026-09-13T23:34:51.783Z,telemetry,boiler_01,12,0,20,1307,65,20
,,0,2026-09-13T13:41:21.783Z,2026-09-14T13:41:21.783Z,2026-09-13T23:35:21.783Z,telemetry,boiler_01,12,0,20,1308,65,20
,,0,2026-09-13T13:41:21.783Z,2026-09-14T13:41:21.783Z,2026-09-13T23:35:51.783Z,telemetry,boiler_01,12,0,20,1309,65,20
,,0,2026-09-13T13:41:21.783Z,2026-09-14T13:41:21.783Z,2026-09-13T23:36:21.783Z,telemetry,boiler_01,12,0,20,1310,65,20
,,0,2026-09-13T13:41:21.783Z,2026-09-14T13:41:21.783Z,2026-09-13T23:36:51.783Z,telemetry,boiler_01,12,0,20,1311,65,20
,,0,2026-09-13T13:41:21.783Z,2026-09-14T13:41:21.783Z,2026-09-13T23:37:21.783Z,telemetry,boiler_01,12,0,20,1312,65,20
,,0,2026-09-13T13:41:21.783Z,2026-09-14T13:41:21.783Z,2026-09-13T23:37:51.783Z,telemetry,boiler_01,12,0,20,1313,65,20
,,0,2026-09-13T13:41:21.783Z,2026-09-14T13:41:21.783Z,2026-09-13T23:38:21.783Z,telemetry,boiler_01,12,0,20,1314,65,20
,,0,2026-09-13T13:41:21.783Z,2026-09-14T13:41:21.783Z,2026-09-13T23:38:51.783Z,telemetry,boiler_01,12,0,20,1315,65,20
,,0,2026-09-13T13:41:21.783Z,2026-09-14T13:41:21.783Z,2026-09-13T23:39:21.783Z,telemetry,boiler_01,12,0,20,1316,65,20
,,0,2026-09-13T13:41:21.783Z,2026-09-14T13:41:21.783Z,2026-09-13T23:39:51.783Z,telemetry,boiler_01,12,0,20,1317,65,20
,,0,2026-09-13T13:41:21.783Z,2026-09-14T13:41:21.783Z,2026-09-13T23:40:21.783Z,telemetry,boiler_01,12,0,20,1318,65,20
,,0,2026-09-13T13:41:21.783Z,2026-09-14T13:41:21.783Z,2026-09-13T23:40:51.783Z,telemetry,boiler_01,12,0,20,1319,65,20
,,0,2026-09-13T13:41:21.783Z,2026-09-14T13:41:21.783Z,2026-09-13T23:41:21.784Z,telemetry,boiler_01,12,0,20,1320,65,20
,,0,2026-09-13T13:41:21.783Z,2026-09-14T13:41:21.783Z,2026-09-13T23:41:51.783Z,telemetry,boiler_01,12,0,20,1321,65,20
,,0,2026-09-13T13:41:21.783Z,2026-09-14T13:41:21.783Z,2026-09-13T23:42:21.783Z,telemetry,boiler_01,12,0,20,1322,65,20
,,0,2026-09-13T13:41:21.783Z,2026-09-14T13:41:21.783Z,2026-09-13T23:42:51.783Z,telemetry,boiler_01,12,0,20,1323,65,20
,,0,2026-09-13T13:41:21.783Z,2026-09-14T13:41:21.783Z,2026-09-13T23:43:21.783Z,telemetry,boiler_01,12,0,20,1324,65,20
,,0,2026-09-13T13:41:21.783Z,2026-09-14T13:41:21.783Z,2026-09-13T23:43:51.783Z,telemetry,boiler_01,12,0,20,1325,65,20
,,0,2026-09-13T13:41:21.783Z,2026-09-14T13:41:21.783Z,2026-09-13T23:44:21.783Z,telemetry,boiler_01,12,0,20,1326,65,20
,,0,2026-09-13T13:41:21.783Z,2026-09-14T13:41:21.783Z,2026-09-13T23:44:51.783Z,telemetry,boiler_01,12,0,20,1327,65,20
,,0,2026-09-13T13:41:21.783Z,2026-09-14T13:41:21.783Z,2026-09-13T23:45:21.783Z,telemetry,boiler_01,12,0,20,1328,65,20
,,0,2026-09-13T13:41:21.783Z,2026-09-14T13:41:21.783Z,2026-09-13T23:45:51.783Z,telemetry,boiler_01,12,0,20,1329,65,20
,,0,2026-09-13T13:41:21.783Z,2026-09-14T13:41:21.783Z,2026-09-13T23:46:21.783Z,telemetry,boiler_01,12,0,20,1330,65,20
,,0,2026-09-13T13:41:21.783Z,2026-09-14T13:41:21.783Z,2026-09-13T23:46:51.783Z,telemetry,boiler_01,12,0,20,1331,65,20
,,0,2026-09-13T13:41:21.783Z,2026-09-14T13:41:21.783Z,2026-09-13T23:47:21.783Z,telemetry,boiler_01,12,0,20,1332,65,20
,,0,2026-09-13T13:41:21.783Z,2026-09-14T13:41:21.783Z,2026-09-13T23:47:51.783Z,telemetry,boiler_01,12,0,20,1333,65,20
,,0,2026-09-13T13:41:21.783Z,2026-09-14T13:41:21.783Z,2026-09-13T23:48:21.783Z,telemetry,boiler_01,12,0,20,1334,65,20
,,0,2026-09-13T13:41:21.783Z,2026-09-14T13:41:21.783Z,2026-09-13T23:48:51.783Z,telemetry,boiler_01,12,0,20,1335,65,20
,,0,2026-09-13T13:41:21.783Z,2026-09-14T13:41:21.783Z,2026-09-13T23:49:21.783Z,telemetry,boiler_01,12,0,20,1336,65,20
,,0,2026-09-13T13:41:21.783Z,2026-09-14T13:41:21.783Z,2026-09-13T23:49:51.783Z,telemetry,boiler_01,12,0,20,1337,65,20
,,0,2026-09-13T13:41:21.783Z,2026-09-14T13:41:21.783Z,2026-09-13T23:50:21.783Z,telemetry,boiler_01,12,0,20,1338,65,20
,,0,2026-09-13T13:41:21.783Z,2026-09-14T13:41:21.783Z,2026-09-13T23:50:51.783Z,telemetry,boiler_01,12,0,20,1339,65,20
,,0,2026-09-13T13:41:21.783Z,2026-09-14T13:41:21.783Z,2026-09-13T23:51:21.783Z,telemetry,boiler_01,12,0,20,1340,65,20
,,0,2026-09-13T13:41:21.783Z,2026-09-14T13:41:21.783Z,2026-09-13T23:51:51.783Z,telemetry,boiler_01,12,0,20,1341,65,20
,,0,2026-09-13T13:41:21.783Z,2026-09-14T13:41:21.783Z,2026-09-13T23:52:21.783Z,telemetry,boiler_01,12,0,20,1342,65,20
,,0,2026-09-13T13:41:21.783Z,2026-09-14T13:41:21.783Z,2026-09-13T23:52:51.783Z,telemetry,boiler_01,12,0,20,1343,65,20
,,0,2026-09-13T13:41:21.783Z,2026-09-14T13:41:21.783Z,2026-09-13T23:53:21.783Z,telemetry,boiler_01,12,0,20,1344,65,20
,,0,2026-09-13T13:41:21.783Z,2026-09-14T13:41:21.783Z,2026-09-13T23:53:51.783Z,telemetry,boiler_01,12,0,20,1345,65,20
,,0,2026-09-13T13:41:21.783Z,2026-09-14T13:41:21.783Z,2026-09-13T23:54:21.783Z,telemetry,boiler_01,12,0,20,1346,65,20
,,0,2026-09-13T13:41:21.783Z,2026-09-14T13:41:21.783Z,2026-09-13T23:54:51.783Z,telemetry,boiler_01,12,0,20,1347,65,20
,,0,2026-09-13T13:41:21.783Z,2026-09-14T13:41:21.783Z,2026-09-13T23:55:21.783Z,telemetry,boiler_01,12,0,20,1348,65,20
,,0,2026-09-13T13:41:21.783Z,2026-09-14T13:41:21.783Z,2026-09-13T23:55:51.783Z,telemetry,boiler_01,12,0,20,1349,65,20
,,0,2026-09-13T13:41:21.783Z,2026-09-14T13:41:21.783Z,2026-09-13T23:56:21.783Z,telemetry,boiler_01,12,0,20,1350,65,20
,,0,2026-09-13T13:41:21.783Z,2026-09-14T13:41:21.783Z,2026-09-13T23:56:51.783Z,telemetry,boiler_01,12,0,20,1351,65,20
,,0,2026-09-13T13:41:21.783Z,2026-09-14T13:41:21.783Z,2026-09-13T23:57:21.783Z,telemetry,boiler_01,12,0,20,1352,65,20
,,0,2026-09-13T13:41:21.783Z,2026-09-14T13:41:21.783Z,2026-09-13T23:57:51.783Z,telemetry,boiler_01,12,0,20,1353,65,20
,,0,2026-09-13T13:41:21.783Z,2026-09-14T13:41:21.783Z,2026-09-13T23:58:21.783Z,telemetry,boiler_01,12,0,20,1354,65,20
,,0,2026-09-13T13:41:21.783Z,2026-09-14T13:41:21.783Z,2026-09-13T23:58:51.783Z,telemetry,boiler_01,12,0,20,1355,65,20
,,0,2026-09-13T13:41:21.783Z,2026-09-14T13:41:21.783Z,2026-09-13T23:59:21.783Z,telemetry,boiler_01,12,0,20,1356,65,20
,,0,2026-09-13T13:41:21.783Z,2026-09-14T13:41:21.783Z,2026-09-13T23:59:51.783Z,telemetry,boiler_01,12,0,20,1357,65,20
,,0,2026-09-13T13:41:21.783Z,2026-09-14T13:41:21.783Z,2026-09-14T00:00:21.783Z,telemetry,boiler_01,12,0,20,1358,65,20
,,0,2026-09-13T13:41:21.783Z,2026-09-14T13:41:21.783Z,2026-09-14T00:00:51.783Z,telemetry,boiler_01,12,0,20,1359,65,20
,,0,2026-09-13T13:41:21.783Z,2026-09-14T13:41:21.783Z,2026-09-14T00:01:21.784Z,telemetry,boiler_01,12,0,20,1360,65,20
,,0,2026-09-13T13:41:21.783Z,2026-09-14T13:41:21.783Z,2026-09-14T00:01:51.783Z,telemetry,boiler_01,12,0,20,1361,65,20
,,0,2026-09-13T13:41:21.783Z,2026-09-14T13:41:21.783Z,2026-09-14T00:02:21.783Z,telemetry,boiler_01,12,0,20,1362,65,20
,,0,2026-09-13T13:41:21.783Z,2026-09-14T13:41:21.783Z,2026-09-14T00:02:51.783Z,telemetry,boiler_01,12,0,20,1363,65,20
,,0,2026-09-13T13:41:21.783Z,2026-09-14T13:41:21.783Z,2026-09-14T00:03:21.783Z,telemetry,boiler_01,12,0,20,1364,65,20
,,0,2026-09-13T13:41:21.783Z,2026-09-14T13:41:21.783Z,2026-09-14T00:03:51.783Z,telemetry,boiler_01,12,0,20,1365,65,20
,,0,2026-09-13T13:41:21.783Z,2026-09-14T13:41:21.783Z,2026-09-14T00:04:21.783Z,telemetry,boiler_01,12,0,20,1366,65,20
,,0,2026-09-13T13:41:21.783Z,2026-09-14T13:41:21.783Z,2026-09-14T00:04:51.783Z,telemetry,boiler_01,12,0,20,1367,65,20
,,0,2026-09-13T13:41:21.783Z,2026-09-14T13:41:21.783Z,2026-09-14T00:05:21.783Z,telemetry,boiler_01,12,0,20,1368,65,20
,,0,2026-09-13T13:41:21.783Z,2026-09-14T13:41:21.783Z,2026-09-14T00:05:51.783Z,telemetry,boiler_01,12,0,20,1369,65,20
,,0,2026-09-13T13:41:21.783Z,2026-09-14T13:41:21.783Z,2026-09-14T00:06:21.783Z,telemetry,boiler_01,12,0,20,1370,65,20
,,0,2026-09-13T13:41:21.783Z,2026-09-14T13:41:21.783Z,2026-09-14T00:06:51.783Z,telemetry,boiler_01,12,0,20,1371,65,20
,,0,2026-09-13T13:41:21.783Z,2026-09-14T13:41:21.783Z,2026-09-14T00:07:21.783Z,telemetry,boiler_01,12,0,20,1372,65,20
,,0,2026-09-13T13:41:21.783Z,2026-09-14T13:41:21.783Z,2026-09-14T00:07:51.783Z,telemetry,boiler_01,12,0,20,1373,65,20
,,0,2026-09-13T13:41:21.783Z,2026-09-14T13:41:21.783Z,2026-09-14T00:08:21.783Z,telemetry,boiler_01,12,0,20,1374,65,20
,,0,2026-09-13T13:41:21.783Z,2026-09-14T13:41:21.783Z,2026-09-14T00:08:51.783Z,telemetry,boiler_01,12,0,20,1375,65,20
,,0,2026-09-13T13:41:21.783Z,2026-09-14T13:41:21.783Z,2026-09-14T00:09:21.783Z,telemetry,boiler_01,12,0,20,1376,65,20
,,0,2026-09-13T13:41:21.783Z,2026-09-14T13:41:21.783Z,2026-09-14T00:09:51.783Z,telemetry,boiler_01,12,0,20,1377,65,20
,,0,2026-09-13T13:41:21.783Z,2026-09-14T13:41:21.783Z,2026-09-14T00:10:21.783Z,telemetry,boiler_01,12,0,20,1378,65,20
,,0,2026-09-13T13:41:21.783Z,2026-09-14T13:41:21.783Z,2026-09-14T00:10:51.783Z,telemetry,boiler_01,12,0,20,1379,65,20
,,0,2026-09-13T13:41:21.783Z,2026-09-14T13:41:21.783Z,2026-09-14T00:11:21.783Z,telemetry,boiler_01,12,0,20,1380,65,20
,,0,2026-09-13T13:41:21.783Z,2026-09-14T13:41:21.783Z,2026-09-14T00:11:51.783Z,telemetry,boiler_01,12,0,20,1381,65,20
,,0,2026-09-13T13:41:21.783Z,2026-09-14T13:41:21.783Z,2026-09-14T00:12:21.783Z,telemetry,boiler_01,12,0,20,1382,65,20
,,0,2026-09-13T13:41:21.783Z,2026-09-14T13:41:21.783Z,2026-09-14T00:12:51.783Z,telemetry,boiler_01,12,0,20,1383,65,20
,,0,2026-09-13T13:41:21.783Z,2026-09-14T13:41:21.783Z,2026-09-14T00:13:21.783Z,telemetry,boiler_01,12,0,20,1384,65,20
,,0,2026-09-13T13:41:21.783Z,2026-09-14T13:41:21.783Z,2026-09-14T00:13:51.783Z,telemetry,boiler_01,12,0,20,1385,65,20
,,0,2026-09-13T13:41:21.783Z,2026-09-14T13:41:21.783Z,2026-09-14T00:14:21.783Z,telemetry,boiler_01,12,0,20,1386,65,20
,,0,2026-09-13T13:41:21.783Z,2026-09-14T13:41:21.783Z,2026-09-14T00:14:51.784Z,telemetry,boiler_01,12,0,20,1387,65,20
,,0,2026-09-13T13:41:21.783Z,2026-09-14T13:41:21.783Z,2026-09-14T00:15:21.783Z,telemetry,boiler_01,12,0,20,1388,65,20
,,0,2026-09-13T13:41:21.783Z,2026-09-14T13:41:21.783Z,2026-09-14T00:15:51.783Z,telemetry,boiler_01,12,0,20,1389,65,20
,,0,2026-09-13T13:41:21.783Z,2026-09-14T13:41:21.783Z,2026-09-14T00:16:21.783Z,telemetry,boiler_01,12,0,20,1390,65,20
,,0,2026-09-13T13:41:21.783Z,2026-09-14T13:41:21.783Z,2026-09-14T00:16:51.783Z,telemetry,boiler_01,12,0,20,1391,65,20
,,0,2026-09-13T13:41:21.783Z,2026-09-14T13:41:21.783Z,2026-09-14T00:17:21.783Z,telemetry,boiler_01,12,0,20,1392,65,20
,,0,2026-09-13T13:41:21.783Z,2026-09-14T13:41:21.783Z,2026-09-14T00:17:51.783Z,telemetry,boiler_01,12,0,20,1393,65,20
,,0,2026-09-13T13:41:21.783Z,2026-09-14T13:41:21.783Z,2026-09-14T00:18:21.783Z,telemetry,boiler_01,12,0,20,1394,65,20
,,0,2026-09-13T13:41:21.783Z,2026-09-14T13:41:21.783Z,2026-09-14T00:18:51.783Z,telemetry,boiler_01,12,0,20,1395,65,20
,,0,2026-09-13T13:41:21.783Z,2026-09-14T13:41:21.783Z,2026-09-14T00:19:21.783Z,telemetry,boiler_01,12,0,20,1396,65,20
,,0,2026-09-13T13:41:21.783Z,2026-09-14T13:41:21.783Z,2026-09-14T00:19:51.783Z,telemetry,boiler_01,12,0,20,1397,65,20
,,0,2026-09-13T13:41:21.783Z,2026-09-14T13:41:21.783Z,2026-09-14T00:20:21.783Z,telemetry,boiler_01,12,0,20,1398,65,20
,,0,2026-09-13T13:41:21.783Z,2026-09-14T13:41:21.783Z,2026-09-14T00:20:51.783Z,telemetry,boiler_01,12,0,20,1399,65,20
,,0,2026-09-13T13:41:21.783Z,2026-09-14T13:41:21.783Z,2026-09-14T00:21:21.783Z,telemetry,boiler_01,12,0,20,1400,65,20
,,0,2026-09-13T13:41:21.783Z,2026-09-14T13:41:21.783Z,2026-09-14T00:21:51.783Z,telemetry,boiler_01,12,0,20,1401,65,20
,,0,2026-09-13T13:41:21.783Z,2026-09-14T13:41:21.783Z,2026-09-14T00:22:21.783Z,telemetry,boiler_01,12,0,20,1402,65,20
,,0,2026-09-13T13:41:21.783Z,2026-09-14T13:41:21.783Z,2026-09-14T00:22:51.783Z,telemetry,boiler_01,12,0,20,1403,65,20
,,0,2026-09-13T13:41:21.783Z,2026-09-14T13:41:21.783Z,2026-09-14T00:23:21.783Z,telemetry,boiler_01,12,0,20,1404,65,20
,,0,2026-09-13T13:41:21.783Z,2026-09-14T13:41:21.783Z,2026-09-14T00:23:51.783Z,telemetry,boiler_01,12,0,20,1405,65,20
,,0,2026-09-13T13:41:21.783Z,2026-09-14T13:41:21.783Z,2026-09-14T00:24:21.783Z,telemetry,boiler_01,12,0,20,1406,65,20
,,0,2026-09-13T13:41:21.783Z,2026-09-14T13:41:21.783Z,2026-09-14T00:24:51.783Z,telemetry,boiler_01,12,0,20,1407,65,20
,,0,2026-09-13T13:41:21.783Z,2026-09-14T13:41:21.783Z,2026-09-14T00:25:21.783Z,telemetry,boiler_01,12,0,20,1408,65,20
,,0,2026-09-13T13:41:21.783Z,2026-09-14T13:41:21.783Z,2026-09-14T00:25:51.783Z,telemetry,boiler_01,12,0,20,1409,65,20
,,0,2026-09-13T13:41:21.783Z,2026-09-14T13:41:21.783Z,2026-09-14T00:26:21.783Z,telemetry,boiler_01,12,0,20,1410,65,20
,,0,2026-09-13T13:41:21.783Z,2026-09-14T13:41:21.783Z,2026-09-14T00:26:51.783Z,telemetry,boiler_01,12,0,20,1411,65,20
,,0,2026-09-13T13:41:21.783Z,2026-09-14T13:41:21.783Z,2026-09-14T00:27:21.783Z,telemetry,boiler_01,12,0,20,1412,65,20
,,0,2026-09-13T13:41:21.783Z,2026-09-14T13:41:21.783Z,2026-09-14T00:27:51.783Z,telemetry,boiler_01,12,0,20,1413,65,20
,,0,2026-09-13T13:41:21.783Z,2026-09-14T13:41:21.783Z,2026-09-14T00:28:21.783Z,telemetry,boiler_01,12,0,20,1414,65,20
,,0,2026-09-13T13:41:21.783Z,2026-09-14T13:41:21.783Z,2026-09-14T00:28:51.783Z,telemetry,boiler_01,12,0,20,1415,65,20
,,0,2026-09-13T13:41:21.783Z,2026-09-14T13:41:21.783Z,2026-09-14T00:29:21.783Z,telemetry,boiler_01,12,0,20,1416,65,20
,,0,2026-09-13T13:41:21.783Z,2026-09-14T13:41:21.783Z,2026-09-14T00:29:51.783Z,telemetry,boiler_01,12,0,20,1417,65,20
,,0,2026-09-13T13:41:21.783Z,2026-09-14T13:41:21.783Z,2026-09-14T00:30:21.783Z,telemetry,boiler_01,12,0,20,1418,65,20
,,0,2026-09-13T13:41:21.783Z,2026-09-14T13:41:21.783Z,2026-09-14T00:30:51.783Z,telemetry,boiler_01,12,0,20,1419,65,20
,,0,2026-09-13T13:41:21.783Z,2026-09-14T13:41:21.783Z,2026-09-14T00:31:21.783Z,telemetry,boiler_01,12,0,20,1420,65,20
,,0,2026-09-13T13:41:21.783Z,2026-09-14T13:41:21.783Z,2026-09-14T00:31:51.783Z,telemetry,boiler_01,12,0,20,1421,65,20
,,0,2026-09-13T13:41:21.783Z,2026-09-14T13:41:21.783Z,2026-09-14T00:32:21.783Z,telemetry,boiler_01,12,0,20,1422,65,20
,,0,2026-09-13T13:41:21.783Z,2026-09-14T13:41:21.783Z,2026-09-14T00:32:51.783Z,telemetry,boiler_01,12,0,20,1423,65,20
,,0,2026-09-13T13:41:21.783Z,2026-09-14T13:41:21.783Z,2026-09-14T00:33:21.783Z,telemetry,boiler_01,12,0,20,1424,65,20
,,0,2026-09-13T13:41:21.783Z,2026-09-14T13:41:21.783Z,2026-09-14T00:33:51.783Z,telemetry,boiler_01,12,0,20,1425,65,20
,,0,2026-09-13T13:41:21.783Z,2026-09-14T13:41:21.783Z,2026-09-14T00:34:21.783Z,telemetry,boiler_01,12,0,20,1426,65,20
,,0,2026-09-13T13:41:21.783Z,2026-09-14T13:41:21.783Z,2026-09-14T00:34:51.783Z,telemetry,boiler_01,12,0,20,1427,65,20
,,0,2026-09-13T13:41:21.783Z,2026-09-14T13:41:21.783Z,2026-09-14T00:35:21.783Z,telemetry,boiler_01,12,0,20,1428,65,20
,,0,2026-09-13T13:41:21.783Z,2026-09-14T13:41:21.783Z,2026-09-14T00:35:51.783Z,telemetry,boiler_01,12,0,20,1429,65,20
,,0,2026-09-13T13:41:21.783Z,2026-09-14T13:41:21.783Z,2026-09-14T00:36:21.783Z,telemetry,boiler_01,12,0,20,1430,65,20
,,0,2026-09-13T13:41:21.783Z,2026-09-14T13:41:21.783Z,2026-09-14T00:36:51.783Z,telemetry,boiler_01,12,0,20,1431,65,20
,,0,2026-09-13T13:41:21.783Z,2026-09-14T13:41:21.783Z,2026-09-14T00:37:21.783Z,telemetry,boiler_01,12,0,20,1432,65,20
,,0,2026-09-13T13:41:21.783Z,2026-09-14T13:41:21.783Z,2026-09-14T00:37:51.783Z,telemetry,boiler_01,12,0,20,1433,65,20
,,0,2026-09-13T13:41:21.783Z,2026-09-14T13:41:21.783Z,2026-09-14T00:38:21.783Z,telemetry,boiler_01,12,0,20,1434,65,20
,,0,2026-09-13T13:41:21.783Z,2026-09-14T13:41:21.783Z,2026-09-14T00:38:51.783Z,telemetry,boiler_01,12,0,20,1435,65,20
,,0,2026-09-13T13:41:21.783Z,2026-09-14T13:41:21.783Z,2026-09-14T00:39:21.783Z,telemetry,boiler_01,12,0,20,1436,65,20
,,0,2026-09-13T13:41:21.783Z,2026-09-14T13:41:21.783Z,2026-09-14T00:39:51.783Z,telemetry,boiler_01,12,0,20,1437,65,20
,,0,2026-09-13T13:41:21.783Z,2026-09-14T13:41:21.783Z,2026-09-14T00:40:21.783Z,telemetry,boiler_01,12,0,20,1438,65,20
,,0,2026-09-13T13:41:21.783Z,2026-09-14T13:41:21.783Z,2026-09-14T00:40:51.783Z,telemetry,boiler_01,12,0,20,1439,65,20
,,0,2026-09-13T13:41:21.783Z,2026-09-14T13:41:21.783Z,2026-09-14T00:41:21.783Z,telemetry,boiler_01,12,0,20,1440,65,20
,,0,2026-09-13T13:41:21.783Z,2026-09-14T13:41:21.783Z,2026-09-14T00:41:51.783Z,telemetry,boiler_01,12,0,20,1441,65,20
,,0,2026-09-13T13:41:21.783Z,2026-09-14T13:41:21.783Z,2026-09-14T00:42:21.783Z,telemetry,boiler_01,12,0,20,1442,65,20
,,0,2026-09-13T13:41:21.783Z,2026-09-14T13:41:21.783Z,2026-09-14T00:42:51.783Z,telemetry,boiler_01,12,0,20,1443,65,20
,,0,2026-09-13T13:41:21.783Z,2026-09-14T13:41:21.783Z,2026-09-14T00:43:21.783Z,telemetry,boiler_01,12,0,20,1444,65,20
,,0,2026-09-13T13:41:21.783Z,2026-09-14T13:41:21.783Z,2026-09-14T00:43:51.783Z,telemetry,boiler_01,12,0,20,1445,65,20
,,0,2026-09-13T13:41:21.783Z,2026-09-14T13:41:21.783Z,2026-09-14T00:44:21.783Z,telemetry,boiler_01,12,0,20,1446,65,20
,,0,2026-09-13T13:41:21.783Z,2026-09-14T13:41:21.783Z,2026-09-14T00:44:51.783Z,telemetry,boiler_01,12,0,20,1447,65,20
,,0,2026-09-13T13:41:21.783Z,2026-09-14T13:41:21.783Z,2026-09-14T00:45:21.783Z,telemetry,boiler_01,12,0,20,1448,65,20
,,0,2026-09-13T13:41:21.783Z,2026-09-14T13:41:21.783Z,2026-09-14T00:45:51.783Z,telemetry,boiler_01,12,0,20,1449,65,20
,,0,2026-09-13T13:41:21.783Z,2026-09-14T13:41:21.783Z,2026-09-14T00:46:21.783Z,telemetry,boiler_01,12,0,20,1450,65,20
,,0,2026-09-13T13:41:21.783Z,2026-09-14T13:41:21.783Z,2026-09-14T00:46:51.783Z,telemetry,boiler_01,12,0,20,1451,65,20
,,0,2026-09-13T13:41:21.783Z,2026-09-14T13:41:21.783Z,2026-09-14T00:47:21.783Z,telemetry,boiler_01,12,0,20,1452,65,20
,,0,2026-09-13T13:41:21.783Z,2026-09-14T13:41:21.783Z,2026-09-14T00:47:51.783Z,telemetry,boiler_01,12,0,20,1453,65,20
,,0,2026-09-13T13:41:21.783Z,2026-09-14T13:41:21.783Z,2026-09-14T00:48:21.783Z,telemetry,boiler_01,12,0,20,1454,65,20
,,0,2026-09-13T13:41:21.783Z,2026-09-14T13:41:21.783Z,2026-09-14T00:48:51.783Z,telemetry,boiler_01,12,0,20,1455,65,20
,,0,2026-09-13T13:41:21.783Z,2026-09-14T13:41:21.783Z,2026-09-14T00:49:21.783Z,telemetry,boiler_01,12,0,20,1456,65,20
,,0,2026-09-13T13:41:21.783Z,2026-09-14T13:41:21.783Z,2026-09-14T00:49:51.783Z,telemetry,boiler_01,12,0,20,1457,65,20
,,0,2026-09-13T13:41:21.783Z,2026-09-14T13:41:21.783Z,2026-09-14T00:50:21.783Z,telemetry,boiler_01,12,0,20,1458,65,20
,,0,2026-09-13T13:41:21.783Z,2026-09-14T13:41:21.783Z,2026-09-14T00:50:51.783Z,telemetry,boiler_01,12,0,20,1459,65,20
,,0,2026-09-13T13:41:21.783Z,2026-09-14T13:41:21.783Z,2026-09-14T00:51:21.783Z,telemetry,boiler_01,12,0,20,1460,65,20
,,0,2026-09-13T13:41:21.783Z,2026-09-14T13:41:21.783Z,2026-09-14T00:51:51.783Z,telemetry,boiler_01,12,0,20,1461,65,20
,,0,2026-09-13T13:41:21.783Z,2026-09-14T13:41:21.783Z,2026-09-14T00:52:21.784Z,telemetry,boiler_01,12,0,20,1462,65,20
,,0,2026-09-13T13:41:21.783Z,2026-09-14T13:41:21.783Z,2026-09-14T00:52:51.783Z,telemetry,boiler_01,12,0,20,1463,65,20
,,0,2026-09-13T13:41:21.783Z,2026-09-14T13:41:21.783Z,2026-09-14T00:53:21.783Z,telemetry,boiler_01,12,0,20,1464,65,20
,,0,2026-09-13T13:41:21.783Z,2026-09-14T13:41:21.783Z,2026-09-14T00:53:51.783Z,telemetry,boiler_01,12,0,20,1465,65,20
,,0,2026-09-13T13:41:21.783Z,2026-09-14T13:41:21.783Z,2026-09-14T00:54:21.783Z,telemetry,boiler_01,12,0,20,1466,65,20
,,0,2026-09-13T13:41:21.783Z,2026-09-14T13:41:21.783Z,2026-09-14T00:54:51.783Z,telemetry,boiler_01,12,0,20,1467,65,20
,,0,2026-09-13T13:41:21.783Z,2026-09-14T13:41:21.783Z,2026-09-14T00:55:21.783Z,telemetry,boiler_01,12,0,20,1468,65,20
,,0,2026-09-13T13:41:21.783Z,2026-09-14T13:41:21.783Z,2026-09-14T00:55:51.783Z,telemetry,boiler_01,12,0,20,1469,65,20
,,0,2026-09-13T13:41:21.783Z,2026-09-14T13:41:21.783Z,2026-09-14T00:56:21.783Z,telemetry,boiler_01,12,0,20,1470,65,20
,,0,2026-09-13T13:41:21.783Z,2026-09-14T13:41:21.783Z,2026-09-14T00:56:51.783Z,telemetry,boiler_01,12,0,20,1471,65,20
,,0,2026-09-13T13:41:21.783Z,2026-09-14T13:41:21.783Z,2026-09-14T00:57:21.783Z,telemetry,boiler_01,12,0,20,1472,65,20
,,0,2026-09-13T13:41:21.783Z,2026-09-14T13:41:21.783Z,2026-09-14T00:57:51.783Z,telemetry,boiler_01,12,0,20,1473,65,20
,,0,2026-09-13T13:41:21.783Z,2026-09-14T13:41:21.783Z,2026-09-14T00:58:21.783Z,telemetry,boiler_01,12,0,20,1474,65,20
,,0,2026-09-13T13:41:21.783Z,2026-09-14T13:41:21.783Z,2026-09-14T00:58:51.783Z,telemetry,boiler_01,12,0,20,1475,65,20
,,0,2026-09-13T13:41:21.783Z,2026-09-14T13:41:21.783Z,2026-09-14T00:59:21.783Z,telemetry,boiler_01,12,0,20,1476,65,20
,,0,2026-09-13T13:41:21.783Z,2026-09-14T13:41:21.783Z,2026-09-14T00:59:51.783Z,telemetry,boiler_01,12,0,20,1477,65,20
,,0,2026-09-13T13:41:21.783Z,2026-09-14T13:41:21.783Z,2026-09-14T01:00:21.783Z,telemetry,boiler_01,12,0,20,1478,65,20
,,0,2026-09-13T13:41:21.783Z,2026-09-14T13:41:21.783Z,2026-09-14T01:00:51.783Z,telemetry,boiler_01,12,0,20,1479,65,20
,,0,2026-09-13T13:41:21.783Z,2026-09-14T13:41:21.783Z,2026-09-14T01:01:21.783Z,telemetry,boiler_01,12,0,20,1480,65,20
,,0,2026-09-13T13:41:21.783Z,2026-09-14T13:41:21.783Z,2026-09-14T01:01:51.783Z,telemetry,boiler_01,12,0,20,1481,65,20
,,0,2026-09-13T13:41:21.783Z,2026-09-14T13:41:21.783Z,2026-09-14T01:02:21.783Z,telemetry,boiler_01,12,0,20,1482,65,20
,,0,2026-09-13T13:41:21.783Z,2026-09-14T13:41:21.783Z,2026-09-14T01:02:51.783Z,telemetry,boiler_01,12,0,20,1483,65,20
,,0,2026-09-13T13:41:21.783Z,2026-09-14T13:41:21.783Z,2026-09-14T01:03:21.783Z,telemetry,boiler_01,12,0,20,1484,65,20
,,0,2026-09-13T13:41:21.783Z,2026-09-14T13:41:21.783Z,2026-09-14T01:03:51.783Z,telemetry,boiler_01,12,0,20,1485,65,20
,,0,2026-09-13T13:41:21.783Z,2026-09-14T13:41:21.783Z,2026-09-14T01:04:21.783Z,telemetry,boiler_01,12,0,20,1486,65,20
,,0,2026-09-13T13:41:21.783Z,2026-09-14T13:41:21.783Z,2026-09-14T01:04:51.783Z,telemetry,boiler_01,12,0,20,1487,65,20
,,0,2026-09-13T13:41:21.783Z,2026-09-14T13:41:21.783Z,2026-09-14T01:05:21.783Z,telemetry,boiler_01,12,0,20,1488,65,20
,,0,2026-09-13T13:41:21.783Z,2026-09-14T13:41:21.783Z,2026-09-14T01:05:51.783Z,telemetry,boiler_01,12,0,20,1489,65,20
,,0,2026-09-13T13:41:21.783Z,2026-09-14T13:41:21.783Z,2026-09-14T01:06:21.783Z,telemetry,boiler_01,12,0,20,1490,65,20
,,0,2026-09-13T13:41:21.783Z,2026-09-14T13:41:21.783Z,2026-09-14T01:06:51.783Z,telemetry,boiler_01,12,0,20,1491,65,20
,,0,2026-09-13T13:41:21.783Z,2026-09-14T13:41:21.783Z,2026-09-14T01:07:21.783Z,telemetry,boiler_01,12,0,20,1492,65,20
,,0,2026-09-13T13:41:21.783Z,2026-09-14T13:41:21.783Z,2026-09-14T01:07:51.783Z,telemetry,boiler_01,12,0,20,1493,65,20
,,0,2026-09-13T13:41:21.783Z,2026-09-14T13:41:21.783Z,2026-09-14T01:08:21.783Z,telemetry,boiler_01,12,0,20,1494,65,20
,,0,2026-09-13T13:41:21.783Z,2026-09-14T13:41:21.783Z,2026-09-14T01:08:51.783Z,telemetry,boiler_01,12,0,20,1495,65,20
,,0,2026-09-13T13:41:21.783Z,2026-09-14T13:41:21.783Z,2026-09-14T01:09:21.783Z,telemetry,boiler_01,12,0,20,1496,65,20
,,0,2026-09-13T13:41:21.783Z,2026-09-14T13:41:21.783Z,2026-09-14T01:09:51.783Z,telemetry,boiler_01,12,0,20,1497,65,20
,,0,2026-09-13T13:41:21.783Z,2026-09-14T13:41:21.783Z,2026-09-14T01:10:21.783Z,telemetry,boiler_01,12,0,20,1498,65,20
,,0,2026-09-13T13:41:21.783Z,2026-09-14T13:41:21.783Z,2026-09-14T01:10:51.783Z,telemetry,boiler_01,12,0,20,1499,65,20
,,0,2026-09-13T13:41:21.783Z,2026-09-14T13:41:21.783Z,2026-09-14T01:11:21.783Z,telemetry,boiler_01,12,0,20,1500,65,20
,,0,2026-09-13T13:41:21.783Z,2026-09-14T13:41:21.783Z,2026-09-14T01:11:51.783Z,telemetry,boiler_01,12,0,20,1501,65,20
,,0,2026-09-13T13:41:21.783Z,2026-09-14T13:41:21.783Z,2026-09-14T01:12:21.783Z,telemetry,boiler_01,12,0,20,1502,65,20
,,0,2026-09-13T13:41:21.783Z,2026-09-14T13:41:21.783Z,2026-09-14T01:12:51.783Z,telemetry,boiler_01,12,0,20,1503,65,20
,,0,2026-09-13T13:41:21.783Z,2026-09-14T13:41:21.783Z,2026-09-14T01:13:21.783Z,telemetry,boiler_01,12,0,20,1504,65,20
,,0,2026-09-13T13:41:21.783Z,2026-09-14T13:41:21.783Z,2026-09-14T01:13:51.783Z,telemetry,boiler_01,12,0,20,1505,65,20
,,0,2026-09-13T13:41:21.783Z,2026-09-14T13:41:21.783Z,2026-09-14T01:14:21.783Z,telemetry,boiler_01,12,0,20,1506,65,20
,,0,2026-09-13T13:41:21.783Z,2026-09-14T13:41:21.783Z,2026-09-14T01:14:51.783Z,telemetry,boiler_01,12,0,20,1507,65,20
,,0,2026-09-13T13:41:21.783Z,2026-09-14T13:41:21.783Z,2026-09-14T01:15:21.783Z,telemetry,boiler_01,12,0,20,1508,65,20
,,0,2026-09-13T13:41:21.783Z,2026-09-14T13:41:21.783Z,2026-09-14T01:15:51.783Z,telemetry,boiler_01,12,0,20,1509,65,20
,,0,2026-09-13T13:41:21.783Z,2026-09-14T13:41:21.783Z,2026-09-14T01:16:21.783Z,telemetry,boiler_01,12,0,20,1510,65,20
,,0,2026-09-13T13:41:21.783Z,2026-09-14T13:41:21.783Z,2026-09-14T01:16:51.783Z,telemetry,boiler_01,12,0,20,1511,65,20
,,0,2026-09-13T13:41:21.783Z,2026-09-14T13:41:21.783Z,2026-09-14T01:17:21.783Z,telemetry,boiler_01,12,0,20,1512,65,20
,,0,2026-09-13T13:41:21.783Z,2026-09-14T13:41:21.783Z,2026-09-14T01:17:51.783Z,telemetry,boiler_01,12,0,20,1513,65,20
,,0,2026-09-13T13:41:21.783Z,2026-09-14T13:41:21.783Z,2026-09-14T01:18:21.783Z,telemetry,boiler_01,12,0,20,1514,65,20
,,0,2026-09-13T13:41:21.783Z,2026-09-14T13:41:21.783Z,2026-09-14T01:18:51.783Z,telemetry,boiler_01,12,0,20,1515,65,20
,,0,2026-09-13T13:41:21.783Z,2026-09-14T13:41:21.783Z,2026-09-14T01:19:21.783Z,telemetry,boiler_01,12,0,20,1516,65,20
,,0,2026-09-13T13:41:21.783Z,2026-09-14T13:41:21.783Z,2026-09-14T01:19:51.783Z,telemetry,boiler_01,12,0,20,1517,65,20
,,0,2026-09-13T13:41:21.783Z,2026-09-14T13:41:21.783Z,2026-09-14T01:20:21.783Z,telemetry,boiler_01,12,0,20,1518,65,20
,,0,2026-09-13T13:41:21.783Z,2026-09-14T13:41:21.783Z,2026-09-14T01:20:51.783Z,telemetry,boiler_01,12,0,20,1519,65,20
,,0,2026-09-13T13:41:21.783Z,2026-09-14T13:41:21.783Z,2026-09-14T01:21:21.784Z,telemetry,boiler_01,12,0,20,1520,65,20
,,0,2026-09-13T13:41:21.783Z,2026-09-14T13:41:21.783Z,2026-09-14T01:21:51.783Z,telemetry,boiler_01,12,0,20,1521,65,20
,,0,2026-09-13T13:41:21.783Z,2026-09-14T13:41:21.783Z,2026-09-14T01:22:21.783Z,telemetry,boiler_01,12,0,20,1522,65,20
,,0,2026-09-13T13:41:21.783Z,2026-09-14T13:41:21.783Z,2026-09-14T01:22:51.783Z,telemetry,boiler_01,12,0,20,1523,65,20
,,0,2026-09-13T13:41:21.783Z,2026-09-14T13:41:21.783Z,2026-09-14T01:23:21.783Z,telemetry,boiler_01,12,0,20,1524,65,20
,,0,2026-09-13T13:41:21.783Z,2026-09-14T13:41:21.783Z,2026-09-14T01:23:51.783Z,telemetry,boiler_01,12,0,20,1525,65,20
,,0,2026-09-13T13:41:21.783Z,2026-09-14T13:41:21.783Z,2026-09-14T01:24:21.783Z,telemetry,boiler_01,12,0,20,1526,65,20
,,0,2026-09-13T13:41:21.783Z,2026-09-14T13:41:21.783Z,2026-09-14T01:24:51.783Z,telemetry,boiler_01,12,0,20,1527,65,20
,,0,2026-09-13T13:41:21.783Z,2026-09-14T13:41:21.783Z,2026-09-14T01:25:21.783Z,telemetry,boiler_01,12,0,20,1528,65,20
,,0,2026-09-13T13:41:21.783Z,2026-09-14T13:41:21.783Z,2026-09-14T01:25:51.783Z,telemetry,boiler_01,12,0,20,1529,65,20
,,0,2026-09-13T13:41:21.783Z,2026-09-14T13:41:21.783Z,2026-09-14T01:26:21.783Z,telemetry,boiler_01,12,0,20,1530,65,20
,,0,2026-09-13T13:41:21.783Z,2026-09-14T13:41:21.783Z,2026-09-14T01:26:51.783Z,telemetry,boiler_01,12,0,20,1531,65,20
,,0,2026-09-13T13:41:21.783Z,2026-09-14T13:41:21.783Z,2026-09-14T01:27:21.783Z,telemetry,boiler_01,12,0,20,1532,65,20
,,0,2026-09-13T13:41:21.783Z,2026-09-14T13:41:21.783Z,2026-09-14T01:27:51.783Z,telemetry,boiler_01,12,0,20,1533,65,20
,,0,2026-09-13T13:41:21.783Z,2026-09-14T13:41:21.783Z,2026-09-14T01:28:21.783Z,telemetry,boiler_01,12,0,20,1534,65,20
,,0,2026-09-13T13:41:21.783Z,2026-09-14T13:41:21.783Z,2026-09-14T01:28:51.783Z,telemetry,boiler_01,12,0,20,1535,65,20
,,0,2026-09-13T13:41:21.783Z,2026-09-14T13:41:21.783Z,2026-09-14T01:29:21.783Z,telemetry,boiler_01,12,0,20,1536,65,20
,,0,2026-09-13T13:41:21.783Z,2026-09-14T13:41:21.783Z,2026-09-14T01:29:51.783Z,telemetry,boiler_01,12,0,20,1537,65,20
,,0,2026-09-13T13:41:21.783Z,2026-09-14T13:41:21.783Z,2026-09-14T01:30:21.783Z,telemetry,boiler_01,12,0,20,1538,65,20
,,0,2026-09-13T13:41:21.783Z,2026-09-14T13:41:21.783Z,2026-09-14T01:30:51.783Z,telemetry,boiler_01,12,0,20,1539,65,20
,,0,2026-09-13T13:41:21.783Z,2026-09-14T13:41:21.783Z,2026-09-14T01:31:21.783Z,telemetry,boiler_01,12,0,20,1540,65,20
,,0,2026-09-13T13:41:21.783Z,2026-09-14T13:41:21.783Z,2026-09-14T01:31:51.783Z,telemetry,boiler_01,12,0,20,1541,65,20
,,0,2026-09-13T13:41:21.783Z,2026-09-14T13:41:21.783Z,2026-09-14T01:32:21.783Z,telemetry,boiler_01,12,0,20,1542,65,20
,,0,2026-09-13T13:41:21.783Z,2026-09-14T13:41:21.783Z,2026-09-14T01:32:51.783Z,telemetry,boiler_01,12,0,20,1543,65,20
,,0,2026-09-13T13:41:21.783Z,2026-09-14T13:41:21.783Z,2026-09-14T01:33:21.783Z,telemetry,boiler_01,12,0,20,1544,65,20
,,0,2026-09-13T13:41:21.783Z,2026-09-14T13:41:21.783Z,2026-09-14T01:33:51.783Z,telemetry,boiler_01,12,0,20,1545,65,20
,,0,2026-09-13T13:41:21.783Z,2026-09-14T13:41:21.783Z,2026-09-14T01:34:21.783Z,telemetry,boiler_01,12,0,20,1546,65,20
,,0,2026-09-13T13:41:21.783Z,2026-09-14T13:41:21.783Z,2026-09-14T01:34:51.783Z,telemetry,boiler_01,12,0,20,1547,65,20
,,0,2026-09-13T13:41:21.783Z,2026-09-14T13:41:21.783Z,2026-09-14T01:35:21.783Z,telemetry,boiler_01,12,0,20,1548,65,20
,,0,2026-09-13T13:41:21.783Z,2026-09-14T13:41:21.783Z,2026-09-14T01:35:51.783Z,telemetry,boiler_01,12,0,20,1549,65,20
,,0,2026-09-13T13:41:21.783Z,2026-09-14T13:41:21.783Z,2026-09-14T01:36:21.783Z,telemetry,boiler_01,12,0,20,1550,65,20
,,0,2026-09-13T13:41:21.783Z,2026-09-14T13:41:21.783Z,2026-09-14T01:36:51.783Z,telemetry,boiler_01,12,0,20,1551,65,20
,,0,2026-09-13T13:41:21.783Z,2026-09-14T13:41:21.783Z,2026-09-14T01:37:21.783Z,telemetry,boiler_01,12,0,20,1552,65,20
,,0,2026-09-13T13:41:21.783Z,2026-09-14T13:41:21.783Z,2026-09-14T01:37:51.783Z,telemetry,boiler_01,12,0,20,1553,65,20
,,0,2026-09-13T13:41:21.783Z,2026-09-14T13:41:21.783Z,2026-09-14T01:38:21.783Z,telemetry,boiler_01,12,0,20,1554,65,20
,,0,2026-09-13T13:41:21.783Z,2026-09-14T13:41:21.783Z,2026-09-14T01:38:51.783Z,telemetry,boiler_01,12,0,20,1555,65,20
,,0,2026-09-13T13:41:21.783Z,2026-09-14T13:41:21.783Z,2026-09-14T01:39:21.783Z,telemetry,boiler_01,12,0,20,1556,65,20
,,0,2026-09-13T13:41:21.783Z,2026-09-14T13:41:21.783Z,2026-09-14T01:39:51.783Z,telemetry,boiler_01,12,0,20,1557,65,20
,,0,2026-09-13T13:41:21.783Z,2026-09-14T13:41:21.783Z,2026-09-14T01:40:21.783Z,telemetry,boiler_01,12,0,20,1558,65,20
,,0,2026-09-13T13:41:21.783Z,2026-09-14T13:41:21.783Z,2026-09-14T01:40:51.783Z,telemetry,boiler_01,12,0,20,1559,65,20
,,0,2026-09-13T13:41:21.783Z,2026-09-14T13:41:21.783Z,2026-09-14T01:41:21.783Z,telemetry,boiler_01,12,0,20,1560,65,20
,,0,2026-09-13T13:41:21.783Z,2026-09-14T13:41:21.783Z,2026-09-14T01:41:51.783Z,telemetry,boiler_01,12,0,20,1561,65,20
,,0,2026-09-13T13:41:21.783Z,2026-09-14T13:41:21.783Z,2026-09-14T01:42:21.783Z,telemetry,boiler_01,12,0,20,1562,65,20
,,0,2026-09-13T13:41:21.783Z,2026-09-14T13:41:21.783Z,2026-09-14T01:42:51.783Z,telemetry,boiler_01,12,0,20,1563,65,20
,,0,2026-09-13T13:41:21.783Z,2026-09-14T13:41:21.783Z,2026-09-14T01:43:21.783Z,telemetry,boiler_01,12,0,20,1564,65,20
,,0,2026-09-13T13:41:21.783Z,2026-09-14T13:41:21.783Z,2026-09-14T01:43:51.783Z,telemetry,boiler_01,12,0,20,1565,65,20
,,0,2026-09-13T13:41:21.783Z,2026-09-14T13:41:21.783Z,2026-09-14T01:44:21.783Z,telemetry,boiler_01,12,0,20,1566,65,20
,,0,2026-09-13T13:41:21.783Z,2026-09-14T13:41:21.783Z,2026-09-14T01:44:51.783Z,telemetry,boiler_01,12,0,20,1567,65,20
,,0,2026-09-13T13:41:21.783Z,2026-09-14T13:41:21.783Z,2026-09-14T01:45:21.783Z,telemetry,boiler_01,12,0,20,1568,65,20
,,0,2026-09-13T13:41:21.783Z,2026-09-14T13:41:21.783Z,2026-09-14T01:45:51.783Z,telemetry,boiler_01,12,0,20,1569,65,20
,,0,2026-09-13T13:41:21.783Z,2026-09-14T13:41:21.783Z,2026-09-14T01:46:21.783Z,telemetry,boiler_01,12,0,20,1570,65,20
,,0,2026-09-13T13:41:21.783Z,2026-09-14T13:41:21.783Z,2026-09-14T01:46:51.783Z,telemetry,boiler_01,12,0,20,1571,65,20
,,0,2026-09-13T13:41:21.783Z,2026-09-14T13:41:21.783Z,2026-09-14T01:47:21.783Z,telemetry,boiler_01,12,0,20,1572,65,20
,,0,2026-09-13T13:41:21.783Z,2026-09-14T13:41:21.783Z,2026-09-14T01:47:51.783Z,telemetry,boiler_01,12,0,20,1573,65,20
,,0,2026-09-13T13:41:21.783Z,2026-09-14T13:41:21.783Z,2026-09-14T01:48:21.783Z,telemetry,boiler_01,12,0,20,1574,65,20
,,0,2026-09-13T13:41:21.783Z,2026-09-14T13:41:21.783Z,2026-09-14T01:48:51.783Z,telemetry,boiler_01,12,0,20,1575,65,20
,,0,2026-09-13T13:41:21.783Z,2026-09-14T13:41:21.783Z,2026-09-14T01:49:21.783Z,telemetry,boiler_01,12,0,20,1576,65,20
,,0,2026-09-13T13:41:21.783Z,2026-09-14T13:41:21.783Z,2026-09-14T01:49:51.783Z,telemetry,boiler_01,12,0,20,1577,65,20
,,0,2026-09-13T13:41:21.783Z,2026-09-14T13:41:21.783Z,2026-09-14T01:50:21.783Z,telemetry,boiler_01,12,0,20,1578,65,20
,,0,2026-09-13T13:41:21.783Z,2026-09-14T13:41:21.783Z,2026-09-14T01:50:51.783Z,telemetry,boiler_01,12,0,20,1579,65,20
,,0,2026-09-13T13:41:21.783Z,2026-09-14T13:41:21.783Z,2026-09-14T01:51:21.783Z,telemetry,boiler_01,12,0,20,1580,65,20
,,0,2026-09-13T13:41:21.783Z,2026-09-14T13:41:21.783Z,2026-09-14T01:51:51.783Z,telemetry,boiler_01,12,0,20,1581,65,20
,,0,2026-09-13T13:41:21.783Z,2026-09-14T13:41:21.783Z,2026-09-14T01:52:21.783Z,telemetry,boiler_01,12,0,20,1582,65,20
,,0,2026-09-13T13:41:21.783Z,2026-09-14T13:41:21.783Z,2026-09-14T01:52:51.783Z,telemetry,boiler_01,12,0,20,1583,65,20
,,0,2026-09-13T13:41:21.783Z,2026-09-14T13:41:21.783Z,2026-09-14T01:53:21.783Z,telemetry,boiler_01,12,0,20,1584,65,20
,,0,2026-09-13T13:41:21.783Z,2026-09-14T13:41:21.783Z,2026-09-14T01:53:51.783Z,telemetry,boiler_01,12,0,20,1585,65,20
,,0,2026-09-13T13:41:21.783Z,2026-09-14T13:41:21.783Z,2026-09-14T01:54:21.783Z,telemetry,boiler_01,12,0,20,1586,65,20
,,0,2026-09-13T13:41:21.783Z,2026-09-14T13:41:21.783Z,2026-09-14T01:54:51.783Z,telemetry,boiler_01,12,0,20,1587,65,20
,,0,2026-09-13T13:41:21.783Z,2026-09-14T13:41:21.783Z,2026-09-14T01:55:21.783Z,telemetry,boiler_01,12,0,20,1588,65,20
,,0,2026-09-13T13:41:21.783Z,2026-09-14T13:41:21.783Z,2026-09-14T01:55:51.783Z,telemetry,boiler_01,12,0,20,1589,65,20
,,0,2026-09-13T13:41:21.783Z,2026-09-14T13:41:21.783Z,2026-09-14T01:56:21.783Z,telemetry,boiler_01,12,0,20,1590,65,20
,,0,2026-09-13T13:41:21.783Z,2026-09-14T13:41:21.783Z,2026-09-14T01:56:51.783Z,telemetry,boiler_01,12,0,20,1591,65,20
,,0,2026-09-13T13:41:21.783Z,2026-09-14T13:41:21.783Z,2026-09-14T01:57:21.783Z,telemetry,boiler_01,12,0,20,1592,65,20
,,0,2026-09-13T13:41:21.783Z,2026-09-14T13:41:21.783Z,2026-09-14T01:57:51.783Z,telemetry,boiler_01,12,0,20,1593,65,20
,,0,2026-09-13T13:41:21.783Z,2026-09-14T13:41:21.783Z,2026-09-14T01:58:21.783Z,telemetry,boiler_01,12,0,20,1594,65,20
,,0,2026-09-13T13:41:21.783Z,2026-09-14T13:41:21.783Z,2026-09-14T01:58:51.783Z,telemetry,boiler_01,12,0,20,1595,65,20
,,0,2026-09-13T13:41:21.783Z,2026-09-14T13:41:21.783Z,2026-09-14T01:59:21.783Z,telemetry,boiler_01,12,0,20,1596,65,20
,,0,2026-09-13T13:41:21.783Z,2026-09-14T13:41:21.783Z,2026-09-14T01:59:51.783Z,telemetry,boiler_01,12,0,20,1597,65,20
,,0,2026-09-13T13:41:21.783Z,2026-09-14T13:41:21.783Z,2026-09-14T02:00:21.783Z,telemetry,boiler_01,12,0,20,1598,65,20
,,0,2026-09-13T13:41:21.783Z,2026-09-14T13:41:21.783Z,2026-09-14T02:00:51.783Z,telemetry,boiler_01,12,0,20,1599,65,20
,,0,2026-09-13T13:41:21.783Z,2026-09-14T13:41:21.783Z,2026-09-14T02:01:21.784Z,telemetry,boiler_01,12,0,20,1600,65,20
,,0,2026-09-13T13:41:21.783Z,2026-09-14T13:41:21.783Z,2026-09-14T02:01:51.783Z,telemetry,boiler_01,12,0,20,1601,65,20
,,0,2026-09-13T13:41:21.783Z,2026-09-14T13:41:21.783Z,2026-09-14T02:02:21.783Z,telemetry,boiler_01,12,0,20,1602,65,20
,,0,2026-09-13T13:41:21.783Z,2026-09-14T13:41:21.783Z,2026-09-14T02:02:51.783Z,telemetry,boiler_01,12,0,20,1603,65,20
,,0,2026-09-13T13:41:21.783Z,2026-09-14T13:41:21.783Z,2026-09-14T02:03:21.783Z,telemetry,boiler_01,12,0,20,1604,65,20
,,0,2026-09-13T13:41:21.783Z,2026-09-14T13:41:21.783Z,2026-09-14T02:03:51.783Z,telemetry,boiler_01,12,0,20,1605,65,20
,,0,2026-09-13T13:41:21.783Z,2026-09-14T13:41:21.783Z,2026-09-14T02:04:21.783Z,telemetry,boiler_01,12,0,20,1606,65,20
,,0,2026-09-13T13:41:21.783Z,2026-09-14T13:41:21.783Z,2026-09-14T02:04:51.783Z,telemetry,boiler_01,12,0,20,1607,65,20
,,0,2026-09-13T13:41:21.783Z,2026-09-14T13:41:21.783Z,2026-09-14T02:05:21.783Z,telemetry,boiler_01,12,0,20,1608,65,20
,,0,2026-09-13T13:41:21.783Z,2026-09-14T13:41:21.783Z,2026-09-14T02:05:51.783Z,telemetry,boiler_01,12,0,20,1609,65,20
,,0,2026-09-13T13:41:21.783Z,2026-09-14T13:41:21.783Z,2026-09-14T02:06:21.783Z,telemetry,boiler_01,12,0,20,1610,65,20
,,0,2026-09-13T13:41:21.783Z,2026-09-14T13:41:21.783Z,2026-09-14T02:06:51.783Z,telemetry,boiler_01,12,0,20,1611,65,20
,,0,2026-09-13T13:41:21.783Z,2026-09-14T13:41:21.783Z,2026-09-14T02:07:21.783Z,telemetry,boiler_01,12,0,20,1612,65,20
,,0,2026-09-13T13:41:21.783Z,2026-09-14T13:41:21.783Z,2026-09-14T02:07:51.783Z,telemetry,boiler_01,12,0,20,1613,65,20
,,0,2026-09-13T13:41:21.783Z,2026-09-14T13:41:21.783Z,2026-09-14T02:08:21.783Z,telemetry,boiler_01,12,0,20,1614,65,20
,,0,2026-09-13T13:41:21.783Z,2026-09-14T13:41:21.783Z,2026-09-14T02:08:51.783Z,telemetry,boiler_01,12,0,20,1615,65,20
,,0,2026-09-13T13:41:21.783Z,2026-09-14T13:41:21.783Z,2026-09-14T02:09:21.783Z,telemetry,boiler_01,12,0,20,1616,65,20
,,0,2026-09-13T13:41:21.783Z,2026-09-14T13:41:21.783Z,2026-09-14T02:09:51.783Z,telemetry,boiler_01,12,0,20,1617,65,20
,,0,2026-09-13T13:41:21.783Z,2026-09-14T13:41:21.783Z,2026-09-14T02:10:21.783Z,telemetry,boiler_01,12,0,20,1618,65,20
,,0,2026-09-13T13:41:21.783Z,2026-09-14T13:41:21.783Z,2026-09-14T02:10:51.783Z,telemetry,boiler_01,12,0,20,1619,65,20
,,0,2026-09-13T13:41:21.783Z,2026-09-14T13:41:21.783Z,2026-09-14T02:11:21.784Z,telemetry,boiler_01,12,0,20,1620,65,20
,,0,2026-09-13T13:41:21.783Z,2026-09-14T13:41:21.783Z,2026-09-14T02:11:51.783Z,telemetry,boiler_01,12,0,20,1621,65,20
,,0,2026-09-13T13:41:21.783Z,2026-09-14T13:41:21.783Z,2026-09-14T02:12:21.783Z,telemetry,boiler_01,12,0,20,1622,65,20
,,0,2026-09-13T13:41:21.783Z,2026-09-14T13:41:21.783Z,2026-09-14T02:12:51.783Z,telemetry,boiler_01,12,0,20,1623,65,20
,,0,2026-09-13T13:41:21.783Z,2026-09-14T13:41:21.783Z,2026-09-14T02:13:21.785Z,telemetry,boiler_01,12,0,20,1624,65,20
,,0,2026-09-13T13:41:21.783Z,2026-09-14T13:41:21.783Z,2026-09-14T02:13:51.783Z,telemetry,boiler_01,12,0,20,1625,65,20
,,0,2026-09-13T13:41:21.783Z,2026-09-14T13:41:21.783Z,2026-09-14T02:14:21.783Z,telemetry,boiler_01,12,0,20,1626,65,20
,,0,2026-09-13T13:41:21.783Z,2026-09-14T13:41:21.783Z,2026-09-14T02:14:51.783Z,telemetry,boiler_01,12,0,20,1627,65,20
,,0,2026-09-13T13:41:21.783Z,2026-09-14T13:41:21.783Z,2026-09-14T02:15:21.783Z,telemetry,boiler_01,12,0,20,1628,65,20
,,0,2026-09-13T13:41:21.783Z,2026-09-14T13:41:21.783Z,2026-09-14T02:15:51.783Z,telemetry,boiler_01,12,0,20,1629,65,20
,,0,2026-09-13T13:41:21.783Z,2026-09-14T13:41:21.783Z,2026-09-14T02:16:21.783Z,telemetry,boiler_01,12,0,20,1630,65,20
,,0,2026-09-13T13:41:21.783Z,2026-09-14T13:41:21.783Z,2026-09-14T02:16:51.783Z,telemetry,boiler_01,12,0,20,1631,65,20
,,0,2026-09-13T13:41:21.783Z,2026-09-14T13:41:21.783Z,2026-09-14T02:17:21.783Z,telemetry,boiler_01,12,0,20,1632,65,20
,,0,2026-09-13T13:41:21.783Z,2026-09-14T13:41:21.783Z,2026-09-14T02:17:51.783Z,telemetry,boiler_01,12,0,20,1633,65,20
,,0,2026-09-13T13:41:21.783Z,2026-09-14T13:41:21.783Z,2026-09-14T02:18:21.783Z,telemetry,boiler_01,12,0,20,1634,65,20
,,0,2026-09-13T13:41:21.783Z,2026-09-14T13:41:21.783Z,2026-09-14T02:18:51.783Z,telemetry,boiler_01,12,0,20,1635,65,20
,,0,2026-09-13T13:41:21.783Z,2026-09-14T13:41:21.783Z,2026-09-14T02:19:21.783Z,telemetry,boiler_01,12,0,20,1636,65,20
,,0,2026-09-13T13:41:21.783Z,2026-09-14T13:41:21.783Z,2026-09-14T02:19:51.783Z,telemetry,boiler_01,12,0,20,1637,65,20
,,0,2026-09-13T13:41:21.783Z,2026-09-14T13:41:21.783Z,2026-09-14T02:20:21.783Z,telemetry,boiler_01,12,0,20,1638,65,20
,,0,2026-09-13T13:41:21.783Z,2026-09-14T13:41:21.783Z,2026-09-14T02:20:51.783Z,telemetry,boiler_01,12,0,20,1639,65,20
,,0,2026-09-13T13:41:21.783Z,2026-09-14T13:41:21.783Z,2026-09-14T02:21:21.784Z,telemetry,boiler_01,12,0,20,1640,65,20
,,0,2026-09-13T13:41:21.783Z,2026-09-14T13:41:21.783Z,2026-09-14T02:21:51.783Z,telemetry,boiler_01,12,0,20,1641,65,20
,,0,2026-09-13T13:41:21.783Z,2026-09-14T13:41:21.783Z,2026-09-14T02:22:21.783Z,telemetry,boiler_01,12,0,20,1642,65,20
,,0,2026-09-13T13:41:21.783Z,2026-09-14T13:41:21.783Z,2026-09-14T02:22:51.783Z,telemetry,boiler_01,12,0,20,1643,65,20
,,0,2026-09-13T13:41:21.783Z,2026-09-14T13:41:21.783Z,2026-09-14T02:23:21.783Z,telemetry,boiler_01,12,0,20,1644,65,20
,,0,2026-09-13T13:41:21.783Z,2026-09-14T13:41:21.783Z,2026-09-14T02:23:51.783Z,telemetry,boiler_01,12,0,20,1645,65,20
,,0,2026-09-13T13:41:21.783Z,2026-09-14T13:41:21.783Z,2026-09-14T02:24:21.783Z,telemetry,boiler_01,12,0,20,1646,65,20
,,0,2026-09-13T13:41:21.783Z,2026-09-14T13:41:21.783Z,2026-09-14T02:24:51.783Z,telemetry,boiler_01,12,0,20,1647,65,20
,,0,2026-09-13T13:41:21.783Z,2026-09-14T13:41:21.783Z,2026-09-14T02:25:21.783Z,telemetry,boiler_01,12,0,20,1648,65,20
,,0,2026-09-13T13:41:21.783Z,2026-09-14T13:41:21.783Z,2026-09-14T02:25:51.783Z,telemetry,boiler_01,12,0,20,1649,65,20
,,0,2026-09-13T13:41:21.783Z,2026-09-14T13:41:21.783Z,2026-09-14T02:26:21.783Z,telemetry,boiler_01,12,0,20,1650,65,20
,,0,2026-09-13T13:41:21.783Z,2026-09-14T13:41:21.783Z,2026-09-14T02:26:51.783Z,telemetry,boiler_01,12,0,20,1651,65,20
,,0,2026-09-13T13:41:21.783Z,2026-09-14T13:41:21.783Z,2026-09-14T02:27:21.783Z,telemetry,boiler_01,12,0,20,1652,65,20
,,0,2026-09-13T13:41:21.783Z,2026-09-14T13:41:21.783Z,2026-09-14T02:27:51.783Z,telemetry,boiler_01,12,0,20,1653,65,20
,,0,2026-09-13T13:41:21.783Z,2026-09-14T13:41:21.783Z,2026-09-14T02:28:21.783Z,telemetry,boiler_01,12,0,20,1654,65,20
,,0,2026-09-13T13:41:21.783Z,2026-09-14T13:41:21.783Z,2026-09-14T02:28:51.783Z,telemetry,boiler_01,12,0,20,1655,65,20
,,0,2026-09-13T13:41:21.783Z,2026-09-14T13:41:21.783Z,2026-09-14T02:29:21.783Z,telemetry,boiler_01,12,0,20,1656,65,20
,,0,2026-09-13T13:41:21.783Z,2026-09-14T13:41:21.783Z,2026-09-14T02:29:51.783Z,telemetry,boiler_01,12,0,20,1657,65,20
,,0,2026-09-13T13:41:21.783Z,2026-09-14T13:41:21.783Z,2026-09-14T02:30:21.783Z,telemetry,boiler_01,12,0,20,1658,65,20
,,0,2026-09-13T13:41:21.783Z,2026-09-14T13:41:21.783Z,2026-09-14T02:30:51.783Z,telemetry,boiler_01,12,0,20,1659,65,20
,,0,2026-09-13T13:41:21.783Z,2026-09-14T13:41:21.783Z,2026-09-14T02:31:21.783Z,telemetry,boiler_01,12,0,20,1660,65,20
,,0,2026-09-13T13:41:21.783Z,2026-09-14T13:41:21.783Z,2026-09-14T02:31:51.783Z,telemetry,boiler_01,12,0,20,1661,65,20
,,0,2026-09-13T13:41:21.783Z,2026-09-14T13:41:21.783Z,2026-09-14T02:32:21.783Z,telemetry,boiler_01,12,0,20,1662,65,20
,,0,2026-09-13T13:41:21.783Z,2026-09-14T13:41:21.783Z,2026-09-14T02:32:51.783Z,telemetry,boiler_01,12,0,20,1663,65,20
,,0,2026-09-13T13:41:21.783Z,2026-09-14T13:41:21.783Z,2026-09-14T02:33:21.783Z,telemetry,boiler_01,12,0,20,1664,65,20
,,0,2026-09-13T13:41:21.783Z,2026-09-14T13:41:21.783Z,2026-09-14T02:33:51.783Z,telemetry,boiler_01,12,0,20,1665,65,20
,,0,2026-09-13T13:41:21.783Z,2026-09-14T13:41:21.783Z,2026-09-14T02:34:21.783Z,telemetry,boiler_01,12,0,20,1666,65,20
,,0,2026-09-13T13:41:21.783Z,2026-09-14T13:41:21.783Z,2026-09-14T02:34:51.783Z,telemetry,boiler_01,12,0,20,1667,65,20
,,0,2026-09-13T13:41:21.783Z,2026-09-14T13:41:21.783Z,2026-09-14T02:35:21.783Z,telemetry,boiler_01,12,0,20,1668,65,20
,,0,2026-09-13T13:41:21.783Z,2026-09-14T13:41:21.783Z,2026-09-14T02:35:51.783Z,telemetry,boiler_01,12,0,20,1669,65,20
,,0,2026-09-13T13:41:21.783Z,2026-09-14T13:41:21.783Z,2026-09-14T02:36:21.783Z,telemetry,boiler_01,12,0,20,1670,65,20
,,0,2026-09-13T13:41:21.783Z,2026-09-14T13:41:21.783Z,2026-09-14T02:36:51.783Z,telemetry,boiler_01,12,0,20,1671,65,20
,,0,2026-09-13T13:41:21.783Z,2026-09-14T13:41:21.783Z,2026-09-14T02:37:21.783Z,telemetry,boiler_01,12,0,20,1672,65,20
,,0,2026-09-13T13:41:21.783Z,2026-09-14T13:41:21.783Z,2026-09-14T02:37:51.783Z,telemetry,boiler_01,12,0,20,1673,65,20
,,0,2026-09-13T13:41:21.783Z,2026-09-14T13:41:21.783Z,2026-09-14T02:38:21.783Z,telemetry,boiler_01,12,0,20,1674,65,20
,,0,2026-09-13T13:41:21.783Z,2026-09-14T13:41:21.783Z,2026-09-14T02:38:51.783Z,telemetry,boiler_01,12,0,20,1675,65,20
,,0,2026-09-13T13:41:21.783Z,2026-09-14T13:41:21.783Z,2026-09-14T02:39:21.783Z,telemetry,boiler_01,12,0,20,1676,65,20
,,0,2026-09-13T13:41:21.783Z,2026-09-14T13:41:21.783Z,2026-09-14T02:39:51.783Z,telemetry,boiler_01,12,0,20,1677,65,20
,,0,2026-09-13T13:41:21.783Z,2026-09-14T13:41:21.783Z,2026-09-14T02:40:21.783Z,telemetry,boiler_01,12,0,20,1678,65,20
,,0,2026-09-13T13:41:21.783Z,2026-09-14T13:41:21.783Z,2026-09-14T02:40:51.783Z,telemetry,boiler_01,12,0,20,1679,65,20
,,0,2026-09-13T13:41:21.783Z,2026-09-14T13:41:21.783Z,2026-09-14T02:41:21.783Z,telemetry,boiler_01,12,0,20,1680,65,20
,,0,2026-09-13T13:41:21.783Z,2026-09-14T13:41:21.783Z,2026-09-14T02:41:51.783Z,telemetry,boiler_01,12,0,20,1681,65,20
,,0,2026-09-13T13:41:21.783Z,2026-09-14T13:41:21.783Z,2026-09-14T02:42:21.783Z,telemetry,boiler_01,12,0,20,1682,65,20
,,0,2026-09-13T13:41:21.783Z,2026-09-14T13:41:21.783Z,2026-09-14T02:42:51.783Z,telemetry,boiler_01,12,0,20,1683,65,20
,,0,2026-09-13T13:41:21.783Z,2026-09-14T13:41:21.783Z,2026-09-14T02:43:21.783Z,telemetry,boiler_01,12,0,20,1684,65,20
,,0,2026-09-13T13:41:21.783Z,2026-09-14T13:41:21.783Z,2026-09-14T02:43:51.783Z,telemetry,boiler_01,12,0,20,1685,65,20
,,0,2026-09-13T13:41:21.783Z,2026-09-14T13:41:21.783Z,2026-09-14T02:44:21.783Z,telemetry,boiler_01,12,0,20,1686,65,20
,,0,2026-09-13T13:41:21.783Z,2026-09-14T13:41:21.783Z,2026-09-14T02:44:51.783Z,telemetry,boiler_01,12,0,20,1687,65,20
,,0,2026-09-13T13:41:21.783Z,2026-09-14T13:41:21.783Z,2026-09-14T02:45:21.783Z,telemetry,boiler_01,12,0,20,1688,65,20
,,0,2026-09-13T13:41:21.783Z,2026-09-14T13:41:21.783Z,2026-09-14T02:45:51.783Z,telemetry,boiler_01,12,0,20,1689,65,20
,,0,2026-09-13T13:41:21.783Z,2026-09-14T13:41:21.783Z,2026-09-14T02:46:21.783Z,telemetry,boiler_01,12,0,20,1690,65,20
,,0,2026-09-13T13:41:21.783Z,2026-09-14T13:41:21.783Z,2026-09-14T02:46:51.783Z,telemetry,boiler_01,12,0,20,1691,65,20
,,0,2026-09-13T13:41:21.783Z,2026-09-14T13:41:21.783Z,2026-09-14T02:47:21.783Z,telemetry,boiler_01,12,0,20,1692,65,20
,,0,2026-09-13T13:41:21.783Z,2026-09-14T13:41:21.783Z,2026-09-14T02:47:51.783Z,telemetry,boiler_01,12,0,20,1693,65,20
,,0,2026-09-13T13:41:21.783Z,2026-09-14T13:41:21.783Z,2026-09-14T02:48:21.783Z,telemetry,boiler_01,12,0,20,1694,65,20
,,0,2026-09-13T13:41:21.783Z,2026-09-14T13:41:21.783Z,2026-09-14T02:48:51.783Z,telemetry,boiler_01,12,0,20,1695,65,20
,,0,2026-09-13T13:41:21.783Z,2026-09-14T13:41:21.783Z,2026-09-14T02:49:21.783Z,telemetry,boiler_01,12,0,20,1696,65,20
,,0,2026-09-13T13:41:21.783Z,2026-09-14T13:41:21.783Z,2026-09-14T02:49:51.783Z,telemetry,boiler_01,12,0,20,1697,65,20
,,0,2026-09-13T13:41:21.783Z,2026-09-14T13:41:21.783Z,2026-09-14T02:50:21.783Z,telemetry,boiler_01,12,0,20,1698,65,20
,,0,2026-09-13T13:41:21.783Z,2026-09-14T13:41:21.783Z,2026-09-14T02:50:51.783Z,telemetry,boiler_01,12,0,20,1699,65,20
,,0,2026-09-13T13:41:21.783Z,2026-09-14T13:41:21.783Z,2026-09-14T02:51:21.784Z,telemetry,boiler_01,12,0,20,1700,65,20
,,0,2026-09-13T13:41:21.783Z,2026-09-14T13:41:21.783Z,2026-09-14T02:51:51.783Z,telemetry,boiler_01,12,0,20,1701,65,20
,,0,2026-09-13T13:41:21.783Z,2026-09-14T13:41:21.783Z,2026-09-14T02:52:21.783Z,telemetry,boiler_01,12,0,20,1702,65,20
,,0,2026-09-13T13:41:21.783Z,2026-09-14T13:41:21.783Z,2026-09-14T02:52:51.783Z,telemetry,boiler_01,12,0,20,1703,65,20
,,0,2026-09-13T13:41:21.783Z,2026-09-14T13:41:21.783Z,2026-09-14T02:53:21.783Z,telemetry,boiler_01,12,0,20,1704,65,20
,,0,2026-09-13T13:41:21.783Z,2026-09-14T13:41:21.783Z,2026-09-14T02:53:51.783Z,telemetry,boiler_01,12,0,20,1705,65,20
,,0,2026-09-13T13:41:21.783Z,2026-09-14T13:41:21.783Z,2026-09-14T02:54:21.783Z,telemetry,boiler_01,12,0,20,1706,65,20
,,0,2026-09-13T13:41:21.783Z,2026-09-14T13:41:21.783Z,2026-09-14T02:54:51.783Z,telemetry,boiler_01,12,0,20,1707,65,20
,,0,2026-09-13T13:41:21.783Z,2026-09-14T13:41:21.783Z,2026-09-14T02:55:21.783Z,telemetry,boiler_01,12,0,20,1708,65,20
,,0,2026-09-13T13:41:21.783Z,2026-09-14T13:41:21.783Z,2026-09-14T02:55:51.783Z,telemetry,boiler_01,12,0,20,1709,65,20
,,0,2026-09-13T13:41:21.783Z,2026-09-14T13:41:21.783Z,2026-09-14T02:56:21.783Z,telemetry,boiler_01,12,0,20,1710,65,20
,,0,2026-09-13T13:41:21.783Z,2026-09-14T13:41:21.783Z,2026-09-14T02:56:51.783Z,telemetry,boiler_01,12,0,20,1711,65,20
,,0,2026-09-13T13:41:21.783Z,2026-09-14T13:41:21.783Z,2026-09-14T02:57:21.783Z,telemetry,boiler_01,12,0,20,1712,65,20
,,0,2026-09-13T13:41:21.783Z,2026-09-14T13:41:21.783Z,2026-09-14T02:57:51.783Z,telemetry,boiler_01,12,0,20,1713,65,20
,,0,2026-09-13T13:41:21.783Z,2026-09-14T13:41:21.783Z,2026-09-14T02:58:21.783Z,telemetry,boiler_01,12,0,20,1714,65,20
,,0,2026-09-13T13:41:21.783Z,2026-09-14T13:41:21.783Z,2026-09-14T02:58:51.783Z,telemetry,boiler_01,12,0,20,1715,65,20
,,0,2026-09-13T13:41:21.783Z,2026-09-14T13:41:21.783Z,2026-09-14T02:59:21.783Z,telemetry,boiler_01,12,0,20,1716,65,20
,,0,2026-09-13T13:41:21.783Z,2026-09-14T13:41:21.783Z,2026-09-14T02:59:51.783Z,telemetry,boiler_01,12,0,20,1717,65,20
,,0,2026-09-13T13:41:21.783Z,2026-09-14T13:41:21.783Z,2026-09-14T03:00:21.783Z,telemetry,boiler_01,12,0,20,1718,65,20
,,0,2026-09-13T13:41:21.783Z,2026-09-14T13:41:21.783Z,2026-09-14T03:00:51.783Z,telemetry,boiler_01,12,0,20,1719,65,20
,,0,2026-09-13T13:41:21.783Z,2026-09-14T13:41:21.783Z,2026-09-14T03:01:21.783Z,telemetry,boiler_01,12,0,20,1720,65,20
,,0,2026-09-13T13:41:21.783Z,2026-09-14T13:41:21.783Z,2026-09-14T03:01:51.783Z,telemetry,boiler_01,12,0,20,1721,65,20
,,0,2026-09-13T13:41:21.783Z,2026-09-14T13:41:21.783Z,2026-09-14T03:02:21.783Z,telemetry,boiler_01,12,0,20,1722,65,20
,,0,2026-09-13T13:41:21.783Z,2026-09-14T13:41:21.783Z,2026-09-14T03:02:51.783Z,telemetry,boiler_01,12,0,20,1723,65,20
,,0,2026-09-13T13:41:21.783Z,2026-09-14T13:41:21.783Z,2026-09-14T03:03:21.783Z,telemetry,boiler_01,12,0,20,1724,65,20
,,0,2026-09-13T13:41:21.783Z,2026-09-14T13:41:21.783Z,2026-09-14T03:03:51.783Z,telemetry,boiler_01,12,0,20,1725,65,20
,,0,2026-09-13T13:41:21.783Z,2026-09-14T13:41:21.783Z,2026-09-14T03:04:21.783Z,telemetry,boiler_01,12,0,20,1726,65,20
,,0,2026-09-13T13:41:21.783Z,2026-09-14T13:41:21.783Z,2026-09-14T03:04:51.783Z,telemetry,boiler_01,12,0,20,1727,65,20
,,0,2026-09-13T13:41:21.783Z,2026-09-14T13:41:21.783Z,2026-09-14T03:05:21.783Z,telemetry,boiler_01,12,0,20,1728,65,20
,,0,2026-09-13T13:41:21.783Z,2026-09-14T13:41:21.783Z,2026-09-14T03:05:51.783Z,telemetry,boiler_01,12,0,20,1729,65,20
,,0,2026-09-13T13:41:21.783Z,2026-09-14T13:41:21.783Z,2026-09-14T03:06:21.783Z,telemetry,boiler_01,12,0,20,1730,65,20
,,0,2026-09-13T13:41:21.783Z,2026-09-14T13:41:21.783Z,2026-09-14T03:06:51.783Z,telemetry,boiler_01,12,0,20,1731,65,20
,,0,2026-09-13T13:41:21.783Z,2026-09-14T13:41:21.783Z,2026-09-14T03:07:21.783Z,telemetry,boiler_01,12,0,20,1732,65,20
,,0,2026-09-13T13:41:21.783Z,2026-09-14T13:41:21.783Z,2026-09-14T03:07:51.783Z,telemetry,boiler_01,12,0,20,1733,65,20
,,0,2026-09-13T13:41:21.783Z,2026-09-14T13:41:21.783Z,2026-09-14T03:08:21.783Z,telemetry,boiler_01,12,0,20,1734,65,20
,,0,2026-09-13T13:41:21.783Z,2026-09-14T13:41:21.783Z,2026-09-14T03:08:51.783Z,telemetry,boiler_01,12,0,20,1735,65,20
,,0,2026-09-13T13:41:21.783Z,2026-09-14T13:41:21.783Z,2026-09-14T03:09:21.783Z,telemetry,boiler_01,12,0,20,1736,65,20
,,0,2026-09-13T13:41:21.783Z,2026-09-14T13:41:21.783Z,2026-09-14T03:09:51.783Z,telemetry,boiler_01,12,0,20,1737,65,20
,,0,2026-09-13T13:41:21.783Z,2026-09-14T13:41:21.783Z,2026-09-14T03:10:21.783Z,telemetry,boiler_01,12,0,20,1738,65,20
,,0,2026-09-13T13:41:21.783Z,2026-09-14T13:41:21.783Z,2026-09-14T03:10:51.783Z,telemetry,boiler_01,12,0,20,1739,65,20
,,0,2026-09-13T13:41:21.783Z,2026-09-14T13:41:21.783Z,2026-09-14T03:11:21.783Z,telemetry,boiler_01,12,0,20,1740,65,20
,,0,2026-09-13T13:41:21.783Z,2026-09-14T13:41:21.783Z,2026-09-14T03:11:51.783Z,telemetry,boiler_01,12,0,20,1741,65,20
,,0,2026-09-13T13:41:21.783Z,2026-09-14T13:41:21.783Z,2026-09-14T03:12:21.783Z,telemetry,boiler_01,12,0,20,1742,65,20
,,0,2026-09-13T13:41:21.783Z,2026-09-14T13:41:21.783Z,2026-09-14T03:12:51.783Z,telemetry,boiler_01,12,0,20,1743,65,20
,,0,2026-09-13T13:41:21.783Z,2026-09-14T13:41:21.783Z,2026-09-14T03:13:21.783Z,telemetry,boiler_01,12,0,20,1744,65,20
,,0,2026-09-13T13:41:21.783Z,2026-09-14T13:41:21.783Z,2026-09-14T03:13:51.783Z,telemetry,boiler_01,12,0,20,1745,65,20
,,0,2026-09-13T13:41:21.783Z,2026-09-14T13:41:21.783Z,2026-09-14T03:14:21.783Z,telemetry,boiler_01,12,0,20,1746,65,20
,,0,2026-09-13T13:41:21.783Z,2026-09-14T13:41:21.783Z,2026-09-14T03:14:51.783Z,telemetry,boiler_01,12,0,20,1747,65,20
,,0,2026-09-13T13:41:21.783Z,2026-09-14T13:41:21.783Z,2026-09-14T03:15:21.783Z,telemetry,boiler_01,12,0,20,1748,65,20
,,0,2026-09-13T13:41:21.783Z,2026-09-14T13:41:21.783Z,2026-09-14T03:15:51.783Z,telemetry,boiler_01,12,0,20,1749,65,20
,,0,2026-09-13T13:41:21.783Z,2026-09-14T13:41:21.783Z,2026-09-14T03:16:21.783Z,telemetry,boiler_01,12,0,20,1750,65,20
,,0,2026-09-13T13:41:21.783Z,2026-09-14T13:41:21.783Z,2026-09-14T03:16:51.783Z,telemetry,boiler_01,12,0,20,1751,65,20
,,0,2026-09-13T13:41:21.783Z,2026-09-14T13:41:21.783Z,2026-09-14T03:17:21.783Z,telemetry,boiler_01,12,0,20,1752,65,20
,,0,2026-09-13T13:41:21.783Z,2026-09-14T13:41:21.783Z,2026-09-14T03:17:51.783Z,telemetry,boiler_01,12,0,20,1753,65,20
,,0,2026-09-13T13:41:21.783Z,2026-09-14T13:41:21.783Z,2026-09-14T03:18:21.783Z,telemetry,boiler_01,12,0,20,1754,65,20
,,0,2026-09-13T13:41:21.783Z,2026-09-14T13:41:21.783Z,2026-09-14T03:18:51.783Z,telemetry,boiler_01,12,0,20,1755,65,20
,,0,2026-09-13T13:41:21.783Z,2026-09-14T13:41:21.783Z,2026-09-14T03:19:21.783Z,telemetry,boiler_01,12,0,20,1756,65,20
,,0,2026-09-13T13:41:21.783Z,2026-09-14T13:41:21.783Z,2026-09-14T03:19:51.783Z,telemetry,boiler_01,12,0,20,1757,65,20
,,0,2026-09-13T13:41:21.783Z,2026-09-14T13:41:21.783Z,2026-09-14T03:20:21.783Z,telemetry,boiler_01,12,0,20,1758,65,20
,,0,2026-09-13T13:41:21.783Z,2026-09-14T13:41:21.783Z,2026-09-14T03:20:51.783Z,telemetry,boiler_01,12,0,20,1759,65,20
,,0,2026-09-13T13:41:21.783Z,2026-09-14T13:41:21.783Z,2026-09-14T03:21:21.783Z,telemetry,boiler_01,12,0,20,1760,65,20
,,0,2026-09-13T13:41:21.783Z,2026-09-14T13:41:21.783Z,2026-09-14T03:21:51.783Z,telemetry,boiler_01,12,0,20,1761,65,20
,,0,2026-09-13T13:41:21.783Z,2026-09-14T13:41:21.783Z,2026-09-14T03:22:21.783Z,telemetry,boiler_01,12,0,20,1762,65,20
,,0,2026-09-13T13:41:21.783Z,2026-09-14T13:41:21.783Z,2026-09-14T03:22:51.783Z,telemetry,boiler_01,12,0,20,1763,65,20
,,0,2026-09-13T13:41:21.783Z,2026-09-14T13:41:21.783Z,2026-09-14T03:23:21.783Z,telemetry,boiler_01,12,0,20,1764,65,20
,,0,2026-09-13T13:41:21.783Z,2026-09-14T13:41:21.783Z,2026-09-14T03:23:51.783Z,telemetry,boiler_01,12,0,20,1765,65,20
,,0,2026-09-13T13:41:21.783Z,2026-09-14T13:41:21.783Z,2026-09-14T03:24:21.783Z,telemetry,boiler_01,12,0,20,1766,65,20
,,0,2026-09-13T13:41:21.783Z,2026-09-14T13:41:21.783Z,2026-09-14T03:24:51.783Z,telemetry,boiler_01,12,0,20,1767,65,20
,,0,2026-09-13T13:41:21.783Z,2026-09-14T13:41:21.783Z,2026-09-14T03:25:21.783Z,telemetry,boiler_01,12,0,20,1768,65,20
,,0,2026-09-13T13:41:21.783Z,2026-09-14T13:41:21.783Z,2026-09-14T03:25:51.783Z,telemetry,boiler_01,12,0,20,1769,65,20
,,0,2026-09-13T13:41:21.783Z,2026-09-14T13:41:21.783Z,2026-09-14T03:26:21.783Z,telemetry,boiler_01,12,0,20,1770,65,20
,,0,2026-09-13T13:41:21.783Z,2026-09-14T13:41:21.783Z,2026-09-14T03:26:51.783Z,telemetry,boiler_01,12,0,20,1771,65,20
,,0,2026-09-13T13:41:21.783Z,2026-09-14T13:41:21.783Z,2026-09-14T03:27:21.783Z,telemetry,boiler_01,12,0,20,1772,65,20
,,0,2026-09-13T13:41:21.783Z,2026-09-14T13:41:21.783Z,2026-09-14T03:27:51.783Z,telemetry,boiler_01,12,0,20,1773,65,20
,,0,2026-09-13T13:41:21.783Z,2026-09-14T13:41:21.783Z,2026-09-14T03:28:21.783Z,telemetry,boiler_01,12,0,20,1774,65,20
,,0,2026-09-13T13:41:21.783Z,2026-09-14T13:41:21.783Z,2026-09-14T03:28:51.783Z,telemetry,boiler_01,12,0,20,1775,65,20
,,0,2026-09-13T13:41:21.783Z,2026-09-14T13:41:21.783Z,2026-09-14T03:29:21.783Z,telemetry,boiler_01,12,0,20,1776,65,20
,,0,2026-09-13T13:41:21.783Z,2026-09-14T13:41:21.783Z,2026-09-14T03:29:51.783Z,telemetry,boiler_01,12,0,20,1777,65,20
,,0,2026-09-13T13:41:21.783Z,2026-09-14T13:41:21.783Z,2026-09-14T03:30:21.783Z,telemetry,boiler_01,12,0,20,1778,65,20
,,0,2026-09-13T13:41:21.783Z,2026-09-14T13:41:21.783Z,2026-09-14T03:30:51.783Z,telemetry,boiler_01,12,0,20,1779,65,20
,,0,2026-09-13T13:41:21.783Z,2026-09-14T13:41:21.783Z,2026-09-14T03:31:21.784Z,telemetry,boiler_01,12,0,20,1780,65,20
,,0,2026-09-13T13:41:21.783Z,2026-09-14T13:41:21.783Z,2026-09-14T03:31:51.783Z,telemetry,boiler_01,12,0,20,1781,65,20
,,0,2026-09-13T13:41:21.783Z,2026-09-14T13:41:21.783Z,2026-09-14T03:32:21.783Z,telemetry,boiler_01,12,0,20,1782,65,20
,,0,2026-09-13T13:41:21.783Z,2026-09-14T13:41:21.783Z,2026-09-14T03:32:51.783Z,telemetry,boiler_01,12,0,20,1783,65,20
,,0,2026-09-13T13:41:21.783Z,2026-09-14T13:41:21.783Z,2026-09-14T03:33:21.783Z,telemetry,boiler_01,12,0,20,1784,65,20
,,0,2026-09-13T13:41:21.783Z,2026-09-14T13:41:21.783Z,2026-09-14T03:33:51.783Z,telemetry,boiler_01,12,0,20,1785,65,20
,,0,2026-09-13T13:41:21.783Z,2026-09-14T13:41:21.783Z,2026-09-14T03:34:21.783Z,telemetry,boiler_01,12,0,20,1786,65,20
,,0,2026-09-13T13:41:21.783Z,2026-09-14T13:41:21.783Z,2026-09-14T03:34:51.783Z,telemetry,boiler_01,12,0,20,1787,65,20
,,0,2026-09-13T13:41:21.783Z,2026-09-14T13:41:21.783Z,2026-09-14T03:35:21.783Z,telemetry,boiler_01,12,0,20,1788,65,20
,,0,2026-09-13T13:41:21.783Z,2026-09-14T13:41:21.783Z,2026-09-14T03:35:51.783Z,telemetry,boiler_01,12,0,20,1789,65,20
,,0,2026-09-13T13:41:21.783Z,2026-09-14T13:41:21.783Z,2026-09-14T03:36:21.783Z,telemetry,boiler_01,12,0,20,1790,65,20
,,0,2026-09-13T13:41:21.783Z,2026-09-14T13:41:21.783Z,2026-09-14T03:36:51.783Z,telemetry,boiler_01,12,0,20,1791,65,20
,,0,2026-09-13T13:41:21.783Z,2026-09-14T13:41:21.783Z,2026-09-14T03:37:21.783Z,telemetry,boiler_01,12,0,20,1792,65,20
,,0,2026-09-13T13:41:21.783Z,2026-09-14T13:41:21.783Z,2026-09-14T03:37:51.783Z,telemetry,boiler_01,12,0,20,1793,65,20
,,0,2026-09-13T13:41:21.783Z,2026-09-14T13:41:21.783Z,2026-09-14T03:38:21.783Z,telemetry,boiler_01,12,0,20,1794,65,20
,,0,2026-09-13T13:41:21.783Z,2026-09-14T13:41:21.783Z,2026-09-14T03:38:51.783Z,telemetry,boiler_01,12,0,20,1795,65,20
,,0,2026-09-13T13:41:21.783Z,2026-09-14T13:41:21.783Z,2026-09-14T03:39:21.783Z,telemetry,boiler_01,12,0,20,1796,65,20
,,0,2026-09-13T13:41:21.783Z,2026-09-14T13:41:21.783Z,2026-09-14T03:39:51.783Z,telemetry,boiler_01,12,0,20,1797,65,20
,,0,2026-09-13T13:41:21.783Z,2026-09-14T13:41:21.783Z,2026-09-14T03:40:21.783Z,telemetry,boiler_01,12,0,20,1798,65,20
,,0,2026-09-13T13:41:21.783Z,2026-09-14T13:41:21.783Z,2026-09-14T03:40:51.783Z,telemetry,boiler_01,12,0,20,1799,65,20
,,0,2026-09-13T13:41:21.783Z,2026-09-14T13:41:21.783Z,2026-09-14T03:41:21.784Z,telemetry,boiler_01,12,0,20,1800,65,20
,,0,2026-09-13T13:41:21.783Z,2026-09-14T13:41:21.783Z,2026-09-14T03:41:51.783Z,telemetry,boiler_01,12,0,20,1801,65,20
,,0,2026-09-13T13:41:21.783Z,2026-09-14T13:41:21.783Z,2026-09-14T03:42:21.783Z,telemetry,boiler_01,12,0,20,1802,65,20
,,0,2026-09-13T13:41:21.783Z,2026-09-14T13:41:21.783Z,2026-09-14T03:42:51.783Z,telemetry,boiler_01,12,0,20,1803,65,20
,,0,2026-09-13T13:41:21.783Z,2026-09-14T13:41:21.783Z,2026-09-14T03:43:21.783Z,telemetry,boiler_01,12,0,20,1804,65,20
,,0,2026-09-13T13:41:21.783Z,2026-09-14T13:41:21.783Z,2026-09-14T03:43:51.783Z,telemetry,boiler_01,12,0,20,1805,65,20
,,0,2026-09-13T13:41:21.783Z,2026-09-14T13:41:21.783Z,2026-09-14T03:44:21.783Z,telemetry,boiler_01,12,0,20,1806,65,20
,,0,2026-09-13T13:41:21.783Z,2026-09-14T13:41:21.783Z,2026-09-14T03:44:51.783Z,telemetry,boiler_01,12,0,20,1807,65,20
,,0,2026-09-13T13:41:21.783Z,2026-09-14T13:41:21.783Z,2026-09-14T03:45:21.783Z,telemetry,boiler_01,12,0,20,1808,65,20
,,0,2026-09-13T13:41:21.783Z,2026-09-14T13:41:21.783Z,2026-09-14T03:45:51.783Z,telemetry,boiler_01,12,0,20,1809,65,20
,,0,2026-09-13T13:41:21.783Z,2026-09-14T13:41:21.783Z,2026-09-14T03:46:21.783Z,telemetry,boiler_01,12,0,20,1810,65,20
,,0,2026-09-13T13:41:21.783Z,2026-09-14T13:41:21.783Z,2026-09-14T03:46:51.783Z,telemetry,boiler_01,12,0,20,1811,65,20
,,0,2026-09-13T13:41:21.783Z,2026-09-14T13:41:21.783Z,2026-09-14T03:47:21.783Z,telemetry,boiler_01,12,0,20,1812,65,20
,,0,2026-09-13T13:41:21.783Z,2026-09-14T13:41:21.783Z,2026-09-14T03:47:51.783Z,telemetry,boiler_01,12,0,20,1813,65,20
,,0,2026-09-13T13:41:21.783Z,2026-09-14T13:41:21.783Z,2026-09-14T03:48:21.783Z,telemetry,boiler_01,12,0,20,1814,65,20
,,0,2026-09-13T13:41:21.783Z,2026-09-14T13:41:21.783Z,2026-09-14T03:48:51.783Z,telemetry,boiler_01,12,0,20,1815,65,20
,,0,2026-09-13T13:41:21.783Z,2026-09-14T13:41:21.783Z,2026-09-14T03:49:21.783Z,telemetry,boiler_01,12,0,20,1816,65,20
,,0,2026-09-13T13:41:21.783Z,2026-09-14T13:41:21.783Z,2026-09-14T03:49:51.783Z,telemetry,boiler_01,12,0,20,1817,65,20
,,0,2026-09-13T13:41:21.783Z,2026-09-14T13:41:21.783Z,2026-09-14T03:50:21.783Z,telemetry,boiler_01,12,0,20,1818,65,20
,,0,2026-09-13T13:41:21.783Z,2026-09-14T13:41:21.783Z,2026-09-14T03:50:51.783Z,telemetry,boiler_01,12,0,20,1819,65,20
,,0,2026-09-13T13:41:21.783Z,2026-09-14T13:41:21.783Z,2026-09-14T03:51:21.783Z,telemetry,boiler_01,12,0,20,1820,65,20
,,0,2026-09-13T13:41:21.783Z,2026-09-14T13:41:21.783Z,2026-09-14T03:51:51.783Z,telemetry,boiler_01,12,0,20,1821,65,20
,,0,2026-09-13T13:41:21.783Z,2026-09-14T13:41:21.783Z,2026-09-14T03:52:21.783Z,telemetry,boiler_01,12,0,20,1822,65,20
,,0,2026-09-13T13:41:21.783Z,2026-09-14T13:41:21.783Z,2026-09-14T03:52:51.783Z,telemetry,boiler_01,12,0,20,1823,65,20
,,0,2026-09-13T13:41:21.783Z,2026-09-14T13:41:21.783Z,2026-09-14T03:53:21.783Z,telemetry,boiler_01,12,0,20,1824,65,20
,,0,2026-09-13T13:41:21.783Z,2026-09-14T13:41:21.783Z,2026-09-14T03:53:51.783Z,telemetry,boiler_01,12,0,20,1825,65,20
,,0,2026-09-13T13:41:21.783Z,2026-09-14T13:41:21.783Z,2026-09-14T03:54:21.783Z,telemetry,boiler_01,12,0,20,1826,65,20
,,0,2026-09-13T13:41:21.783Z,2026-09-14T13:41:21.783Z,2026-09-14T03:54:51.783Z,telemetry,boiler_01,12,0,20,1827,65,20
,,0,2026-09-13T13:41:21.783Z,2026-09-14T13:41:21.783Z,2026-09-14T03:55:21.783Z,telemetry,boiler_01,12,0,20,1828,65,20
,,0,2026-09-13T13:41:21.783Z,2026-09-14T13:41:21.783Z,2026-09-14T03:55:51.783Z,telemetry,boiler_01,12,0,20,1829,65,20
,,0,2026-09-13T13:41:21.783Z,2026-09-14T13:41:21.783Z,2026-09-14T03:56:21.783Z,telemetry,boiler_01,12,0,20,1830,65,20
,,0,2026-09-13T13:41:21.783Z,2026-09-14T13:41:21.783Z,2026-09-14T03:56:51.783Z,telemetry,boiler_01,12,0,20,1831,65,20
,,0,2026-09-13T13:41:21.783Z,2026-09-14T13:41:21.783Z,2026-09-14T03:57:21.783Z,telemetry,boiler_01,12,0,20,1832,65,20
,,0,2026-09-13T13:41:21.783Z,2026-09-14T13:41:21.783Z,2026-09-14T03:57:51.783Z,telemetry,boiler_01,12,0,20,1833,65,20
,,0,2026-09-13T13:41:21.783Z,2026-09-14T13:41:21.783Z,2026-09-14T03:58:21.783Z,telemetry,boiler_01,12,0,20,1834,65,20
,,0,2026-09-13T13:41:21.783Z,2026-09-14T13:41:21.783Z,2026-09-14T03:58:51.783Z,telemetry,boiler_01,12,0,20,1835,65,20
,,0,2026-09-13T13:41:21.783Z,2026-09-14T13:41:21.783Z,2026-09-14T03:59:21.783Z,telemetry,boiler_01,12,0,20,1836,65,20
,,0,2026-09-13T13:41:21.783Z,2026-09-14T13:41:21.783Z,2026-09-14T03:59:51.783Z,telemetry,boiler_01,12,0,20,1837,65,20
,,0,2026-09-13T13:41:21.783Z,2026-09-14T13:41:21.783Z,2026-09-14T04:00:21.783Z,telemetry,boiler_01,12,0,20,1838,65,20
,,0,2026-09-13T13:41:21.783Z,2026-09-14T13:41:21.783Z,2026-09-14T04:00:51.783Z,telemetry,boiler_01,12,0,20,1839,65,20
,,0,2026-09-13T13:41:21.783Z,2026-09-14T13:41:21.783Z,2026-09-14T04:01:21.784Z,telemetry,boiler_01,12,0,20,1840,65,20
,,0,2026-09-13T13:41:21.783Z,2026-09-14T13:41:21.783Z,2026-09-14T04:01:51.783Z,telemetry,boiler_01,12,0,20,1841,65,20
,,0,2026-09-13T13:41:21.783Z,2026-09-14T13:41:21.783Z,2026-09-14T04:02:21.783Z,telemetry,boiler_01,12,0,20,1842,65,20
,,0,2026-09-13T13:41:21.783Z,2026-09-14T13:41:21.783Z,2026-09-14T04:02:51.783Z,telemetry,boiler_01,12,0,20,1843,65,20
,,0,2026-09-13T13:41:21.783Z,2026-09-14T13:41:21.783Z,2026-09-14T04:03:21.783Z,telemetry,boiler_01,12,0,20,1844,65,20
,,0,2026-09-13T13:41:21.783Z,2026-09-14T13:41:21.783Z,2026-09-14T04:03:51.783Z,telemetry,boiler_01,12,0,20,1845,65,20
,,0,2026-09-13T13:41:21.783Z,2026-09-14T13:41:21.783Z,2026-09-14T04:04:21.783Z,telemetry,boiler_01,12,0,20,1846,65,20
,,0,2026-09-13T13:41:21.783Z,2026-09-14T13:41:21.783Z,2026-09-14T04:04:51.783Z,telemetry,boiler_01,12,0,20,1847,65,20
,,0,2026-09-13T13:41:21.783Z,2026-09-14T13:41:21.783Z,2026-09-14T04:05:21.783Z,telemetry,boiler_01,12,0,20,1848,65,20
,,0,2026-09-13T13:41:21.783Z,2026-09-14T13:41:21.783Z,2026-09-14T04:05:51.783Z,telemetry,boiler_01,12,0,20,1849,65,20
,,0,2026-09-13T13:41:21.783Z,2026-09-14T13:41:21.783Z,2026-09-14T04:06:21.783Z,telemetry,boiler_01,12,0,20,1850,65,20
,,0,2026-09-13T13:41:21.783Z,2026-09-14T13:41:21.783Z,2026-09-14T04:06:51.783Z,telemetry,boiler_01,12,0,20,1851,65,20
,,0,2026-09-13T13:41:21.783Z,2026-09-14T13:41:21.783Z,2026-09-14T04:07:21.783Z,telemetry,boiler_01,12,0,20,1852,65,20
,,0,2026-09-13T13:41:21.783Z,2026-09-14T13:41:21.783Z,2026-09-14T04:07:51.783Z,telemetry,boiler_01,12,0,20,1853,65,20
,,0,2026-09-13T13:41:21.783Z,2026-09-14T13:41:21.783Z,2026-09-14T04:08:21.783Z,telemetry,boiler_01,12,0,20,1854,65,20
,,0,2026-09-13T13:41:21.783Z,2026-09-14T13:41:21.783Z,2026-09-14T04:08:51.783Z,telemetry,boiler_01,12,0,20,1855,65,20
,,0,2026-09-13T13:41:21.783Z,2026-09-14T13:41:21.783Z,2026-09-14T04:09:21.783Z,telemetry,boiler_01,12,0,20,1856,65,20
,,0,2026-09-13T13:41:21.783Z,2026-09-14T13:41:21.783Z,2026-09-14T04:09:51.783Z,telemetry,boiler_01,12,0,20,1857,65,20
,,0,2026-09-13T13:41:21.783Z,2026-09-14T13:41:21.783Z,2026-09-14T04:10:21.783Z,telemetry,boiler_01,12,0,20,1858,65,20
,,0,2026-09-13T13:41:21.783Z,2026-09-14T13:41:21.783Z,2026-09-14T04:10:51.783Z,telemetry,boiler_01,12,0,20,1859,65,20
,,0,2026-09-13T13:41:21.783Z,2026-09-14T13:41:21.783Z,2026-09-14T04:11:21.784Z,telemetry,boiler_01,12,0,20,1860,65,20
,,0,2026-09-13T13:41:21.783Z,2026-09-14T13:41:21.783Z,2026-09-14T04:11:51.783Z,telemetry,boiler_01,12,0,20,1861,65,20
,,0,2026-09-13T13:41:21.783Z,2026-09-14T13:41:21.783Z,2026-09-14T04:12:21.783Z,telemetry,boiler_01,12,0,20,1862,65,20
,,0,2026-09-13T13:41:21.783Z,2026-09-14T13:41:21.783Z,2026-09-14T04:12:51.783Z,telemetry,boiler_01,12,0,20,1863,65,20
,,0,2026-09-13T13:41:21.783Z,2026-09-14T13:41:21.783Z,2026-09-14T04:13:21.783Z,telemetry,boiler_01,12,0,20,1864,65,20
,,0,2026-09-13T13:41:21.783Z,2026-09-14T13:41:21.783Z,2026-09-14T04:13:51.783Z,telemetry,boiler_01,12,0,20,1865,65,20
,,0,2026-09-13T13:41:21.783Z,2026-09-14T13:41:21.783Z,2026-09-14T04:14:21.783Z,telemetry,boiler_01,12,0,20,1866,65,20
,,0,2026-09-13T13:41:21.783Z,2026-09-14T13:41:21.783Z,2026-09-14T04:14:51.783Z,telemetry,boiler_01,12,0,20,1867,65,20
,,0,2026-09-13T13:41:21.783Z,2026-09-14T13:41:21.783Z,2026-09-14T04:15:21.783Z,telemetry,boiler_01,12,0,20,1868,65,20
,,0,2026-09-13T13:41:21.783Z,2026-09-14T13:41:21.783Z,2026-09-14T04:15:51.783Z,telemetry,boiler_01,12,0,20,1869,65,20
,,0,2026-09-13T13:41:21.783Z,2026-09-14T13:41:21.783Z,2026-09-14T04:16:21.783Z,telemetry,boiler_01,12,0,20,1870,65,20
,,0,2026-09-13T13:41:21.783Z,2026-09-14T13:41:21.783Z,2026-09-14T04:16:51.783Z,telemetry,boiler_01,12,0,20,1871,65,20
,,0,2026-09-13T13:41:21.783Z,2026-09-14T13:41:21.783Z,2026-09-14T04:17:21.783Z,telemetry,boiler_01,12,0,20,1872,65,20
,,0,2026-09-13T13:41:21.783Z,2026-09-14T13:41:21.783Z,2026-09-14T04:17:51.783Z,telemetry,boiler_01,12,0,20,1873,65,20
,,0,2026-09-13T13:41:21.783Z,2026-09-14T13:41:21.783Z,2026-09-14T04:18:21.783Z,telemetry,boiler_01,12,0,20,1874,65,20
,,0,2026-09-13T13:41:21.783Z,2026-09-14T13:41:21.783Z,2026-09-14T04:18:51.783Z,telemetry,boiler_01,12,0,20,1875,65,20
,,0,2026-09-13T13:41:21.783Z,2026-09-14T13:41:21.783Z,2026-09-14T04:19:21.783Z,telemetry,boiler_01,12,0,20,1876,65,20
,,0,2026-09-13T13:41:21.783Z,2026-09-14T13:41:21.783Z,2026-09-14T04:19:51.783Z,telemetry,boiler_01,12,0,20,1877,65,20
,,0,2026-09-13T13:41:21.783Z,2026-09-14T13:41:21.783Z,2026-09-14T04:20:21.783Z,telemetry,boiler_01,12,0,20,1878,65,20
,,0,2026-09-13T13:41:21.783Z,2026-09-14T13:41:21.783Z,2026-09-14T04:20:51.783Z,telemetry,boiler_01,12,0,20,1879,65,20
,,0,2026-09-13T13:41:21.783Z,2026-09-14T13:41:21.783Z,2026-09-14T04:21:21.784Z,telemetry,boiler_01,12,0,20,1880,65,20
,,0,2026-09-13T13:41:21.783Z,2026-09-14T13:41:21.783Z,2026-09-14T04:21:51.783Z,telemetry,boiler_01,12,0,20,1881,65,20
,,0,2026-09-13T13:41:21.783Z,2026-09-14T13:41:21.783Z,2026-09-14T04:22:21.783Z,telemetry,boiler_01,12,0,20,1882,65,20
,,0,2026-09-13T13:41:21.783Z,2026-09-14T13:41:21.783Z,2026-09-14T04:22:51.783Z,telemetry,boiler_01,12,0,20,1883,65,20
,,0,2026-09-13T13:41:21.783Z,2026-09-14T13:41:21.783Z,2026-09-14T04:23:21.783Z,telemetry,boiler_01,12,0,20,1884,65,20
,,0,2026-09-13T13:41:21.783Z,2026-09-14T13:41:21.783Z,2026-09-14T04:23:51.783Z,telemetry,boiler_01,12,0,20,1885,65,20
,,0,2026-09-13T13:41:21.783Z,2026-09-14T13:41:21.783Z,2026-09-14T04:24:21.783Z,telemetry,boiler_01,12,0,20,1886,65,20
,,0,2026-09-13T13:41:21.783Z,2026-09-14T13:41:21.783Z,2026-09-14T04:24:51.783Z,telemetry,boiler_01,12,0,20,1887,65,20
,,0,2026-09-13T13:41:21.783Z,2026-09-14T13:41:21.783Z,2026-09-14T04:25:21.783Z,telemetry,boiler_01,12,0,20,1888,65,20
,,0,2026-09-13T13:41:21.783Z,2026-09-14T13:41:21.783Z,2026-09-14T04:25:51.783Z,telemetry,boiler_01,12,0,20,1889,65,20
,,0,2026-09-13T13:41:21.783Z,2026-09-14T13:41:21.783Z,2026-09-14T04:26:21.783Z,telemetry,boiler_01,12,0,20,1890,65,20
,,0,2026-09-13T13:41:21.783Z,2026-09-14T13:41:21.783Z,2026-09-14T04:26:51.783Z,telemetry,boiler_01,12,0,20,1891,65,20
,,0,2026-09-13T13:41:21.783Z,2026-09-14T13:41:21.783Z,2026-09-14T04:27:21.783Z,telemetry,boiler_01,12,0,20,1892,65,20
,,0,2026-09-13T13:41:21.783Z,2026-09-14T13:41:21.783Z,2026-09-14T04:27:51.783Z,telemetry,boiler_01,12,0,20,1893,65,20
,,0,2026-09-13T13:41:21.783Z,2026-09-14T13:41:21.783Z,2026-09-14T04:28:21.783Z,telemetry,boiler_01,12,0,20,1894,65,20
,,0,2026-09-13T13:41:21.783Z,2026-09-14T13:41:21.783Z,2026-09-14T04:28:51.783Z,telemetry,boiler_01,12,0,20,1895,65,20
,,0,2026-09-13T13:41:21.783Z,2026-09-14T13:41:21.783Z,2026-09-14T04:29:21.783Z,telemetry,boiler_01,12,0,20,1896,65,20
,,0,2026-09-13T13:41:21.783Z,2026-09-14T13:41:21.783Z,2026-09-14T04:29:51.783Z,telemetry,boiler_01,12,0,20,1897,65,20
,,0,2026-09-13T13:41:21.783Z,2026-09-14T13:41:21.783Z,2026-09-14T04:30:21.783Z,telemetry,boiler_01,12,0,20,1898,65,20
,,0,2026-09-13T13:41:21.783Z,2026-09-14T13:41:21.783Z,2026-09-14T04:30:51.783Z,telemetry,boiler_01,12,0,20,1899,65,20
,,0,2026-09-13T13:41:21.783Z,2026-09-14T13:41:21.783Z,2026-09-14T04:31:21.784Z,telemetry,boiler_01,12,0,20,1900,65,20
,,0,2026-09-13T13:41:21.783Z,2026-09-14T13:41:21.783Z,2026-09-14T04:31:51.783Z,telemetry,boiler_01,12,0,20,1901,65,20
,,0,2026-09-13T13:41:21.783Z,2026-09-14T13:41:21.783Z,2026-09-14T04:32:21.783Z,telemetry,boiler_01,12,0,20,1902,65,20
,,0,2026-09-13T13:41:21.783Z,2026-09-14T13:41:21.783Z,2026-09-14T04:32:51.783Z,telemetry,boiler_01,12,0,20,1903,65,20
,,0,2026-09-13T13:41:21.783Z,2026-09-14T13:41:21.783Z,2026-09-14T04:33:21.783Z,telemetry,boiler_01,12,0,20,1904,65,20
,,0,2026-09-13T13:41:21.783Z,2026-09-14T13:41:21.783Z,2026-09-14T04:33:51.783Z,telemetry,boiler_01,12,0,20,1905,65,20
,,0,2026-09-13T13:41:21.783Z,2026-09-14T13:41:21.783Z,2026-09-14T04:34:21.783Z,telemetry,boiler_01,12,0,20,1906,65,20
,,0,2026-09-13T13:41:21.783Z,2026-09-14T13:41:21.783Z,2026-09-14T04:34:51.783Z,telemetry,boiler_01,12,0,20,1907,65,20
,,0,2026-09-13T13:41:21.783Z,2026-09-14T13:41:21.783Z,2026-09-14T04:35:21.783Z,telemetry,boiler_01,12,0,20,1908,65,20
,,0,2026-09-13T13:41:21.783Z,2026-09-14T13:41:21.783Z,2026-09-14T04:35:51.783Z,telemetry,boiler_01,12,0,20,1909,65,20
,,0,2026-09-13T13:41:21.783Z,2026-09-14T13:41:21.783Z,2026-09-14T04:36:21.783Z,telemetry,boiler_01,12,0,20,1910,65,20
,,0,2026-09-13T13:41:21.783Z,2026-09-14T13:41:21.783Z,2026-09-14T04:36:51.783Z,telemetry,boiler_01,12,0,20,1911,65,20
,,0,2026-09-13T13:41:21.783Z,2026-09-14T13:41:21.783Z,2026-09-14T04:37:21.783Z,telemetry,boiler_01,12,0,20,1912,65,20
,,0,2026-09-13T13:41:21.783Z,2026-09-14T13:41:21.783Z,2026-09-14T04:37:51.783Z,telemetry,boiler_01,12,0,20,1913,65,20
,,0,2026-09-13T13:41:21.783Z,2026-09-14T13:41:21.783Z,2026-09-14T04:38:21.783Z,telemetry,boiler_01,12,0,20,1914,65,20
,,0,2026-09-13T13:41:21.783Z,2026-09-14T13:41:21.783Z,2026-09-14T04:38:51.783Z,telemetry,boiler_01,12,0,20,1915,65,20
,,0,2026-09-13T13:41:21.783Z,2026-09-14T13:41:21.783Z,2026-09-14T04:39:21.783Z,telemetry,boiler_01,12,0,20,1916,65,20
,,0,2026-09-13T13:41:21.783Z,2026-09-14T13:41:21.783Z,2026-09-14T04:39:51.783Z,telemetry,boiler_01,12,0,20,1917,65,20
,,0,2026-09-13T13:41:21.783Z,2026-09-14T13:41:21.783Z,2026-09-14T04:40:21.783Z,telemetry,boiler_01,12,0,20,1918,65,20
,,0,2026-09-13T13:41:21.783Z,2026-09-14T13:41:21.783Z,2026-09-14T04:40:51.783Z,telemetry,boiler_01,12,0,20,1919,65,20
,,0,2026-09-13T13:41:21.783Z,2026-09-14T13:41:21.783Z,2026-09-14T04:41:21.783Z,telemetry,boiler_01,12,0,20,1920,65,20
,,0,2026-09-13T13:41:21.783Z,2026-09-14T13:41:21.783Z,2026-09-14T04:41:51.783Z,telemetry,boiler_01,12,0,20,1921,65,20
,,0,2026-09-13T13:41:21.783Z,2026-09-14T13:41:21.783Z,2026-09-14T04:42:21.783Z,telemetry,boiler_01,12,0,20,1922,65,20
,,0,2026-09-13T13:41:21.783Z,2026-09-14T13:41:21.783Z,2026-09-14T04:42:51.783Z,telemetry,boiler_01,12,0,20,1923,65,20
,,0,2026-09-13T13:41:21.783Z,2026-09-14T13:41:21.783Z,2026-09-14T04:43:21.783Z,telemetry,boiler_01,12,0,20,1924,65,20
,,0,2026-09-13T13:41:21.783Z,2026-09-14T13:41:21.783Z,2026-09-14T04:43:51.783Z,telemetry,boiler_01,12,0,20,1925,65,20
,,0,2026-09-13T13:41:21.783Z,2026-09-14T13:41:21.783Z,2026-09-14T04:44:21.783Z,telemetry,boiler_01,12,0,20,1926,65,20
,,0,2026-09-13T13:41:21.783Z,2026-09-14T13:41:21.783Z,2026-09-14T04:44:51.783Z,telemetry,boiler_01,12,0,20,1927,65,20
,,0,2026-09-13T13:41:21.783Z,2026-09-14T13:41:21.783Z,2026-09-14T04:45:21.783Z,telemetry,boiler_01,12,0,20,1928,65,20
,,0,2026-09-13T13:41:21.783Z,2026-09-14T13:41:21.783Z,2026-09-14T04:45:51.783Z,telemetry,boiler_01,12,0,20,1929,65,20
,,0,2026-09-13T13:41:21.783Z,2026-09-14T13:41:21.783Z,2026-09-14T04:46:21.783Z,telemetry,boiler_01,12,0,20,1930,65,20
,,0,2026-09-13T13:41:21.783Z,2026-09-14T13:41:21.783Z,2026-09-14T04:46:51.783Z,telemetry,boiler_01,12,0,20,1931,65,20
,,0,2026-09-13T13:41:21.783Z,2026-09-14T13:41:21.783Z,2026-09-14T04:47:21.783Z,telemetry,boiler_01,12,0,20,1932,65,20
,,0,2026-09-13T13:41:21.783Z,2026-09-14T13:41:21.783Z,2026-09-14T04:47:51.783Z,telemetry,boiler_01,12,0,20,1933,65,20
,,0,2026-09-13T13:41:21.783Z,2026-09-14T13:41:21.783Z,2026-09-14T04:48:21.783Z,telemetry,boiler_01,12,0,20,1934,65,20
,,0,2026-09-13T13:41:21.783Z,2026-09-14T13:41:21.783Z,2026-09-14T04:48:51.783Z,telemetry,boiler_01,12,0,20,1935,65,20
,,0,2026-09-13T13:41:21.783Z,2026-09-14T13:41:21.783Z,2026-09-14T04:49:21.783Z,telemetry,boiler_01,12,0,20,1936,65,20
,,0,2026-09-13T13:41:21.783Z,2026-09-14T13:41:21.783Z,2026-09-14T04:49:51.783Z,telemetry,boiler_01,12,0,20,1937,65,20
,,0,2026-09-13T13:41:21.783Z,2026-09-14T13:41:21.783Z,2026-09-14T04:50:21.783Z,telemetry,boiler_01,12,0,20,1938,65,20
,,0,2026-09-13T13:41:21.783Z,2026-09-14T13:41:21.783Z,2026-09-14T04:50:51.783Z,telemetry,boiler_01,12,0,20,1939,65,20
,,0,2026-09-13T13:41:21.783Z,2026-09-14T13:41:21.783Z,2026-09-14T04:51:21.783Z,telemetry,boiler_01,12,0,20,1940,65,20
,,0,2026-09-13T13:41:21.783Z,2026-09-14T13:41:21.783Z,2026-09-14T04:51:51.783Z,telemetry,boiler_01,12,0,20,1941,65,20
,,0,2026-09-13T13:41:21.783Z,2026-09-14T13:41:21.783Z,2026-09-14T04:52:21.783Z,telemetry,boiler_01,12,0,20,1942,65,20
,,0,2026-09-13T13:41:21.783Z,2026-09-14T13:41:21.783Z,2026-09-14T04:52:51.783Z,telemetry,boiler_01,12,0,20,1943,65,20
,,0,2026-09-13T13:41:21.783Z,2026-09-14T13:41:21.783Z,2026-09-14T04:53:21.783Z,telemetry,boiler_01,12,0,20,1944,65,20
,,0,2026-09-13T13:41:21.783Z,2026-09-14T13:41:21.783Z,2026-09-14T04:53:51.783Z,telemetry,boiler_01,12,0,20,1945,65,20
,,0,2026-09-13T13:41:21.783Z,2026-09-14T13:41:21.783Z,2026-09-14T04:54:21.783Z,telemetry,boiler_01,12,0,20,1946,65,20
,,0,2026-09-13T13:41:21.783Z,2026-09-14T13:41:21.783Z,2026-09-14T04:54:51.783Z,telemetry,boiler_01,12,0,20,1947,65,20
,,0,2026-09-13T13:41:21.783Z,2026-09-14T13:41:21.783Z,2026-09-14T04:55:21.783Z,telemetry,boiler_01,12,0,20,1948,65,20
,,0,2026-09-13T13:41:21.783Z,2026-09-14T13:41:21.783Z,2026-09-14T04:55:51.783Z,telemetry,boiler_01,12,0,20,1949,65,20
,,0,2026-09-13T13:41:21.783Z,2026-09-14T13:41:21.783Z,2026-09-14T04:56:21.783Z,telemetry,boiler_01,12,0,20,1950,65,20
,,0,2026-09-13T13:41:21.783Z,2026-09-14T13:41:21.783Z,2026-09-14T04:56:51.783Z,telemetry,boiler_01,12,0,20,1951,65,20
,,0,2026-09-13T13:41:21.783Z,2026-09-14T13:41:21.783Z,2026-09-14T04:57:21.783Z,telemetry,boiler_01,12,0,20,1952,65,20
,,0,2026-09-13T13:41:21.783Z,2026-09-14T13:41:21.783Z,2026-09-14T04:57:51.783Z,telemetry,boiler_01,12,0,20,1953,65,20
,,0,2026-09-13T13:41:21.783Z,2026-09-14T13:41:21.783Z,2026-09-14T04:58:21.783Z,telemetry,boiler_01,12,0,20,1954,65,20
,,0,2026-09-13T13:41:21.783Z,2026-09-14T13:41:21.783Z,2026-09-14T04:58:51.783Z,telemetry,boiler_01,12,0,20,1955,65,20
,,0,2026-09-13T13:41:21.783Z,2026-09-14T13:41:21.783Z,2026-09-14T04:59:21.783Z,telemetry,boiler_01,12,0,20,1956,65,20
,,0,2026-09-13T13:41:21.783Z,2026-09-14T13:41:21.783Z,2026-09-14T04:59:51.783Z,telemetry,boiler_01,12,0,20,1957,65,20
,,0,2026-09-13T13:41:21.783Z,2026-09-14T13:41:21.783Z,2026-09-14T05:00:21.783Z,telemetry,boiler_01,12,0,20,1958,65,20
,,0,2026-09-13T13:41:21.783Z,2026-09-14T13:41:21.783Z,2026-09-14T05:00:51.783Z,telemetry,boiler_01,12,0,20,1959,65,20
,,0,2026-09-13T13:41:21.783Z,2026-09-14T13:41:21.783Z,2026-09-14T05:01:21.783Z,telemetry,boiler_01,12,0,20,1960,65,20
,,0,2026-09-13T13:41:21.783Z,2026-09-14T13:41:21.783Z,2026-09-14T05:01:51.783Z,telemetry,boiler_01,12,0,20,1961,65,20
,,0,2026-09-13T13:41:21.783Z,2026-09-14T13:41:21.783Z,2026-09-14T05:02:21.783Z,telemetry,boiler_01,12,0,20,1962,65,20
,,0,2026-09-13T13:41:21.783Z,2026-09-14T13:41:21.783Z,2026-09-14T05:02:51.783Z,telemetry,boiler_01,12,0,20,1963,65,20
,,0,2026-09-13T13:41:21.783Z,2026-09-14T13:41:21.783Z,2026-09-14T05:03:21.783Z,telemetry,boiler_01,12,0,20,1964,65,20
,,0,2026-09-13T13:41:21.783Z,2026-09-14T13:41:21.783Z,2026-09-14T05:03:51.783Z,telemetry,boiler_01,12,0,20,1965,65,20
,,0,2026-09-13T13:41:21.783Z,2026-09-14T13:41:21.783Z,2026-09-14T05:04:21.783Z,telemetry,boiler_01,12,0,20,1966,65,20
,,0,2026-09-13T13:41:21.783Z,2026-09-14T13:41:21.783Z,2026-09-14T05:04:51.783Z,telemetry,boiler_01,12,0,20,1967,65,20
,,0,2026-09-13T13:41:21.783Z,2026-09-14T13:41:21.783Z,2026-09-14T05:05:21.783Z,telemetry,boiler_01,12,0,20,1968,65,20
,,0,2026-09-13T13:41:21.783Z,2026-09-14T13:41:21.783Z,2026-09-14T05:05:51.783Z,telemetry,boiler_01,12,0,20,1969,65,20
,,0,2026-09-13T13:41:21.783Z,2026-09-14T13:41:21.783Z,2026-09-14T05:06:21.783Z,telemetry,boiler_01,12,0,20,1970,65,20
,,0,2026-09-13T13:41:21.783Z,2026-09-14T13:41:21.783Z,2026-09-14T05:06:51.783Z,telemetry,boiler_01,12,0,20,1971,65,20
,,0,2026-09-13T13:41:21.783Z,2026-09-14T13:41:21.783Z,2026-09-14T05:07:21.784Z,telemetry,boiler_01,12,0,20,1972,65,20
,,0,2026-09-13T13:41:21.783Z,2026-09-14T13:41:21.783Z,2026-09-14T05:07:51.783Z,telemetry,boiler_01,12,0,20,1973,65,20
,,0,2026-09-13T13:41:21.783Z,2026-09-14T13:41:21.783Z,2026-09-14T05:08:21.783Z,telemetry,boiler_01,12,0,20,1974,65,20
,,0,2026-09-13T13:41:21.783Z,2026-09-14T13:41:21.783Z,2026-09-14T05:08:51.783Z,telemetry,boiler_01,12,0,20,1975,65,20
,,0,2026-09-13T13:41:21.783Z,2026-09-14T13:41:21.783Z,2026-09-14T05:09:21.783Z,telemetry,boiler_01,12,0,20,1976,65,20
,,0,2026-09-13T13:41:21.783Z,2026-09-14T13:41:21.783Z,2026-09-14T05:09:51.783Z,telemetry,boiler_01,12,0,20,1977,65,20
,,0,2026-09-13T13:41:21.783Z,2026-09-14T13:41:21.783Z,2026-09-14T05:10:21.783Z,telemetry,boiler_01,12,0,20,1978,65,20
,,0,2026-09-13T13:41:21.783Z,2026-09-14T13:41:21.783Z,2026-09-14T05:10:51.783Z,telemetry,boiler_01,12,0,20,1979,65,20
,,0,2026-09-13T13:41:21.783Z,2026-09-14T13:41:21.783Z,2026-09-14T05:11:21.783Z,telemetry,boiler_01,12,0,20,1980,65,20
,,0,2026-09-13T13:41:21.783Z,2026-09-14T13:41:21.783Z,2026-09-14T05:11:51.783Z,telemetry,boiler_01,12,0,20,1981,65,20
,,0,2026-09-13T13:41:21.783Z,2026-09-14T13:41:21.783Z,2026-09-14T05:12:21.783Z,telemetry,boiler_01,12,0,20,1982,65,20
,,0,2026-09-13T13:41:21.783Z,2026-09-14T13:41:21.783Z,2026-09-14T05:12:51.783Z,telemetry,boiler_01,12,0,20,1983,65,20
,,0,2026-09-13T13:41:21.783Z,2026-09-14T13:41:21.783Z,2026-09-14T05:13:21.783Z,telemetry,boiler_01,12,0,20,1984,65,20
,,0,2026-09-13T13:41:21.783Z,2026-09-14T13:41:21.783Z,2026-09-14T05:13:51.783Z,telemetry,boiler_01,12,0,20,1985,65,20
,,0,2026-09-13T13:41:21.783Z,2026-09-14T13:41:21.783Z,2026-09-14T05:14:21.783Z,telemetry,boiler_01,12,0,20,1986,65,20
,,0,2026-09-13T13:41:21.783Z,2026-09-14T13:41:21.783Z,2026-09-14T05:14:51.783Z,telemetry,boiler_01,12,0,20,1987,65,20
,,0,2026-09-13T13:41:21.783Z,2026-09-14T13:41:21.783Z,2026-09-14T05:15:21.783Z,telemetry,boiler_01,12,0,20,1988,65,20
,,0,2026-09-13T13:41:21.783Z,2026-09-14T13:41:21.783Z,2026-09-14T05:15:51.783Z,telemetry,boiler_01,12,0,20,1989,65,20
,,0,2026-09-13T13:41:21.783Z,2026-09-14T13:41:21.783Z,2026-09-14T05:16:21.783Z,telemetry,boiler_01,12,0,20,1990,65,20
,,0,2026-09-13T13:41:21.783Z,2026-09-14T13:41:21.783Z,2026-09-14T05:16:51.783Z,telemetry,boiler_01,12,0,20,1991,65,20
,,0,2026-09-13T13:41:21.783Z,2026-09-14T13:41:21.783Z,2026-09-14T05:17:21.783Z,telemetry,boiler_01,12,0,20,1992,65,20
,,0,2026-09-13T13:41:21.783Z,2026-09-14T13:41:21.783Z,2026-09-14T05:17:51.783Z,telemetry,boiler_01,12,0,20,1993,65,20
,,0,2026-09-13T13:41:21.783Z,2026-09-14T13:41:21.783Z,2026-09-14T05:18:21.783Z,telemetry,boiler_01,12,0,20,1994,65,20
,,0,2026-09-13T13:41:21.783Z,2026-09-14T13:41:21.783Z,2026-09-14T05:18:51.783Z,telemetry,boiler_01,12,0,20,1995,65,20
,,0,2026-09-13T13:41:21.783Z,2026-09-14T13:41:21.783Z,2026-09-14T05:19:21.783Z,telemetry,boiler_01,12,0,20,1996,65,20
,,0,2026-09-13T13:41:21.783Z,2026-09-14T13:41:21.783Z,2026-09-14T05:19:51.783Z,telemetry,boiler_01,12,0,20,1997,65,20
,,0,2026-09-13T13:41:21.783Z,2026-09-14T13:41:21.783Z,2026-09-14T05:20:21.783Z,telemetry,boiler_01,12,0,20,1998,65,20
,,0,2026-09-13T13:41:21.783Z,2026-09-14T13:41:21.783Z,2026-09-14T05:20:51.783Z,telemetry,boiler_01,12,0,20,1999,65,20
,,0,2026-09-13T13:41:21.783Z,2026-09-14T13:41:21.783Z,2026-09-14T05:21:21.784Z,telemetry,boiler_01,12,0,20,2000,65,20
,,0,2026-09-13T13:41:21.783Z,2026-09-14T13:41:21.783Z,2026-09-14T05:21:51.783Z,telemetry,boiler_01,12,0,20,2001,65,20
,,0,2026-09-13T13:41:21.783Z,2026-09-14T13:41:21.783Z,2026-09-14T05:22:21.783Z,telemetry,boiler_01,12,0,20,2002,65,20
,,0,2026-09-13T13:41:21.783Z,2026-09-14T13:41:21.783Z,2026-09-14T05:22:51.783Z,telemetry,boiler_01,12,0,20,2003,65,20
,,0,2026-09-13T13:41:21.783Z,2026-09-14T13:41:21.783Z,2026-09-14T05:23:21.783Z,telemetry,boiler_01,12,0,20,2004,65,20
,,0,2026-09-13T13:41:21.783Z,2026-09-14T13:41:21.783Z,2026-09-14T05:23:51.783Z,telemetry,boiler_01,12,0,20,2005,65,20
,,0,2026-09-13T13:41:21.783Z,2026-09-14T13:41:21.783Z,2026-09-14T05:24:21.783Z,telemetry,boiler_01,12,0,20,2006,65,20
,,0,2026-09-13T13:41:21.783Z,2026-09-14T13:41:21.783Z,2026-09-14T05:24:51.783Z,telemetry,boiler_01,12,0,20,2007,65,20
,,0,2026-09-13T13:41:21.783Z,2026-09-14T13:41:21.783Z,2026-09-14T05:25:21.783Z,telemetry,boiler_01,12,0,20,2008,65,20
,,0,2026-09-13T13:41:21.783Z,2026-09-14T13:41:21.783Z,2026-09-14T05:25:51.783Z,telemetry,boiler_01,12,0,20,2009,65,20
,,0,2026-09-13T13:41:21.783Z,2026-09-14T13:41:21.783Z,2026-09-14T05:26:21.783Z,telemetry,boiler_01,12,0,20,2010,65,20
,,0,2026-09-13T13:41:21.783Z,2026-09-14T13:41:21.783Z,2026-09-14T05:26:51.783Z,telemetry,boiler_01,12,0,20,2011,65,20
,,0,2026-09-13T13:41:21.783Z,2026-09-14T13:41:21.783Z,2026-09-14T05:27:21.783Z,telemetry,boiler_01,12,0,20,2012,65,20
,,0,2026-09-13T13:41:21.783Z,2026-09-14T13:41:21.783Z,2026-09-14T05:27:51.783Z,telemetry,boiler_01,12,0,20,2013,65,20
,,0,2026-09-13T13:41:21.783Z,2026-09-14T13:41:21.783Z,2026-09-14T05:28:21.783Z,telemetry,boiler_01,12,0,20,2014,65,20
,,0,2026-09-13T13:41:21.783Z,2026-09-14T13:41:21.783Z,2026-09-14T05:28:51.783Z,telemetry,boiler_01,12,0,20,2015,65,20
,,0,2026-09-13T13:41:21.783Z,2026-09-14T13:41:21.783Z,2026-09-14T05:29:21.783Z,telemetry,boiler_01,12,0,20,2016,65,20
,,0,2026-09-13T13:41:21.783Z,2026-09-14T13:41:21.783Z,2026-09-14T05:29:51.783Z,telemetry,boiler_01,12,0,20,2017,65,20
,,0,2026-09-13T13:41:21.783Z,2026-09-14T13:41:21.783Z,2026-09-14T05:30:21.783Z,telemetry,boiler_01,12,0,20,2018,65,20
,,0,2026-09-13T13:41:21.783Z,2026-09-14T13:41:21.783Z,2026-09-14T05:30:51.783Z,telemetry,boiler_01,12,0,20,2019,65,20
,,0,2026-09-13T13:41:21.783Z,2026-09-14T13:41:21.783Z,2026-09-14T05:31:21.783Z,telemetry,boiler_01,12,0,20,2020,65,20
,,0,2026-09-13T13:41:21.783Z,2026-09-14T13:41:21.783Z,2026-09-14T05:31:51.783Z,telemetry,boiler_01,12,0,20,2021,65,20
,,0,2026-09-13T13:41:21.783Z,2026-09-14T13:41:21.783Z,2026-09-14T05:32:21.783Z,telemetry,boiler_01,12,0,20,2022,65,20
,,0,2026-09-13T13:41:21.783Z,2026-09-14T13:41:21.783Z,2026-09-14T05:32:51.783Z,telemetry,boiler_01,12,0,20,2023,65,20
,,0,2026-09-13T13:41:21.783Z,2026-09-14T13:41:21.783Z,2026-09-14T05:33:21.783Z,telemetry,boiler_01,12,0,20,2024,65,20
,,0,2026-09-13T13:41:21.783Z,2026-09-14T13:41:21.783Z,2026-09-14T05:33:51.783Z,telemetry,boiler_01,12,0,20,2025,65,20
,,0,2026-09-13T13:41:21.783Z,2026-09-14T13:41:21.783Z,2026-09-14T05:34:21.783Z,telemetry,boiler_01,12,0,20,2026,65,20
,,0,2026-09-13T13:41:21.783Z,2026-09-14T13:41:21.783Z,2026-09-14T05:34:51.783Z,telemetry,boiler_01,12,0,20,2027,65,20
,,0,2026-09-13T13:41:21.783Z,2026-09-14T13:41:21.783Z,2026-09-14T05:35:21.783Z,telemetry,boiler_01,12,0,20,2028,65,20
,,0,2026-09-13T13:41:21.783Z,2026-09-14T13:41:21.783Z,2026-09-14T05:35:51.783Z,telemetry,boiler_01,12,0,20,2029,65,20
,,0,2026-09-13T13:41:21.783Z,2026-09-14T13:41:21.783Z,2026-09-14T05:36:21.783Z,telemetry,boiler_01,12,0,20,2030,65,20
,,0,2026-09-13T13:41:21.783Z,2026-09-14T13:41:21.783Z,2026-09-14T05:36:51.783Z,telemetry,boiler_01,12,0,20,2031,65,20
,,0,2026-09-13T13:41:21.783Z,2026-09-14T13:41:21.783Z,2026-09-14T05:37:21.783Z,telemetry,boiler_01,12,0,20,2032,65,20
,,0,2026-09-13T13:41:21.783Z,2026-09-14T13:41:21.783Z,2026-09-14T05:37:51.783Z,telemetry,boiler_01,12,0,20,2033,65,20
,,0,2026-09-13T13:41:21.783Z,2026-09-14T13:41:21.783Z,2026-09-14T05:38:21.783Z,telemetry,boiler_01,12,0,20,2034,65,20
,,0,2026-09-13T13:41:21.783Z,2026-09-14T13:41:21.783Z,2026-09-14T05:38:51.783Z,telemetry,boiler_01,12,0,20,2035,65,20
,,0,2026-09-13T13:41:21.783Z,2026-09-14T13:41:21.783Z,2026-09-14T05:39:21.783Z,telemetry,boiler_01,12,0,20,2036,65,20
,,0,2026-09-13T13:41:21.783Z,2026-09-14T13:41:21.783Z,2026-09-14T05:39:51.783Z,telemetry,boiler_01,12,0,20,2037,65,20
,,0,2026-09-13T13:41:21.783Z,2026-09-14T13:41:21.783Z,2026-09-14T05:40:21.783Z,telemetry,boiler_01,12,0,20,2038,65,20
,,0,2026-09-13T13:41:21.783Z,2026-09-14T13:41:21.783Z,2026-09-14T05:40:51.784Z,telemetry,boiler_01,12,0,20,2039,65,20
,,0,2026-09-13T13:41:21.783Z,2026-09-14T13:41:21.783Z,2026-09-14T05:41:21.784Z,telemetry,boiler_01,12,0,20,2040,65,20
,,0,2026-09-13T13:41:21.783Z,2026-09-14T13:41:21.783Z,2026-09-14T05:41:51.783Z,telemetry,boiler_01,12,0,20,2041,65,20
,,0,2026-09-13T13:41:21.783Z,2026-09-14T13:41:21.783Z,2026-09-14T05:42:21.783Z,telemetry,boiler_01,12,0,20,2042,65,20
,,0,2026-09-13T13:41:21.783Z,2026-09-14T13:41:21.783Z,2026-09-14T05:42:51.783Z,telemetry,boiler_01,12,0,20,2043,65,20
,,0,2026-09-13T13:41:21.783Z,2026-09-14T13:41:21.783Z,2026-09-14T05:43:21.783Z,telemetry,boiler_01,12,0,20,2044,65,20
,,0,2026-09-13T13:41:21.783Z,2026-09-14T13:41:21.783Z,2026-09-14T05:43:51.783Z,telemetry,boiler_01,12,0,20,2045,65,20
,,0,2026-09-13T13:41:21.783Z,2026-09-14T13:41:21.783Z,2026-09-14T05:44:21.783Z,telemetry,boiler_01,12,0,20,2046,65,20
,,0,2026-09-13T13:41:21.783Z,2026-09-14T13:41:21.783Z,2026-09-14T05:44:51.783Z,telemetry,boiler_01,12,0,20,2047,65,20
,,0,2026-09-13T13:41:21.783Z,2026-09-14T13:41:21.783Z,2026-09-14T05:45:21.783Z,telemetry,boiler_01,12,0,20,2048,65,20
,,0,2026-09-13T13:41:21.783Z,2026-09-14T13:41:21.783Z,2026-09-14T05:45:51.783Z,telemetry,boiler_01,12,0,20,2049,65,20
,,0,2026-09-13T13:41:21.783Z,2026-09-14T13:41:21.783Z,2026-09-14T05:46:21.783Z,telemetry,boiler_01,12,0,20,2050,65,20
,,0,2026-09-13T13:41:21.783Z,2026-09-14T13:41:21.783Z,2026-09-14T05:46:51.783Z,telemetry,boiler_01,12,0,20,2051,65,20
,,0,2026-09-13T13:41:21.783Z,2026-09-14T13:41:21.783Z,2026-09-14T05:47:21.783Z,telemetry,boiler_01,12,0,20,2052,65,20
,,0,2026-09-13T13:41:21.783Z,2026-09-14T13:41:21.783Z,2026-09-14T05:47:51.783Z,telemetry,boiler_01,12,0,20,2053,65,20
,,0,2026-09-13T13:41:21.783Z,2026-09-14T13:41:21.783Z,2026-09-14T05:48:21.783Z,telemetry,boiler_01,12,0,20,2054,65,20
,,0,2026-09-13T13:41:21.783Z,2026-09-14T13:41:21.783Z,2026-09-14T05:48:51.783Z,telemetry,boiler_01,12,0,20,2055,65,20
,,0,2026-09-13T13:41:21.783Z,2026-09-14T13:41:21.783Z,2026-09-14T05:49:21.783Z,telemetry,boiler_01,12,0,20,2056,65,20
,,0,2026-09-13T13:41:21.783Z,2026-09-14T13:41:21.783Z,2026-09-14T05:49:51.783Z,telemetry,boiler_01,12,0,20,2057,65,20
,,0,2026-09-13T13:41:21.783Z,2026-09-14T13:41:21.783Z,2026-09-14T05:50:21.783Z,telemetry,boiler_01,12,0,20,2058,65,20
,,0,2026-09-13T13:41:21.783Z,2026-09-14T13:41:21.783Z,2026-09-14T05:50:51.783Z,telemetry,boiler_01,12,0,20,2059,65,20
,,0,2026-09-13T13:41:21.783Z,2026-09-14T13:41:21.783Z,2026-09-14T05:51:21.783Z,telemetry,boiler_01,12,0,20,2060,65,20
,,0,2026-09-13T13:41:21.783Z,2026-09-14T13:41:21.783Z,2026-09-14T05:51:51.783Z,telemetry,boiler_01,12,0,20,2061,65,20
,,0,2026-09-13T13:41:21.783Z,2026-09-14T13:41:21.783Z,2026-09-14T05:52:21.783Z,telemetry,boiler_01,12,0,20,2062,65,20
,,0,2026-09-13T13:41:21.783Z,2026-09-14T13:41:21.783Z,2026-09-14T05:52:51.783Z,telemetry,boiler_01,12,0,20,2063,65,20
,,0,2026-09-13T13:41:21.783Z,2026-09-14T13:41:21.783Z,2026-09-14T05:53:21.783Z,telemetry,boiler_01,12,0,20,2064,65,20
,,0,2026-09-13T13:41:21.783Z,2026-09-14T13:41:21.783Z,2026-09-14T05:53:51.783Z,telemetry,boiler_01,12,0,20,2065,65,20
,,0,2026-09-13T13:41:21.783Z,2026-09-14T13:41:21.783Z,2026-09-14T05:54:21.783Z,telemetry,boiler_01,12,0,20,2066,65,20
,,0,2026-09-13T13:41:21.783Z,2026-09-14T13:41:21.783Z,2026-09-14T05:54:51.783Z,telemetry,boiler_01,12,0,20,2067,65,20
,,0,2026-09-13T13:41:21.783Z,2026-09-14T13:41:21.783Z,2026-09-14T05:55:21.783Z,telemetry,boiler_01,12,0,20,2068,65,20
,,0,2026-09-13T13:41:21.783Z,2026-09-14T13:41:21.783Z,2026-09-14T05:55:51.783Z,telemetry,boiler_01,12,0,20,2069,65,20
,,0,2026-09-13T13:41:21.783Z,2026-09-14T13:41:21.783Z,2026-09-14T05:56:21.783Z,telemetry,boiler_01,12,0,20,2070,65,20
,,0,2026-09-13T13:41:21.783Z,2026-09-14T13:41:21.783Z,2026-09-14T05:56:51.783Z,telemetry,boiler_01,12,0,20,2071,65,20
,,0,2026-09-13T13:41:21.783Z,2026-09-14T13:41:21.783Z,2026-09-14T05:57:21.783Z,telemetry,boiler_01,12,0,20,2072,65,20
,,0,2026-09-13T13:41:21.783Z,2026-09-14T13:41:21.783Z,2026-09-14T05:57:51.783Z,telemetry,boiler_01,12,0,20,2073,65,20
,,0,2026-09-13T13:41:21.783Z,2026-09-14T13:41:21.783Z,2026-09-14T05:58:21.783Z,telemetry,boiler_01,12,0,20,2074,65,20
,,0,2026-09-13T13:41:21.783Z,2026-09-14T13:41:21.783Z,2026-09-14T05:58:51.783Z,telemetry,boiler_01,12,0,20,2075,65,20
,,0,2026-09-13T13:41:21.783Z,2026-09-14T13:41:21.783Z,2026-09-14T05:59:21.784Z,telemetry,boiler_01,12,0,20,2076,65,20
,,0,2026-09-13T13:41:21.783Z,2026-09-14T13:41:21.783Z,2026-09-14T05:59:51.783Z,telemetry,boiler_01,12,0,20,2077,65,20
,,0,2026-09-13T13:41:21.783Z,2026-09-14T13:41:21.783Z,2026-09-14T06:00:21.783Z,telemetry,boiler_01,12,5,35.57,2078,65,45.57
,,0,2026-09-13T13:41:21.783Z,2026-09-14T13:41:21.783Z,2026-09-14T06:00:51.783Z,telemetry,boiler_01,12,5,49.15,2079,65,59.15
,,0,2026-09-13T13:41:21.783Z,2026-09-14T13:41:21.783Z,2026-09-14T06:01:21.783Z,telemetry,boiler_01,12,5,53.24,2080,65,63.24
,,0,2026-09-13T13:41:21.783Z,2026-09-14T13:41:21.783Z,2026-09-14T06:01:51.783Z,telemetry,boiler_01,12,5,54.47,2081,65,64.47
,,0,2026-09-13T13:41:21.783Z,2026-09-14T13:41:21.783Z,2026-09-14T06:02:21.783Z,telemetry,boiler_01,12,5,54.84,2082,65,64.84
,,0,2026-09-13T13:41:21.783Z,2026-09-14T13:41:21.783Z,2026-09-14T06:02:51.783Z,telemetry,boiler_01,12,5,54.95,2083,65,64.95
,,0,2026-09-13T13:41:21.783Z,2026-09-14T13:41:21.783Z,2026-09-14T06:03:21.783Z,telemetry,boiler_01,12,5,54.99,2084,65,64.99
,,0,2026-09-13T13:41:21.783Z,2026-09-14T13:41:21.783Z,2026-09-14T06:03:51.783Z,telemetry,boiler_01,12,5,55,2085,65,65
,,0,2026-09-13T13:41:21.783Z,2026-09-14T13:41:21.783Z,2026-09-14T06:04:21.783Z,telemetry,boiler_01,12,5,55,2086,65,65
,,0,2026-09-13T13:41:21.783Z,2026-09-14T13:41:21.783Z,2026-09-14T06:04:51.783Z,telemetry,boiler_01,12,5,55,2087,65,65
,,0,2026-09-13T13:41:21.783Z,2026-09-14T13:41:21.783Z,2026-09-14T06:05:21.783Z,telemetry,boiler_01,12,5,55,2088,65,65
,,0,2026-09-13T13:41:21.783Z,2026-09-14T13:41:21.783Z,2026-09-14T06:05:51.783Z,telemetry,boiler_01,12,5,55,2089,65,65
,,0,2026-09-13T13:41:21.783Z,2026-09-14T13:41:21.783Z,2026-09-14T06:06:21.783Z,telemetry,boiler_01,12,5,55,2090,65,65
,,0,2026-09-13T13:41:21.783Z,2026-09-14T13:41:21.783Z,2026-09-14T06:06:51.783Z,telemetry,boiler_01,12,5,55,2091,65,65
,,0,2026-09-13T13:41:21.783Z,2026-09-14T13:41:21.783Z,2026-09-14T06:07:21.783Z,telemetry,boiler_01,12,5,55,2092,65,65
,,0,2026-09-13T13:41:21.783Z,2026-09-14T13:41:21.783Z,2026-09-14T06:07:51.783Z,telemetry,boiler_01,12,5,55,2093,65,65
,,0,2026-09-13T13:41:21.783Z,2026-09-14T13:41:21.783Z,2026-09-14T06:08:21.783Z,telemetry,boiler_01,12,5,55,2094,65,65
,,0,2026-09-13T13:41:21.783Z,2026-09-14T13:41:21.783Z,2026-09-14T06:08:51.783Z,telemetry,boiler_01,12,5,55,2095,65,65
,,0,2026-09-13T13:41:21.783Z,2026-09-14T13:41:21.783Z,2026-09-14T06:09:21.783Z,telemetry,boiler_01,12,5,55,2096,65,65
,,0,2026-09-13T13:41:21.783Z,2026-09-14T13:41:21.783Z,2026-09-14T06:09:51.783Z,telemetry,boiler_01,12,5,55,2097,65,65
,,0,2026-09-13T13:41:21.783Z,2026-09-14T13:41:21.783Z,2026-09-14T06:10:21.783Z,telemetry,boiler_01,12,0,53.45,2098,65,63.45
,,0,2026-09-13T13:41:21.783Z,2026-09-14T13:41:21.783Z,2026-09-14T06:10:51.783Z,telemetry,boiler_01,12,0,51.33,2099,65,61.33
,,0,2026-09-13T13:41:21.783Z,2026-09-14T13:41:21.783Z,2026-09-14T06:11:21.783Z,telemetry,boiler_01,12,0,49.32,2100,65,59.32
,,0,2026-09-13T13:41:21.783Z,2026-09-14T13:41:21.783Z,2026-09-14T06:11:51.783Z,telemetry,boiler_01,12,0,47.4,2101,65,57.4
,,0,2026-09-13T13:41:21.783Z,2026-09-14T13:41:21.783Z,2026-09-14T06:12:21.783Z,telemetry,boiler_01,12,0,45.58,2102,65,55.58
,,0,2026-09-13T13:41:21.783Z,2026-09-14T13:41:21.783Z,2026-09-14T06:12:51.783Z,telemetry,boiler_01,12,0,43.84,2103,65,53.84
,,0,2026-09-13T13:41:21.783Z,2026-09-14T13:41:21.783Z,2026-09-14T06:13:21.783Z,telemetry,boiler_01,12,0,42.19,2104,65,52.19
,,0,2026-09-13T13:41:21.783Z,2026-09-14T13:41:21.783Z,2026-09-14T06:13:51.783Z,telemetry,boiler_01,12,0,40.62,2105,65,50.62
,,0,2026-09-13T13:41:21.783Z,2026-09-14T13:41:21.783Z,2026-09-14T06:14:21.783Z,telemetry,boiler_01,12,0,39.13,2106,65,49.13
,,0,2026-09-13T13:41:21.783Z,2026-09-14T13:41:21.783Z,2026-09-14T06:14:51.783Z,telemetry,boiler_01,12,0,37.71,2107,65,47.71
,,0,2026-09-13T13:41:21.783Z,2026-09-14T13:41:21.783Z,2026-09-14T06:15:21.783Z,telemetry,boiler_01,12,0,36.36,2108,65,46.36
,,0,2026-09-13T13:41:21.783Z,2026-09-14T13:41:21.783Z,2026-09-14T06:15:51.783Z,telemetry,boiler_01,12,0,35.07,2109,65,45.07
,,0,2026-09-13T13:41:21.783Z,2026-09-14T13:41:21.783Z,2026-09-14T06:16:21.783Z,telemetry,boiler_01,12,0,33.85,2110,65,43.85
,,0,2026-09-13T13:41:21.783Z,2026-09-14T13:41:21.783Z,2026-09-14T06:16:51.783Z,telemetry,boiler_01,12,0,32.68,2111,65,42.68
,,0,2026-09-13T13:41:21.783Z,2026-09-14T13:41:21.783Z,2026-09-14T06:17:21.783Z,telemetry,boiler_01,12,0,31.58,2112,65,41.58
,,0,2026-09-13T13:41:21.783Z,2026-09-14T13:41:21.783Z,2026-09-14T06:17:51.783Z,telemetry,boiler_01,12,0,30.53,2113,65,40.53
,,0,2026-09-13T13:41:21.783Z,2026-09-14T13:41:21.783Z,2026-09-14T06:18:21.783Z,telemetry,boiler_01,12,0,29.52,2114,65,39.52
,,0,2026-09-13T13:41:21.783Z,2026-09-14T13:41:21.783Z,2026-09-14T06:18:51.783Z,telemetry,boiler_01,12,0,28.57,2115,65,38.57
,,0,2026-09-13T13:41:21.783Z,2026-09-14T13:41:21.783Z,2026-09-14T06:19:21.783Z,telemetry,boiler_01,12,0,27.67,2116,65,37.67
,,0,2026-09-13T13:41:21.783Z,2026-09-14T13:41:21.783Z,2026-09-14T06:19:51.783Z,telemetry,boiler_01,12,0,26.8,2117,65,36.8
,,0,2026-09-13T13:41:21.783Z,2026-09-14T13:41:21.783Z,2026-09-14T06:20:21.783Z,telemetry,boiler_01,12,5,42.72,2118,65,52.72
,,0,2026-09-13T13:41:21.783Z,2026-09-14T13:41:21.783Z,2026-09-14T06:20:51.783Z,telemetry,boiler_01,12,5,51.3,2119,65,61.3
,,0,2026-09-13T13:41:21.783Z,2026-09-14T13:41:21.783Z,2026-09-14T06:21:21.783Z,telemetry,boiler_01,12,5,53.89,2120,65,63.89
,,0,2026-09-13T13:41:21.783Z,2026-09-14T13:41:21.783Z,2026-09-14T06:21:51.783Z,telemetry,boiler_01,12,5,54.66,2121,65,64.66
,,0,2026-09-13T13:41:21.783Z,2026-09-14T13:41:21.783Z,2026-09-14T06:22:21.783Z,telemetry,boiler_01,12,5,54.9,2122,65,64.9
,,0,2026-09-13T13:41:21.783Z,2026-09-14T13:41:21.783Z,2026-09-14T06:22:51.783Z,telemetry,boiler_01,12,5,54.97,2123,65,64.97
,,0,2026-09-13T13:41:21.783Z,2026-09-14T13:41:21.783Z,2026-09-14T06:23:21.783Z,telemetry,boiler_01,12,5,54.99,2124,65,64.99
,,0,2026-09-13T13:41:21.783Z,2026-09-14T13:41:21.783Z,2026-09-14T06:23:51.783Z,telemetry,boiler_01,12,5,55,2125,65,65
,,0,2026-09-13T13:41:21.783Z,2026-09-14T13:41:21.783Z,2026-09-14T06:24:21.783Z,telemetry,boiler_01,12,5,55,2126,65,65
,,0,2026-09-13T13:41:21.783Z,2026-09-14T13:41:21.783Z,2026-09-14T06:24:51.783Z,telemetry,boiler_01,12,5,55,2127,65,65
,,0,2026-09-13T13:41:21.783Z,2026-09-14T13:41:21.783Z,2026-09-14T06:25:21.783Z,telemetry,boiler_01,12,5,55,2128,65,65
,,0,2026-09-13T13:41:21.783Z,2026-09-14T13:41:21.783Z,2026-09-14T06:25:51.783Z,telemetry,boiler_01,12,5,55,2129,65,65
,,0,2026-09-13T13:41:21.783Z,2026-09-14T13:41:21.783Z,2026-09-14T06:26:21.783Z,telemetry,boiler_01,12,5,55,2130,65,65
,,0,2026-09-13T13:41:21.783Z,2026-09-14T13:41:21.783Z,2026-09-14T06:26:51.783Z,telemetry,boiler_01,12,5,55,2131,65,65
,,0,2026-09-13T13:41:21.783Z,2026-09-14T13:41:21.783Z,2026-09-14T06:27:21.783Z,telemetry,boiler_01,12,5,55,2132,65,65
,,0,2026-09-13T13:41:21.783Z,2026-09-14T13:41:21.783Z,2026-09-14T06:27:51.783Z,telemetry,boiler_01,12,5,55,2133,65,65
,,0,2026-09-13T13:41:21.783Z,2026-09-14T13:41:21.783Z,2026-09-14T06:28:21.783Z,telemetry,boiler_01,12,5,55,2134,65,65
,,0,2026-09-13T13:41:21.783Z,2026-09-14T13:41:21.783Z,2026-09-14T06:28:51.783Z,telemetry,boiler_01,12,5,55,2135,65,65
,,0,2026-09-13T13:41:21.783Z,2026-09-14T13:41:21.783Z,2026-09-14T06:29:21.783Z,telemetry,boiler_01,12,5,55,2136,65,65
,,0,2026-09-13T13:41:21.783Z,2026-09-14T13:41:21.783Z,2026-09-14T06:29:51.783Z,telemetry,boiler_01,12,5,55,2137,65,65
,,0,2026-09-13T13:41:21.783Z,2026-09-14T13:41:21.783Z,2026-09-14T06:30:21.783Z,telemetry,boiler_01,12,0,53.45,2138,65,63.45
,,0,2026-09-13T13:41:21.783Z,2026-09-14T13:41:21.783Z,2026-09-14T06:30:51.783Z,telemetry,boiler_01,12,0,51.33,2139,65,61.33
,,0,2026-09-13T13:41:21.783Z,2026-09-14T13:41:21.783Z,2026-09-14T06:31:21.783Z,telemetry,boiler_01,12,0,49.32,2140,65,59.32
,,0,2026-09-13T13:41:21.783Z,2026-09-14T13:41:21.783Z,2026-09-14T06:31:51.783Z,telemetry,boiler_01,12,0,47.4,2141,65,57.4
,,0,2026-09-13T13:41:21.783Z,2026-09-14T13:41:21.783Z,2026-09-14T06:32:21.783Z,telemetry,boiler_01,12,0,45.58,2142,65,55.58
,,0,2026-09-13T13:41:21.783Z,2026-09-14T13:41:21.783Z,2026-09-14T06:32:51.783Z,telemetry,boiler_01,12,0,43.84,2143,65,53.84
,,0,2026-09-13T13:41:21.783Z,2026-09-14T13:41:21.783Z,2026-09-14T06:33:21.783Z,telemetry,boiler_01,12,0,42.19,2144,65,52.19
,,0,2026-09-13T13:41:21.783Z,2026-09-14T13:41:21.783Z,2026-09-14T06:33:51.783Z,telemetry,boiler_01,12,0,40.62,2145,65,50.62
,,0,2026-09-13T13:41:21.783Z,2026-09-14T13:41:21.783Z,2026-09-14T06:34:21.783Z,telemetry,boiler_01,12,0,39.13,2146,65,49.13
,,0,2026-09-13T13:41:21.783Z,2026-09-14T13:41:21.783Z,2026-09-14T06:34:51.783Z,telemetry,boiler_01,12,0,37.71,2147,65,47.71
,,0,2026-09-13T13:41:21.783Z,2026-09-14T13:41:21.783Z,2026-09-14T06:35:21.783Z,telemetry,boiler_01,12,0,36.36,2148,65,46.36
,,0,2026-09-13T13:41:21.783Z,2026-09-14T13:41:21.783Z,2026-09-14T06:35:51.783Z,telemetry,boiler_01,12,0,35.07,2149,65,45.07
,,0,2026-09-13T13:41:21.783Z,2026-09-14T13:41:21.783Z,2026-09-14T06:36:21.783Z,telemetry,boiler_01,12,0,33.85,2150,65,43.85
,,0,2026-09-13T13:41:21.783Z,2026-09-14T13:41:21.783Z,2026-09-14T06:36:51.783Z,telemetry,boiler_01,12,0,32.68,2151,65,42.68
,,0,2026-09-13T13:41:21.783Z,2026-09-14T13:41:21.783Z,2026-09-14T06:37:21.783Z,telemetry,boiler_01,12,0,31.58,2152,65,41.58
,,0,2026-09-13T13:41:21.783Z,2026-09-14T13:41:21.783Z,2026-09-14T06:37:51.783Z,telemetry,boiler_01,12,0,30.53,2153,65,40.53
,,0,2026-09-13T13:41:21.783Z,2026-09-14T13:41:21.783Z,2026-09-14T06:38:21.783Z,telemetry,boiler_01,12,0,29.52,2154,65,39.52
,,0,2026-09-13T13:41:21.783Z,2026-09-14T13:41:21.783Z,2026-09-14T06:38:51.783Z,telemetry,boiler_01,12,0,28.57,2155,65,38.57
,,0,2026-09-13T13:41:21.783Z,2026-09-14T13:41:21.783Z,2026-09-14T06:39:21.783Z,telemetry,boiler_01,12,0,27.67,2156,65,37.67
,,0,2026-09-13T13:41:21.783Z,2026-09-14T13:41:21.783Z,2026-09-14T06:39:51.783Z,telemetry,boiler_01,12,0,26.8,2157,65,36.8
,,0,2026-09-13T13:41:21.783Z,2026-09-14T13:41:21.783Z,2026-09-14T06:40:21.783Z,telemetry,boiler_01,12,5,42.72,2158,65,52.72
,,0,2026-09-13T13:41:21.783Z,2026-09-14T13:41:21.783Z,2026-09-14T06:40:51.783Z,telemetry,boiler_01,12,5,51.3,2159,65,61.3
,,0,2026-09-13T13:41:21.783Z,2026-09-14T13:41:21.783Z,2026-09-14T06:41:21.783Z,telemetry,boiler_01,12,5,53.89,2160,65,63.89
,,0,2026-09-13T13:41:21.783Z,2026-09-14T13:41:21.783Z,2026-09-14T06:41:51.783Z,telemetry,boiler_01,12,5,54.66,2161,65,64.66
,,0,2026-09-13T13:41:21.783Z,2026-09-14T13:41:21.783Z,2026-09-14T06:42:21.783Z,telemetry,boiler_01,12,5,54.9,2162,65,64.9
,,0,2026-09-13T13:41:21.783Z,2026-09-14T13:41:21.783Z,2026-09-14T06:42:51.783Z,telemetry,boiler_01,12,5,54.97,2163,65,64.97
,,0,2026-09-13T13:41:21.783Z,2026-09-14T13:41:21.783Z,2026-09-14T06:43:21.783Z,telemetry,boiler_01,12,5,54.99,2164,65,64.99
,,0,2026-09-13T13:41:21.783Z,2026-09-14T13:41:21.783Z,2026-09-14T06:43:51.783Z,telemetry,boiler_01,12,5,55,2165,65,65
,,0,2026-09-13T13:41:21.783Z,2026-09-14T13:41:21.783Z,2026-09-14T06:44:21.783Z,telemetry,boiler_01,12,5,55,2166,65,65
,,0,2026-09-13T13:41:21.783Z,2026-09-14T13:41:21.783Z,2026-09-14T06:44:51.783Z,telemetry,boiler_01,12,5,55,2167,65,65
,,0,2026-09-13T13:41:21.783Z,2026-09-14T13:41:21.783Z,2026-09-14T06:45:21.783Z,telemetry,boiler_01,12,5,55,2168,65,65
,,0,2026-09-13T13:41:21.783Z,2026-09-14T13:41:21.783Z,2026-09-14T06:45:51.783Z,telemetry,boiler_01,12,5,55,2169,65,65
,,0,2026-09-13T13:41:21.783Z,2026-09-14T13:41:21.783Z,2026-09-14T06:46:21.783Z,telemetry,boiler_01,12,5,55,2170,65,65
,,0,2026-09-13T13:41:21.783Z,2026-09-14T13:41:21.783Z,2026-09-14T06:46:51.783Z,telemetry,boiler_01,12,5,55,2171,65,65
,,0,2026-09-13T13:41:21.783Z,2026-09-14T13:41:21.783Z,2026-09-14T06:47:21.783Z,telemetry,boiler_01,12,5,55,2172,65,65
,,0,2026-09-13T13:41:21.783Z,2026-09-14T13:41:21.783Z,2026-09-14T06:47:51.783Z,telemetry,boiler_01,12,5,55,2173,65,65
,,0,2026-09-13T13:41:21.783Z,2026-09-14T13:41:21.783Z,2026-09-14T06:48:21.783Z,telemetry,boiler_01,12,5,55,2174,65,65
,,0,2026-09-13T13:41:21.783Z,2026-09-14T13:41:21.783Z,2026-09-14T06:48:51.783Z,telemetry,boiler_01,12,5,55,2175,65,65
,,0,2026-09-13T13:41:21.783Z,2026-09-14T13:41:21.783Z,2026-09-14T06:49:21.783Z,telemetry,boiler_01,12,5,55,2176,65,65
,,0,2026-09-13T13:41:21.783Z,2026-09-14T13:41:21.783Z,2026-09-14T06:49:51.783Z,telemetry,boiler_01,12,5,55,2177,65,65
,,0,2026-09-13T13:41:21.783Z,2026-09-14T13:41:21.783Z,2026-09-14T06:50:21.783Z,telemetry,boiler_01,12,0,53.45,2178,65,63.45
,,0,2026-09-13T13:41:21.783Z,2026-09-14T13:41:21.783Z,2026-09-14T06:50:51.783Z,telemetry,boiler_01,12,0,51.33,2179,65,61.33
,,0,2026-09-13T13:41:21.783Z,2026-09-14T13:41:21.783Z,2026-09-14T06:51:21.783Z,telemetry,boiler_01,12,0,49.32,2180,65,59.32
,,0,2026-09-13T13:41:21.783Z,2026-09-14T13:41:21.783Z,2026-09-14T06:51:51.783Z,telemetry,boiler_01,12,0,47.4,2181,65,57.4
,,0,2026-09-13T13:41:21.783Z,2026-09-14T13:41:21.783Z,2026-09-14T06:52:21.783Z,telemetry,boiler_01,12,0,45.58,2182,65,55.58
,,0,2026-09-13T13:41:21.783Z,2026-09-14T13:41:21.783Z,2026-09-14T06:52:51.783Z,telemetry,boiler_01,12,0,43.84,2183,65,53.84
,,0,2026-09-13T13:41:21.783Z,2026-09-14T13:41:21.783Z,2026-09-14T06:53:21.783Z,telemetry,boiler_01,12,0,42.19,2184,65,52.19
,,0,2026-09-13T13:41:21.783Z,2026-09-14T13:41:21.783Z,2026-09-14T06:53:51.783Z,telemetry,boiler_01,12,0,40.62,2185,65,50.62
,,0,2026-09-13T13:41:21.783Z,2026-09-14T13:41:21.783Z,2026-09-14T06:54:21.783Z,telemetry,boiler_01,12,0,39.13,2186,65,49.13
,,0,2026-09-13T13:41:21.783Z,2026-09-14T13:41:21.783Z,2026-09-14T06:54:51.783Z,telemetry,boiler_01,12,0,37.71,2187,65,47.71
,,0,2026-09-13T13:41:21.783Z,2026-09-14T13:41:21.783Z,2026-09-14T06:55:21.783Z,telemetry,boiler_01,12,0,36.36,2188,65,46.36
,,0,2026-09-13T13:41:21.783Z,2026-09-14T13:41:21.783Z,2026-09-14T06:55:51.783Z,telemetry,boiler_01,12,0,35.07,2189,65,45.07
,,0,2026-09-13T13:41:21.783Z,2026-09-14T13:41:21.783Z,2026-09-14T06:56:21.783Z,telemetry,boiler_01,12,0,33.85,2190,65,43.85
,,0,2026-09-13T13:41:21.783Z,2026-09-14T13:41:21.783Z,2026-09-14T06:56:51.783Z,telemetry,boiler_01,12,0,32.68,2191,65,42.68
,,0,2026-09-13T13:41:21.783Z,2026-09-14T13:41:21.783Z,2026-09-14T06:57:21.783Z,telemetry,boiler_01,12,0,31.58,2192,65,41.58
,,0,2026-09-13T13:41:21.783Z,2026-09-14T13:41:21.783Z,2026-09-14T06:57:51.783Z,telemetry,boiler_01,12,0,30.53,2193,65,40.53
,,0,2026-09-13T13:41:21.783Z,2026-09-14T13:41:21.783Z,2026-09-14T06:58:21.783Z,telemetry,boiler_01,12,0,29.52,2194,65,39.52
,,0,2026-09-13T13:41:21.783Z,2026-09-14T13:41:21.783Z,2026-09-14T06:58:51.783Z,telemetry,boiler_01,12,0,28.57,2195,65,38.57
,,0,2026-09-13T13:41:21.783Z,2026-09-14T13:41:21.783Z,2026-09-14T06:59:21.783Z,telemetry,boiler_01,12,0,27.67,2196,65,37.67
,,0,2026-09-13T13:41:21.783Z,2026-09-14T13:41:21.783Z,2026-09-14T06:59:51.783Z,telemetry,boiler_01,12,0,26.8,2197,65,36.8
,,0,2026-09-13T13:41:21.783Z,2026-09-14T13:41:21.783Z,2026-09-14T07:00:21.783Z,telemetry,boiler_01,12,5,42.72,2198,65,52.72
,,0,2026-09-13T13:41:21.783Z,2026-09-14T13:41:21.783Z,2026-09-14T07:00:51.783Z,telemetry,boiler_01,12,5,51.3,2199,65,61.3
,,0,2026-09-13T13:41:21.783Z,2026-09-14T13:41:21.783Z,2026-09-14T07:01:21.783Z,telemetry,boiler_01,12,5,53.89,2200,65,63.89
,,0,2026-09-13T13:41:21.783Z,2026-09-14T13:41:21.783Z,2026-09-14T07:01:51.783Z,telemetry,boiler_01,12,5,54.66,2201,65,64.66
,,0,2026-09-13T13:41:21.783Z,2026-09-14T13:41:21.783Z,2026-09-14T07:02:21.783Z,telemetry,boiler_01,12,5,54.9,2202,65,64.9
,,0,2026-09-13T13:41:21.783Z,2026-09-14T13:41:21.783Z,2026-09-14T07:02:51.783Z,telemetry,boiler_01,12,5,54.97,2203,65,64.97
,,0,2026-09-13T13:41:21.783Z,2026-09-14T13:41:21.783Z,2026-09-14T07:03:21.783Z,telemetry,boiler_01,12,5,54.99,2204,65,64.99
,,0,2026-09-13T13:41:21.783Z,2026-09-14T13:41:21.783Z,2026-09-14T07:03:51.783Z,telemetry,boiler_01,12,5,55,2205,65,65
,,0,2026-09-13T13:41:21.783Z,2026-09-14T13:41:21.783Z,2026-09-14T07:04:21.783Z,telemetry,boiler_01,12,5,55,2206,65,65
,,0,2026-09-13T13:41:21.783Z,2026-09-14T13:41:21.783Z,2026-09-14T07:04:51.783Z,telemetry,boiler_01,12,5,55,2207,65,65
,,0,2026-09-13T13:41:21.783Z,2026-09-14T13:41:21.783Z,2026-09-14T07:05:21.783Z,telemetry,boiler_01,12,5,55,2208,65,65
,,0,2026-09-13T13:41:21.783Z,2026-09-14T13:41:21.783Z,2026-09-14T07:05:51.783Z,telemetry,boiler_01,12,5,55,2209,65,65
,,0,2026-09-13T13:41:21.783Z,2026-09-14T13:41:21.783Z,2026-09-14T07:06:21.783Z,telemetry,boiler_01,12,5,55,2210,65,65
,,0,2026-09-13T13:41:21.783Z,2026-09-14T13:41:21.783Z,2026-09-14T07:06:51.783Z,telemetry,boiler_01,12,5,55,2211,65,65
,,0,2026-09-13T13:41:21.783Z,2026-09-14T13:41:21.783Z,2026-09-14T07:07:21.783Z,telemetry,boiler_01,12,5,55,2212,65,65
,,0,2026-09-13T13:41:21.783Z,2026-09-14T13:41:21.783Z,2026-09-14T07:07:51.783Z,telemetry,boiler_01,12,5,55,2213,65,65
,,0,2026-09-13T13:41:21.783Z,2026-09-14T13:41:21.783Z,2026-09-14T07:08:21.783Z,telemetry,boiler_01,12,5,55,2214,65,65
,,0,2026-09-13T13:41:21.783Z,2026-09-14T13:41:21.783Z,2026-09-14T07:08:51.783Z,telemetry,boiler_01,12,5,55,2215,65,65
,,0,2026-09-13T13:41:21.783Z,2026-09-14T13:41:21.783Z,2026-09-14T07:09:21.783Z,telemetry,boiler_01,12,5,55,2216,65,65
,,0,2026-09-13T13:41:21.783Z,2026-09-14T13:41:21.783Z,2026-09-14T07:09:51.783Z,telemetry,boiler_01,12,5,55,2217,65,65
,,0,2026-09-13T13:41:21.783Z,2026-09-14T13:41:21.783Z,2026-09-14T07:10:21.783Z,telemetry,boiler_01,12,0,53.45,2218,65,63.45
,,0,2026-09-13T13:41:21.783Z,2026-09-14T13:41:21.783Z,2026-09-14T07:10:51.783Z,telemetry,boiler_01,12,0,51.33,2219,65,61.33
,,0,2026-09-13T13:41:21.783Z,2026-09-14T13:41:21.783Z,2026-09-14T07:11:21.784Z,telemetry,boiler_01,12,0,49.32,2220,65,59.32
,,0,2026-09-13T13:41:21.783Z,2026-09-14T13:41:21.783Z,2026-09-14T07:11:51.783Z,telemetry,boiler_01,12,0,47.4,2221,65,57.4
,,0,2026-09-13T13:41:21.783Z,2026-09-14T13:41:21.783Z,2026-09-14T07:12:21.783Z,telemetry,boiler_01,12,0,45.58,2222,65,55.58
,,0,2026-09-13T13:41:21.783Z,2026-09-14T13:41:21.783Z,2026-09-14T07:12:51.783Z,telemetry,boiler_01,12,0,43.84,2223,65,53.84
,,0,2026-09-13T13:41:21.783Z,2026-09-14T13:41:21.783Z,2026-09-14T07:13:21.783Z,telemetry,boiler_01,12,0,42.19,2224,65,52.19
,,0,2026-09-13T13:41:21.783Z,2026-09-14T13:41:21.783Z,2026-09-14T07:13:51.783Z,telemetry,boiler_01,12,0,40.62,2225,65,50.62
,,0,2026-09-13T13:41:21.783Z,2026-09-14T13:41:21.783Z,2026-09-14T07:14:21.783Z,telemetry,boiler_01,12,0,39.13,2226,65,49.13
,,0,2026-09-13T13:41:21.783Z,2026-09-14T13:41:21.783Z,2026-09-14T07:14:51.783Z,telemetry,boiler_01,12,0,37.71,2227,65,47.71
,,0,2026-09-13T13:41:21.783Z,2026-09-14T13:41:21.783Z,2026-09-14T07:15:21.783Z,telemetry,boiler_01,12,0,36.36,2228,65,46.36
,,0,2026-09-13T13:41:21.783Z,2026-09-14T13:41:21.783Z,2026-09-14T07:15:51.783Z,telemetry,boiler_01,12,0,35.07,2229,65,45.07
,,0,2026-09-13T13:41:21.783Z,2026-09-14T13:41:21.783Z,2026-09-14T07:16:21.783Z,telemetry,boiler_01,12,0,33.85,2230,65,43.85
,,0,2026-09-13T13:41:21.783Z,2026-09-14T13:41:21.783Z,2026-09-14T07:16:51.783Z,telemetry,boiler_01,12,0,32.68,2231,65,42.68
,,0,2026-09-13T13:41:21.783Z,2026-09-14T13:41:21.783Z,2026-09-14T07:17:21.783Z,telemetry,boiler_01,12,0,31.58,2232,65,41.58
,,0,2026-09-13T13:41:21.783Z,2026-09-14T13:41:21.783Z,2026-09-14T07:17:51.783Z,telemetry,boiler_01,12,0,30.53,2233,65,40.53
,,0,2026-09-13T13:41:21.783Z,2026-09-14T13:41:21.783Z,2026-09-14T07:18:21.783Z,telemetry,boiler_01,12,0,29.52,2234,65,39.52
,,0,2026-09-13T13:41:21.783Z,2026-09-14T13:41:21.783Z,2026-09-14T07:18:51.783Z,telemetry,boiler_01,12,0,28.57,2235,65,38.57
,,0,2026-09-13T13:41:21.783Z,2026-09-14T13:41:21.783Z,2026-09-14T07:19:21.783Z,telemetry,boiler_01,12,0,27.67,2236,65,37.67
,,0,2026-09-13T13:41:21.783Z,2026-09-14T13:41:21.783Z,2026-09-14T07:19:51.783Z,telemetry,boiler_01,12,0,26.8,2237,65,36.8
,,0,2026-09-13T13:41:21.783Z,2026-09-14T13:41:21.783Z,2026-09-14T07:20:21.783Z,telemetry,boiler_01,12,5,42.72,2238,65,52.72
,,0,2026-09-13T13:41:21.783Z,2026-09-14T13:41:21.783Z,2026-09-14T07:20:51.783Z,telemetry,boiler_01,12,5,51.3,2239,65,61.3
,,0,2026-09-13T13:41:21.783Z,2026-09-14T13:41:21.783Z,2026-09-14T07:21:21.783Z,telemetry,boiler_01,12,5,53.89,2240,65,63.89
,,0,2026-09-13T13:41:21.783Z,2026-09-14T13:41:21.783Z,2026-09-14T07:21:51.783Z,telemetry,boiler_01,12,5,54.66,2241,65,64.66
,,0,2026-09-13T13:41:21.783Z,2026-09-14T13:41:21.783Z,2026-09-14T07:22:21.783Z,telemetry,boiler_01,12,5,54.9,2242,65,64.9
,,0,2026-09-13T13:41:21.783Z,2026-09-14T13:41:21.783Z,2026-09-14T07:22:51.783Z,telemetry,boiler_01,12,5,54.97,2243,65,64.97
,,0,2026-09-13T13:41:21.783Z,2026-09-14T13:41:21.783Z,2026-09-14T07:23:21.783Z,telemetry,boiler_01,12,5,54.99,2244,65,64.99
,,0,2026-09-13T13:41:21.783Z,2026-09-14T13:41:21.783Z,2026-09-14T07:23:51.783Z,telemetry,boiler_01,12,5,55,2245,65,65
,,0,2026-09-13T13:41:21.783Z,2026-09-14T13:41:21.783Z,2026-09-14T07:24:21.783Z,telemetry,boiler_01,12,5,55,2246,65,65
,,0,2026-09-13T13:41:21.783Z,2026-09-14T13:41:21.783Z,2026-09-14T07:24:51.783Z,telemetry,boiler_01,12,5,55,2247,65,65
,,0,2026-09-13T13:41:21.783Z,2026-09-14T13:41:21.783Z,2026-09-14T07:25:21.783Z,telemetry,boiler_01,12,5,55,2248,65,65
,,0,2026-09-13T13:41:21.783Z,2026-09-14T13:41:21.783Z,2026-09-14T07:25:51.783Z,telemetry,boiler_01,12,5,55,2249,65,65
,,0,2026-09-13T13:41:21.783Z,2026-09-14T13:41:21.783Z,2026-09-14T07:26:21.783Z,telemetry,boiler_01,12,5,55,2250,65,65
,,0,2026-09-13T13:41:21.783Z,2026-09-14T13:41:21.783Z,2026-09-14T07:26:51.783Z,telemetry,boiler_01,12,5,55,2251,65,65
,,0,2026-09-13T13:41:21.783Z,2026-09-14T13:41:21.783Z,2026-09-14T07:27:21.783Z,telemetry,boiler_01,12,5,55,2252,65,65
,,0,2026-09-13T13:41:21.783Z,2026-09-14T13:41:21.783Z,2026-09-14T07:27:51.783Z,telemetry,boiler_01,12,5,55,2253,65,65
,,0,2026-09-13T13:41:21.783Z,2026-09-14T13:41:21.783Z,2026-09-14T07:28:21.783Z,telemetry,boiler_01,12,5,55,2254,65,65
,,0,2026-09-13T13:41:21.783Z,2026-09-14T13:41:21.783Z,2026-09-14T07:28:51.783Z,telemetry,boiler_01,12,5,55,2255,65,65
,,0,2026-09-13T13:41:21.783Z,2026-09-14T13:41:21.783Z,2026-09-14T07:29:21.783Z,telemetry,boiler_01,12,5,55,2256,65,65
,,0,2026-09-13T13:41:21.783Z,2026-09-14T13:41:21.783Z,2026-09-14T07:29:51.783Z,telemetry,boiler_01,12,5,55,2257,65,65
,,0,2026-09-13T13:41:21.783Z,2026-09-14T13:41:21.783Z,2026-09-14T07:30:21.783Z,telemetry,boiler_01,12,0,53.45,2258,65,63.45
,,0,2026-09-13T13:41:21.783Z,2026-09-14T13:41:21.783Z,2026-09-14T07:30:51.783Z,telemetry,boiler_01,12,0,51.33,2259,65,61.33
,,0,2026-09-13T13:41:21.783Z,2026-09-14T13:41:21.783Z,2026-09-14T07:31:21.784Z,telemetry,boiler_01,12,0,49.32,2260,65,59.32
,,0,2026-09-13T13:41:21.783Z,2026-09-14T13:41:21.783Z,2026-09-14T07:31:51.783Z,telemetry,boiler_01,12,0,47.4,2261,65,57.4
,,0,2026-09-13T13:41:21.783Z,2026-09-14T13:41:21.783Z,2026-09-14T07:32:21.783Z,telemetry,boiler_01,12,0,45.58,2262,65,55.58
,,0,2026-09-13T13:41:21.783Z,2026-09-14T13:41:21.783Z,2026-09-14T07:32:51.783Z,telemetry,boiler_01,12,0,43.84,2263,65,53.84
,,0,2026-09-13T13:41:21.783Z,2026-09-14T13:41:21.783Z,2026-09-14T07:33:21.783Z,telemetry,boiler_01,12,0,42.19,2264,65,52.19
,,0,2026-09-13T13:41:21.783Z,2026-09-14T13:41:21.783Z,2026-09-14T07:33:51.783Z,telemetry,boiler_01,12,0,40.62,2265,65,50.62
,,0,2026-09-13T13:41:21.783Z,2026-09-14T13:41:21.783Z,2026-09-14T07:34:21.783Z,telemetry,boiler_01,12,0,39.13,2266,65,49.13
,,0,2026-09-13T13:41:21.783Z,2026-09-14T13:41:21.783Z,2026-09-14T07:34:51.783Z,telemetry,boiler_01,12,0,37.71,2267,65,47.71
,,0,2026-09-13T13:41:21.783Z,2026-09-14T13:41:21.783Z,2026-09-14T07:35:21.783Z,telemetry,boiler_01,12,0,36.36,2268,65,46.36
,,0,2026-09-13T13:41:21.783Z,2026-09-14T13:41:21.783Z,2026-09-14T07:35:51.783Z,telemetry,boiler_01,12,0,35.07,2269,65,45.07
,,0,2026-09-13T13:41:21.783Z,2026-09-14T13:41:21.783Z,2026-09-14T07:36:21.783Z,telemetry,boiler_01,12,0,33.85,2270,65,43.85
,,0,2026-09-13T13:41:21.783Z,2026-09-14T13:41:21.783Z,2026-09-14T07:36:51.783Z,telemetry,boiler_01,12,0,32.68,2271,65,42.68
,,0,2026-09-13T13:41:21.783Z,2026-09-14T13:41:21.783Z,2026-09-14T07:37:21.783Z,telemetry,boiler_01,12,0,31.58,2272,65,41.58
,,0,2026-09-13T13:41:21.783Z,2026-09-14T13:41:21.783Z,2026-09-14T07:37:51.783Z,telemetry,boiler_01,12,0,30.53,2273,65,40.53
,,0,2026-09-13T13:41:21.783Z,2026-09-14T13:41:21.783Z,2026-09-14T07:38:21.783Z,telemetry,boiler_01,12,0,29.52,2274,65,39.52
,,0,2026-09-13T13:41:21.783Z,2026-09-14T13:41:21.783Z,2026-09-14T07:38:51.783Z,telemetry,boiler_01,12,0,28.57,2275,65,38.57
,,0,2026-09-13T13:41:21.783Z,2026-09-14T13:41:21.783Z,2026-09-14T07:39:21.783Z,telemetry,boiler_01,12,0,27.67,2276,65,37.67
,,0,2026-09-13T13:41:21.783Z,2026-09-14T13:41:21.783Z,2026-09-14T07:39:51.783Z,telemetry,boiler_01,12,0,26.8,2277,65,36.8
,,0,2026-09-13T13:41:21.783Z,2026-09-14T13:41:21.783Z,2026-09-14T07:40:21.783Z,telemetry,boiler_01,12,5,42.72,2278,65,52.72
,,0,2026-09-13T13:41:21.783Z,2026-09-14T13:41:21.783Z,2026-09-14T07:40:51.783Z,telemetry,boiler_01,12,5,51.3,2279,65,61.3
,,0,2026-09-13T13:41:21.783Z,2026-09-14T13:41:21.783Z,2026-09-14T07:41:21.783Z,telemetry,boiler_01,12,5,53.89,2280,65,63.89
,,0,2026-09-13T13:41:21.783Z,2026-09-14T13:41:21.783Z,2026-09-14T07:41:51.783Z,telemetry,boiler_01,12,5,54.66,2281,65,64.66
,,0,2026-09-13T13:41:21.783Z,2026-09-14T13:41:21.783Z,2026-09-14T07:42:21.783Z,telemetry,boiler_01,12,5,54.9,2282,65,64.9
,,0,2026-09-13T13:41:21.783Z,2026-09-14T13:41:21.783Z,2026-09-14T07:42:51.783Z,telemetry,boiler_01,12,5,54.97,2283,65,64.97
,,0,2026-09-13T13:41:21.783Z,2026-09-14T13:41:21.783Z,2026-09-14T07:43:21.783Z,telemetry,boiler_01,12,5,54.99,2284,65,64.99
,,0,2026-09-13T13:41:21.783Z,2026-09-14T13:41:21.783Z,2026-09-14T07:43:51.783Z,telemetry,boiler_01,12,5,55,2285,65,65
,,0,2026-09-13T13:41:21.783Z,2026-09-14T13:41:21.783Z,2026-09-14T07:44:21.783Z,telemetry,boiler_01,12,5,55,2286,65,65
,,0,2026-09-13T13:41:21.783Z,2026-09-14T13:41:21.783Z,2026-09-14T07:44:51.783Z,telemetry,boiler_01,12,5,55,2287,65,65
,,0,2026-09-13T13:41:21.783Z,2026-09-14T13:41:21.783Z,2026-09-14T07:45:21.783Z,telemetry,boiler_01,12,5,55,2288,65,65
,,0,2026-09-13T13:41:21.783Z,2026-09-14T13:41:21.783Z,2026-09-14T07:45:51.783Z,telemetry,boiler_01,12,5,55,2289,65,65
,,0,2026-09-13T13:41:21.783Z,2026-09-14T13:41:21.783Z,2026-09-14T07:46:21.783Z,telemetry,boiler_01,12,5,55,2290,65,65
,,0,2026-09-13T13:41:21.783Z,2026-09-14T13:41:21.783Z,2026-09-14T07:46:51.783Z,telemetry,boiler_01,12,5,55,2291,65,65
,,0,2026-09-13T13:41:21.783Z,2026-09-14T13:41:21.783Z,2026-09-14T07:47:21.783Z,telemetry,boiler_01,12,5,55,2292,65,65
,,0,2026-09-13T13:41:21.783Z,2026-09-14T13:41:21.783Z,2026-09-14T07:47:51.783Z,telemetry,boiler_01,12,5,55,2293,65,65
,,0,2026-09-13T13:41:21.783Z,2026-09-14T13:41:21.783Z,2026-09-14T07:48:21.783Z,telemetry,boiler_01,12,5,55,2294,65,65
,,0,2026-09-13T13:41:21.783Z,2026-09-14T13:41:21.783Z,2026-09-14T07:48:51.783Z,telemetry,boiler_01,12,5,55,2295,65,65
,,0,2026-09-13T13:41:21.783Z,2026-09-14T13:41:21.783Z,2026-09-14T07:49:21.783Z,telemetry,boiler_01,12,5,55,2296,65,65
,,0,2026-09-13T13:41:21.783Z,2026-09-14T13:41:21.783Z,2026-09-14T07:49:51.783Z,telemetry,boiler_01,12,5,55,2297,65,65
,,0,2026-09-13T13:41:21.783Z,2026-09-14T13:41:21.783Z,2026-09-14T07:50:21.783Z,telemetry,boiler_01,12,0,53.45,2298,65,63.45
,,0,2026-09-13T13:41:21.783Z,2026-09-14T13:41:21.783Z,2026-09-14T07:50:51.783Z,telemetry,boiler_01,12,0,51.33,2299,65,61.33
,,0,2026-09-13T13:41:21.783Z,2026-09-14T13:41:21.783Z,2026-09-14T07:51:21.784Z,telemetry,boiler_01,12,0,49.32,2300,65,59.32
,,0,2026-09-13T13:41:21.783Z,2026-09-14T13:41:21.783Z,2026-09-14T07:51:51.783Z,telemetry,boiler_01,12,0,47.4,2301,65,57.4
,,0,2026-09-13T13:41:21.783Z,2026-09-14T13:41:21.783Z,2026-09-14T07:52:21.783Z,telemetry,boiler_01,12,0,45.58,2302,65,55.58
,,0,2026-09-13T13:41:21.783Z,2026-09-14T13:41:21.783Z,2026-09-14T07:52:51.783Z,telemetry,boiler_01,12,0,43.84,2303,65,53.84
,,0,2026-09-13T13:41:21.783Z,2026-09-14T13:41:21.783Z,2026-09-14T07:53:21.783Z,telemetry,boiler_01,12,0,42.19,2304,65,52.19
,,0,2026-09-13T13:41:21.783Z,2026-09-14T13:41:21.783Z,2026-09-14T07:53:51.783Z,telemetry,boiler_01,12,0,40.62,2305,65,50.62
,,0,2026-09-13T13:41:21.783Z,2026-09-14T13:41:21.783Z,2026-09-14T07:54:21.783Z,telemetry,boiler_01,12,0,39.13,2306,65,49.13
,,0,2026-09-13T13:41:21.783Z,2026-09-14T13:41:21.783Z,2026-09-14T07:54:51.783Z,telemetry,boiler_01,12,0,37.71,2307,65,47.71
,,0,2026-09-13T13:41:21.783Z,2026-09-14T13:41:21.783Z,2026-09-14T07:55:21.783Z,telemetry,boiler_01,12,0,36.36,2308,65,46.36
,,0,2026-09-13T13:41:21.783Z,2026-09-14T13:41:21.783Z,2026-09-14T07:55:51.783Z,telemetry,boiler_01,12,0,35.07,2309,65,45.07
,,0,2026-09-13T13:41:21.783Z,2026-09-14T13:41:21.783Z,2026-09-14T07:56:21.783Z,telemetry,boiler_01,12,0,33.85,2310,65,43.85
,,0,2026-09-13T13:41:21.783Z,2026-09-14T13:41:21.783Z,2026-09-14T07:56:51.783Z,telemetry,boiler_01,12,0,32.68,2311,65,42.68
,,0,2026-09-13T13:41:21.783Z,2026-09-14T13:41:21.783Z,2026-09-14T07:57:21.783Z,telemetry,boiler_01,12,0,31.58,2312,65,41.58
,,0,2026-09-13T13:41:21.783Z,2026-09-14T13:41:21.783Z,2026-09-14T07:57:51.783Z,telemetry,boiler_01,12,0,30.53,2313,65,40.53
,,0,2026-09-13T13:41:21.783Z,2026-09-14T13:41:21.783Z,2026-09-14T07:58:21.783Z,telemetry,boiler_01,12,0,29.52,2314,65,39.52
,,0,2026-09-13T13:41:21.783Z,2026-09-14T13:41:21.783Z,2026-09-14T07:58:51.783Z,telemetry,boiler_01,12,0,28.57,2315,65,38.57
,,0,2026-09-13T13:41:21.783Z,2026-09-14T13:41:21.783Z,2026-09-14T07:59:21.783Z,telemetry,boiler_01,12,0,27.67,2316,65,37.67
,,0,2026-09-13T13:41:21.783Z,2026-09-14T13:41:21.783Z,2026-09-14T07:59:51.783Z,telemetry,boiler_01,12,0,26.8,2317,65,36.8
,,0,2026-09-13T13:41:21.783Z,2026-09-14T13:41:21.783Z,2026-09-14T08:00:21.783Z,telemetry,boiler_01,12,5,42.72,2318,65,52.72
,,0,2026-09-13T13:41:21.783Z,2026-09-14T13:41:21.783Z,2026-09-14T08:00:51.783Z,telemetry,boiler_01,12,5,51.3,2319,65,61.3
,,0,2026-09-13T13:41:21.783Z,2026-09-14T13:41:21.783Z,2026-09-14T08:01:21.783Z,telemetry,boiler_01,12,5,53.89,2320,65,63.89
,,0,2026-09-13T13:41:21.783Z,2026-09-14T13:41:21.783Z,2026-09-14T08:01:51.783Z,telemetry,boiler_01,12,5,54.66,2321,65,64.66
,,0,2026-09-13T13:41:21.783Z,2026-09-14T13:41:21.783Z,2026-09-14T08:02:21.783Z,telemetry,boiler_01,12,5,54.9,2322,65,64.9
,,0,2026-09-13T13:41:21.783Z,2026-09-14T13:41:21.783Z,2026-09-14T08:02:51.783Z,telemetry,boiler_01,12,5,54.97,2323,65,64.97
,,0,2026-09-13T13:41:21.783Z,2026-09-14T13:41:21.783Z,2026-09-14T08:03:21.783Z,telemetry,boiler_01,12,5,54.99,2324,65,64.99
,,0,2026-09-13T13:41:21.783Z,2026-09-14T13:41:21.783Z,2026-09-14T08:03:51.783Z,telemetry,boiler_01,12,5,55,2325,65,65
,,0,2026-09-13T13:41:21.783Z,2026-09-14T13:41:21.783Z,2026-09-14T08:04:21.783Z,telemetry,boiler_01,12,5,55,2326,65,65
,,0,2026-09-13T13:41:21.783Z,2026-09-14T13:41:21.783Z,2026-09-14T08:04:51.783Z,telemetry,boiler_01,12,5,55,2327,65,65
,,0,2026-09-13T13:41:21.783Z,2026-09-14T13:41:21.783Z,2026-09-14T08:05:21.783Z,telemetry,boiler_01,12,5,55,2328,65,65
,,0,2026-09-13T13:41:21.783Z,2026-09-14T13:41:21.783Z,2026-09-14T08:05:51.783Z,telemetry,boiler_01,12,5,55,2329,65,65
,,0,2026-09-13T13:41:21.783Z,2026-09-14T13:41:21.783Z,2026-09-14T08:06:21.783Z,telemetry,boiler_01,12,5,55,2330,65,65
,,0,2026-09-13T13:41:21.783Z,2026-09-14T13:41:21.783Z,2026-09-14T08:06:51.783Z,telemetry,boiler_01,12,5,55,2331,65,65
,,0,2026-09-13T13:41:21.783Z,2026-09-14T13:41:21.783Z,2026-09-14T08:07:21.783Z,telemetry,boiler_01,12,5,55,2332,65,65
,,0,2026-09-13T13:41:21.783Z,2026-09-14T13:41:21.783Z,2026-09-14T08:07:51.783Z,telemetry,boiler_01,12,5,55,2333,65,65
,,0,2026-09-13T13:41:21.783Z,2026-09-14T13:41:21.783Z,2026-09-14T08:08:21.783Z,telemetry,boiler_01,12,5,55,2334,65,65
,,0,2026-09-13T13:41:21.783Z,2026-09-14T13:41:21.783Z,2026-09-14T08:08:51.783Z,telemetry,boiler_01,12,5,55,2335,65,65
,,0,2026-09-13T13:41:21.783Z,2026-09-14T13:41:21.783Z,2026-09-14T08:09:21.783Z,telemetry,boiler_01,12,5,55,2336,65,65
,,0,2026-09-13T13:41:21.783Z,2026-09-14T13:41:21.783Z,2026-09-14T08:09:51.783Z,telemetry,boiler_01,12,5,55,2337,65,65
,,0,2026-09-13T13:41:21.783Z,2026-09-14T13:41:21.783Z,2026-09-14T08:10:21.783Z,telemetry,boiler_01,12,0,53.45,2338,65,63.45
,,0,2026-09-13T13:41:21.783Z,2026-09-14T13:41:21.783Z,2026-09-14T08:10:51.783Z,telemetry,boiler_01,12,0,51.33,2339,65,61.33
,,0,2026-09-13T13:41:21.783Z,2026-09-14T13:41:21.783Z,2026-09-14T08:11:21.783Z,telemetry,boiler_01,12,0,49.32,2340,65,59.32
,,0,2026-09-13T13:41:21.783Z,2026-09-14T13:41:21.783Z,2026-09-14T08:11:51.783Z,telemetry,boiler_01,12,0,47.4,2341,65,57.4
,,0,2026-09-13T13:41:21.783Z,2026-09-14T13:41:21.783Z,2026-09-14T08:12:21.783Z,telemetry,boiler_01,12,0,45.58,2342,65,55.58
,,0,2026-09-13T13:41:21.783Z,2026-09-14T13:41:21.783Z,2026-09-14T08:12:51.783Z,telemetry,boiler_01,12,0,43.84,2343,65,53.84
,,0,2026-09-13T13:41:21.783Z,2026-09-14T13:41:21.783Z,2026-09-14T08:13:21.783Z,telemetry,boiler_01,12,0,42.19,2344,65,52.19
,,0,2026-09-13T13:41:21.783Z,2026-09-14T13:41:21.783Z,2026-09-14T08:13:51.783Z,telemetry,boiler_01,12,0,40.62,2345,65,50.62
,,0,2026-09-13T13:41:21.783Z,2026-09-14T13:41:21.783Z,2026-09-14T08:14:21.783Z,telemetry,boiler_01,12,0,39.13,2346,65,49.13
,,0,2026-09-13T13:41:21.783Z,2026-09-14T13:41:21.783Z,2026-09-14T08:14:51.783Z,telemetry,boiler_01,12,0,37.71,2347,65,47.71
,,0,2026-09-13T13:41:21.783Z,2026-09-14T13:41:21.783Z,2026-09-14T08:15:21.783Z,telemetry,boiler_01,12,0,36.36,2348,65,46.36
,,0,2026-09-13T13:41:21.783Z,2026-09-14T13:41:21.783Z,2026-09-14T08:15:51.783Z,telemetry,boiler_01,12,0,35.07,2349,65,45.07
,,0,2026-09-13T13:41:21.783Z,2026-09-14T13:41:21.783Z,2026-09-14T08:16:21.783Z,telemetry,boiler_01,12,0,33.85,2350,65,43.85
,,0,2026-09-13T13:41:21.783Z,2026-09-14T13:41:21.783Z,2026-09-14T08:16:51.783Z,telemetry,boiler_01,12,0,32.68,2351,65,42.68
,,0,2026-09-13T13:41:21.783Z,2026-09-14T13:41:21.783Z,2026-09-14T08:17:21.783Z,telemetry,boiler_01,12,0,31.58,2352,65,41.58
,,0,2026-09-13T13:41:21.783Z,2026-09-14T13:41:21.783Z,2026-09-14T08:17:51.783Z,telemetry,boiler_01,12,0,30.53,2353,65,40.53
,,0,2026-09-13T13:41:21.783Z,2026-09-14T13:41:21.783Z,2026-09-14T08:18:21.783Z,telemetry,boiler_01,12,0,29.52,2354,65,39.52
,,0,2026-09-13T13:41:21.783Z,2026-09-14T13:41:21.783Z,2026-09-14T08:18:51.783Z,telemetry,boiler_01,12,0,28.57,2355,65,38.57
,,0,2026-09-13T13:41:21.783Z,2026-09-14T13:41:21.783Z,2026-09-14T08:19:21.783Z,telemetry,boiler_01,12,0,27.67,2356,65,37.67
,,0,2026-09-13T13:41:21.783Z,2026-09-14T13:41:21.783Z,2026-09-14T08:19:51.783Z,telemetry,boiler_01,12,0,26.8,2357,65,36.8
,,0,2026-09-13T13:41:21.783Z,2026-09-14T13:41:21.783Z,2026-09-14T08:20:21.783Z,telemetry,boiler_01,12,5,42.72,2358,65,52.72
,,0,2026-09-13T13:41:21.783Z,2026-09-14T13:41:21.783Z,2026-09-14T08:20:51.783Z,telemetry,boiler_01,12,5,51.3,2359,65,61.3
,,0,2026-09-13T13:41:21.783Z,2026-09-14T13:41:21.783Z,2026-09-14T08:21:21.783Z,telemetry,boiler_01,12,5,53.89,2360,65,63.89
,,0,2026-09-13T13:41:21.783Z,2026-09-14T13:41:21.783Z,2026-09-14T08:21:51.783Z,telemetry,boiler_01,12,5,54.66,2361,65,64.66
,,0,2026-09-13T13:41:21.783Z,2026-09-14T13:41:21.783Z,2026-09-14T08:22:21.783Z,telemetry,boiler_01,12,5,54.9,2362,65,64.9
,,0,2026-09-13T13:41:21.783Z,2026-09-14T13:41:21.783Z,2026-09-14T08:22:51.783Z,telemetry,boiler_01,12,5,54.97,2363,65,64.97
,,0,2026-09-13T13:41:21.783Z,2026-09-14T13:41:21.783Z,2026-09-14T08:23:21.783Z,telemetry,boiler_01,12,5,54.99,2364,65,64.99
,,0,2026-09-13T13:41:21.783Z,2026-09-14T13:41:21.783Z,2026-09-14T08:23:51.783Z,telemetry,boiler_01,12,5,55,2365,65,65
,,0,2026-09-13T13:41:21.783Z,2026-09-14T13:41:21.783Z,2026-09-14T08:24:21.783Z,telemetry,boiler_01,12,5,55,2366,65,65
,,0,2026-09-13T13:41:21.783Z,2026-09-14T13:41:21.783Z,2026-09-14T08:24:51.783Z,telemetry,boiler_01,12,5,55,2367,65,65
,,0,2026-09-13T13:41:21.783Z,2026-09-14T13:41:21.783Z,2026-09-14T08:25:21.783Z,telemetry,boiler_01,12,5,55,2368,65,65
,,0,2026-09-13T13:41:21.783Z,2026-09-14T13:41:21.783Z,2026-09-14T08:25:51.783Z,telemetry,boiler_01,12,5,55,2369,65,65
,,0,2026-09-13T13:41:21.783Z,2026-09-14T13:41:21.783Z,2026-09-14T08:26:21.783Z,telemetry,boiler_01,12,5,55,2370,65,65
,,0,2026-09-13T13:41:21.783Z,2026-09-14T13:41:21.783Z,2026-09-14T08:26:51.783Z,telemetry,boiler_01,12,5,55,2371,65,65
,,0,2026-09-13T13:41:21.783Z,2026-09-14T13:41:21.783Z,2026-09-14T08:27:21.783Z,telemetry,boiler_01,12,5,55,2372,65,65
,,0,2026-09-13T13:41:21.783Z,2026-09-14T13:41:21.783Z,2026-09-14T08:27:51.783Z,telemetry,boiler_01,12,5,55,2373,65,65
,,0,2026-09-13T13:41:21.783Z,2026-09-14T13:41:21.783Z,2026-09-14T08:28:21.783Z,telemetry,boiler_01,12,5,55,2374,65,65
,,0,2026-09-13T13:41:21.783Z,2026-09-14T13:41:21.783Z,2026-09-14T08:28:51.783Z,telemetry,boiler_01,12,5,55,2375,65,65
,,0,2026-09-13T13:41:21.783Z,2026-09-14T13:41:21.783Z,2026-09-14T08:29:21.783Z,telemetry,boiler_01,12,5,55,2376,65,65
,,0,2026-09-13T13:41:21.783Z,2026-09-14T13:41:21.783Z,2026-09-14T08:29:51.783Z,telemetry,boiler_01,12,5,55,2377,65,65
,,0,2026-09-13T13:41:21.783Z,2026-09-14T13:41:21.783Z,2026-09-14T08:30:21.783Z,telemetry,boiler_01,12,0,53.45,2378,65,63.45
,,0,2026-09-13T13:41:21.783Z,2026-09-14T13:41:21.783Z,2026-09-14T08:30:51.783Z,telemetry,boiler_01,12,0,51.33,2379,65,61.33
,,0,2026-09-13T13:41:21.783Z,2026-09-14T13:41:21.783Z,2026-09-14T08:31:21.783Z,telemetry,boiler_01,12,0,49.32,2380,65,59.32
,,0,2026-09-13T13:41:21.783Z,2026-09-14T13:41:21.783Z,2026-09-14T08:31:51.783Z,telemetry,boiler_01,12,0,47.4,2381,65,57.4
,,0,2026-09-13T13:41:21.783Z,2026-09-14T13:41:21.783Z,2026-09-14T08:32:21.783Z,telemetry,boiler_01,12,0,45.58,2382,65,55.58
,,0,2026-09-13T13:41:21.783Z,2026-09-14T13:41:21.783Z,2026-09-14T08:32:51.783Z,telemetry,boiler_01,12,0,43.84,2383,65,53.84
,,0,2026-09-13T13:41:21.783Z,2026-09-14T13:41:21.783Z,2026-09-14T08:33:21.783Z,telemetry,boiler_01,12,0,42.19,2384,65,52.19
,,0,2026-09-13T13:41:21.783Z,2026-09-14T13:41:21.783Z,2026-09-14T08:33:51.783Z,telemetry,boiler_01,12,0,40.62,2385,65,50.62
,,0,2026-09-13T13:41:21.783Z,2026-09-14T13:41:21.783Z,2026-09-14T08:34:21.783Z,telemetry,boiler_01,12,0,39.13,2386,65,49.13
,,0,2026-09-13T13:41:21.783Z,2026-09-14T13:41:21.783Z,2026-09-14T08:34:51.783Z,telemetry,boiler_01,12,0,37.71,2387,65,47.71
,,0,2026-09-13T13:41:21.783Z,2026-09-14T13:41:21.783Z,2026-09-14T08:35:21.783Z,telemetry,boiler_01,12,0,36.36,2388,65,46.36
,,0,2026-09-13T13:41:21.783Z,2026-09-14T13:41:21.783Z,2026-09-14T08:35:51.783Z,telemetry,boiler_01,12,0,35.07,2389,65,45.07
,,0,2026-09-13T13:41:21.783Z,2026-09-14T13:41:21.783Z,2026-09-14T08:36:21.783Z,telemetry,boiler_01,12,0,33.85,2390,65,43.85
,,0,2026-09-13T13:41:21.783Z,2026-09-14T13:41:21.783Z,2026-09-14T08:36:51.783Z,telemetry,boiler_01,12,0,32.68,2391,65,42.68
,,0,2026-09-13T13:41:21.783Z,2026-09-14T13:41:21.783Z,2026-09-14T08:37:21.783Z,telemetry,boiler_01,12,0,31.58,2392,65,41.58
,,0,2026-09-13T13:41:21.783Z,2026-09-14T13:41:21.783Z,2026-09-14T08:37:51.783Z,telemetry,boiler_01,12,0,30.53,2393,65,40.53
,,0,2026-09-13T13:41:21.783Z,2026-09-14T13:41:21.783Z,2026-09-14T08:38:21.783Z,telemetry,boiler_01,12,0,29.52,2394,65,39.52
,,0,2026-09-13T13:41:21.783Z,2026-09-14T13:41:21.783Z,2026-09-14T08:38:51.783Z,telemetry,boiler_01,12,0,28.57,2395,65,38.57
,,0,2026-09-13T13:41:21.783Z,2026-09-14T13:41:21.783Z,2026-09-14T08:39:21.783Z,telemetry,boiler_01,12,0,27.67,2396,65,37.67
,,0,2026-09-13T13:41:21.783Z,2026-09-14T13:41:21.783Z,2026-09-14T08:39:51.783Z,telemetry,boiler_01,12,0,26.8,2397,65,36.8
,,0,2026-09-13T13:41:21.783Z,2026-09-14T13:41:21.783Z,2026-09-14T08:40:21.783Z,telemetry,boiler_01,12,5,42.72,2398,65,52.72
,,0,2026-09-13T13:41:21.783Z,2026-09-14T13:41:21.783Z,2026-09-14T08:40:51.783Z,telemetry,boiler_01,12,5,51.3,2399,65,61.3
,,0,2026-09-13T13:41:21.783Z,2026-09-14T13:41:21.783Z,2026-09-14T08:41:21.783Z,telemetry,boiler_01,12,5,53.89,2400,65,63.89
,,0,2026-09-13T13:41:21.783Z,2026-09-14T13:41:21.783Z,2026-09-14T08:41:51.783Z,telemetry,boiler_01,12,5,54.66,2401,65,64.66
,,0,2026-09-13T13:41:21.783Z,2026-09-14T13:41:21.783Z,2026-09-14T08:42:21.783Z,telemetry,boiler_01,12,5,54.9,2402,65,64.9
,,0,2026-09-13T13:41:21.783Z,2026-09-14T13:41:21.783Z,2026-09-14T08:42:51.783Z,telemetry,boiler_01,12,5,54.97,2403,65,64.97
,,0,2026-09-13T13:41:21.783Z,2026-09-14T13:41:21.783Z,2026-09-14T08:43:21.783Z,telemetry,boiler_01,12,5,54.99,2404,65,64.99
,,0,2026-09-13T13:41:21.783Z,2026-09-14T13:41:21.783Z,2026-09-14T08:43:51.783Z,telemetry,boiler_01,12,5,55,2405,65,65
,,0,2026-09-13T13:41:21.783Z,2026-09-14T13:41:21.783Z,2026-09-14T08:44:21.783Z,telemetry,boiler_01,12,5,55,2406,65,65
,,0,2026-09-13T13:41:21.783Z,2026-09-14T13:41:21.783Z,2026-09-14T08:44:51.783Z,telemetry,boiler_01,12,5,55,2407,65,65
,,0,2026-09-13T13:41:21.783Z,2026-09-14T13:41:21.783Z,2026-09-14T08:45:21.783Z,telemetry,boiler_01,12,5,55,2408,65,65
,,0,2026-09-13T13:41:21.783Z,2026-09-14T13:41:21.783Z,2026-09-14T08:45:51.783Z,telemetry,boiler_01,12,5,55,2409,65,65
,,0,2026-09-13T13:41:21.783Z,2026-09-14T13:41:21.783Z,2026-09-14T08:46:21.783Z,telemetry,boiler_01,12,5,55,2410,65,65
,,0,2026-09-13T13:41:21.783Z,2026-09-14T13:41:21.783Z,2026-09-14T08:46:51.783Z,telemetry,boiler_01,12,5,55,2411,65,65
,,0,2026-09-13T13:41:21.783Z,2026-09-14T13:41:21.783Z,2026-09-14T08:47:21.783Z,telemetry,boiler_01,12,5,55,2412,65,65
,,0,2026-09-13T13:41:21.783Z,2026-09-14T13:41:21.783Z,2026-09-14T08:47:51.783Z,telemetry,boiler_01,12,5,55,2413,65,65
,,0,2026-09-13T13:41:21.783Z,2026-09-14T13:41:21.783Z,2026-09-14T08:48:21.783Z,telemetry,boiler_01,12,5,55,2414,65,65
,,0,2026-09-13T13:41:21.783Z,2026-09-14T13:41:21.783Z,2026-09-14T08:48:51.783Z,telemetry,boiler_01,12,5,55,2415,65,65
,,0,2026-09-13T13:41:21.783Z,2026-09-14T13:41:21.783Z,2026-09-14T08:49:21.783Z,telemetry,boiler_01,12,5,55,2416,65,65
,,0,2026-09-13T13:41:21.783Z,2026-09-14T13:41:21.783Z,2026-09-14T08:49:51.783Z,telemetry,boiler_01,12,5,55,2417,65,65
,,0,2026-09-13T13:41:21.783Z,2026-09-14T13:41:21.783Z,2026-09-14T08:50:21.783Z,telemetry,boiler_01,12,0,53.45,2418,65,63.45
,,0,2026-09-13T13:41:21.783Z,2026-09-14T13:41:21.783Z,2026-09-14T08:50:51.783Z,telemetry,boiler_01,12,0,51.33,2419,65,61.33
,,0,2026-09-13T13:41:21.783Z,2026-09-14T13:41:21.783Z,2026-09-14T08:51:21.783Z,telemetry,boiler_01,12,0,49.32,2420,65,59.32
,,0,2026-09-13T13:41:21.783Z,2026-09-14T13:41:21.783Z,2026-09-14T08:51:51.783Z,telemetry,boiler_01,12,0,47.4,2421,65,57.4
,,0,2026-09-13T13:41:21.783Z,2026-09-14T13:41:21.783Z,2026-09-14T08:52:21.783Z,telemetry,boiler_01,12,0,45.58,2422,65,55.58
,,0,2026-09-13T13:41:21.783Z,2026-09-14T13:41:21.783Z,2026-09-14T08:52:51.783Z,telemetry,boiler_01,12,0,43.84,2423,65,53.84
,,0,2026-09-13T13:41:21.783Z,2026-09-14T13:41:21.783Z,2026-09-14T08:53:21.783Z,telemetry,boiler_01,12,0,42.19,2424,65,52.19
,,0,2026-09-13T13:41:21.783Z,2026-09-14T13:41:21.783Z,2026-09-14T08:53:51.783Z,telemetry,boiler_01,12,0,40.62,2425,65,50.62
,,0,2026-09-13T13:41:21.783Z,2026-09-14T13:41:21.783Z,2026-09-14T08:54:21.783Z,telemetry,boiler_01,12,0,39.13,2426,65,49.13
,,0,2026-09-13T13:41:21.783Z,2026-09-14T13:41:21.783Z,2026-09-14T08:54:51.783Z,telemetry,boiler_01,12,0,37.71,2427,65,47.71
,,0,2026-09-13T13:41:21.783Z,2026-09-14T13:41:21.783Z,2026-09-14T08:55:21.783Z,telemetry,boiler_01,12,0,36.36,2428,65,46.36
,,0,2026-09-13T13:41:21.783Z,2026-09-14T13:41:21.783Z,2026-09-14T08:55:51.783Z,telemetry,boiler_01,12,0,35.07,2429,65,45.07
,,0,2026-09-13T13:41:21.783Z,2026-09-14T13:41:21.783Z,2026-09-14T08:56:21.783Z,telemetry,boiler_01,12,0,33.85,2430,65,43.85
,,0,2026-09-13T13:41:21.783Z,2026-09-14T13:41:21.783Z,2026-09-14T08:56:51.783Z,telemetry,boiler_01,12,0,32.68,2431,65,42.68
,,0,2026-09-13T13:41:21.783Z,2026-09-14T13:41:21.783Z,2026-09-14T08:57:21.783Z,telemetry,boiler_01,12,0,31.58,2432,65,41.58
,,0,2026-09-13T13:41:21.783Z,2026-09-14T13:41:21.783Z,2026-09-14T08:57:51.783Z,telemetry,boiler_01,12,0,30.53,2433,65,40.53
,,0,2026-09-13T13:41:21.783Z,2026-09-14T13:41:21.783Z,2026-09-14T08:58:21.783Z,telemetry,boiler_01,12,0,29.52,2434,65,39.52
,,0,2026-09-13T13:41:21.783Z,2026-09-14T13:41:21.783Z,2026-09-14T08:58:51.783Z,telemetry,boiler_01,12,0,28.57,2435,65,38.57
,,0,2026-09-13T13:41:21.783Z,2026-09-14T13:41:21.783Z,2026-09-14T08:59:21.783Z,telemetry,boiler_01,12,0,27.67,2436,65,37.67
,,0,2026-09-13T13:41:21.783Z,2026-09-14T13:41:21.783Z,2026-09-14T08:59:51.783Z,telemetry,boiler_01,12,0,26.8,2437,65,36.8
,,0,2026-09-13T13:41:21.783Z,2026-09-14T13:41:21.783Z,2026-09-14T09:00:21.783Z,telemetry,boiler_01,12,5,42.72,2438,65,52.72
,,0,2026-09-13T13:41:21.783Z,2026-09-14T13:41:21.783Z,2026-09-14T09:00:51.783Z,telemetry,boiler_01,12,5,51.3,2439,65,61.3
,,0,2026-09-13T13:41:21.783Z,2026-09-14T13:41:21.783Z,2026-09-14T09:01:21.784Z,telemetry,boiler_01,12,5,53.89,2440,65,63.89
,,0,2026-09-13T13:41:21.783Z,2026-09-14T13:41:21.783Z,2026-09-14T09:01:51.783Z,telemetry,boiler_01,12,5,54.66,2441,65,64.66
,,0,2026-09-13T13:41:21.783Z,2026-09-14T13:41:21.783Z,2026-09-14T09:02:21.783Z,telemetry,boiler_01,12,5,54.9,2442,65,64.9
,,0,2026-09-13T13:41:21.783Z,2026-09-14T13:41:21.783Z,2026-09-14T09:02:51.783Z,telemetry,boiler_01,12,5,54.97,2443,65,64.97
,,0,2026-09-13T13:41:21.783Z,2026-09-14T13:41:21.783Z,2026-09-14T09:03:21.783Z,telemetry,boiler_01,12,5,54.99,2444,65,64.99
,,0,2026-09-13T13:41:21.783Z,2026-09-14T13:41:21.783Z,2026-09-14T09:03:51.783Z,telemetry,boiler_01,12,5,55,2445,65,65
,,0,2026-09-13T13:41:21.783Z,2026-09-14T13:41:21.783Z,2026-09-14T09:04:21.783Z,telemetry,boiler_01,12,5,55,2446,65,65
,,0,2026-09-13T13:41:21.783Z,2026-09-14T13:41:21.783Z,2026-09-14T09:04:51.783Z,telemetry,boiler_01,12,5,55,2447,65,65
,,0,2026-09-13T13:41:21.783Z,2026-09-14T13:41:21.783Z,2026-09-14T09:05:21.783Z,telemetry,boiler_01,12,5,55,2448,65,65
,,0,2026-09-13T13:41:21.783Z,2026-09-14T13:41:21.783Z,2026-09-14T09:05:51.783Z,telemetry,boiler_01,12,5,55,2449,65,65
,,0,2026-09-13T13:41:21.783Z,2026-09-14T13:41:21.783Z,2026-09-14T09:06:21.783Z,telemetry,boiler_01,12,5,55,2450,65,65
,,0,2026-09-13T13:41:21.783Z,2026-09-14T13:41:21.783Z,2026-09-14T09:06:51.783Z,telemetry,boiler_01,12,5,55,2451,65,65
,,0,2026-09-13T13:41:21.783Z,2026-09-14T13:41:21.783Z,2026-09-14T09:07:21.783Z,telemetry,boiler_01,12,5,55,2452,65,65
,,0,2026-09-13T13:41:21.783Z,2026-09-14T13:41:21.783Z,2026-09-14T09:07:51.783Z,telemetry,boiler_01,12,5,55,2453,65,65
,,0,2026-09-13T13:41:21.783Z,2026-09-14T13:41:21.783Z,2026-09-14T09:08:21.783Z,telemetry,boiler_01,12,5,55,2454,65,65
,,0,2026-09-13T13:41:21.783Z,2026-09-14T13:41:21.783Z,2026-09-14T09:08:51.783Z,telemetry,boiler_01,12,5,55,2455,65,65
,,0,2026-09-13T13:41:21.783Z,2026-09-14T13:41:21.783Z,2026-09-14T09:09:21.783Z,telemetry,boiler_01,12,5,55,2456,65,65
,,0,2026-09-13T13:41:21.783Z,2026-09-14T13:41:21.783Z,2026-09-14T09:09:51.783Z,telemetry,boiler_01,12,5,55,2457,65,65
,,0,2026-09-13T13:41:21.783Z,2026-09-14T13:41:21.783Z,2026-09-14T09:10:21.783Z,telemetry,boiler_01,12,0,53.45,2458,65,63.45
,,0,2026-09-13T13:41:21.783Z,2026-09-14T13:41:21.783Z,2026-09-14T09:10:51.783Z,telemetry,boiler_01,12,0,51.33,2459,65,61.33
,,0,2026-09-13T13:41:21.783Z,2026-09-14T13:41:21.783Z,2026-09-14T09:11:21.784Z,telemetry,boiler_01,12,0,49.32,2460,65,59.32
,,0,2026-09-13T13:41:21.783Z,2026-09-14T13:41:21.783Z,2026-09-14T09:11:51.783Z,telemetry,boiler_01,12,0,47.4,2461,65,57.4
,,0,2026-09-13T13:41:21.783Z,2026-09-14T13:41:21.783Z,2026-09-14T09:12:21.783Z,telemetry,boiler_01,12,0,45.58,2462,65,55.58
,,0,2026-09-13T13:41:21.783Z,2026-09-14T13:41:21.783Z,2026-09-14T09:12:51.783Z,telemetry,boiler_01,12,0,43.84,2463,65,53.84
,,0,2026-09-13T13:41:21.783Z,2026-09-14T13:41:21.783Z,2026-09-14T09:13:21.783Z,telemetry,boiler_01,12,0,42.19,2464,65,52.19
,,0,2026-09-13T13:41:21.783Z,2026-09-14T13:41:21.783Z,2026-09-14T09:13:51.783Z,telemetry,boiler_01,12,0,40.62,2465,65,50.62
,,0,2026-09-13T13:41:21.783Z,2026-09-14T13:41:21.783Z,2026-09-14T09:14:21.783Z,telemetry,boiler_01,12,0,39.13,2466,65,49.13
,,0,2026-09-13T13:41:21.783Z,2026-09-14T13:41:21.783Z,2026-09-14T09:14:51.783Z,telemetry,boiler_01,12,0,37.71,2467,65,47.71
,,0,2026-09-13T13:41:21.783Z,2026-09-14T13:41:21.783Z,2026-09-14T09:15:21.783Z,telemetry,boiler_01,12,0,36.36,2468,65,46.36
,,0,2026-09-13T13:41:21.783Z,2026-09-14T13:41:21.783Z,2026-09-14T09:15:51.783Z,telemetry,boiler_01,12,0,35.07,2469,65,45.07
,,0,2026-09-13T13:41:21.783Z,2026-09-14T13:41:21.783Z,2026-09-14T09:16:21.783Z,telemetry,boiler_01,12,0,33.85,2470,65,43.85
,,0,2026-09-13T13:41:21.783Z,2026-09-14T13:41:21.783Z,2026-09-14T09:16:51.783Z,telemetry,boiler_01,12,0,32.68,2471,65,42.68
,,0,2026-09-13T13:41:21.783Z,2026-09-14T13:41:21.783Z,2026-09-14T09:17:21.783Z,telemetry,boiler_01,12,0,31.58,2472,65,41.58
,,0,2026-09-13T13:41:21.783Z,2026-09-14T13:41:21.783Z,2026-09-14T09:17:51.783Z,telemetry,boiler_01,12,0,30.53,2473,65,40.53
,,0,2026-09-13T13:41:21.783Z,2026-09-14T13:41:21.783Z,2026-09-14T09:18:21.783Z,telemetry,boiler_01,12,0,29.52,2474,65,39.52
,,0,2026-09-13T13:41:21.783Z,2026-09-14T13:41:21.783Z,2026-09-14T09:18:51.783Z,telemetry,boiler_01,12,0,28.57,2475,65,38.57
,,0,2026-09-13T13:41:21.783Z,2026-09-14T13:41:21.783Z,2026-09-14T09:19:21.783Z,telemetry,boiler_01,12,0,27.67,2476,65,37.67
,,0,2026-09-13T13:41:21.783Z,2026-09-14T13:41:21.783Z,2026-09-14T09:19:51.783Z,telemetry,boiler_01,12,0,26.8,2477,65,36.8
,,0,2026-09-13T13:41:21.783Z,2026-09-14T13:41:21.783Z,2026-09-14T09:20:21.783Z,telemetry,boiler_01,12,5,42.72,2478,65,52.72
,,0,2026-09-13T13:41:21.783Z,2026-09-14T13:41:21.783Z,2026-09-14T09:20:51.783Z,telemetry,boiler_01,12,5,51.3,2479,65,61.3
,,0,2026-09-13T13:41:21.783Z,2026-09-14T13:41:21.783Z,2026-09-14T09:21:21.784Z,telemetry,boiler_01,12,5,53.89,2480,65,63.89
,,0,2026-09-13T13:41:21.783Z,2026-09-14T13:41:21.783Z,2026-09-14T09:21:51.783Z,telemetry,boiler_01,12,5,54.66,2481,65,64.66
,,0,2026-09-13T13:41:21.783Z,2026-09-14T13:41:21.783Z,2026-09-14T09:22:21.783Z,telemetry,boiler_01,12,5,54.9,2482,65,64.9
,,0,2026-09-13T13:41:21.783Z,2026-09-14T13:41:21.783Z,2026-09-14T09:22:51.783Z,telemetry,boiler_01,12,5,54.97,2483,65,64.97
,,0,2026-09-13T13:41:21.783Z,2026-09-14T13:41:21.783Z,2026-09-14T09:23:21.783Z,telemetry,boiler_01,12,5,54.99,2484,65,64.99
,,0,2026-09-13T13:41:21.783Z,2026-09-14T13:41:21.783Z,2026-09-14T09:23:51.783Z,telemetry,boiler_01,12,5,55,2485,65,65
,,0,2026-09-13T13:41:21.783Z,2026-09-14T13:41:21.783Z,2026-09-14T09:24:21.783Z,telemetry,boiler_01,12,5,55,2486,65,65
,,0,2026-09-13T13:41:21.783Z,2026-09-14T13:41:21.783Z,2026-09-14T09:24:51.783Z,telemetry,boiler_01,12,5,55,2487,65,65
,,0,2026-09-13T13:41:21.783Z,2026-09-14T13:41:21.783Z,2026-09-14T09:25:21.783Z,telemetry,boiler_01,12,5,55,2488,65,65
,,0,2026-09-13T13:41:21.783Z,2026-09-14T13:41:21.783Z,2026-09-14T09:25:51.783Z,telemetry,boiler_01,12,5,55,2489,65,65
,,0,2026-09-13T13:41:21.783Z,2026-09-14T13:41:21.783Z,2026-09-14T09:26:21.783Z,telemetry,boiler_01,12,5,55,2490,65,65
,,0,2026-09-13T13:41:21.783Z,2026-09-14T13:41:21.783Z,2026-09-14T09:26:51.783Z,telemetry,boiler_01,12,5,55,2491,65,65
,,0,2026-09-13T13:41:21.783Z,2026-09-14T13:41:21.783Z,2026-09-14T09:27:21.783Z,telemetry,boiler_01,12,5,55,2492,65,65
,,0,2026-09-13T13:41:21.783Z,2026-09-14T13:41:21.783Z,2026-09-14T09:27:51.783Z,telemetry,boiler_01,12,5,55,2493,65,65
,,0,2026-09-13T13:41:21.783Z,2026-09-14T13:41:21.783Z,2026-09-14T09:28:21.783Z,telemetry,boiler_01,12,5,55,2494,65,65
,,0,2026-09-13T13:41:21.783Z,2026-09-14T13:41:21.783Z,2026-09-14T09:28:51.783Z,telemetry,boiler_01,12,5,55,2495,65,65
,,0,2026-09-13T13:41:21.783Z,2026-09-14T13:41:21.783Z,2026-09-14T09:29:21.783Z,telemetry,boiler_01,12,5,55,2496,65,65
,,0,2026-09-13T13:41:21.783Z,2026-09-14T13:41:21.783Z,2026-09-14T09:29:51.783Z,telemetry,boiler_01,12,5,55,2497,65,65
,,0,2026-09-13T13:41:21.783Z,2026-09-14T13:41:21.783Z,2026-09-14T09:30:21.783Z,telemetry,boiler_01,12,0,53.45,2498,65,63.45
,,0,2026-09-13T13:41:21.783Z,2026-09-14T13:41:21.783Z,2026-09-14T09:30:51.783Z,telemetry,boiler_01,12,0,51.33,2499,65,61.33
,,0,2026-09-13T13:41:21.783Z,2026-09-14T13:41:21.783Z,2026-09-14T09:31:21.783Z,telemetry,boiler_01,12,0,49.32,2500,65,59.32
,,0,2026-09-13T13:41:21.783Z,2026-09-14T13:41:21.783Z,2026-09-14T09:31:51.783Z,telemetry,boiler_01,12,0,47.4,2501,65,57.4
,,0,2026-09-13T13:41:21.783Z,2026-09-14T13:41:21.783Z,2026-09-14T09:32:21.783Z,telemetry,boiler_01,12,0,45.58,2502,65,55.58
,,0,2026-09-13T13:41:21.783Z,2026-09-14T13:41:21.783Z,2026-09-14T09:32:51.783Z,telemetry,boiler_01,12,0,43.84,2503,65,53.84
,,0,2026-09-13T13:41:21.783Z,2026-09-14T13:41:21.783Z,2026-09-14T09:33:21.783Z,telemetry,boiler_01,12,0,42.19,2504,65,52.19
,,0,2026-09-13T13:41:21.783Z,2026-09-14T13:41:21.783Z,2026-09-14T09:33:51.783Z,telemetry,boiler_01,12,0,40.62,2505,65,50.62
,,0,2026-09-13T13:41:21.783Z,2026-09-14T13:41:21.783Z,2026-09-14T09:34:21.783Z,telemetry,boiler_01,12,0,39.13,2506,65,49.13
,,0,2026-09-13T13:41:21.783Z,2026-09-14T13:41:21.783Z,2026-09-14T09:34:51.783Z,telemetry,boiler_01,12,0,37.71,2507,65,47.71
,,0,2026-09-13T13:41:21.783Z,2026-09-14T13:41:21.783Z,2026-09-14T09:35:21.783Z,telemetry,boiler_01,12,0,36.36,2508,65,46.36
,,0,2026-09-13T13:41:21.783Z,2026-09-14T13:41:21.783Z,2026-09-14T09:35:51.783Z,telemetry,boiler_01,12,0,35.07,2509,65,45.07
,,0,2026-09-13T13:41:21.783Z,2026-09-14T13:41:21.783Z,2026-09-14T09:36:21.783Z,telemetry,boiler_01,12,0,33.85,2510,65,43.85
,,0,2026-09-13T13:41:21.783Z,2026-09-14T13:41:21.783Z,2026-09-14T09:36:51.783Z,telemetry,boiler_01,12,0,32.68,2511,65,42.68
,,0,2026-09-13T13:41:21.783Z,2026-09-14T13:41:21.783Z,2026-09-14T09:37:21.783Z,telemetry,boiler_01,12,0,31.58,2512,65,41.58
,,0,2026-09-13T13:41:21.783Z,2026-09-14T13:41:21.783Z,2026-09-14T09:37:51.783Z,telemetry,boiler_01,12,0,30.53,2513,65,40.53
,,0,2026-09-13T13:41:21.783Z,2026-09-14T13:41:21.783Z,2026-09-14T09:38:21.783Z,telemetry,boiler_01,12,0,29.52,2514,65,39.52
,,0,2026-09-13T13:41:21.783Z,2026-09-14T13:41:21.783Z,2026-09-14T09:38:51.783Z,telemetry,boiler_01,12,0,28.57,2515,65,38.57
,,0,2026-09-13T13:41:21.783Z,2026-09-14T13:41:21.783Z,2026-09-14T09:39:21.783Z,telemetry,boiler_01,12,0,27.67,2516,65,37.67
,,0,2026-09-13T13:41:21.783Z,2026-09-14T13:41:21.783Z,2026-09-14T09:39:51.783Z,telemetry,boiler_01,12,0,26.8,2517,65,36.8
,,0,2026-09-13T13:41:21.783Z,2026-09-14T13:41:21.783Z,2026-09-14T09:40:21.783Z,telemetry,boiler_01,12,5,42.72,2518,65,52.72
,,0,2026-09-13T13:41:21.783Z,2026-09-14T13:41:21.783Z,2026-09-14T09:40:51.783Z,telemetry,boiler_01,12,5,51.3,2519,65,61.3
,,0,2026-09-13T13:41:21.783Z,2026-09-14T13:41:21.783Z,2026-09-14T09:41:21.783Z,telemetry,boiler_01,12,5,53.89,2520,65,63.89
,,0,2026-09-13T13:41:21.783Z,2026-09-14T13:41:21.783Z,2026-09-14T09:41:51.783Z,telemetry,boiler_01,12,5,54.66,2521,65,64.66
,,0,2026-09-13T13:41:21.783Z,2026-09-14T13:41:21.783Z,2026-09-14T09:42:21.783Z,telemetry,boiler_01,12,5,54.9,2522,65,64.9
,,0,2026-09-13T13:41:21.783Z,2026-09-14T13:41:21.783Z,2026-09-14T09:42:51.783Z,telemetry,boiler_01,12,5,54.97,2523,65,64.97
,,0,2026-09-13T13:41:21.783Z,2026-09-14T13:41:21.783Z,2026-09-14T09:43:21.783Z,telemetry,boiler_01,12,5,54.99,2524,65,64.99
,,0,2026-09-13T13:41:21.783Z,2026-09-14T13:41:21.783Z,2026-09-14T09:43:51.783Z,telemetry,boiler_01,12,5,55,2525,65,65
,,0,2026-09-13T13:41:21.783Z,2026-09-14T13:41:21.783Z,2026-09-14T09:44:21.783Z,telemetry,boiler_01,12,5,55,2526,65,65
,,0,2026-09-13T13:41:21.783Z,2026-09-14T13:41:21.783Z,2026-09-14T09:44:51.783Z,telemetry,boiler_01,12,5,55,2527,65,65
,,0,2026-09-13T13:41:21.783Z,2026-09-14T13:41:21.783Z,2026-09-14T09:45:21.783Z,telemetry,boiler_01,12,5,55,2528,65,65
,,0,2026-09-13T13:41:21.783Z,2026-09-14T13:41:21.783Z,2026-09-14T09:45:51.783Z,telemetry,boiler_01,12,5,55,2529,65,65
,,0,2026-09-13T13:41:21.783Z,2026-09-14T13:41:21.783Z,2026-09-14T09:46:21.783Z,telemetry,boiler_01,12,5,55,2530,65,65
,,0,2026-09-13T13:41:21.783Z,2026-09-14T13:41:21.783Z,2026-09-14T09:46:51.783Z,telemetry,boiler_01,12,5,55,2531,65,65
,,0,2026-09-13T13:41:21.783Z,2026-09-14T13:41:21.783Z,2026-09-14T09:47:21.783Z,telemetry,boiler_01,12,5,55,2532,65,65
,,0,2026-09-13T13:41:21.783Z,2026-09-14T13:41:21.783Z,2026-09-14T09:47:51.783Z,telemetry,boiler_01,12,5,55,2533,65,65
,,0,2026-09-13T13:41:21.783Z,2026-09-14T13:41:21.783Z,2026-09-14T09:48:21.783Z,telemetry,boiler_01,12,5,55,2534,65,65
,,0,2026-09-13T13:41:21.783Z,2026-09-14T13:41:21.783Z,2026-09-14T09:48:51.783Z,telemetry,boiler_01,12,5,55,2535,65,65
,,0,2026-09-13T13:41:21.783Z,2026-09-14T13:41:21.783Z,2026-09-14T09:49:21.783Z,telemetry,boiler_01,12,5,55,2536,65,65
,,0,2026-09-13T13:41:21.783Z,2026-09-14T13:41:21.783Z,2026-09-14T09:49:51.783Z,telemetry,boiler_01,12,5,55,2537,65,65
,,0,2026-09-13T13:41:21.783Z,2026-09-14T13:41:21.783Z,2026-09-14T09:50:21.783Z,telemetry,boiler_01,12,0,53.45,2538,65,63.45
,,0,2026-09-13T13:41:21.783Z,2026-09-14T13:41:21.783Z,2026-09-14T09:50:51.783Z,telemetry,boiler_01,12,0,51.33,2539,65,61.33
,,0,2026-09-13T13:41:21.783Z,2026-09-14T13:41:21.783Z,2026-09-14T09:51:21.784Z,telemetry,boiler_01,12,0,49.32,2540,65,59.32
,,0,2026-09-13T13:41:21.783Z,2026-09-14T13:41:21.783Z,2026-09-14T09:51:51.783Z,telemetry,boiler_01,12,0,47.4,2541,65,57.4
,,0,2026-09-13T13:41:21.783Z,2026-09-14T13:41:21.783Z,2026-09-14T09:52:21.783Z,telemetry,boiler_01,12,0,45.58,2542,65,55.58
,,0,2026-09-13T13:41:21.783Z,2026-09-14T13:41:21.783Z,2026-09-14T09:52:51.783Z,telemetry,boiler_01,12,0,43.84,2543,65,53.84
,,0,2026-09-13T13:41:21.783Z,2026-09-14T13:41:21.783Z,2026-09-14T09:53:21.783Z,telemetry,boiler_01,12,0,42.19,2544,65,52.19
,,0,2026-09-13T13:41:21.783Z,2026-09-14T13:41:21.783Z,2026-09-14T09:53:51.783Z,telemetry,boiler_01,12,0,40.62,2545,65,50.62
,,0,2026-09-13T13:41:21.783Z,2026-09-14T13:41:21.783Z,2026-09-14T09:54:21.783Z,telemetry,boiler_01,12,0,39.13,2546,65,49.13
,,0,2026-09-13T13:41:21.783Z,2026-09-14T13:41:21.783Z,2026-09-14T09:54:51.783Z,telemetry,boiler_01,12,0,37.71,2547,65,47.71
,,0,2026-09-13T13:41:21.783Z,2026-09-14T13:41:21.783Z,2026-09-14T09:55:21.783Z,telemetry,boiler_01,12,0,36.36,2548,65,46.36
,,0,2026-09-13T13:41:21.783Z,2026-09-14T13:41:21.783Z,2026-09-14T09:55:51.783Z,telemetry,boiler_01,12,0,35.07,2549,65,45.07
,,0,2026-09-13T13:41:21.783Z,2026-09-14T13:41:21.783Z,2026-09-14T09:56:21.783Z,telemetry,boiler_01,12,0,33.85,2550,65,43.85
,,0,2026-09-13T13:41:21.783Z,2026-09-14T13:41:21.783Z,2026-09-14T09:56:51.783Z,telemetry,boiler_01,12,0,32.68,2551,65,42.68
,,0,2026-09-13T13:41:21.783Z,2026-09-14T13:41:21.783Z,2026-09-14T09:57:21.783Z,telemetry,boiler_01,12,0,31.58,2552,65,41.58
,,0,2026-09-13T13:41:21.783Z,2026-09-14T13:41:21.783Z,2026-09-14T09:57:51.783Z,telemetry,boiler_01,12,0,30.53,2553,65,40.53
,,0,2026-09-13T13:41:21.783Z,2026-09-14T13:41:21.783Z,2026-09-14T09:58:21.783Z,telemetry,boiler_01,12,0,29.52,2554,65,39.52
,,0,2026-09-13T13:41:21.783Z,2026-09-14T13:41:21.783Z,2026-09-14T09:58:51.783Z,telemetry,boiler_01,12,0,28.57,2555,65,38.57
,,0,2026-09-13T13:41:21.783Z,2026-09-14T13:41:21.783Z,2026-09-14T09:59:21.783Z,telemetry,boiler_01,12,0,27.67,2556,65,37.67
,,0,2026-09-13T13:41:21.783Z,2026-09-14T13:41:21.783Z,2026-09-14T09:59:51.783Z,telemetry,boiler_01,12,0,26.8,2557,65,36.8
,,0,2026-09-13T13:41:21.783Z,2026-09-14T13:41:21.783Z,2026-09-14T10:00:21.783Z,telemetry,boiler_01,12,5,42.72,2558,65,52.72
,,0,2026-09-13T13:41:21.783Z,2026-09-14T13:41:21.783Z,2026-09-14T10:00:51.783Z,telemetry,boiler_01,12,5,51.3,2559,65,61.3
,,0,2026-09-13T13:41:21.783Z,2026-09-14T13:41:21.783Z,2026-09-14T10:01:21.783Z,telemetry,boiler_01,12,5,53.89,2560,65,63.89
,,0,2026-09-13T13:41:21.783Z,2026-09-14T13:41:21.783Z,2026-09-14T10:01:51.783Z,telemetry,boiler_01,12,5,54.66,2561,65,64.66
,,0,2026-09-13T13:41:21.783Z,2026-09-14T13:41:21.783Z,2026-09-14T10:02:21.783Z,telemetry,boiler_01,12,5,54.9,2562,65,64.9
,,0,2026-09-13T13:41:21.783Z,2026-09-14T13:41:21.783Z,2026-09-14T10:02:51.783Z,telemetry,boiler_01,12,5,54.97,2563,65,64.97
,,0,2026-09-13T13:41:21.783Z,2026-09-14T13:41:21.783Z,2026-09-14T10:03:21.783Z,telemetry,boiler_01,12,5,54.99,2564,65,64.99
,,0,2026-09-13T13:41:21.783Z,2026-09-14T13:41:21.783Z,2026-09-14T10:03:51.783Z,telemetry,boiler_01,12,5,55,2565,65,65
,,0,2026-09-13T13:41:21.783Z,2026-09-14T13:41:21.783Z,2026-09-14T10:04:21.783Z,telemetry,boiler_01,12,5,55,2566,65,65
,,0,2026-09-13T13:41:21.783Z,2026-09-14T13:41:21.783Z,2026-09-14T10:04:51.783Z,telemetry,boiler_01,12,5,55,2567,65,65
,,0,2026-09-13T13:41:21.783Z,2026-09-14T13:41:21.783Z,2026-09-14T10:05:21.783Z,telemetry,boiler_01,12,5,55,2568,65,65
,,0,2026-09-13T13:41:21.783Z,2026-09-14T13:41:21.783Z,2026-09-14T10:05:51.783Z,telemetry,boiler_01,12,5,55,2569,65,65
,,0,2026-09-13T13:41:21.783Z,2026-09-14T13:41:21.783Z,2026-09-14T10:06:21.783Z,telemetry,boiler_01,12,5,55,2570,65,65
,,0,2026-09-13T13:41:21.783Z,2026-09-14T13:41:21.783Z,2026-09-14T10:06:51.783Z,telemetry,boiler_01,12,5,55,2571,65,65
,,0,2026-09-13T13:41:21.783Z,2026-09-14T13:41:21.783Z,2026-09-14T10:07:21.783Z,telemetry,boiler_01,12,5,55,2572,65,65
,,0,2026-09-13T13:41:21.783Z,2026-09-14T13:41:21.783Z,2026-09-14T10:07:51.783Z,telemetry,boiler_01,12,5,55,2573,65,65
,,0,2026-09-13T13:41:21.783Z,2026-09-14T13:41:21.783Z,2026-09-14T10:08:21.783Z,telemetry,boiler_01,12,5,55,2574,65,65
,,0,2026-09-13T13:41:21.783Z,2026-09-14T13:41:21.783Z,2026-09-14T10:08:51.783Z,telemetry,boiler_01,12,5,55,2575,65,65
,,0,2026-09-13T13:41:21.783Z,2026-09-14T13:41:21.783Z,2026-09-14T10:09:21.783Z,telemetry,boiler_01,12,5,55,2576,65,65
,,0,2026-09-13T13:41:21.783Z,2026-09-14T13:41:21.783Z,2026-09-14T10:09:51.783Z,telemetry,boiler_01,12,5,55,2577,65,65
,,0,2026-09-13T13:41:21.783Z,2026-09-14T13:41:21.783Z,2026-09-14T10:10:21.783Z,telemetry,boiler_01,12,0,53.45,2578,65,63.45
,,0,2026-09-13T13:41:21.783Z,2026-09-14T13:41:21.783Z,2026-09-14T10:10:51.783Z,telemetry,boiler_01,12,0,51.33,2579,65,61.33
,,0,2026-09-13T13:41:21.783Z,2026-09-14T13:41:21.783Z,2026-09-14T10:11:21.783Z,telemetry,boiler_01,12,0,49.32,2580,65,59.32
,,0,2026-09-13T13:41:21.783Z,2026-09-14T13:41:21.783Z,2026-09-14T10:11:51.783Z,telemetry,boiler_01,12,0,47.4,2581,65,57.4
,,0,2026-09-13T13:41:21.783Z,2026-09-14T13:41:21.783Z,2026-09-14T10:12:21.783Z,telemetry,boiler_01,12,0,45.58,2582,65,55.58
,,0,2026-09-13T13:41:21.783Z,2026-09-14T13:41:21.783Z,2026-09-14T10:12:51.783Z,telemetry,boiler_01,12,0,43.84,2583,65,53.84
,,0,2026-09-13T13:41:21.783Z,2026-09-14T13:41:21.783Z,2026-09-14T10:13:21.783Z,telemetry,boiler_01,12,0,42.19,2584,65,52.19
,,0,2026-09-13T13:41:21.783Z,2026-09-14T13:41:21.783Z,2026-09-14T10:13:51.783Z,telemetry,boiler_01,12,0,40.62,2585,65,50.62
,,0,2026-09-13T13:41:21.783Z,2026-09-14T13:41:21.783Z,2026-09-14T10:14:21.783Z,telemetry,boiler_01,12,0,39.13,2586,65,49.13
,,0,2026-09-13T13:41:21.783Z,2026-09-14T13:41:21.783Z,2026-09-14T10:14:51.783Z,telemetry,boiler_01,12,0,37.71,2587,65,47.71
,,0,2026-09-13T13:41:21.783Z,2026-09-14T13:41:21.783Z,2026-09-14T10:15:21.783Z,telemetry,boiler_01,12,0,36.36,2588,65,46.36
,,0,2026-09-13T13:41:21.783Z,2026-09-14T13:41:21.783Z,2026-09-14T10:15:51.783Z,telemetry,boiler_01,12,0,35.07,2589,65,45.07
,,0,2026-09-13T13:41:21.783Z,2026-09-14T13:41:21.783Z,2026-09-14T10:16:21.783Z,telemetry,boiler_01,12,0,33.85,2590,65,43.85
,,0,2026-09-13T13:41:21.783Z,2026-09-14T13:41:21.783Z,2026-09-14T10:16:51.783Z,telemetry,boiler_01,12,0,32.68,2591,65,42.68
,,0,2026-09-13T13:41:21.783Z,2026-09-14T13:41:21.783Z,2026-09-14T10:17:21.783Z,telemetry,boiler_01,12,0,31.58,2592,65,41.58
,,0,2026-09-13T13:41:21.783Z,2026-09-14T13:41:21.783Z,2026-09-14T10:17:51.783Z,telemetry,boiler_01,12,0,30.53,2593,65,40.53
,,0,2026-09-13T13:41:21.783Z,2026-09-14T13:41:21.783Z,2026-09-14T10:18:21.783Z,telemetry,boiler_01,12,0,29.52,2594,65,39.52
,,0,2026-09-13T13:41:21.783Z,2026-09-14T13:41:21.783Z,2026-09-14T10:18:51.783Z,telemetry,boiler_01,12,0,28.57,2595,65,38.57
,,0,2026-09-13T13:41:21.783Z,2026-09-14T13:41:21.783Z,2026-09-14T10:19:21.783Z,telemetry,boiler_01,12,0,27.67,2596,65,37.67
,,0,2026-09-13T13:41:21.783Z,2026-09-14T13:41:21.783Z,2026-09-14T10:19:51.783Z,telemetry,boiler_01,12,0,26.8,2597,65,36.8
,,0,2026-09-13T13:41:21.783Z,2026-09-14T13:41:21.783Z,2026-09-14T10:20:21.783Z,telemetry,boiler_01,12,5,42.72,2598,65,52.72
,,0,2026-09-13T13:41:21.783Z,2026-09-14T13:41:21.783Z,2026-09-14T10:20:51.783Z,telemetry,boiler_01,12,5,51.3,2599,65,61.3
,,0,2026-09-13T13:41:21.783Z,2026-09-14T13:41:21.783Z,2026-09-14T10:21:21.783Z,telemetry,boiler_01,12,5,53.89,2600,65,63.89
,,0,2026-09-13T13:41:21.783Z,2026-09-14T13:41:21.783Z,2026-09-14T10:21:51.783Z,telemetry,boiler_01,12,5,54.66,2601,65,64.66
,,0,2026-09-13T13:41:21.783Z,2026-09-14T13:41:21.783Z,2026-09-14T10:22:21.783Z,telemetry,boiler_01,12,5,54.9,2602,65,64.9
,,0,2026-09-13T13:41:21.783Z,2026-09-14T13:41:21.783Z,2026-09-14T10:22:51.783Z,telemetry,boiler_01,12,5,54.97,2603,65,64.97
,,0,2026-09-13T13:41:21.783Z,2026-09-14T13:41:21.783Z,2026-09-14T10:23:21.783Z,telemetry,boiler_01,12,5,54.99,2604,65,64.99
,,0,2026-09-13T13:41:21.783Z,2026-09-14T13:41:21.783Z,2026-09-14T10:23:51.784Z,telemetry,boiler_01,12,5,55,2605,65,65
,,0,2026-09-13T13:41:21.783Z,2026-09-14T13:41:21.783Z,2026-09-14T10:24:21.783Z,telemetry,boiler_01,12,5,55,2606,65,65
,,0,2026-09-13T13:41:21.783Z,2026-09-14T13:41:21.783Z,2026-09-14T10:24:51.783Z,telemetry,boiler_01,12,5,55,2607,65,65
,,0,2026-09-13T13:41:21.783Z,2026-09-14T13:41:21.783Z,2026-09-14T10:25:21.783Z,telemetry,boiler_01,12,5,55,2608,65,65
,,0,2026-09-13T13:41:21.783Z,2026-09-14T13:41:21.783Z,2026-09-14T10:25:51.783Z,telemetry,boiler_01,12,5,55,2609,65,65
,,0,2026-09-13T13:41:21.783Z,2026-09-14T13:41:21.783Z,2026-09-14T10:26:21.783Z,telemetry,boiler_01,12,5,55,2610,65,65
,,0,2026-09-13T13:41:21.783Z,2026-09-14T13:41:21.783Z,2026-09-14T10:26:51.783Z,telemetry,boiler_01,12,5,55,2611,65,65
,,0,2026-09-13T13:41:21.783Z,2026-09-14T13:41:21.783Z,2026-09-14T10:27:21.783Z,telemetry,boiler_01,12,5,55,2612,65,65
,,0,2026-09-13T13:41:21.783Z,2026-09-14T13:41:21.783Z,2026-09-14T10:27:51.783Z,telemetry,boiler_01,12,5,55,2613,65,65
,,0,2026-09-13T13:41:21.783Z,2026-09-14T13:41:21.783Z,2026-09-14T10:28:21.783Z,telemetry,boiler_01,12,5,55,2614,65,65
,,0,2026-09-13T13:41:21.783Z,2026-09-14T13:41:21.783Z,2026-09-14T10:28:51.783Z,telemetry,boiler_01,12,5,55,2615,65,65
,,0,2026-09-13T13:41:21.783Z,2026-09-14T13:41:21.783Z,2026-09-14T10:29:21.783Z,telemetry,boiler_01,12,5,55,2616,65,65
,,0,2026-09-13T13:41:21.783Z,2026-09-14T13:41:21.783Z,2026-09-14T10:29:51.783Z,telemetry,boiler_01,12,5,55,2617,65,65
,,0,2026-09-13T13:41:21.783Z,2026-09-14T13:41:21.783Z,2026-09-14T10:30:21.783Z,telemetry,boiler_01,12,0,53.45,2618,65,63.45
,,0,2026-09-13T13:41:21.783Z,2026-09-14T13:41:21.783Z,2026-09-14T10:30:51.783Z,telemetry,boiler_01,12,0,51.33,2619,65,61.33
,,0,2026-09-13T13:41:21.783Z,2026-09-14T13:41:21.783Z,2026-09-14T10:31:21.783Z,telemetry,boiler_01,12,0,49.32,2620,65,59.32
,,0,2026-09-13T13:41:21.783Z,2026-09-14T13:41:21.783Z,2026-09-14T10:31:51.783Z,telemetry,boiler_01,12,0,47.4,2621,65,57.4
,,0,2026-09-13T13:41:21.783Z,2026-09-14T13:41:21.783Z,2026-09-14T10:32:21.783Z,telemetry,boiler_01,12,0,45.58,2622,65,55.58
,,0,2026-09-13T13:41:21.783Z,2026-09-14T13:41:21.783Z,2026-09-14T10:32:51.783Z,telemetry,boiler_01,12,0,43.84,2623,65,53.84
,,0,2026-09-13T13:41:21.783Z,2026-09-14T13:41:21.783Z,2026-09-14T10:33:21.783Z,telemetry,boiler_01,12,0,42.19,2624,65,52.19
,,0,2026-09-13T13:41:21.783Z,2026-09-14T13:41:21.783Z,2026-09-14T10:33:51.783Z,telemetry,boiler_01,12,0,40.62,2625,65,50.62
,,0,2026-09-13T13:41:21.783Z,2026-09-14T13:41:21.783Z,2026-09-14T10:34:21.783Z,telemetry,boiler_01,12,0,39.13,2626,65,49.13
,,0,2026-09-13T13:41:21.783Z,2026-09-14T13:41:21.783Z,2026-09-14T10:34:51.783Z,telemetry,boiler_01,12,0,37.71,2627,65,47.71
,,0,2026-09-13T13:41:21.783Z,2026-09-14T13:41:21.783Z,2026-09-14T10:35:21.783Z,telemetry,boiler_01,12,0,36.36,2628,65,46.36
,,0,2026-09-13T13:41:21.783Z,2026-09-14T13:41:21.783Z,2026-09-14T10:35:51.783Z,telemetry,boiler_01,12,0,35.07,2629,65,45.07
,,0,2026-09-13T13:41:21.783Z,2026-09-14T13:41:21.783Z,2026-09-14T10:36:21.783Z,telemetry,boiler_01,12,0,33.85,2630,65,43.85
,,0,2026-09-13T13:41:21.783Z,2026-09-14T13:41:21.783Z,2026-09-14T10:36:51.783Z,telemetry,boiler_01,12,0,32.68,2631,65,42.68
,,0,2026-09-13T13:41:21.783Z,2026-09-14T13:41:21.783Z,2026-09-14T10:37:21.783Z,telemetry,boiler_01,12,0,31.58,2632,65,41.58
,,0,2026-09-13T13:41:21.783Z,2026-09-14T13:41:21.783Z,2026-09-14T10:37:51.783Z,telemetry,boiler_01,12,0,30.53,2633,65,40.53
,,0,2026-09-13T13:41:21.783Z,2026-09-14T13:41:21.783Z,2026-09-14T10:38:21.783Z,telemetry,boiler_01,12,0,29.52,2634,65,39.52
,,0,2026-09-13T13:41:21.783Z,2026-09-14T13:41:21.783Z,2026-09-14T10:38:51.783Z,telemetry,boiler_01,12,0,28.57,2635,65,38.57
,,0,2026-09-13T13:41:21.783Z,2026-09-14T13:41:21.783Z,2026-09-14T10:39:21.783Z,telemetry,boiler_01,12,0,27.67,2636,65,37.67
,,0,2026-09-13T13:41:21.783Z,2026-09-14T13:41:21.783Z,2026-09-14T10:39:51.783Z,telemetry,boiler_01,12,0,26.8,2637,65,36.8
,,0,2026-09-13T13:41:21.783Z,2026-09-14T13:41:21.783Z,2026-09-14T10:40:21.783Z,telemetry,boiler_01,12,5,42.72,2638,65,52.72
,,0,2026-09-13T13:41:21.783Z,2026-09-14T13:41:21.783Z,2026-09-14T10:40:51.783Z,telemetry,boiler_01,12,5,51.3,2639,65,61.3
,,0,2026-09-13T13:41:21.783Z,2026-09-14T13:41:21.783Z,2026-09-14T10:41:21.783Z,telemetry,boiler_01,12,5,53.89,2640,65,63.89
,,0,2026-09-13T13:41:21.783Z,2026-09-14T13:41:21.783Z,2026-09-14T10:41:51.783Z,telemetry,boiler_01,12,5,54.66,2641,65,64.66
,,0,2026-09-13T13:41:21.783Z,2026-09-14T13:41:21.783Z,2026-09-14T10:42:21.783Z,telemetry,boiler_01,12,5,54.9,2642,65,64.9
,,0,2026-09-13T13:41:21.783Z,2026-09-14T13:41:21.783Z,2026-09-14T10:42:51.783Z,telemetry,boiler_01,12,5,54.97,2643,65,64.97
,,0,2026-09-13T13:41:21.783Z,2026-09-14T13:41:21.783Z,2026-09-14T10:43:21.783Z,telemetry,boiler_01,12,5,54.99,2644,65,64.99
,,0,2026-09-13T13:41:21.783Z,2026-09-14T13:41:21.783Z,2026-09-14T10:43:51.783Z,telemetry,boiler_01,12,5,55,2645,65,65
,,0,2026-09-13T13:41:21.783Z,2026-09-14T13:41:21.783Z,2026-09-14T10:44:21.783Z,telemetry,boiler_01,12,5,55,2646,65,65
,,0,2026-09-13T13:41:21.783Z,2026-09-14T13:41:21.783Z,2026-09-14T10:44:51.783Z,telemetry,boiler_01,12,5,55,2647,65,65
,,0,2026-09-13T13:41:21.783Z,2026-09-14T13:41:21.783Z,2026-09-14T10:45:21.783Z,telemetry,boiler_01,12,5,55,2648,65,65
,,0,2026-09-13T13:41:21.783Z,2026-09-14T13:41:21.783Z,2026-09-14T10:45:51.783Z,telemetry,boiler_01,12,5,55,2649,65,65
,,0,2026-09-13T13:41:21.783Z,2026-09-14T13:41:21.783Z,2026-09-14T10:46:21.783Z,telemetry,boiler_01,12,5,55,2650,65,65
,,0,2026-09-13T13:41:21.783Z,2026-09-14T13:41:21.783Z,2026-09-14T10:46:51.783Z,telemetry,boiler_01,12,5,55,2651,65,65
,,0,2026-09-13T13:41:21.783Z,2026-09-14T13:41:21.783Z,2026-09-14T10:47:21.783Z,telemetry,boiler_01,12,5,55,2652,65,65
,,0,2026-09-13T13:41:21.783Z,2026-09-14T13:41:21.783Z,2026-09-14T10:47:51.783Z,telemetry,boiler_01,12,5,55,2653,65,65
,,0,2026-09-13T13:41:21.783Z,2026-09-14T13:41:21.783Z,2026-09-14T10:48:21.783Z,telemetry,boiler_01,12,5,55,2654,65,65
,,0,2026-09-13T13:41:21.783Z,2026-09-14T13:41:21.783Z,2026-09-14T10:48:51.783Z,telemetry,boiler_01,12,5,55,2655,65,65
,,0,2026-09-13T13:41:21.783Z,2026-09-14T13:41:21.783Z,2026-09-14T10:49:21.783Z,telemetry,boiler_01,12,5,55,2656,65,65
,,0,2026-09-13T13:41:21.783Z,2026-09-14T13:41:21.783Z,2026-09-14T10:49:51.783Z,telemetry,boiler_01,12,5,55,2657,65,65
,,0,2026-09-13T13:41:21.783Z,2026-09-14T13:41:21.783Z,2026-09-14T10:50:21.783Z,telemetry,boiler_01,12,0,53.45,2658,65,63.45
,,0,2026-09-13T13:41:21.783Z,2026-09-14T13:41:21.783Z,2026-09-14T10:50:51.783Z,telemetry,boiler_01,12,0,51.33,2659,65,61.33
,,0,2026-09-13T13:41:21.783Z,2026-09-14T13:41:21.783Z,2026-09-14T10:51:21.784Z,telemetry,boiler_01,12,0,49.32,2660,65,59.32
,,0,2026-09-13T13:41:21.783Z,2026-09-14T13:41:21.783Z,2026-09-14T10:51:51.783Z,telemetry,boiler_01,12,0,47.4,2661,65,57.4
,,0,2026-09-13T13:41:21.783Z,2026-09-14T13:41:21.783Z,2026-09-14T10:52:21.783Z,telemetry,boiler_01,12,0,45.58,2662,65,55.58
,,0,2026-09-13T13:41:21.783Z,2026-09-14T13:41:21.783Z,2026-09-14T10:52:51.783Z,telemetry,boiler_01,12,0,43.84,2663,65,53.84
,,0,2026-09-13T13:41:21.783Z,2026-09-14T13:41:21.783Z,2026-09-14T10:53:21.783Z,telemetry,boiler_01,12,0,42.19,2664,65,52.19
,,0,2026-09-13T13:41:21.783Z,2026-09-14T13:41:21.783Z,2026-09-14T10:53:51.783Z,telemetry,boiler_01,12,0,40.62,2665,65,50.62
,,0,2026-09-13T13:41:21.783Z,2026-09-14T13:41:21.783Z,2026-09-14T10:54:21.783Z,telemetry,boiler_01,12,0,39.13,2666,65,49.13
,,0,2026-09-13T13:41:21.783Z,2026-09-14T13:41:21.783Z,2026-09-14T10:54:51.783Z,telemetry,boiler_01,12,0,37.71,2667,65,47.71
,,0,2026-09-13T13:41:21.783Z,2026-09-14T13:41:21.783Z,2026-09-14T10:55:21.783Z,telemetry,boiler_01,12,0,36.36,2668,65,46.36
,,0,2026-09-13T13:41:21.783Z,2026-09-14T13:41:21.783Z,2026-09-14T10:55:51.783Z,telemetry,boiler_01,12,0,35.07,2669,65,45.07
,,0,2026-09-13T13:41:21.783Z,2026-09-14T13:41:21.783Z,2026-09-14T10:56:21.783Z,telemetry,boiler_01,12,0,33.85,2670,65,43.85
,,0,2026-09-13T13:41:21.783Z,2026-09-14T13:41:21.783Z,2026-09-14T10:56:51.783Z,telemetry,boiler_01,12,0,32.68,2671,65,42.68
,,0,2026-09-13T13:41:21.783Z,2026-09-14T13:41:21.783Z,2026-09-14T10:57:21.783Z,telemetry,boiler_01,12,0,31.58,2672,65,41.58
,,0,2026-09-13T13:41:21.783Z,2026-09-14T13:41:21.783Z,2026-09-14T10:57:51.783Z,telemetry,boiler_01,12,0,30.53,2673,65,40.53
,,0,2026-09-13T13:41:21.783Z,2026-09-14T13:41:21.783Z,2026-09-14T10:58:21.783Z,telemetry,boiler_01,12,0,29.52,2674,65,39.52
,,0,2026-09-13T13:41:21.783Z,2026-09-14T13:41:21.783Z,2026-09-14T10:58:51.783Z,telemetry,boiler_01,12,0,28.57,2675,65,38.57
,,0,2026-09-13T13:41:21.783Z,2026-09-14T13:41:21.783Z,2026-09-14T10:59:21.783Z,telemetry,boiler_01,12,0,27.67,2676,65,37.67
,,0,2026-09-13T13:41:21.783Z,2026-09-14T13:41:21.783Z,2026-09-14T10:59:51.783Z,telemetry,boiler_01,12,0,26.8,2677,65,36.8
,,0,2026-09-13T13:41:21.783Z,2026-09-14T13:41:21.783Z,2026-09-14T11:00:21.783Z,telemetry,boiler_01,12,5,42.72,2678,65,52.72
,,0,2026-09-13T13:41:21.783Z,2026-09-14T13:41:21.783Z,2026-09-14T11:00:51.783Z,telemetry,boiler_01,12,5,51.3,2679,65,61.3
,,0,2026-09-13T13:41:21.783Z,2026-09-14T13:41:21.783Z,2026-09-14T11:01:21.783Z,telemetry,boiler_01,12,5,53.89,2680,65,63.89
,,0,2026-09-13T13:41:21.783Z,2026-09-14T13:41:21.783Z,2026-09-14T11:01:51.783Z,telemetry,boiler_01,12,5,54.66,2681,65,64.66
,,0,2026-09-13T13:41:21.783Z,2026-09-14T13:41:21.783Z,2026-09-14T11:02:21.783Z,telemetry,boiler_01,12,5,54.9,2682,65,64.9
,,0,2026-09-13T13:41:21.783Z,2026-09-14T13:41:21.783Z,2026-09-14T11:02:51.783Z,telemetry,boiler_01,12,5,54.97,2683,65,64.97
,,0,2026-09-13T13:41:21.783Z,2026-09-14T13:41:21.783Z,2026-09-14T11:03:21.783Z,telemetry,boiler_01,12,5,54.99,2684,65,64.99
,,0,2026-09-13T13:41:21.783Z,2026-09-14T13:41:21.783Z,2026-09-14T11:03:51.783Z,telemetry,boiler_01,12,5,55,2685,65,65
,,0,2026-09-13T13:41:21.783Z,2026-09-14T13:41:21.783Z,2026-09-14T11:04:21.783Z,telemetry,boiler_01,12,5,55,2686,65,65
,,0,2026-09-13T13:41:21.783Z,2026-09-14T13:41:21.783Z,2026-09-14T11:04:51.783Z,telemetry,boiler_01,12,5,55,2687,65,65
,,0,2026-09-13T13:41:21.783Z,2026-09-14T13:41:21.783Z,2026-09-14T11:05:21.783Z,telemetry,boiler_01,12,5,55,2688,65,65
,,0,2026-09-13T13:41:21.783Z,2026-09-14T13:41:21.783Z,2026-09-14T11:05:51.783Z,telemetry,boiler_01,12,5,55,2689,65,65
,,0,2026-09-13T13:41:21.783Z,2026-09-14T13:41:21.783Z,2026-09-14T11:06:21.783Z,telemetry,boiler_01,12,5,55,2690,65,65
,,0,2026-09-13T13:41:21.783Z,2026-09-14T13:41:21.783Z,2026-09-14T11:06:51.783Z,telemetry,boiler_01,12,5,55,2691,65,65
,,0,2026-09-13T13:41:21.783Z,2026-09-14T13:41:21.783Z,2026-09-14T11:07:21.783Z,telemetry,boiler_01,12,5,55,2692,65,65
,,0,2026-09-13T13:41:21.783Z,2026-09-14T13:41:21.783Z,2026-09-14T11:07:51.783Z,telemetry,boiler_01,12,5,55,2693,65,65
,,0,2026-09-13T13:41:21.783Z,2026-09-14T13:41:21.783Z,2026-09-14T11:08:21.783Z,telemetry,boiler_01,12,5,55,2694,65,65
,,0,2026-09-13T13:41:21.783Z,2026-09-14T13:41:21.783Z,2026-09-14T11:08:51.783Z,telemetry,boiler_01,12,5,55,2695,65,65
,,0,2026-09-13T13:41:21.783Z,2026-09-14T13:41:21.783Z,2026-09-14T11:09:21.783Z,telemetry,boiler_01,12,5,55,2696,65,65
,,0,2026-09-13T13:41:21.783Z,2026-09-14T13:41:21.783Z,2026-09-14T11:09:51.783Z,telemetry,boiler_01,12,5,55,2697,65,65
,,0,2026-09-13T13:41:21.783Z,2026-09-14T13:41:21.783Z,2026-09-14T11:10:21.783Z,telemetry,boiler_01,12,0,53.45,2698,65,63.45
,,0,2026-09-13T13:41:21.783Z,2026-09-14T13:41:21.783Z,2026-09-14T11:10:51.783Z,telemetry,boiler_01,12,0,51.33,2699,65,61.33
,,0,2026-09-13T13:41:21.783Z,2026-09-14T13:41:21.783Z,2026-09-14T11:11:21.783Z,telemetry,boiler_01,12,0,49.32,2700,65,59.32
,,0,2026-09-13T13:41:21.783Z,2026-09-14T13:41:21.783Z,2026-09-14T11:11:51.783Z,telemetry,boiler_01,12,0,47.4,2701,65,57.4
,,0,2026-09-13T13:41:21.783Z,2026-09-14T13:41:21.783Z,2026-09-14T11:12:21.783Z,telemetry,boiler_01,12,0,45.58,2702,65,55.58
,,0,2026-09-13T13:41:21.783Z,2026-09-14T13:41:21.783Z,2026-09-14T11:12:51.783Z,telemetry,boiler_01,12,0,43.84,2703,65,53.84
,,0,2026-09-13T13:41:21.783Z,2026-09-14T13:41:21.783Z,2026-09-14T11:13:21.783Z,telemetry,boiler_01,12,0,42.19,2704,65,52.19
,,0,2026-09-13T13:41:21.783Z,2026-09-14T13:41:21.783Z,2026-09-14T11:13:51.783Z,telemetry,boiler_01,12,0,40.62,2705,65,50.62
,,0,2026-09-13T13:41:21.783Z,2026-09-14T13:41:21.783Z,2026-09-14T11:14:21.783Z,telemetry,boiler_01,12,0,39.13,2706,65,49.13
,,0,2026-09-13T13:41:21.783Z,2026-09-14T13:41:21.783Z,2026-09-14T11:14:51.783Z,telemetry,boiler_01,12,0,37.71,2707,65,47.71
,,0,2026-09-13T13:41:21.783Z,2026-09-14T13:41:21.783Z,2026-09-14T11:15:21.783Z,telemetry,boiler_01,12,0,36.36,2708,65,46.36
,,0,2026-09-13T13:41:21.783Z,2026-09-14T13:41:21.783Z,2026-09-14T11:15:51.783Z,telemetry,boiler_01,12,0,35.07,2709,65,45.07
,,0,2026-09-13T13:41:21.783Z,2026-09-14T13:41:21.783Z,2026-09-14T11:16:21.783Z,telemetry,boiler_01,12,0,33.85,2710,65,43.85
,,0,2026-09-13T13:41:21.783Z,2026-09-14T13:41:21.783Z,2026-09-14T11:16:51.783Z,telemetry,boiler_01,12,0,32.68,2711,65,42.68
,,0,2026-09-13T13:41:21.783Z,2026-09-14T13:41:21.783Z,2026-09-14T11:17:21.783Z,telemetry,boiler_01,12,0,31.58,2712,65,41.58
,,0,2026-09-13T13:41:21.783Z,2026-09-14T13:41:21.783Z,2026-09-14T11:17:51.783Z,telemetry,boiler_01,12,0,30.53,2713,65,40.53
,,0,2026-09-13T13:41:21.783Z,2026-09-14T13:41:21.783Z,2026-09-14T11:18:21.783Z,telemetry,boiler_01,12,0,29.52,2714,65,39.52
,,0,2026-09-13T13:41:21.783Z,2026-09-14T13:41:21.783Z,2026-09-14T11:18:51.783Z,telemetry,boiler_01,12,0,28.57,2715,65,38.57
,,0,2026-09-13T13:41:21.783Z,2026-09-14T13:41:21.783Z,2026-09-14T11:19:21.783Z,telemetry,boiler_01,12,0,27.67,2716,65,37.67
,,0,2026-09-13T13:41:21.783Z,2026-09-14T13:41:21.783Z,2026-09-14T11:19:51.783Z,telemetry,boiler_01,12,0,26.8,2717,65,36.8
,,0,2026-09-13T13:41:21.783Z,2026-09-14T13:41:21.783Z,2026-09-14T11:20:21.783Z,telemetry,boiler_01,12,5,42.72,2718,65,52.72
,,0,2026-09-13T13:41:21.783Z,2026-09-14T13:41:21.783Z,2026-09-14T11:20:51.783Z,telemetry,boiler_01,12,5,51.3,2719,65,61.3
,,0,2026-09-13T13:41:21.783Z,2026-09-14T13:41:21.783Z,2026-09-14T11:21:21.783Z,telemetry,boiler_01,12,5,53.89,2720,65,63.89
,,0,2026-09-13T13:41:21.783Z,2026-09-14T13:41:21.783Z,2026-09-14T11:21:51.783Z,telemetry,boiler_01,12,5,54.66,2721,65,64.66
,,0,2026-09-13T13:41:21.783Z,2026-09-14T13:41:21.783Z,2026-09-14T11:22:21.783Z,telemetry,boiler_01,12,5,54.9,2722,65,64.9
,,0,2026-09-13T13:41:21.783Z,2026-09-14T13:41:21.783Z,2026-09-14T11:22:51.783Z,telemetry,boiler_01,12,5,54.97,2723,65,64.97
,,0,2026-09-13T13:41:21.783Z,2026-09-14T13:41:21.783Z,2026-09-14T11:23:21.783Z,telemetry,boiler_01,12,5,54.99,2724,65,64.99
,,0,2026-09-13T13:41:21.783Z,2026-09-14T13:41:21.783Z,2026-09-14T11:23:51.783Z,telemetry,boiler_01,12,5,55,2725,65,65
,,0,2026-09-13T13:41:21.783Z,2026-09-14T13:41:21.783Z,2026-09-14T11:24:21.783Z,telemetry,boiler_01,12,5,55,2726,65,65
,,0,2026-09-13T13:41:21.783Z,2026-09-14T13:41:21.783Z,2026-09-14T11:24:51.783Z,telemetry,boiler_01,12,5,55,2727,65,65
,,0,2026-09-13T13:41:21.783Z,2026-09-14T13:41:21.783Z,2026-09-14T11:25:21.783Z,telemetry,boiler_01,12,5,55,2728,65,65
,,0,2026-09-13T13:41:21.783Z,2026-09-14T13:41:21.783Z,2026-09-14T11:25:51.783Z,telemetry,boiler_01,12,5,55,2729,65,65
,,0,2026-09-13T13:41:21.783Z,2026-09-14T13:41:21.783Z,2026-09-14T11:26:21.783Z,telemetry,boiler_01,12,5,55,2730,65,65
,,0,2026-09-13T13:41:21.783Z,2026-09-14T13:41:21.783Z,2026-09-14T11:26:51.783Z,telemetry,boiler_01,12,5,55,2731,65,65
,,0,2026-09-13T13:41:21.783Z,2026-09-14T13:41:21.783Z,2026-09-14T11:27:21.783Z,telemetry,boiler_01,12,5,55,2732,65,65
,,0,2026-09-13T13:41:21.783Z,2026-09-14T13:41:21.783Z,2026-09-14T11:27:51.783Z,telemetry,boiler_01,12,5,55,2733,65,65
,,0,2026-09-13T13:41:21.783Z,2026-09-14T13:41:21.783Z,2026-09-14T11:28:21.783Z,telemetry,boiler_01,12,5,55,2734,65,65
,,0,2026-09-13T13:41:21.783Z,2026-09-14T13:41:21.783Z,2026-09-14T11:28:51.783Z,telemetry,boiler_01,12,5,55,2735,65,65
,,0,2026-09-13T13:41:21.783Z,2026-09-14T13:41:21.783Z,2026-09-14T11:29:21.783Z,telemetry,boiler_01,12,5,55,2736,65,65
,,0,2026-09-13T13:41:21.783Z,2026-09-14T13:41:21.783Z,2026-09-14T11:29:51.783Z,telemetry,boiler_01,12,5,55,2737,65,65
,,0,2026-09-13T13:41:21.783Z,2026-09-14T13:41:21.783Z,2026-09-14T11:30:21.783Z,telemetry,boiler_01,12,0,53.45,2738,65,63.45
,,0,2026-09-13T13:41:21.783Z,2026-09-14T13:41:21.783Z,2026-09-14T11:30:51.783Z,telemetry,boiler_01,12,0,51.33,2739,65,61.33
,,0,2026-09-13T13:41:21.783Z,2026-09-14T13:41:21.783Z,2026-09-14T11:31:21.783Z,telemetry,boiler_01,12,0,49.32,2740,65,59.32
,,0,2026-09-13T13:41:21.783Z,2026-09-14T13:41:21.783Z,2026-09-14T11:31:51.783Z,telemetry,boiler_01,12,0,47.4,2741,65,57.4
,,0,2026-09-13T13:41:21.783Z,2026-09-14T13:41:21.783Z,2026-09-14T11:32:21.783Z,telemetry,boiler_01,12,0,45.58,2742,65,55.58
,,0,2026-09-13T13:41:21.783Z,2026-09-14T13:41:21.783Z,2026-09-14T11:32:51.783Z,telemetry,boiler_01,12,0,43.84,2743,65,53.84
,,0,2026-09-13T13:41:21.783Z,2026-09-14T13:41:21.783Z,2026-09-14T11:33:21.783Z,telemetry,boiler_01,12,0,42.19,2744,65,52.19
,,0,2026-09-13T13:41:21.783Z,2026-09-14T13:41:21.783Z,2026-09-14T11:33:51.783Z,telemetry,boiler_01,12,0,40.62,2745,65,50.62
,,0,2026-09-13T13:41:21.783Z,2026-09-14T13:41:21.783Z,2026-09-14T11:34:21.783Z,telemetry,boiler_01,12,0,39.13,2746,65,49.13
,,0,2026-09-13T13:41:21.783Z,2026-09-14T13:41:21.783Z,2026-09-14T11:34:51.783Z,telemetry,boiler_01,12,0,37.71,2747,65,47.71
,,0,2026-09-13T13:41:21.783Z,2026-09-14T13:41:21.783Z,2026-09-14T11:35:21.783Z,telemetry,boiler_01,12,0,36.36,2748,65,46.36
,,0,2026-09-13T13:41:21.783Z,2026-09-14T13:41:21.783Z,2026-09-14T11:35:51.783Z,telemetry,boiler_01,12,0,35.07,2749,65,45.07
,,0,2026-09-13T13:41:21.783Z,2026-09-14T13:41:21.783Z,2026-09-14T11:36:21.783Z,telemetry,boiler_01,12,0,33.85,2750,65,43.85
,,0,2026-09-13T13:41:21.783Z,2026-09-14T13:41:21.783Z,2026-09-14T11:36:51.783Z,telemetry,boiler_01,12,0,32.68,2751,65,42.68
,,0,2026-09-13T13:41:21.783Z,2026-09-14T13:41:21.783Z,2026-09-14T11:37:21.783Z,telemetry,boiler_01,12,0,31.58,2752,65,41.58
,,0,2026-09-13T13:41:21.783Z,2026-09-14T13:41:21.783Z,2026-09-14T11:37:51.783Z,telemetry,boiler_01,12,0,30.53,2753,65,40.53
,,0,2026-09-13T13:41:21.783Z,2026-09-14T13:41:21.783Z,2026-09-14T11:38:21.783Z,telemetry,boiler_01,12,0,29.52,2754,65,39.52
,,0,2026-09-13T13:41:21.783Z,2026-09-14T13:41:21.783Z,2026-09-14T11:38:51.783Z,telemetry,boiler_01,12,0,28.57,2755,65,38.57
,,0,2026-09-13T13:41:21.783Z,2026-09-14T13:41:21.783Z,2026-09-14T11:39:21.783Z,telemetry,boiler_01,12,0,27.67,2756,65,37.67
,,0,2026-09-13T13:41:21.783Z,2026-09-14T13:41:21.783Z,2026-09-14T11:39:51.783Z,telemetry,boiler_01,12,0,26.8,2757,65,36.8
,,0,2026-09-13T13:41:21.783Z,2026-09-14T13:41:21.783Z,2026-09-14T11:40:21.783Z,telemetry,boiler_01,12,5,42.72,2758,65,52.72
,,0,2026-09-13T13:41:21.783Z,2026-09-14T13:41:21.783Z,2026-09-14T11:40:51.783Z,telemetry,boiler_01,12,5,51.3,2759,65,61.3
,,0,2026-09-13T13:41:21.783Z,2026-09-14T13:41:21.783Z,2026-09-14T11:41:21.783Z,telemetry,boiler_01,12,5,53.89,2760,65,63.89
,,0,2026-09-13T13:41:21.783Z,2026-09-14T13:41:21.783Z,2026-09-14T11:41:51.783Z,telemetry,boiler_01,12,5,54.66,2761,65,64.66
,,0,2026-09-13T13:41:21.783Z,2026-09-14T13:41:21.783Z,2026-09-14T11:42:21.783Z,telemetry,boiler_01,12,5,54.9,2762,65,64.9
,,0,2026-09-13T13:41:21.783Z,2026-09-14T13:41:21.783Z,2026-09-14T11:42:51.783Z,telemetry,boiler_01,12,5,54.97,2763,65,64.97
,,0,2026-09-13T13:41:21.783Z,2026-09-14T13:41:21.783Z,2026-09-14T11:43:21.783Z,telemetry,boiler_01,12,5,54.99,2764,65,64.99
,,0,2026-09-13T13:41:21.783Z,2026-09-14T13:41:21.783Z,2026-09-14T11:43:51.783Z,telemetry,boiler_01,12,5,55,2765,65,65
,,0,2026-09-13T13:41:21.783Z,2026-09-14T13:41:21.783Z,2026-09-14T11:44:21.783Z,telemetry,boiler_01,12,5,55,2766,65,65
,,0,2026-09-13T13:41:21.783Z,2026-09-14T13:41:21.783Z,2026-09-14T11:44:51.783Z,telemetry,boiler_01,12,5,55,2767,65,65
,,0,2026-09-13T13:41:21.783Z,2026-09-14T13:41:21.783Z,2026-09-14T11:45:21.783Z,telemetry,boiler_01,12,5,55,2768,65,65
,,0,2026-09-13T13:41:21.783Z,2026-09-14T13:41:21.783Z,2026-09-14T11:45:51.783Z,telemetry,boiler_01,12,5,55,2769,65,65
,,0,2026-09-13T13:41:21.783Z,2026-09-14T13:41:21.783Z,2026-09-14T11:46:21.783Z,telemetry,boiler_01,12,5,55,2770,65,65
,,0,2026-09-13T13:41:21.783Z,2026-09-14T13:41:21.783Z,2026-09-14T11:46:51.783Z,telemetry,boiler_01,12,5,55,2771,65,65
,,0,2026-09-13T13:41:21.783Z,2026-09-14T13:41:21.783Z,2026-09-14T11:47:21.783Z,telemetry,boiler_01,12,5,55,2772,65,65
,,0,2026-09-13T13:41:21.783Z,2026-09-14T13:41:21.783Z,2026-09-14T11:47:51.783Z,telemetry,boiler_01,12,5,55,2773,65,65
,,0,2026-09-13T13:41:21.783Z,2026-09-14T13:41:21.783Z,2026-09-14T11:48:21.783Z,telemetry,boiler_01,12,5,55,2774,65,65
,,0,2026-09-13T13:41:21.783Z,2026-09-14T13:41:21.783Z,2026-09-14T11:48:51.783Z,telemetry,boiler_01,12,5,55,2775,65,65
,,0,2026-09-13T13:41:21.783Z,2026-09-14T13:41:21.783Z,2026-09-14T11:49:21.783Z,telemetry,boiler_01,12,5,55,2776,65,65
,,0,2026-09-13T13:41:21.783Z,2026-09-14T13:41:21.783Z,2026-09-14T11:49:51.783Z,telemetry,boiler_01,12,5,55,2777,65,65
,,0,2026-09-13T13:41:21.783Z,2026-09-14T13:41:21.783Z,2026-09-14T11:50:21.783Z,telemetry,boiler_01,12,0,53.45,2778,65,63.45
,,0,2026-09-13T13:41:21.783Z,2026-09-14T13:41:21.783Z,2026-09-14T11:50:51.783Z,telemetry,boiler_01,12,0,51.33,2779,65,61.33
,,0,2026-09-13T13:41:21.783Z,2026-09-14T13:41:21.783Z,2026-09-14T11:51:21.783Z,telemetry,boiler_01,12,0,49.32,2780,65,59.32
,,0,2026-09-13T13:41:21.783Z,2026-09-14T13:41:21.783Z,2026-09-14T11:51:51.783Z,telemetry,boiler_01,12,0,47.4,2781,65,57.4
,,0,2026-09-13T13:41:21.783Z,2026-09-14T13:41:21.783Z,2026-09-14T11:52:21.783Z,telemetry,boiler_01,12,0,45.58,2782,65,55.58
,,0,2026-09-13T13:41:21.783Z,2026-09-14T13:41:21.783Z,2026-09-14T11:52:51.783Z,telemetry,boiler_01,12,0,43.84,2783,65,53.84
,,0,2026-09-13T13:41:21.783Z,2026-09-14T13:41:21.783Z,2026-09-14T11:53:21.783Z,telemetry,boiler_01,12,0,42.19,2784,65,52.19
,,0,2026-09-13T13:41:21.783Z,2026-09-14T13:41:21.783Z,2026-09-14T11:53:51.783Z,telemetry,boiler_01,12,0,40.62,2785,65,50.62
,,0,2026-09-13T13:41:21.783Z,2026-09-14T13:41:21.783Z,2026-09-14T11:54:21.783Z,telemetry,boiler_01,12,0,39.13,2786,65,49.13
,,0,2026-09-13T13:41:21.783Z,2026-09-14T13:41:21.783Z,2026-09-14T11:54:51.783Z,telemetry,boiler_01,12,0,37.71,2787,65,47.71
,,0,2026-09-13T13:41:21.783Z,2026-09-14T13:41:21.783Z,2026-09-14T11:55:21.783Z,telemetry,boiler_01,12,0,36.36,2788,65,46.36
,,0,2026-09-13T13:41:21.783Z,2026-09-14T13:41:21.783Z,2026-09-14T11:55:51.783Z,telemetry,boiler_01,12,0,35.07,2789,65,45.07
,,0,2026-09-13T13:41:21.783Z,2026-09-14T13:41:21.783Z,2026-09-14T11:56:21.783Z,telemetry,boiler_01,12,0,33.85,2790,65,43.85
,,0,2026-09-13T13:41:21.783Z,2026-09-14T13:41:21.783Z,2026-09-14T11:56:51.783Z,telemetry,boiler_01,12,0,32.68,2791,65,42.68
,,0,2026-09-13T13:41:21.783Z,2026-09-14T13:41:21.783Z,2026-09-14T11:57:21.783Z,telemetry,boiler_01,12,0,31.58,2792,65,41.58
,,0,2026-09-13T13:41:21.783Z,2026-09-14T13:41:21.783Z,2026-09-14T11:57:51.783Z,telemetry,boiler_01,12,0,30.53,2793,65,40.53
,,0,2026-09-13T13:41:21.783Z,2026-09-14T13:41:21.783Z,2026-09-14T11:58:21.783Z,telemetry,boiler_01,12,0,29.52,2794,65,39.52
,,0,2026-09-13T13:41:21.783Z,2026-09-14T13:41:21.783Z,2026-09-14T11:58:51.783Z,telemetry,boiler_01,12,0,28.57,2795,65,38.57
,,0,2026-09-13T13:41:21.783Z,2026-09-14T13:41:21.783Z,2026-09-14T11:59:21.783Z,telemetry,boiler_01,12,0,27.67,2796,65,37.67
,,0,2026-09-13T13:41:21.783Z,2026-09-14T13:41:21.783Z,2026-09-14T11:59:51.783Z,telemetry,boiler_01,12,0,26.8,2797,65,36.8
,,0,2026-09-13T13:41:21.783Z,2026-09-14T13:41:21.783Z,2026-09-14T12:00:21.783Z,telemetry,boiler_01,12,5,42.72,2798,65,52.72
,,0,2026-09-13T13:41:21.783Z,2026-09-14T13:41:21.783Z,2026-09-14T12:00:51.783Z,telemetry,boiler_01,12,5,51.3,2799,65,61.3
,,0,2026-09-13T13:41:21.783Z,2026-09-14T13:41:21.783Z,2026-09-14T12:01:21.783Z,telemetry,boiler_01,12,5,53.89,2800,65,63.89
,,0,2026-09-13T13:41:21.783Z,2026-09-14T13:41:21.783Z,2026-09-14T12:01:51.783Z,telemetry,boiler_01,12,5,54.66,2801,65,64.66
,,0,2026-09-13T13:41:21.783Z,2026-09-14T13:41:21.783Z,2026-09-14T12:02:21.783Z,telemetry,boiler_01,12,5,54.9,2802,65,64.9
,,0,2026-09-13T13:41:21.783Z,2026-09-14T13:41:21.783Z,2026-09-14T12:02:51.783Z,telemetry,boiler_01,12,5,54.97,2803,65,64.97
,,0,2026-09-13T13:41:21.783Z,2026-09-14T13:41:21.783Z,2026-09-14T12:03:21.783Z,telemetry,boiler_01,12,5,54.99,2804,65,64.99
,,0,2026-09-13T13:41:21.783Z,2026-09-14T13:41:21.783Z,2026-09-14T12:03:51.783Z,telemetry,boiler_01,12,5,55,2805,65,65
,,0,2026-09-13T13:41:21.783Z,2026-09-14T13:41:21.783Z,2026-09-14T12:04:21.783Z,telemetry,boiler_01,12,5,55,2806,65,65
,,0,2026-09-13T13:41:21.783Z,2026-09-14T13:41:21.783Z,2026-09-14T12:04:51.783Z,telemetry,boiler_01,12,5,55,2807,65,65
,,0,2026-09-13T13:41:21.783Z,2026-09-14T13:41:21.783Z,2026-09-14T12:05:21.783Z,telemetry,boiler_01,12,5,55,2808,65,65
,,0,2026-09-13T13:41:21.783Z,2026-09-14T13:41:21.783Z,2026-09-14T12:05:51.783Z,telemetry,boiler_01,12,5,55,2809,65,65
,,0,2026-09-13T13:41:21.783Z,2026-09-14T13:41:21.783Z,2026-09-14T12:06:21.783Z,telemetry,boiler_01,12,5,55,2810,65,65
,,0,2026-09-13T13:41:21.783Z,2026-09-14T13:41:21.783Z,2026-09-14T12:06:51.783Z,telemetry,boiler_01,12,5,55,2811,65,65
,,0,2026-09-13T13:41:21.783Z,2026-09-14T13:41:21.783Z,2026-09-14T12:07:21.783Z,telemetry,boiler_01,12,5,55,2812,65,65
,,0,2026-09-13T13:41:21.783Z,2026-09-14T13:41:21.783Z,2026-09-14T12:07:51.783Z,telemetry,boiler_01,12,5,55,2813,65,65
,,0,2026-09-13T13:41:21.783Z,2026-09-14T13:41:21.783Z,2026-09-14T12:08:21.783Z,telemetry,boiler_01,12,5,55,2814,65,65
,,0,2026-09-13T13:41:21.783Z,2026-09-14T13:41:21.783Z,2026-09-14T12:08:51.783Z,telemetry,boiler_01,12,5,55,2815,65,65
,,0,2026-09-13T13:41:21.783Z,2026-09-14T13:41:21.783Z,2026-09-14T12:09:21.783Z,telemetry,boiler_01,12,5,55,2816,65,65
,,0,2026-09-13T13:41:21.783Z,2026-09-14T13:41:21.783Z,2026-09-14T12:09:51.783Z,telemetry,boiler_01,12,5,55,2817,65,65
,,0,2026-09-13T13:41:21.783Z,2026-09-14T13:41:21.783Z,2026-09-14T12:10:21.783Z,telemetry,boiler_01,12,0,53.45,2818,65,63.45
,,0,2026-09-13T13:41:21.783Z,2026-09-14T13:41:21.783Z,2026-09-14T12:10:51.783Z,telemetry,boiler_01,12,0,51.33,2819,65,61.33
,,0,2026-09-13T13:41:21.783Z,2026-09-14T13:41:21.783Z,2026-09-14T12:11:21.783Z,telemetry,boiler_01,12,0,49.32,2820,65,59.32
,,0,2026-09-13T13:41:21.783Z,2026-09-14T13:41:21.783Z,2026-09-14T12:11:51.783Z,telemetry,boiler_01,12,0,47.4,2821,65,57.4
,,0,2026-09-13T13:41:21.783Z,2026-09-14T13:41:21.783Z,2026-09-14T12:12:21.783Z,telemetry,boiler_01,12,0,45.58,2822,65,55.58
,,0,2026-09-13T13:41:21.783Z,2026-09-14T13:41:21.783Z,2026-09-14T12:12:51.783Z,telemetry,boiler_01,12,0,43.84,2823,65,53.84
,,0,2026-09-13T13:41:21.783Z,2026-09-14T13:41:21.783Z,2026-09-14T12:13:21.783Z,telemetry,boiler_01,12,0,42.19,2824,65,52.19
,,0,2026-09-13T13:41:21.783Z,2026-09-14T13:41:21.783Z,2026-09-14T12:13:51.783Z,telemetry,boiler_01,12,0,40.62,2825,65,50.62
,,0,2026-09-13T13:41:21.783Z,2026-09-14T13:41:21.783Z,2026-09-14T12:14:21.783Z,telemetry,boiler_01,12,0,39.13,2826,65,49.13
,,0,2026-09-13T13:41:21.783Z,2026-09-14T13:41:21.783Z,2026-09-14T12:14:51.783Z,telemetry,boiler_01,12,0,37.71,2827,65,47.71
,,0,2026-09-13T13:41:21.783Z,2026-09-14T13:41:21.783Z,2026-09-14T12:15:21.783Z,telemetry,boiler_01,12,0,36.36,2828,65,46.36
,,0,2026-09-13T13:41:21.783Z,2026-09-14T13:41:21.783Z,2026-09-14T12:15:51.783Z,telemetry,boiler_01,12,0,35.07,2829,65,45.07
,,0,2026-09-13T13:41:21.783Z,2026-09-14T13:41:21.783Z,2026-09-14T12:16:21.783Z,telemetry,boiler_01,12,0,33.85,2830,65,43.85
,,0,2026-09-13T13:41:21.783Z,2026-09-14T13:41:21.783Z,2026-09-14T12:16:51.783Z,telemetry,boiler_01,12,0,32.68,2831,65,42.68
,,0,2026-09-13T13:41:21.783Z,2026-09-14T13:41:21.783Z,2026-09-14T12:17:21.783Z,telemetry,boiler_01,12,0,31.58,2832,65,41.58
,,0,2026-09-13T13:41:21.783Z,2026-09-14T13:41:21.783Z,2026-09-14T12:17:51.783Z,telemetry,boiler_01,12,0,30.53,2833,65,40.53
,,0,2026-09-13T13:41:21.783Z,2026-09-14T13:41:21.783Z,2026-09-14T12:18:21.783Z,telemetry,boiler_01,12,0,29.52,2834,65,39.52
,,0,2026-09-13T13:41:21.783Z,2026-09-14T13:41:21.783Z,2026-09-14T12:18:51.783Z,telemetry,boiler_01,12,0,28.57,2835,65,38.57
,,0,2026-09-13T13:41:21.783Z,2026-09-14T13:41:21.783Z,2026-09-14T12:19:21.783Z,telemetry,boiler_01,12,0,27.67,2836,65,37.67
,,0,2026-09-13T13:41:21.783Z,2026-09-14T13:41:21.783Z,2026-09-14T12:19:51.783Z,telemetry,boiler_01,12,0,26.8,2837,65,36.8
,,0,2026-09-13T13:41:21.783Z,2026-09-14T13:41:21.783Z,2026-09-14T12:20:21.783Z,telemetry,boiler_01,12,5,42.72,2838,65,52.72
,,0,2026-09-13T13:41:21.783Z,2026-09-14T13:41:21.783Z,2026-09-14T12:20:51.783Z,telemetry,boiler_01,12,5,51.3,2839,65,61.3
,,0,2026-09-13T13:41:21.783Z,2026-09-14T13:41:21.783Z,2026-09-14T12:21:21.783Z,telemetry,boiler_01,12,5,53.89,2840,65,63.89
,,0,2026-09-13T13:41:21.783Z,2026-09-14T13:41:21.783Z,2026-09-14T12:21:51.783Z,telemetry,boiler_01,12,5,54.66,2841,65,64.66
,,0,2026-09-13T13:41:21.783Z,2026-09-14T13:41:21.783Z,2026-09-14T12:22:21.783Z,telemetry,boiler_01,12,5,54.9,2842,65,64.9
,,0,2026-09-13T13:41:21.783Z,2026-09-14T13:41:21.783Z,2026-09-14T12:22:51.783Z,telemetry,boiler_01,12,5,54.97,2843,65,64.97
,,0,2026-09-13T13:41:21.783Z,2026-09-14T13:41:21.783Z,2026-09-14T12:23:21.783Z,telemetry,boiler_01,12,5,54.99,2844,65,64.99
,,0,2026-09-13T13:41:21.783Z,2026-09-14T13:41:21.783Z,2026-09-14T12:23:51.783Z,telemetry,boiler_01,12,5,55,2845,65,65
,,0,2026-09-13T13:41:21.783Z,2026-09-14T13:41:21.783Z,2026-09-14T12:24:21.783Z,telemetry,boiler_01,12,5,55,2846,65,65
,,0,2026-09-13T13:41:21.783Z,2026-09-14T13:41:21.783Z,2026-09-14T12:24:51.783Z,telemetry,boiler_01,12,5,55,2847,65,65
,,0,2026-09-13T13:41:21.783Z,2026-09-14T13:41:21.783Z,2026-09-14T12:25:21.784Z,telemetry,boiler_01,12,5,55,2848,65,65
,,0,2026-09-13T13:41:21.783Z,2026-09-14T13:41:21.783Z,2026-09-14T12:25:51.783Z,telemetry,boiler_01,12,5,55,2849,65,65
,,0,2026-09-13T13:41:21.783Z,2026-09-14T13:41:21.783Z,2026-09-14T12:26:21.783Z,telemetry,boiler_01,12,5,55,2850,65,65
,,0,2026-09-13T13:41:21.783Z,2026-09-14T13:41:21.783Z,2026-09-14T12:26:51.783Z,telemetry,boiler_01,12,5,55,2851,65,65
,,0,2026-09-13T13:41:21.783Z,2026-09-14T13:41:21.783Z,2026-09-14T12:27:21.783Z,telemetry,boiler_01,12,5,55,2852,65,65
,,0,2026-09-13T13:41:21.783Z,2026-09-14T13:41:21.783Z,2026-09-14T12:27:51.783Z,telemetry,boiler_01,12,5,55,2853,65,65
,,0,2026-09-13T13:41:21.783Z,2026-09-14T13:41:21.783Z,2026-09-14T12:28:21.783Z,telemetry,boiler_01,12,5,55,2854,65,65
,,0,2026-09-13T13:41:21.783Z,2026-09-14T13:41:21.783Z,2026-09-14T12:28:51.783Z,telemetry,boiler_01,12,5,55,2855,65,65
,,0,2026-09-13T13:41:21.783Z,2026-09-14T13:41:21.783Z,2026-09-14T12:29:21.783Z,telemetry,boiler_01,12,5,55,2856,65,65
,,0,2026-09-13T13:41:21.783Z,2026-09-14T13:41:21.783Z,2026-09-14T12:29:51.783Z,telemetry,boiler_01,12,5,55,2857,65,65
,,0,2026-09-13T13:41:21.783Z,2026-09-14T13:41:21.783Z,2026-09-14T12:30:21.783Z,telemetry,boiler_01,12,0,53.45,2858,65,63.45
,,0,2026-09-13T13:41:21.783Z,2026-09-14T13:41:21.783Z,2026-09-14T12:30:51.783Z,telemetry,boiler_01,12,0,51.33,2859,65,61.33
,,0,2026-09-13T13:41:21.783Z,2026-09-14T13:41:21.783Z,2026-09-14T12:31:21.783Z,telemetry,boiler_01,12,0,49.32,2860,65,59.32
,,0,2026-09-13T13:41:21.783Z,2026-09-14T13:41:21.783Z,2026-09-14T12:31:51.783Z,telemetry,boiler_01,12,0,47.4,2861,65,57.4
,,0,2026-09-13T13:41:21.783Z,2026-09-14T13:41:21.783Z,2026-09-14T12:32:21.783Z,telemetry,boiler_01,12,0,45.58,2862,65,55.58
,,0,2026-09-13T13:41:21.783Z,2026-09-14T13:41:21.783Z,2026-09-14T12:32:51.783Z,telemetry,boiler_01,12,0,43.84,2863,65,53.84
,,0,2026-09-13T13:41:21.783Z,2026-09-14T13:41:21.783Z,2026-09-14T12:33:21.783Z,telemetry,boiler_01,12,0,42.19,2864,65,52.19
,,0,2026-09-13T13:41:21.783Z,2026-09-14T13:41:21.783Z,2026-09-14T12:33:51.783Z,telemetry,boiler_01,12,0,40.62,2865,65,50.62
,,0,2026-09-13T13:41:21.783Z,2026-09-14T13:41:21.783Z,2026-09-14T12:34:21.783Z,telemetry,boiler_01,12,0,39.13,2866,65,49.13
,,0,2026-09-13T13:41:21.783Z,2026-09-14T13:41:21.783Z,2026-09-14T12:34:51.783Z,telemetry,boiler_01,12,0,37.71,2867,65,47.71
,,0,2026-09-13T13:41:21.783Z,2026-09-14T13:41:21.783Z,2026-09-14T12:35:21.783Z,telemetry,boiler_01,12,0,36.36,2868,65,46.36
,,0,2026-09-13T13:41:21.783Z,2026-09-14T13:41:21.783Z,2026-09-14T12:35:51.783Z,telemetry,boiler_01,12,0,35.07,2869,65,45.07
,,0,2026-09-13T13:41:21.783Z,2026-09-14T13:41:21.783Z,2026-09-14T12:36:21.783Z,telemetry,boiler_01,12,0,33.85,2870,65,43.85
,,0,2026-09-13T13:41:21.783Z,2026-09-14T13:41:21.783Z,2026-09-14T12:36:51.783Z,telemetry,boiler_01,12,0,32.68,2871,65,42.68
,,0,2026-09-13T13:41:21.783Z,2026-09-14T13:41:21.783Z,2026-09-14T12:37:21.783Z,telemetry,boiler_01,12,0,31.58,2872,65,41.58
,,0,2026-09-13T13:41:21.783Z,2026-09-14T13:41:21.783Z,2026-09-14T12:37:51.783Z,telemetry,boiler_01,12,0,30.53,2873,65,40.53
,,0,2026-09-13T13:41:21.783Z,2026-09-14T13:41:21.783Z,2026-09-14T12:38:21.783Z,telemetry,boiler_01,12,0,29.52,2874,65,39.52
,,0,2026-09-13T13:41:21.783Z,2026-09-14T13:41:21.783Z,2026-09-14T12:38:51.783Z,telemetry,boiler_01,12,0,28.57,2875,65,38.57
,,0,2026-09-13T13:41:21.783Z,2026-09-14T13:41:21.783Z,2026-09-14T12:39:21.783Z,telemetry,boiler_01,12,0,27.67,2876,65,37.67
,,0,2026-09-13T13:41:21.783Z,2026-09-14T13:41:21.783Z,2026-09-14T12:39:51.783Z,telemetry,boiler_01,12,0,26.8,2877,65,36.8
,,0,2026-09-13T13:41:21.783Z,2026-09-14T13:41:21.783Z,2026-09-14T12:40:21.783Z,telemetry,boiler_01,12,5,42.72,2878,65,52.72
,,0,2026-09-13T13:41:21.783Z,2026-09-14T13:41:21.783Z,2026-09-14T12:40:51.783Z,telemetry,boiler_01,12,5,51.3,2879,65,61.3
,,0,2026-09-13T13:41:21.783Z,2026-09-14T13:41:21.783Z,2026-09-14T12:41:21.783Z,telemetry,boiler_01,12,5,53.89,2880,65,63.89
,,0,2026-09-13T13:41:21.783Z,2026-09-14T13:41:21.783Z,2026-09-14T12:41:51.783Z,telemetry,boiler_01,12,5,54.66,2881,65,64.66
,,0,2026-09-13T13:41:21.783Z,2026-09-14T13:41:21.783Z,2026-09-14T12:42:21.783Z,telemetry,boiler_01,12,5,54.9,2882,65,64.9
,,0,2026-09-13T13:41:21.783Z,2026-09-14T13:41:21.783Z,2026-09-14T12:42:51.783Z,telemetry,boiler_01,12,5,54.97,2883,65,64.97
,,0,2026-09-13T13:41:21.783Z,2026-09-14T13:41:21.783Z,2026-09-14T12:43:21.783Z,telemetry,boiler_01,12,5,54.99,2884,65,64.99
,,0,2026-09-13T13:41:21.783Z,2026-09-14T13:41:21.783Z,2026-09-14T12:43:51.783Z,telemetry,boiler_01,12,5,55,2885,65,65
,,0,2026-09-13T13:41:21.783Z,2026-09-14T13:41:21.783Z,2026-09-14T12:44:21.783Z,telemetry,boiler_01,12,5,55,2886,65,65
,,0,2026-09-13T13:41:21.783Z,2026-09-14T13:41:21.783Z,2026-09-14T12:44:51.783Z,telemetry,boiler_01,12,5,55,2887,65,65
,,0,2026-09-13T13:41:21.783Z,2026-09-14T13:41:21.783Z,2026-09-14T12:45:21.783Z,telemetry,boiler_01,12,5,55,2888,65,65
,,0,2026-09-13T13:41:21.783Z,2026-09-14T13:41:21.783Z,2026-09-14T12:45:51.783Z,telemetry,boiler_01,12,5,55,2889,65,65
,,0,2026-09-13T13:41:21.783Z,2026-09-14T13:41:21.783Z,2026-09-14T12:46:21.783Z,telemetry,boiler_01,12,5,55,2890,65,65
,,0,2026-09-13T13:41:21.783Z,2026-09-14T13:41:21.783Z,2026-09-14T12:46:51.783Z,telemetry,boiler_01,12,5,55,2891,65,65
,,0,2026-09-13T13:41:21.783Z,2026-09-14T13:41:21.783Z,2026-09-14T12:47:21.783Z,telemetry,boiler_01,12,5,55,2892,65,65
,,0,2026-09-13T13:41:21.783Z,2026-09-14T13:41:21.783Z,2026-09-14T12:47:51.783Z,telemetry,boiler_01,12,5,55,2893,65,65
,,0,2026-09-13T13:41:21.783Z,2026-09-14T13:41:21.783Z,2026-09-14T12:48:21.783Z,telemetry,boiler_01,12,5,55,2894,65,65
,,0,2026-09-13T13:41:21.783Z,2026-09-14T13:41:21.783Z,2026-09-14T12:48:51.783Z,telemetry,boiler_01,12,5,55,2895,65,65
,,0,2026-09-13T13:41:21.783Z,2026-09-14T13:41:21.783Z,2026-09-14T12:49:21.783Z,telemetry,boiler_01,12,5,55,2896,65,65
,,0,2026-09-13T13:41:21.783Z,2026-09-14T13:41:21.783Z,2026-09-14T12:49:51.783Z,telemetry,boiler_01,12,5,55,2897,65,65
,,0,2026-09-13T13:41:21.783Z,2026-09-14T13:41:21.783Z,2026-09-14T12:50:21.783Z,telemetry,boiler_01,12,0,53.45,2898,65,63.45
,,0,2026-09-13T13:41:21.783Z,2026-09-14T13:41:21.783Z,2026-09-14T12:50:51.783Z,telemetry,boiler_01,12,0,51.33,2899,65,61.33
,,0,2026-09-13T13:41:21.783Z,2026-09-14T13:41:21.783Z,2026-09-14T12:51:21.783Z,telemetry,boiler_01,12,0,49.32,2900,65,59.32
,,0,2026-09-13T13:41:21.783Z,2026-09-14T13:41:21.783Z,2026-09-14T12:51:51.783Z,telemetry,boiler_01,12,0,47.4,2901,65,57.4
,,0,2026-09-13T13:41:21.783Z,2026-09-14T13:41:21.783Z,2026-09-14T12:52:21.783Z,telemetry,boiler_01,12,0,45.58,2902,65,55.58
,,0,2026-09-13T13:41:21.783Z,2026-09-14T13:41:21.783Z,2026-09-14T12:52:51.783Z,telemetry,boiler_01,12,0,43.84,2903,65,53.84
,,0,2026-09-13T13:41:21.783Z,2026-09-14T13:41:21.783Z,2026-09-14T12:53:21.783Z,telemetry,boiler_01,12,0,42.19,2904,65,52.19
,,0,2026-09-13T13:41:21.783Z,2026-09-14T13:41:21.783Z,2026-09-14T12:53:51.783Z,telemetry,boiler_01,12,0,40.62,2905,65,50.62
,,0,2026-09-13T13:41:21.783Z,2026-09-14T13:41:21.783Z,2026-09-14T12:54:21.783Z,telemetry,boiler_01,12,0,39.13,2906,65,49.13
,,0,2026-09-13T13:41:21.783Z,2026-09-14T13:41:21.783Z,2026-09-14T12:54:51.783Z,telemetry,boiler_01,12,0,37.71,2907,65,47.71
,,0,2026-09-13T13:41:21.783Z,2026-09-14T13:41:21.783Z,2026-09-14T12:55:21.783Z,telemetry,boiler_01,12,0,36.36,2908,65,46.36
,,0,2026-09-13T13:41:21.783Z,2026-09-14T13:41:21.783Z,2026-09-14T12:55:51.783Z,telemetry,boiler_01,12,0,35.07,2909,65,45.07
,,0,2026-09-13T13:41:21.783Z,2026-09-14T13:41:21.783Z,2026-09-14T12:56:21.783Z,telemetry,boiler_01,12,0,33.85,2910,65,43.85
,,0,2026-09-13T13:41:21.783Z,2026-09-14T13:41:21.783Z,2026-09-14T12:56:51.783Z,telemetry,boiler_01,12,0,32.68,2911,65,42.68
,,0,2026-09-13T13:41:21.783Z,2026-09-14T13:41:21.783Z,2026-09-14T12:57:21.783Z,telemetry,boiler_01,12,0,31.58,2912,65,41.58
,,0,2026-09-13T13:41:21.783Z,2026-09-14T13:41:21.783Z,2026-09-14T12:57:51.783Z,telemetry,boiler_01,12,0,30.53,2913,65,40.53
,,0,2026-09-13T13:41:21.783Z,2026-09-14T13:41:21.783Z,2026-09-14T12:58:21.783Z,telemetry,boiler_01,12,0,29.52,2914,65,39.52
,,0,2026-09-13T13:41:21.783Z,2026-09-14T13:41:21.783Z,2026-09-14T12:58:51.783Z,telemetry,boiler_01,12,0,28.57,2915,65,38.57
,,0,2026-09-13T13:41:21.783Z,2026-09-14T13:41:21.783Z,2026-09-14T12:59:21.783Z,telemetry,boiler_01,12,0,27.67,2916,65,37.67
,,0,2026-09-13T13:41:21.783Z,2026-09-14T13:41:21.783Z,2026-09-14T12:59:51.783Z,telemetry,boiler_01,12,0,26.8,2917,65,36.8
,,0,2026-09-13T13:41:21.783Z,2026-09-14T13:41:21.783Z,2026-09-14T13:00:21.783Z,telemetry,boiler_01,12,5,42.72,2918,65,52.72
,,0,2026-09-13T13:41:21.783Z,2026-09-14T13:41:21.783Z,2026-09-14T13:00:51.783Z,telemetry,boiler_01,12,5,51.3,2919,65,61.3
,,0,2026-09-13T13:41:21.783Z,2026-09-14T13:41:21.783Z,2026-09-14T13:01:21.784Z,telemetry,boiler_01,12,5,53.89,2920,65,63.89
,,0,2026-09-13T13:41:21.783Z,2026-09-14T13:41:21.783Z,2026-09-14T13:01:51.783Z,telemetry,boiler_01,12,5,54.66,2921,65,64.66
,,0,2026-09-13T13:41:21.783Z,2026-09-14T13:41:21.783Z,2026-09-14T13:02:21.783Z,telemetry,boiler_01,12,5,54.9,2922,65,64.9
,,0,2026-09-13T13:41:21.783Z,2026-09-14T13:41:21.783Z,2026-09-14T13:02:51.783Z,telemetry,boiler_01,12,5,54.97,2923,65,64.97
,,0,2026-09-13T13:41:21.783Z,2026-09-14T13:41:21.783Z,2026-09-14T13:03:21.783Z,telemetry,boiler_01,12,5,54.99,2924,65,64.99
,,0,2026-09-13T13:41:21.783Z,2026-09-14T13:41:21.783Z,2026-09-14T13:03:51.783Z,telemetry,boiler_01,12,5,55,2925,65,65
,,0,2026-09-13T13:41:21.783Z,2026-09-14T13:41:21.783Z,2026-09-14T13:04:21.783Z,telemetry,boiler_01,12,5,55,2926,65,65
,,0,2026-09-13T13:41:21.783Z,2026-09-14T13:41:21.783Z,2026-09-14T13:04:51.783Z,telemetry,boiler_01,12,5,55,2927,65,65
,,0,2026-09-13T13:41:21.783Z,2026-09-14T13:41:21.783Z,2026-09-14T13:05:21.783Z,telemetry,boiler_01,12,5,55,2928,65,65
,,0,2026-09-13T13:41:21.783Z,2026-09-14T13:41:21.783Z,2026-09-14T13:05:51.783Z,telemetry,boiler_01,12,5,55,2929,65,65
,,0,2026-09-13T13:41:21.783Z,2026-09-14T13:41:21.783Z,2026-09-14T13:06:21.783Z,telemetry,boiler_01,12,5,55,2930,65,65
,,0,2026-09-13T13:41:21.783Z,2026-09-14T13:41:21.783Z,2026-09-14T13:06:51.783Z,telemetry,boiler_01,12,5,55,2931,65,65
,,0,2026-09-13T13:41:21.783Z,2026-09-14T13:41:21.783Z,2026-09-14T13:07:21.783Z,telemetry,boiler_01,12,5,55,2932,65,65
,,0,2026-09-13T13:41:21.783Z,2026-09-14T13:41:21.783Z,2026-09-14T13:07:51.783Z,telemetry,boiler_01,12,5,55,2933,65,65
,,0,2026-09-13T13:41:21.783Z,2026-09-14T13:41:21.783Z,2026-09-14T13:08:21.783Z,telemetry,boiler_01,12,5,55,2934,65,65
,,0,2026-09-13T13:41:21.783Z,2026-09-14T13:41:21.783Z,2026-09-14T13:08:51.783Z,telemetry,boiler_01,12,5,55,2935,65,65
,,0,2026-09-13T13:41:21.783Z,2026-09-14T13:41:21.783Z,2026-09-14T13:09:21.783Z,telemetry,boiler_01,12,5,55,2936,65,65
,,0,2026-09-13T13:41:21.783Z,2026-09-14T13:41:21.783Z,2026-09-14T13:09:51.783Z,telemetry,boiler_01,12,5,55,2937,65,65
,,0,2026-09-13T13:41:21.783Z,2026-09-14T13:41:21.783Z,2026-09-14T13:10:21.783Z,telemetry,boiler_01,12,0,53.45,2938,65,63.45
,,0,2026-09-13T13:41:21.783Z,2026-09-14T13:41:21.783Z,2026-09-14T13:10:51.783Z,telemetry,boiler_01,12,0,51.33,2939,65,61.33
,,0,2026-09-13T13:41:21.783Z,2026-09-14T13:41:21.783Z,2026-09-14T13:11:21.783Z,telemetry,boiler_01,12,0,49.32,2940,65,59.32
,,0,2026-09-13T13:41:21.783Z,2026-09-14T13:41:21.783Z,2026-09-14T13:11:51.783Z,telemetry,boiler_01,12,0,47.4,2941,65,57.4
,,0,2026-09-13T13:41:21.783Z,2026-09-14T13:41:21.783Z,2026-09-14T13:12:21.783Z,telemetry,boiler_01,12,0,45.58,2942,65,55.58
,,0,2026-09-13T13:41:21.783Z,2026-09-14T13:41:21.783Z,2026-09-14T13:12:51.783Z,telemetry,boiler_01,12,0,43.84,2943,65,53.84
,,0,2026-09-13T13:41:21.783Z,2026-09-14T13:41:21.783Z,2026-09-14T13:13:21.783Z,telemetry,boiler_01,12,0,42.19,2944,65,52.19
,,0,2026-09-13T13:41:21.783Z,2026-09-14T13:41:21.783Z,2026-09-14T13:13:51.783Z,telemetry,boiler_01,12,0,40.62,2945,65,50.62
,,0,2026-09-13T13:41:21.783Z,2026-09-14T13:41:21.783Z,2026-09-14T13:14:21.783Z,telemetry,boiler_01,12,0,39.13,2946,65,49.13
,,0,2026-09-13T13:41:21.783Z,2026-09-14T13:41:21.783Z,2026-09-14T13:14:51.783Z,telemetry,boiler_01,12,0,37.71,2947,65,47.71
,,0,2026-09-13T13:41:21.783Z,2026-09-14T13:41:21.783Z,2026-09-14T13:15:21.783Z,telemetry,boiler_01,12,0,36.36,2948,65,46.36
,,0,2026-09-13T13:41:21.783Z,2026-09-14T13:41:21.783Z,2026-09-14T13:15:51.783Z,telemetry,boiler_01,12,0,35.07,2949,65,45.07
,,0,2026-09-13T13:41:21.783Z,2026-09-14T13:41:21.783Z,2026-09-14T13:16:21.783Z,telemetry,boiler_01,12,0,33.85,2950,65,43.85
,,0,2026-09-13T13:41:21.783Z,2026-09-14T13:41:21.783Z,2026-09-14T13:16:51.783Z,telemetry,boiler_01,12,0,32.68,2951,65,42.68
,,0,2026-09-13T13:41:21.783Z,2026-09-14T13:41:21.783Z,2026-09-14T13:17:21.783Z,telemetry,boiler_01,12,0,31.58,2952,65,41.58
,,0,2026-09-13T13:41:21.783Z,2026-09-14T13:41:21.783Z,2026-09-14T13:17:51.783Z,telemetry,boiler_01,12,0,30.53,2953,65,40.53
,,0,2026-09-13T13:41:21.783Z,2026-09-14T13:41:21.783Z,2026-09-14T13:18:21.783Z,telemetry,boiler_01,12,0,29.52,2954,65,39.52
,,0,2026-09-13T13:41:21.783Z,2026-09-14T13:41:21.783Z,2026-09-14T13:18:51.783Z,telemetry,boiler_01,12,0,28.57,2955,65,38.57
,,0,2026-09-13T13:41:21.783Z,2026-09-14T13:41:21.783Z,2026-09-14T13:19:21.783Z,telemetry,boiler_01,12,0,27.67,2956,65,37.67
,,0,2026-09-13T13:41:21.783Z,2026-09-14T13:41:21.783Z,2026-09-14T13:19:51.783Z,telemetry,boiler_01,12,0,26.8,2957,65,36.8
,,0,2026-09-13T13:41:21.783Z,2026-09-14T13:41:21.783Z,2026-09-14T13:20:21.783Z,telemetry,boiler_01,12,5,42.72,2958,65,52.72
,,0,2026-09-13T13:41:21.783Z,2026-09-14T13:41:21.783Z,2026-09-14T13:20:51.783Z,telemetry,boiler_01,12,5,51.3,2959,65,61.3
,,0,2026-09-13T13:41:21.783Z,2026-09-14T13:41:21.783Z,2026-09-14T13:21:21.783Z,telemetry,boiler_01,12,5,53.89,2960,65,63.89
,,0,2026-09-13T13:41:21.783Z,2026-09-14T13:41:21.783Z,2026-09-14T13:21:51.783Z,telemetry,boiler_01,12,5,54.66,2961,65,64.66
,,0,2026-09-13T13:41:21.783Z,2026-09-14T13:41:21.783Z,2026-09-14T13:22:21.783Z,telemetry,boiler_01,12,5,54.9,2962,65,64.9
,,0,2026-09-13T13:41:21.783Z,2026-09-14T13:41:21.783Z,2026-09-14T13:22:51.783Z,telemetry,boiler_01,12,5,54.97,2963,65,64.97
,,0,2026-09-13T13:41:21.783Z,2026-09-14T13:41:21.783Z,2026-09-14T13:23:21.783Z,telemetry,boiler_01,12,5,54.99,2964,65,64.99
,,0,2026-09-13T13:41:21.783Z,2026-09-14T13:41:21.783Z,2026-09-14T13:23:51.783Z,telemetry,boiler_01,12,5,55,2965,65,65
,,0,2026-09-13T13:41:21.783Z,2026-09-14T13:41:21.783Z,2026-09-14T13:24:21.783Z,telemetry,boiler_01,12,5,55,2966,65,65
,,0,2026-09-13T13:41:21.783Z,2026-09-14T13:41:21.783Z,2026-09-14T13:24:51.783Z,telemetry,boiler_01,12,5,55,2967,65,65
,,0,2026-09-13T13:41:21.783Z,2026-09-14T13:41:21.783Z,2026-09-14T13:25:21.783Z,telemetry,boiler_01,12,5,55,2968,65,65
,,0,2026-09-13T13:41:21.783Z,2026-09-14T13:41:21.783Z,2026-09-14T13:25:51.783Z,telemetry,boiler_01,12,5,55,2969,65,65
,,0,2026-09-13T13:41:21.783Z,2026-09-14T13:41:21.783Z,2026-09-14T13:26:21.783Z,telemetry,boiler_01,12,5,55,2970,65,65
,,0,2026-09-13T13:41:21.783Z,2026-09-14T13:41:21.783Z,2026-09-14T13:26:51.783Z,telemetry,boiler_01,12,5,55,2971,65,65
,,0,2026-09-13T13:41:21.783Z,2026-09-14T13:41:21.783Z,2026-09-14T13:27:21.783Z,telemetry,boiler_01,12,5,55,2972,65,65
,,0,2026-09-13T13:41:21.783Z,2026-09-14T13:41:21.783Z,2026-09-14T13:27:51.783Z,telemetry,boiler_01,12,5,55,2973,65,65
,,0,2026-09-13T13:41:21.783Z,2026-09-14T13:41:21.783Z,2026-09-14T13:28:21.783Z,telemetry,boiler_01,12,5,55,2974,65,65
,,0,2026-09-13T13:41:21.783Z,2026-09-14T13:41:21.783Z,2026-09-14T13:28:51.783Z,telemetry,boiler_01,12,5,55,2975,65,65
,,0,2026-09-13T13:41:21.783Z,2026-09-14T13:41:21.783Z,2026-09-14T13:29:21.783Z,telemetry,boiler_01,12,5,55,2976,65,65
,,0,2026-09-13T13:41:21.783Z,2026-09-14T13:41:21.783Z,2026-09-14T13:29:51.783Z,telemetry,boiler_01,12,5,55,2977,65,65
,,0,2026-09-13T13:41:21.783Z,2026-09-14T13:41:21.783Z,2026-09-14T13:30:21.783Z,telemetry,boiler_01,12,0,53.45,2978,65,63.45
,,0,2026-09-13T13:41:21.783Z,2026-09-14T13:41:21.783Z,2026-09-14T13:30:51.783Z,telemetry,boiler_01,12,0,51.33,2979,65,61.33
,,0,2026-09-13T13:41:21.783Z,2026-09-14T13:41:21.783Z,2026-09-14T13:31:21.783Z,telemetry,boiler_01,12,0,49.32,2980,65,59.32
,,0,2026-09-13T13:41:21.783Z,2026-09-14T13:41:21.783Z,2026-09-14T13:31:51.783Z,telemetry,boiler_01,12,0,47.4,2981,65,57.4
,,0,2026-09-13T13:41:21.783Z,2026-09-14T13:41:21.783Z,2026-09-14T13:32:21.783Z,telemetry,boiler_01,12,0,45.58,2982,65,55.58
,,0,2026-09-13T13:41:21.783Z,2026-09-14T13:41:21.783Z,2026-09-14T13:32:51.783Z,telemetry,boiler_01,12,0,43.84,2983,65,53.84
,,0,2026-09-13T13:41:21.783Z,2026-09-14T13:41:21.783Z,2026-09-14T13:33:21.783Z,telemetry,boiler_01,12,0,42.19,2984,65,52.19
,,0,2026-09-13T13:41:21.783Z,2026-09-14T13:41:21.783Z,2026-09-14T13:33:51.783Z,telemetry,boiler_01,12,0,40.62,2985,65,50.62
,,0,2026-09-13T13:41:21.783Z,2026-09-14T13:41:21.783Z,2026-09-14T13:34:21.783Z,telemetry,boiler_01,12,0,39.13,2986,65,49.13
,,0,2026-09-13T13:41:21.783Z,2026-09-14T13:41:21.783Z,2026-09-14T13:34:51.783Z,telemetry,boiler_01,12,0,37.71,2987,65,47.71
,,0,2026-09-13T13:41:21.783Z,2026-09-14T13:41:21.783Z,2026-09-14T13:35:21.783Z,telemetry,boiler_01,12,0,36.36,2988,65,46.36
,,0,2026-09-13T13:41:21.783Z,2026-09-14T13:41:21.783Z,2026-09-14T13:35:51.783Z,telemetry,boiler_01,12,0,35.07,2989,65,45.07
,,0,2026-09-13T13:41:21.783Z,2026-09-14T13:41:21.783Z,2026-09-14T13:36:21.783Z,telemetry,boiler_01,12,0,33.85,2990,65,43.85
,,0,2026-09-13T13:41:21.783Z,2026-09-14T13:41:21.783Z,2026-09-14T13:36:51.783Z,telemetry,boiler_01,12,0,32.68,2991,65,42.68
,,0,2026-09-13T13:41:21.783Z,2026-09-14T13:41:21.783Z,2026-09-14T13:37:21.783Z,telemetry,boiler_01,12,0,31.58,2992,65,41.58
,,0,2026-09-13T13:41:21.783Z,2026-09-14T13:41:21.783Z,2026-09-14T13:37:51.783Z,telemetry,boiler_01,12,0,30.53,2993,65,40.53
,,0,2026-09-13T13:41:21.783Z,2026-09-14T13:41:21.783Z,2026-09-14T13:38:21.783Z,telemetry,boiler_01,12,0,29.52,2994,65,39.52
,,0,2026-09-13T13:41:21.783Z,2026-09-14T13:41:21.783Z,2026-09-14T13:38:51.783Z,telemetry,boiler_01,12,0,28.57,2995,65,38.57
,,0,2026-09-13T13:41:21.783Z,2026-09-14T13:41:21.783Z,2026-09-14T13:39:21.783Z,telemetry,boiler_01,12,0,27.67,2996,65,37.67
,,0,2026-09-13T13:41:21.783Z,2026-09-14T13:41:21.783Z,2026-09-14T13:39:51.783Z,telemetry,boiler_01,12,0,26.8,2997,65,36.8
,,0,2026-09-13T13:41:21.783Z,2026-09-14T13:41:21.783Z,2026-09-14T13:40:21.783Z,telemetry,boiler_01,12,5,42.72,2998,65,52.72
,,0,2026-09-13T13:41:21.783Z,2026-09-14T13:41:21.783Z,2026-09-14T13:40:51.783Z,telemetry,boiler_01,12,5,51.3,2999,65,61.3

