2026-09-13T12:41:32.998630024Z logger=settings t=2026-09-13T12:41:32.998405951Z level=info msg="Starting Grafana" version=11.6.6 commit=cfda836b8ea47cce107455099c35b58643d0d766 branch=release-11.6.6 compiled=2026-09-13T12:41:32Z
2026-09-13T12:41:33.000248742Z logger=settings t=2026-09-13T12:41:32.999133654Z level=info msg="Config loaded from" file=/usr/share/grafana/conf/defaults.ini
2026-09-13T12:41:33.000271036Z logger=settings t=2026-09-13T12:41:32.999153259Z level=info msg="Config loaded from" file=/etc/grafana/grafana.ini
2026-09-13T12:41:33.000275070Z logger=settings t=2026-09-13T12:41:32.999159618Z level=info msg="Config overridden from command line" arg="default.paths.data=/var/lib/grafana"
2026-09-13T12:41:33.000278612Z logger=settings t=2026-09-13T12:41:32.999164918Z level=info msg="Config overridden from command line" arg="default.paths.logs=/var/log/grafana"
2026-09-13T12:41:33.000282339Z logger=settings t=2026-09-13T12:41:32.999170347Z level=info msg="Config overridden from command line" arg="default.paths.plugins=/var/lib/grafana/plugins"
2026-09-13T12:41:33.000285506Z logger=settings t=2026-09-13T12:41:32.999176002Z level=info msg="Config overridden from command line" arg="default.paths.provisioning=/etc/grafana/provisioning"
2026-09-13T12:41:33.000288536Z logger=settings t=2026-09-13T12:41:32.999181922Z level=info msg="Config overridden from command line" arg="default.log.mode=console"
2026-09-13T12:41:33.000291665Z logger=settings t=2026-09-13T12:41:32.999188022Z level=info msg="Config overridden from Environment variable" var="GF_PATHS_DATA=/var/lib/grafana"
2026-09-13T12:41:33.000294740Z logger=settings t=2026-09-13T12:41:32.999216069Z level=info msg="Config overridden from Environment variable" var="GF_PATHS_LOGS=/var/log/grafana"
2026-09-13T12:41:33.000297969Z logger=settings t=2026-09-13T12:41:32.999224395Z level=info msg="Config overridden from Environment variable" var="GF_PATHS_PLUGINS=/var/lib/grafana/plugins"
2026-09-13T12:41:33.000301130Z logger=settings t=2026-09-13T12:41:32.999230419Z level=info msg="Config overridden from Environment variable" var="GF_PATHS_PROVISIONING=/etc/grafana/provisioning"
2026-09-13T12:41:33.000304932Z logger=settings t=2026-09-13T12:41:32.999235912Z level=info msg="Config overridden from Environment variable" var="GF_SECURITY_ADMIN_PASSWORD=*********"
2026-09-13T12:41:33.000308679Z logger=settings t=2026-09-13T12:41:32.999241037Z level=info msg="Config overridden from Environment variable" var="GF_USERS_ALLOW_SIGN_UP=false"
2026-09-13T12:41:33.000312341Z logger=settings t=2026-09-13T12:41:32.999246465Z level=info msg=Target target=[all]
2026-09-13T12:41:33.000316022Z logger=settings t=2026-09-13T12:41:32.999259902Z level=info msg="Path Home" path=/usr/share/grafana
2026-09-13T12:41:33.000319662Z logger=settings t=2026-09-13T12:41:32.99926563Z level=info msg="Path Data" path=/var/lib/grafana
2026-09-13T12:41:33.000322415Z logger=settings t=2026-09-13T12:41:32.999270766Z level=info msg="Path Logs" path=/var/log/grafana
2026-09-13T12:41:33.000325474Z logger=settings t=2026-09-13T12:41:32.999275756Z level=info msg="Path Plugins" path=/var/lib/grafana/plugins
2026-09-13T12:41:33.000328513Z logger=settings t=2026-09-13T12:41:32.999302827Z level=info msg="Path Provisioning" path=/etc/grafana/provisioning
2026-09-13T12:41:33.000343340Z logger=settings t=2026-09-13T12:41:32.999308303Z level=info msg="App mode production"
2026-09-13T12:41:33.000526167Z logger=featuremgmt t=2026-09-13T12:41:33.000390522Z level=info msg=FeatureToggles alertingUIOptimizeReducer=true alertingSimplifiedRouting=true recordedQueriesMulti=true logsInfiniteScrolling=true alertingNoDataErrorExecution=true promQLScope=true preinstallAutoUpdate=true alertingNotificationsStepMode=true dataplaneFrontendFallback=true lokiLabelNamesQueryApi=true kubernetesPlaylists=true newPDFRendering=true alertRuleRestore=true newFiltersUI=true alertingRuleVersionHistoryRestore=true reportingUseRawTimeRange=true logsExploreTableVisualisation=true azureMonitorEnableUserAuth=true formatString=true addFieldFromCalculationStatFunctions=true dashgpt=true alertingInsights=true cloudWatchNewLabelParsing=true angularDeprecationUI=true logsContextDatasourceUi=true lokiStructuredMetadata=true influxdbBackendMigration=true cloudWatchRoundUpEndTime=true alertingApiServer=true lokiQueryHints=true cloudWatchCrossAccountQuerying=true exploreMetrics=true ssoSettingsApi=true pinNavItems=true userStorageAPI=true nestedFolders=true accessActionSets=true tlsMemcached=true groupToNestedTableTransformation=true awsAsyncQueryCaching=true prometheusAzureOverrideAudience=true annotationPermissionUpdate=true logRowsPopoverMenu=true useSessionStorageForRedirection=true publicDashboardsScene=true dashboardSceneSolo=true panelMonitoring=true unifiedRequestLog=true dashboardScene=true lokiQuerySplitting=true onPremToCloudMigrations=true ssoSettingsSAML=true correlations=true newDashboardSharingComponent=true transformationsRedesign=true recoveryThreshold=true alertingQueryAndExpressionsStepMode=true dashboardSceneForViewers=true
2026-09-13T12:41:33.000668527Z logger=sqlstore t=2026-09-13T12:41:33.000604181Z level=info msg="Connecting to DB" dbtype=sqlite3
2026-09-13T12:41:33.000787176Z logger=sqlstore t=2026-09-13T12:41:33.000718084Z level=info msg="Creating SQLite database file" path=/var/lib/grafana/grafana.db
2026-09-13T12:41:33.004387673Z logger=migrator t=2026-09-13T12:41:33.004266849Z level=info msg="Locking database"
2026-09-13T12:41:33.004419858Z logger=migrator t=2026-09-13T12:41:33.004302213Z level=info msg="Starting DB migrations"
2026-09-13T12:41:33.006276564Z logger=migrator t=2026-09-13T12:41:33.005844733Z level=info msg="Executing migration" id="create migration_log table"
2026-09-13T12:41:33.009523463Z logger=migrator t=2026-09-13T12:41:33.009314403Z level=info msg="Migration successfully executed" id="create migration_log table" duration=3.481343ms
2026-09-13T12:41:33.018043961Z logger=migrator t=2026-09-13T12:41:33.016853198Z level=info msg="Executing migration" id="create user table"
2026-09-13T12:41:33.018145478Z logger=migrator t=2026-09-13T12:41:33.018023732Z level=info msg="Migration successfully executed" id="create user table" duration=1.101457ms
2026-09-13T12:41:33.025815464Z logger=migrator t=2026-09-13T12:41:33.025612684Z level=info msg="Executing migration" id="add unique index user.login"
2026-09-13T12:41:33.027252635Z logger=migrator t=2026-09-13T12:41:33.027013172Z level=info msg="Migration successfully executed" id="add unique index user.login" duration=1.401219ms
2026-09-13T12:41:33.034660645Z logger=migrator t=2026-09-13T12:41:33.034462433Z level=info msg="Executing migration" id="add unique index user.email"
2026-09-13T12:41:33.035829776Z logger=migrator t=2026-09-13T12:41:33.0357012Z level=info msg="Migration successfully executed" id="add unique index user.email" duration=1.23991ms
2026-09-13T12:41:33.043600473Z logger=migrator t=2026-09-13T12:41:33.043454825Z level=info msg="Executing migration" id="drop index UQE_user_login - v1"
2026-09-13T12:41:33.045063357Z logger=migrator t=2026-09-13T12:41:33.044673526Z level=info msg="Migration successfully executed" id="drop index UQE_user_login - v1" duration=1.219229ms
2026-09-13T12:41:33.053014734Z logger=migrator t=2026-09-13T12:41:33.052835164Z level=info msg="Executing migration" id="drop index UQE_user_email - v1"
2026-09-13T12:41:33.054164961Z logger=migrator t=2026-09-13T12:41:33.054030839Z level=info msg="Migration successfully executed" id="drop index UQE_user_email - v1" duration=1.195268ms
2026-09-13T12:41:33.061243607Z logger=migrator t=2026-09-13T12:41:33.061064203Z level=info msg="Executing migration" id="Rename table user to user_v1 - v1"
2026-09-13T12:41:33.064528585Z logger=migrator t=2026-09-13T12:41:33.064374362Z level=info msg="Migration successfully executed" id="Rename table user to user_v1 - v1" duration=3.307271ms
2026-09-13T12:41:33.071659162Z logger=migrator t=2026-09-13T12:41:33.071481069Z level=info msg="Executing migration" id="create user table v2"
2026-09-13T12:41:33.072819935Z logger=migrator t=2026-09-13T12:41:33.072694453Z level=info msg="Migration successfully executed" id="create user table v2" duration=1.212641ms
2026-09-13T12:41:33.079974169Z logger=migrator t=2026-09-13T12:41:33.079793996Z level=info msg="Executing migration" id="create index UQE_user_login - v2"
2026-09-13T12:41:33.081082453Z logger=migrator t=2026-09-13T12:41:33.080962253Z level=info msg="Migration successfully executed" id="create index UQE_user_login - v2" duration=1.162523ms
2026-09-13T12:41:33.088083093Z logger=migrator t=2026-09-13T12:41:33.087912625Z level=info msg="Executing migration" id="create index UQE_user_email - v2"
2026-09-13T12:41:33.089160976Z logger=migrator t=2026-09-13T12:41:33.089016999Z level=info msg="Migration successfully executed" id="create index UQE_user_email - v2" duration=1.10456ms
2026-09-13T12:41:33.098749620Z logger=migrator t=2026-09-13T12:41:33.098451812Z level=info msg="Executing migration" id="copy data_source v1 to v2"
2026-09-13T12:41:33.101220087Z logger=migrator t=2026-09-13T12:41:33.09922893Z level=info msg="Migration successfully executed" id="copy data_source v1 to v2" duration=777.357µs
2026-09-13T12:41:33.108630941Z logger=migrator t=2026-09-13T12:41:33.108165641Z level=info msg="Executing migration" id="Drop old table user_v1"
2026-09-13T12:41:33.109142446Z logger=migrator t=2026-09-13T12:41:33.109019697Z level=info msg="Migration successfully executed" id="Drop old table user_v1" duration=857.931µs
2026-09-13T12:41:33.116351067Z logger=migrator t=2026-09-13T12:41:33.116157695Z level=info msg="Executing migration" id="Add column help_flags1 to user table"
2026-09-13T12:41:33.118165445Z logger=migrator t=2026-09-13T12:41:33.118004814Z level=info msg="Migration successfully executed" id="Add column help_flags1 to user table" duration=1.846669ms
2026-09-13T12:41:33.125566772Z logger=migrator t=2026-09-13T12:41:33.125413623Z level=info msg="Executing migration" id="Update user table charset"
2026-09-13T12:41:33.125803366Z logger=migrator t=2026-09-13T12:41:33.125729622Z level=info msg="Migration successfully executed" id="Update user table charset" duration=318.409µs
2026-09-13T12:41:33.132918063Z logger=migrator t=2026-09-13T12:41:33.13275416Z level=info msg="Executing migration" id="Add last_seen_at column to user"
2026-09-13T12:41:33.134630509Z logger=migrator t=2026-09-13T12:41:33.134430144Z level=info msg="Migration successfully executed" id="Add last_seen_at column to user" duration=1.676241ms
2026-09-13T12:41:33.141900687Z logger=migrator t=2026-09-13T12:41:33.141731489Z level=info msg="Executing migration" id="Add missing user data"
2026-09-13T12:41:33.142666819Z logger=migrator t=2026-09-13T12:41:33.142433276Z level=info msg="Migration successfully executed" id="Add missing user data" duration=702.639µs
2026-09-13T12:41:33.149769143Z logger=migrator t=2026-09-13T12:41:33.149616444Z level=info msg="Executing migration" id="Add is_disabled column to user"
2026-09-13T12:41:33.151526457Z logger=migrator t=2026-09-13T12:41:33.151391938Z level=info msg="Migration successfully executed" id="Add is_disabled column to user" duration=1.774666ms
2026-09-13T12:41:33.158738778Z logger=migrator t=2026-09-13T12:41:33.158582672Z level=info msg="Executing migration" id="Add index user.login/user.email"
2026-09-13T12:41:33.159946008Z logger=migrator t=2026-09-13T12:41:33.159822707Z level=info msg="Migration successfully executed" id="Add index user.login/user.email" duration=1.240424ms
2026-09-13T12:41:33.167805114Z logger=migrator t=2026-09-13T12:41:33.167599401Z level=info msg="Executing migration" id="Add is_service_account column to user"
2026-09-13T12:41:33.169526044Z logger=migrator t=2026-09-13T12:41:33.169371668Z level=info msg="Migration successfully executed" id="Add is_service_account column to user" duration=1.770726ms
2026-09-13T12:41:33.176748869Z logger=migrator t=2026-09-13T12:41:33.176543942Z level=info msg="Executing migration" id="Update is_service_account column to nullable"
2026-09-13T12:41:33.186028466Z logger=migrator t=2026-09-13T12:41:33.185840418Z level=info msg="Migration successfully executed" id="Update is_service_account column to nullable" duration=9.294384ms
2026-09-13T12:41:33.192996619Z logger=migrator t=2026-09-13T12:41:33.192861259Z level=info msg="Executing migration" id="Add uid column to user"
2026-09-13T12:41:33.194596281Z logger=migrator t=2026-09-13T12:41:33.194361331Z level=info msg="Migration successfully executed" id="Add uid column to user" duration=1.49974ms
2026-09-13T12:41:33.201548180Z logger=migrator t=2026-09-13T12:41:33.201384842Z level=info msg="Executing migration" id="Update uid column values for users"
2026-09-13T12:41:33.201873627Z logger=migrator t=2026-09-13T12:41:33.201787175Z level=info msg="Migration successfully executed" id="Update uid column values for users" duration=401.735µs
2026-09-13T12:41:33.209284447Z logger=migrator t=2026-09-13T12:41:33.209095887Z level=info msg="Executing migration" id="Add unique index user_uid"
2026-09-13T12:41:33.210759032Z logger=migrator t=2026-09-13T12:41:33.210597278Z level=info msg="Migration successfully executed" id="Add unique index user_uid" duration=1.500948ms
2026-09-13T12:41:33.217905520Z logger=migrator t=2026-09-13T12:41:33.217722742Z level=info msg="Executing migration" id="Add is_provisioned column to user"
2026-09-13T12:41:33.219409955Z logger=migrator t=2026-09-13T12:41:33.21927497Z level=info msg="Migration successfully executed" id="Add is_provisioned column to user" duration=1.552645ms
2026-09-13T12:41:33.226802377Z logger=migrator t=2026-09-13T12:41:33.226630988Z level=info msg="Executing migration" id="update login field with orgid to allow for multiple service accounts with same name across orgs"
2026-09-13T12:41:33.227348002Z logger=migrator t=2026-09-13T12:41:33.227227183Z level=info msg="Migration successfully executed" id="update login field with orgid to allow for multiple service accounts with same name across orgs" duration=595.801µs
2026-09-13T12:41:33.234482665Z logger=migrator t=2026-09-13T12:41:33.234349875Z level=info msg="Executing migration" id="update service accounts login field orgid to appear only once"
2026-09-13T12:41:33.235271384Z logger=migrator t=2026-09-13T12:41:33.235171189Z level=info msg="Migration successfully executed" id="update service accounts login field orgid to appear only once" duration=820.701µs
2026-09-13T12:41:33.243058226Z logger=migrator t=2026-09-13T12:41:33.242093753Z level=info msg="Executing migration" id="update login and email fields to lowercase"
2026-09-13T12:41:33.243075105Z logger=migrator t=2026-09-13T12:41:33.242599367Z level=info msg="Migration successfully executed" id="update login and email fields to lowercase" duration=506.356µs
2026-09-13T12:41:33.249645216Z logger=migrator t=2026-09-13T12:41:33.249495921Z level=info msg="Executing migration" id="update login and email fields to lowercase2"
2026-09-13T12:41:33.250424618Z logger=migrator t=2026-09-13T12:41:33.249956849Z level=info msg="Migration successfully executed" id="update login and email fields to lowercase2" duration=461.41µs
2026-09-13T12:41:33.257222602Z logger=migrator t=2026-09-13T12:41:33.257055125Z level=info msg="Executing migration" id="Add index on user.is_service_account and user.last_seen_at"
2026-09-13T12:41:33.258240113Z logger=migrator t=2026-09-13T12:41:33.258097481Z level=info msg="Migration successfully executed" id="Add index on user.is_service_account and user.last_seen_at" duration=1.037311ms
2026-09-13T12:41:33.265402339Z logger=migrator t=2026-09-13T12:41:33.265269964Z level=info msg="Executing migration" id="create temp user table v1-7"
2026-09-13T12:41:33.266330700Z logger=migrator t=2026-09-13T12:41:33.266187596Z level=info msg="Migration successfully executed" id="create temp user table v1-7" duration=917.863µs
2026-09-13T12:41:33.275872121Z logger=migrator t=2026-09-13T12:41:33.275279509Z level=info msg="Executing migration" id="create index IDX_temp_user_email - v1-7"
2026-09-13T12:41:33.276299504Z logger=migrator t=2026-09-13T12:41:33.27620011Z level=info msg="Migration successfully executed" id="create index IDX_temp_user_email - v1-7" duration=925.37µs
2026-09-13T12:41:33.283649791Z logger=migrator t=2026-09-13T12:41:33.283443472Z level=info msg="Executing migration" id="create index IDX_temp_user_org_id - v1-7"
2026-09-13T12:41:33.284693007Z logger=migrator t=2026-09-13T12:41:33.284548239Z level=info msg="Migration successfully executed" id="create index IDX_temp_user_org_id - v1-7" duration=1.106012ms
2026-09-13T12:41:33.291154732Z logger=migrator t=2026-09-13T12:41:33.290998624Z level=info msg="Executing migration" id="create index IDX_temp_user_code - v1-7"
2026-09-13T12:41:33.292191844Z logger=migrator t=2026-09-13T12:41:33.291862323Z level=info msg="Migration successfully executed" id="create index IDX_temp_user_code - v1-7" duration=864.857µs
2026-09-13T12:41:33.299273691Z logger=migrator t=2026-09-13T12:41:33.299106172Z level=info msg="Executing migration" id="create index IDX_temp_user_status - v1-7"
2026-09-13T12:41:33.300150844Z logger=migrator t=2026-09-13T12:41:33.299972055Z level=info msg="Migration successfully executed" id="create index IDX_temp_user_status - v1-7" duration=867.241µs
2026-09-13T12:41:33.307276648Z logger=migrator t=2026-09-13T12:41:33.307057112Z level=info msg="Executing migration" id="Update temp_user table charset"
2026-09-13T12:41:33.307332948Z logger=migrator t=2026-09-13T12:41:33.307142161Z level=info msg="Migration successfully executed" id="Update temp_user table charset" duration=87.621µs
2026-09-13T12:41:33.315063587Z logger=migrator t=2026-09-13T12:41:33.314697797Z level=info msg="Executing migration" id="drop index IDX_temp_user_email - v1"
2026-09-13T12:41:33.315829288Z logger=migrator t=2026-09-13T12:41:33.315671125Z level=info msg="Migration successfully executed" id="drop index IDX_temp_user_email - v1" duration=978.399µs
2026-09-13T12:41:33.322849353Z logger=migrator t=2026-09-13T12:41:33.322660887Z level=info msg="Executing migration" id="drop index IDX_temp_user_org_id - v1"
2026-09-13T12:41:33.323649500Z logger=migrator t=2026-09-13T12:41:33.323500311Z level=info msg="Migration successfully executed" id="drop index IDX_temp_user_org_id - v1" duration=838.858µs
2026-09-13T12:41:33.330439955Z logger=migrator t=2026-09-13T12:41:33.330223321Z level=info msg="Executing migration" id="drop index IDX_temp_user_code - v1"
2026-09-13T12:41:33.331594745Z logger=migrator t=2026-09-13T12:41:33.33143252Z level=info msg="Migration successfully executed" id="drop index IDX_temp_user_code - v1" duration=1.215522ms
2026-09-13T12:41:33.339790805Z logger=migrator t=2026-09-13T12:41:33.339635367Z level=info msg="Executing migration" id="drop index IDX_temp_user_status - v1"
2026-09-13T12:41:33.340845932Z logger=migrator t=2026-09-13T12:41:33.340730292Z level=info msg="Migration successfully executed" id="drop index IDX_temp_user_status - v1" duration=1.096401ms
2026-09-13T12:41:33.351423654Z logger=migrator t=2026-09-13T12:41:33.351259513Z level=info msg="Executing migration" id="Rename table temp_user to temp_user_tmp_qwerty - v1"
2026-09-13T12:41:33.354974791Z logger=migrator t=2026-09-13T12:41:33.354815184Z level=info msg="Migration successfully executed" id="Rename table temp_user to temp_user_tmp_qwerty - v1" duration=3.555317ms
2026-09-13T12:41:33.367597194Z logger=migrator t=2026-09-13T12:41:33.36741828Z level=info msg="Executing migration" id="create temp_user v2"
2026-09-13T12:41:33.368732964Z logger=migrator t=2026-09-13T12:41:33.368568319Z level=info msg="Migration successfully executed" id="create temp_user v2" duration=1.149423ms
2026-09-13T12:41:33.379867785Z logger=migrator t=2026-09-13T12:41:33.379404558Z level=info msg="Executing migration" id="create index IDX_temp_user_email - v2"
2026-09-13T12:41:33.380443424Z logger=migrator t=2026-09-13T12:41:33.380301464Z level=info msg="Migration successfully executed" id="create index IDX_temp_user_email - v2" duration=898.521µs
2026-09-13T12:41:33.390992459Z logger=migrator t=2026-09-13T12:41:33.390406867Z level=info msg="Executing migration" id="create index IDX_temp_user_org_id - v2"
2026-09-13T12:41:33.391677026Z logger=migrator t=2026-09-13T12:41:33.3914865Z level=info msg="Migration successfully executed" id="create index IDX_temp_user_org_id - v2" duration=1.078682ms
2026-09-13T12:41:33.406590907Z logger=migrator t=2026-09-13T12:41:33.405891389Z level=info msg="Executing migration" id="create index IDX_temp_user_code - v2"
2026-09-13T12:41:33.408328515Z logger=migrator t=2026-09-13T12:41:33.408193703Z level=info msg="Migration successfully executed" id="create index IDX_temp_user_code - v2" duration=2.301672ms
2026-09-13T12:41:33.416260241Z logger=migrator t=2026-09-13T12:41:33.416042813Z level=info msg="Executing migration" id="create index IDX_temp_user_status - v2"
2026-09-13T12:41:33.417186436Z logger=migrator t=2026-09-13T12:41:33.417016377Z level=info msg="Migration successfully executed" id="create index IDX_temp_user_status - v2" duration=975.46µs
2026-09-13T12:41:33.425477086Z logger=migrator t=2026-09-13T12:41:33.425313555Z level=info msg="Executing migration" id="copy temp_user v1 to v2"
2026-09-13T12:41:33.426210934Z logger=migrator t=2026-09-13T12:41:33.425905556Z level=info msg="Migration successfully executed" id="copy temp_user v1 to v2" duration=591.931µs
2026-09-13T12:41:33.435162074Z logger=migrator t=2026-09-13T12:41:33.434989428Z level=info msg="Executing migration" id="drop temp_user_tmp_qwerty"
2026-09-13T12:41:33.435912492Z logger=migrator t=2026-09-13T12:41:33.435727632Z level=info msg="Migration successfully executed" id="drop temp_user_tmp_qwerty" duration=738.669µs
2026-09-13T12:41:33.443224205Z logger=migrator t=2026-09-13T12:41:33.442957298Z level=info msg="Executing migration" id="Set created for temp users that will otherwise prematurely expire"
2026-09-13T12:41:33.443673566Z logger=migrator t=2026-09-13T12:41:33.443532329Z level=info msg="Migration successfully executed" id="Set created for temp users that will otherwise prematurely expire" duration=575.054µs
2026-09-13T12:41:33.450760539Z logger=migrator t=2026-09-13T12:41:33.450435587Z level=info msg="Executing migration" id="create star table"
2026-09-13T12:41:33.451685458Z logger=migrator t=2026-09-13T12:41:33.451519058Z level=info msg="Migration successfully executed" id="create star table" duration=1.083386ms
2026-09-13T12:41:33.459039686Z logger=migrator t=2026-09-13T12:41:33.458855374Z level=info msg="Executing migration" id="add unique index star.user_id_dashboard_id"
2026-09-13T12:41:33.460042115Z logger=migrator t=2026-09-13T12:41:33.45988898Z level=info msg="Migration successfully executed" id="add unique index star.user_id_dashboard_id" duration=1.034106ms
2026-09-13T12:41:33.467213397Z logger=migrator t=2026-09-13T12:41:33.466989943Z level=info msg="Executing migration" id="Add column dashboard_uid in star"
2026-09-13T12:41:33.468745215Z logger=migrator t=2026-09-13T12:41:33.468602457Z level=info msg="Migration successfully executed" id="Add column dashboard_uid in star" duration=1.616849ms
2026-09-13T12:41:33.476023095Z logger=migrator t=2026-09-13T12:41:33.475844446Z level=info msg="Executing migration" id="Add column org_id in star"
2026-09-13T12:41:33.477576539Z logger=migrator t=2026-09-13T12:41:33.477449167Z level=info msg="Migration successfully executed" id="Add column org_id in star" duration=1.603464ms
2026-09-13T12:41:33.485279252Z logger=migrator t=2026-09-13T12:41:33.484383428Z level=info msg="Executing migration" id="Add column updated in star"
2026-09-13T12:41:33.486077223Z logger=migrator t=2026-09-13T12:41:33.485928176Z level=info msg="Migration successfully executed" id="Add column updated in star" duration=1.543617ms
2026-09-13T12:41:33.493346103Z logger=migrator t=2026-09-13T12:41:33.493057862Z level=info msg="Executing migration" id="add index in star table on dashboard_uid, org_id and user_id columns"
2026-09-13T12:41:33.494217024Z logger=migrator t=2026-09-13T12:41:33.494001441Z level=info msg="Migration successfully executed" id="add index in star table on dashboard_uid, org_id and user_id columns" duration=944.094µs
2026-09-13T12:41:33.501246655Z logger=migrator t=2026-09-13T12:41:33.501067623Z level=info msg="Executing migration" id="create org table v1"
2026-09-13T12:41:33.502082778Z logger=migrator t=2026-09-13T12:41:33.501942515Z level=info msg="Migration successfully executed" id="create org table v1" duration=876.603µs
2026-09-13T12:41:33.509296462Z logger=migrator t=2026-09-13T12:41:33.509057057Z level=info msg="Executing migration" id="create index UQE_org_name - v1"
2026-09-13T12:41:33.510043577Z logger=migrator t=2026-09-13T12:41:33.509885719Z level=info msg="Migration successfully executed" id="create index UQE_org_name - v1" duration=829.204µs
2026-09-13T12:41:33.517033596Z logger=migrator t=2026-09-13T12:41:33.516878549Z level=info msg="Executing migration" id="create org_user table v1"
2026-09-13T12:41:33.517812258Z logger=migrator t=2026-09-13T12:41:33.517663356Z level=info msg="Migration successfully executed" id="create org_user table v1" duration=785.948µs
2026-09-13T12:41:33.527007536Z logger=migrator t=2026-09-13T12:41:33.526706972Z level=info msg="Executing migration" id="create index IDX_org_user_org_id - v1"
2026-09-13T12:41:33.527822823Z logger=migrator t=2026-09-13T12:41:33.527657288Z level=info msg="Migration successfully executed" id="create index IDX_org_user_org_id - v1" duration=951.047µs
2026-09-13T12:41:33.534979814Z logger=migrator t=2026-09-13T12:41:33.534773527Z level=info msg="Executing migration" id="create index UQE_org_user_org_id_user_id - v1"
2026-09-13T12:41:33.535867873Z logger=migrator t=2026-09-13T12:41:33.535712418Z level=info msg="Migration successfully executed" id="create index UQE_org_user_org_id_user_id - v1" duration=939.945µs
2026-09-13T12:41:33.542938981Z logger=migrator t=2026-09-13T12:41:33.542750709Z level=info msg="Executing migration" id="create index IDX_org_user_user_id - v1"
2026-09-13T12:41:33.544237791Z logger=migrator t=2026-09-13T12:41:33.543988391Z level=info msg="Migration successfully executed" id="create index IDX_org_user_user_id - v1" duration=1.238865ms
2026-09-13T12:41:33.551490975Z logger=migrator t=2026-09-13T12:41:33.551344776Z level=info msg="Executing migration" id="Update org table charset"
2026-09-13T12:41:33.551608034Z logger=migrator t=2026-09-13T12:41:33.551408828Z level=info msg="Migration successfully executed" id="Update org table charset" duration=66.463µs
2026-09-13T12:41:33.558590663Z logger=migrator t=2026-09-13T12:41:33.558334965Z level=info msg="Executing migration" id="Update org_user table charset"
2026-09-13T12:41:33.558614905Z logger=migrator t=2026-09-13T12:41:33.558451547Z level=info msg="Migration successfully executed" id="Update org_user table charset" duration=119.587µs
2026-09-13T12:41:33.566028907Z logger=migrator t=2026-09-13T12:41:33.565825435Z level=info msg="Executing migration" id="Migrate all Read Only Viewers to Viewers"
2026-09-13T12:41:33.566386224Z logger=migrator t=2026-09-13T12:41:33.566233635Z level=info msg="Migration successfully executed" id="Migrate all Read Only Viewers to Viewers" duration=408.29µs
2026-09-13T12:41:33.573684866Z logger=migrator t=2026-09-13T12:41:33.57353156Z level=info msg="Executing migration" id="create dashboard table"
2026-09-13T12:41:33.574853500Z logger=migrator t=2026-09-13T12:41:33.574683764Z level=info msg="Migration successfully executed" id="create dashboard table" duration=1.151769ms
2026-09-13T12:41:33.582102220Z logger=migrator t=2026-09-13T12:41:33.581924244Z level=info msg="Executing migration" id="add index dashboard.account_id"
2026-09-13T12:41:33.583170605Z logger=migrator t=2026-09-13T12:41:33.582981513Z level=info msg="Migration successfully executed" id="add index dashboard.account_id" duration=1.057829ms
2026-09-13T12:41:33.590861036Z logger=migrator t=2026-09-13T12:41:33.590415996Z level=info msg="Executing migration" id="add unique index dashboard_account_id_slug"
2026-09-13T12:41:33.592447141Z logger=migrator t=2026-09-13T12:41:33.592291032Z level=info msg="Migration successfully executed" id="add unique index dashboard_account_id_slug" duration=1.877156ms
2026-09-13T12:41:33.599609389Z logger=migrator t=2026-09-13T12:41:33.599472306Z level=info msg="Executing migration" id="create dashboard_tag table"
2026-09-13T12:41:33.600470434Z logger=migrator t=2026-09-13T12:41:33.600311763Z level=info msg="Migration successfully executed" id="create dashboard_tag table" duration=840.936µs
2026-09-13T12:41:33.607481428Z logger=migrator t=2026-09-13T12:41:33.607277954Z level=info msg="Executing migration" id="add unique index dashboard_tag.dasboard_id_term"
2026-09-13T12:41:33.608504761Z logger=migrator t=2026-09-13T12:41:33.608381575Z level=info msg="Migration successfully executed" id="add unique index dashboard_tag.dasboard_id_term" duration=1.102984ms
2026-09-13T12:41:33.615741169Z logger=migrator t=2026-09-13T12:41:33.615390417Z level=info msg="Executing migration" id="drop index UQE_dashboard_tag_dashboard_id_term - v1"
2026-09-13T12:41:33.616426684Z logger=migrator t=2026-09-13T12:41:33.616314184Z level=info msg="Migration successfully executed" id="drop index UQE_dashboard_tag_dashboard_id_term - v1" duration=924.927µs
2026-09-13T12:41:33.623613421Z logger=migrator t=2026-09-13T12:41:33.623396646Z level=info msg="Executing migration" id="Rename table dashboard to dashboard_v1 - v1"
2026-09-13T12:41:33.627727397Z logger=migrator t=2026-09-13T12:41:33.627575764Z level=info msg="Migration successfully executed" id="Rename table dashboard to dashboard_v1 - v1" duration=4.177448ms
2026-09-13T12:41:33.635042323Z logger=migrator t=2026-09-13T12:41:33.634794619Z level=info msg="Executing migration" id="create dashboard v2"
2026-09-13T12:41:33.635915637Z logger=migrator t=2026-09-13T12:41:33.6357495Z level=info msg="Migration successfully executed" id="create dashboard v2" duration=955.626µs
2026-09-13T12:41:33.643015903Z logger=migrator t=2026-09-13T12:41:33.642847069Z level=info msg="Executing migration" id="create index IDX_dashboard_org_id - v2"
2026-09-13T12:41:33.643957117Z logger=migrator t=2026-09-13T12:41:33.643788777Z level=info msg="Migration successfully executed" id="create index IDX_dashboard_org_id - v2" duration=943.121µs
2026-09-13T12:41:33.650975002Z logger=migrator t=2026-09-13T12:41:33.650797517Z level=info msg="Executing migration" id="create index UQE_dashboard_org_id_slug - v2"
2026-09-13T12:41:33.651951527Z logger=migrator t=2026-09-13T12:41:33.651792686Z level=info msg="Migration successfully executed" id="create index UQE_dashboard_org_id_slug - v2" duration=996.231µs
2026-09-13T12:41:33.659466662Z logger=migrator t=2026-09-13T12:41:33.659216074Z level=info msg="Executing migration" id="copy dashboard v1 to v2"
2026-09-13T12:41:33.659829000Z logger=migrator t=2026-09-13T12:41:33.659698645Z level=info msg="Migration successfully executed" id="copy dashboard v1 to v2" duration=484.146µs
2026-09-13T12:41:33.666824601Z logger=migrator t=2026-09-13T12:41:33.666620529Z level=info msg="Executing migration" id="drop table dashboard_v1"
2026-09-13T12:41:33.668044208Z logger=migrator t=2026-09-13T12:41:33.667879139Z level=info msg="Migration successfully executed" id="drop table dashboard_v1" duration=1.25836ms
2026-09-13T12:41:33.675732410Z logger=migrator t=2026-09-13T12:41:33.675486455Z level=info msg="Executing migration" id="alter dashboard.data to mediumtext v1"
2026-09-13T12:41:33.675786742Z logger=migrator t=2026-09-13T12:41:33.675613976Z level=info msg="Migration successfully executed" id="alter dashboard.data to mediumtext v1" duration=130.08µs
2026-09-13T12:41:33.683222679Z logger=migrator t=2026-09-13T12:41:33.682968697Z level=info msg="Executing migration" id="Add column updated_by in dashboard - v2"
2026-09-13T12:41:33.685388088Z logger=migrator t=2026-09-13T12:41:33.684959704Z level=info msg="Migration successfully executed" id="Add column updated_by in dashboard - v2" duration=1.989454ms
2026-09-13T12:41:33.694275673Z logger=migrator t=2026-09-13T12:41:33.694035068Z level=info msg="Executing migration" id="Add column created_by in dashboard - v2"
2026-09-13T12:41:33.697482625Z logger=migrator t=2026-09-13T12:41:33.697274729Z level=info msg="Migration successfully executed" id="Add column created_by in dashboard - v2" duration=3.239235ms
2026-09-13T12:41:33.705248332Z logger=migrator t=2026-09-13T12:41:33.704961969Z level=info msg="Executing migration" id="Add column gnetId in dashboard"
2026-09-13T12:41:33.707602710Z logger=migrator t=2026-09-13T12:41:33.707394243Z level=info msg="Migration successfully executed" id="Add column gnetId in dashboard" duration=2.437033ms
2026-09-13T12:41:33.715286015Z logger=migrator t=2026-09-13T12:41:33.715070937Z level=info msg="Executing migration" id="Add index for gnetId in dashboard"
2026-09-13T12:41:33.716336925Z logger=migrator t=2026-09-13T12:41:33.71610707Z level=info msg="Migration successfully executed" id="Add index for gnetId in dashboard" duration=1.038302ms
2026-09-13T12:41:33.723704164Z logger=migrator t=2026-09-13T12:41:33.723534399Z level=info msg="Executing migration" id="Add column plugin_id in dashboard"
2026-09-13T12:41:33.725934909Z logger=migrator t=2026-09-13T12:41:33.725672331Z level=info msg="Migration successfully executed" id="Add column plugin_id in dashboard" duration=2.13683ms
2026-09-13T12:41:33.733868072Z logger=migrator t=2026-09-13T12:41:33.733591497Z level=info msg="Executing migration" id="Add index for plugin_id in dashboard"
2026-09-13T12:41:33.735035913Z logger=migrator t=2026-09-13T12:41:33.734800546Z level=info msg="Migration successfully executed" id="Add index for plugin_id in dashboard" duration=1.209546ms
2026-09-13T12:41:33.742368947Z logger=migrator t=2026-09-13T12:41:33.742162395Z level=info msg="Executing migration" id="Add index for dashboard_id in dashboard_tag"
2026-09-13T12:41:33.743599728Z logger=migrator t=2026-09-13T12:41:33.743435557Z level=info msg="Migration successfully executed" id="Add index for dashboard_id in dashboard_tag" duration=1.272734ms
2026-09-13T12:41:33.750599267Z logger=migrator t=2026-09-13T12:41:33.750381416Z level=info msg="Executing migration" id="Update dashboard table charset"
2026-09-13T12:41:33.750621983Z logger=migrator t=2026-09-13T12:41:33.750438772Z level=info msg="Migration successfully executed" id="Update dashboard table charset" duration=60.133µs
2026-09-13T12:41:33.757900774Z logger=migrator t=2026-09-13T12:41:33.757691312Z level=info msg="Executing migration" id="Update dashboard_tag table charset"
2026-09-13T12:41:33.757968436Z logger=migrator t=2026-09-13T12:41:33.757747423Z level=info msg="Migration successfully executed" id="Update dashboard_tag table charset" duration=58.87µs
2026-09-13T12:41:33.765473703Z logger=migrator t=2026-09-13T12:41:33.765272029Z level=info msg="Executing migration" id="Add column folder_id in dashboard"
2026-09-13T12:41:33.767307126Z logger=migrator t=2026-09-13T12:41:33.767177917Z level=info msg="Migration successfully executed" id="Add column folder_id in dashboard" duration=1.905019ms
2026-09-13T12:41:33.774630787Z logger=migrator t=2026-09-13T12:41:33.774344129Z level=info msg="Executing migration" id="Add column isFolder in dashboard"
2026-09-13T12:41:33.776460700Z logger=migrator t=2026-09-13T12:41:33.776293108Z level=info msg="Migration successfully executed" id="Add column isFolder in dashboard" duration=1.948321ms
2026-09-13T12:41:33.783283316Z logger=migrator t=2026-09-13T12:41:33.783064905Z level=info msg="Executing migration" id="Add column has_acl in dashboard"
2026-09-13T12:41:33.785141455Z logger=migrator t=2026-09-13T12:41:33.784964024Z level=info msg="Migration successfully executed" id="Add column has_acl in dashboard" duration=1.88435ms
2026-09-13T12:41:33.792602709Z logger=migrator t=2026-09-13T12:41:33.792461701Z level=info msg="Executing migration" id="Add column uid in dashboard"
2026-09-13T12:41:33.794479981Z logger=migrator t=2026-09-13T12:41:33.79430955Z level=info msg="Migration successfully executed" id="Add column uid in dashboard" duration=1.847587ms
2026-09-13T12:41:33.801213290Z logger=migrator t=2026-09-13T12:41:33.801062667Z level=info msg="Executing migration" id="Update uid column values in dashboard"
2026-09-13T12:41:33.801613461Z logger=migrator t=2026-09-13T12:41:33.801494174Z level=info msg="Migration successfully executed" id="Update uid column values in dashboard" duration=432.453µs
2026-09-13T12:41:33.808710625Z logger=migrator t=2026-09-13T12:41:33.808498473Z level=info msg="Executing migration" id="Add unique index dashboard_org_id_uid"
2026-09-13T12:41:33.809714018Z logger=migrator t=2026-09-13T12:41:33.809549186Z level=info msg="Migration successfully executed" id="Add unique index dashboard_org_id_uid" duration=1.04753ms
2026-09-13T12:41:33.817141337Z logger=migrator t=2026-09-13T12:41:33.816873995Z level=info msg="Executing migration" id="Remove unique index org_id_slug"
2026-09-13T12:41:33.818417323Z logger=migrator t=2026-09-13T12:41:33.81825331Z level=info msg="Migration successfully executed" id="Remove unique index org_id_slug" duration=1.379706ms
2026-09-13T12:41:33.825777788Z logger=migrator t=2026-09-13T12:41:33.8256108Z level=info msg="Executing migration" id="Update dashboard title length"
2026-09-13T12:41:33.825802148Z logger=migrator t=2026-09-13T12:41:33.825662991Z level=info msg="Migration successfully executed" id="Update dashboard title length" duration=54.636µs
2026-09-13T12:41:33.833064085Z logger=migrator t=2026-09-13T12:41:33.83292501Z level=info msg="Executing migration" id="Add unique index for dashboard_org_id_title_folder_id"
2026-09-13T12:41:33.834191985Z logger=migrator t=2026-09-13T12:41:33.83402136Z level=info msg="Migration successfully executed" id="Add unique index for dashboard_org_id_title_folder_id" duration=1.097045ms
2026-09-13T12:41:33.842716563Z logger=migrator t=2026-09-13T12:41:33.842070453Z level=info msg="Executing migration" id="create dashboard_provisioning"
2026-09-13T12:41:33.843743984Z logger=migrator t=2026-09-13T12:41:33.843585117Z level=info msg="Migration successfully executed" id="create dashboard_provisioning" duration=1.515702ms
2026-09-13T12:41:33.851589802Z logger=migrator t=2026-09-13T12:41:33.851338305Z level=info msg="Executing migration" id="Rename table dashboard_provisioning to dashboard_provisioning_tmp_qwerty - v1"
2026-09-13T12:41:33.856280805Z logger=migrator t=2026-09-13T12:41:33.856068502Z level=info msg="Migration successfully executed" id="Rename table dashboard_provisioning to dashboard_provisioning_tmp_qwerty - v1" duration=4.727858ms
2026-09-13T12:41:33.863465806Z logger=migrator t=2026-09-13T12:41:33.863202036Z level=info msg="Executing migration" id="create dashboard_provisioning v2"
2026-09-13T12:41:33.864241781Z logger=migrator t=2026-09-13T12:41:33.864082396Z level=info msg="Migration successfully executed" id="create dashboard_provisioning v2" duration=881.501µs
2026-09-13T12:41:33.871590758Z logger=migrator t=2026-09-13T12:41:33.871247176Z level=info msg="Executing migration" id="create index IDX_dashboard_provisioning_dashboard_id - v2"
2026-09-13T12:41:33.872392525Z logger=migrator t=2026-09-13T12:41:33.87220412Z level=info msg="Migration successfully executed" id="create index IDX_dashboard_provisioning_dashboard_id - v2" duration=957.858µs
2026-09-13T12:41:33.879453490Z logger=migrator t=2026-09-13T12:41:33.879277343Z level=info msg="Executing migration" id="create index IDX_dashboard_provisioning_dashboard_id_name - v2"
2026-09-13T12:41:33.880651748Z logger=migrator t=2026-09-13T12:41:33.880512984Z level=info msg="Migration successfully executed" id="create index IDX_dashboard_provisioning_dashboard_id_name - v2" duration=1.230589ms
2026-09-13T12:41:33.887968356Z logger=migrator t=2026-09-13T12:41:33.887825789Z level=info msg="Executing migration" id="copy dashboard_provisioning v1 to v2"
2026-09-13T12:41:33.888452560Z logger=migrator t=2026-09-13T12:41:33.888349129Z level=info msg="Migration successfully executed" id="copy dashboard_provisioning v1 to v2" duration=523.698µs
2026-09-13T12:41:33.895768087Z logger=migrator t=2026-09-13T12:41:33.895576749Z level=info msg="Executing migration" id="drop dashboard_provisioning_tmp_qwerty"
2026-09-13T12:41:33.896533015Z logger=migrator t=2026-09-13T12:41:33.896371003Z level=info msg="Migration successfully executed" id="drop dashboard_provisioning_tmp_qwerty" duration=795.849µs
2026-09-13T12:41:33.903585016Z logger=migrator t=2026-09-13T12:41:33.903346311Z level=info msg="Executing migration" id="Add check_sum column"
2026-09-13T12:41:33.905283048Z logger=migrator t=2026-09-13T12:41:33.90509426Z level=info msg="Migration successfully executed" id="Add check_sum column" duration=1.752481ms
2026-09-13T12:41:33.912256415Z logger=migrator t=2026-09-13T12:41:33.91198181Z level=info msg="Executing migration" id="Add index for dashboard_title"
2026-09-13T12:41:33.913049759Z logger=migrator t=2026-09-13T12:41:33.912901917Z level=info msg="Migration successfully executed" id="Add index for dashboard_title" duration=921.574µs
2026-09-13T12:41:33.919985321Z logger=migrator t=2026-09-13T12:41:33.91983776Z level=info msg="Executing migration" id="delete tags for deleted dashboards"
2026-09-13T12:41:33.920302754Z logger=migrator t=2026-09-13T12:41:33.920194173Z level=info msg="Migration successfully executed" id="delete tags for deleted dashboards" duration=356.647µs
2026-09-13T12:41:33.927146026Z logger=migrator t=2026-09-13T12:41:33.926956434Z level=info msg="Executing migration" id="delete stars for deleted dashboards"
2026-09-13T12:41:33.927427515Z logger=migrator t=2026-09-13T12:41:33.92731564Z level=info msg="Migration successfully executed" id="delete stars for deleted dashboards" duration=359.801µs
2026-09-13T12:41:33.934363280Z logger=migrator t=2026-09-13T12:41:33.934213358Z level=info msg="Executing migration" id="Add index for dashboard_is_folder"
2026-09-13T12:41:33.935382542Z logger=migrator t=2026-09-13T12:41:33.935265388Z level=info msg="Migration successfully executed" id="Add index for dashboard_is_folder" duration=1.053512ms
2026-09-13T12:41:33.942397713Z logger=migrator t=2026-09-13T12:41:33.942195602Z level=info msg="Executing migration" id="Add isPublic for dashboard"
2026-09-13T12:41:33.944622718Z logger=migrator t=2026-09-13T12:41:33.94445031Z level=info msg="Migration successfully executed" id="Add isPublic for dashboard" duration=2.253612ms
2026-09-13T12:41:33.951689324Z logger=migrator t=2026-09-13T12:41:33.951502602Z level=info msg="Executing migration" id="Add deleted for dashboard"
2026-09-13T12:41:33.953838006Z logger=migrator t=2026-09-13T12:41:33.953653715Z level=info msg="Migration successfully executed" id="Add deleted for dashboard" duration=2.150204ms
2026-09-13T12:41:33.961086734Z logger=migrator t=2026-09-13T12:41:33.96053432Z level=info msg="Executing migration" id="Add index for deleted"
2026-09-13T12:41:33.961621205Z logger=migrator t=2026-09-13T12:41:33.961467896Z level=info msg="Migration successfully executed" id="Add index for deleted" duration=935.201µs
2026-09-13T12:41:33.968602089Z logger=migrator t=2026-09-13T12:41:33.968417363Z level=info msg="Executing migration" id="Add column dashboard_uid in dashboard_tag"
2026-09-13T12:41:33.970878423Z logger=migrator t=2026-09-13T12:41:33.970698418Z level=info msg="Migration successfully executed" id="Add column dashboard_uid in dashboard_tag" duration=2.279581ms
2026-09-13T12:41:33.977868676Z logger=migrator t=2026-09-13T12:41:33.977586525Z level=info msg="Executing migration" id="Add column org_id in dashboard_tag"
2026-09-13T12:41:33.979934766Z logger=migrator t=2026-09-13T12:41:33.979663695Z level=info msg="Migration successfully executed" id="Add column org_id in dashboard_tag" duration=2.086045ms
2026-09-13T12:41:33.987186912Z logger=migrator t=2026-09-13T12:41:33.986934002Z level=info msg="Executing migration" id="Add missing dashboard_uid and org_id to dashboard_tag"
2026-09-13T12:41:33.987730486Z logger=migrator t=2026-09-13T12:41:33.987564801Z level=info msg="Migration successfully executed" id="Add missing dashboard_uid and org_id to dashboard_tag" duration=630.357µs
2026-09-13T12:41:33.994794621Z logger=migrator t=2026-09-13T12:41:33.994472737Z level=info msg="Executing migration" id="Add apiVersion for dashboard"
2026-09-13T12:41:33.996756828Z logger=migrator t=2026-09-13T12:41:33.996590862Z level=info msg="Migration successfully executed" id="Add apiVersion for dashboard" duration=2.118855ms
2026-09-13T12:41:34.004320839Z logger=migrator t=2026-09-13T12:41:34.004140223Z level=info msg="Executing migration" id="Add missing dashboard_uid and org_id to star"
2026-09-13T12:41:34.004998165Z logger=migrator t=2026-09-13T12:41:34.004850768Z level=info msg="Migration successfully executed" id="Add missing dashboard_uid and org_id to star" duration=714.943µs
2026-09-13T12:41:34.012487461Z logger=migrator t=2026-09-13T12:41:34.012294325Z level=info msg="Executing migration" id="create data_source table"
2026-09-13T12:41:34.013526716Z logger=migrator t=2026-09-13T12:41:34.01329881Z level=info msg="Migration successfully executed" id="create data_source table" duration=1.004902ms
2026-09-13T12:41:34.020918325Z logger=migrator t=2026-09-13T12:41:34.020722996Z level=info msg="Executing migration" id="add index data_source.account_id"
2026-09-13T12:41:34.022183439Z logger=migrator t=2026-09-13T12:41:34.021999019Z level=info msg="Migration successfully executed" id="add index data_source.account_id" duration=1.277135ms
2026-09-13T12:41:34.029217814Z logger=migrator t=2026-09-13T12:41:34.028983836Z level=info msg="Executing migration" id="add unique index data_source.account_id_name"
2026-09-13T12:41:34.030164397Z logger=migrator t=2026-09-13T12:41:34.030037639Z level=info msg="Migration successfully executed" id="add unique index data_source.account_id_name" duration=1.055149ms
2026-09-13T12:41:34.037859266Z logger=migrator t=2026-09-13T12:41:34.037704964Z level=info msg="Executing migration" id="drop index IDX_data_source_account_id - v1"
2026-09-13T12:41:34.039052484Z logger=migrator t=2026-09-13T12:41:34.038902052Z level=info msg="Migration successfully executed" id="drop index IDX_data_source_account_id - v1" duration=1.202663ms
2026-09-13T12:41:34.048624126Z logger=migrator t=2026-09-13T12:41:34.048219401Z level=info msg="Executing migration" id="drop index UQE_data_source_account_id_name - v1"
2026-09-13T12:41:34.049979946Z logger=migrator t=2026-09-13T12:41:34.049802985Z level=info msg="Migration successfully executed" id="drop index UQE_data_source_account_id_name - v1" duration=1.594014ms
2026-09-13T12:41:34.057371198Z logger=migrator t=2026-09-13T12:41:34.057220864Z level=info msg="Executing migration" id="Rename table data_source to data_source_v1 - v1"
2026-09-13T12:41:34.064513289Z logger=migrator t=2026-09-13T12:41:34.064304807Z level=info msg="Migration successfully executed" id="Rename table data_source to data_source_v1 - v1" duration=7.07771ms
2026-09-13T12:41:34.073188692Z logger=migrator t=2026-09-13T12:41:34.072216645Z level=info msg="Executing migration" id="create data_source table v2"
2026-09-13T12:41:34.073386484Z logger=migrator t=2026-09-13T12:41:34.073289636Z level=info msg="Migration successfully executed" id="create data_source table v2" duration=1.0742ms
2026-09-13T12:41:34.080424774Z logger=migrator t=2026-09-13T12:41:34.080275918Z level=info msg="Executing migration" id="create index IDX_data_source_org_id - v2"
2026-09-13T12:41:34.081440429Z logger=migrator t=2026-09-13T12:41:34.081315072Z level=info msg="Migration successfully executed" id="create index IDX_data_source_org_id - v2" duration=1.04084ms
2026-09-13T12:41:34.088800699Z logger=migrator t=2026-09-13T12:41:34.088653209Z level=info msg="Executing migration" id="create index UQE_data_source_org_id_name - v2"
2026-09-13T12:41:34.089779816Z logger=migrator t=2026-09-13T12:41:34.089658324Z level=info msg="Migration successfully executed" id="create index UQE_data_source_org_id_name - v2" duration=1.005091ms
2026-09-13T12:41:34.097212560Z logger=migrator t=2026-09-13T12:41:34.096640181Z level=info msg="Executing migration" id="Drop old table data_source_v1 #2"
2026-09-13T12:41:34.097552256Z logger=migrator t=2026-09-13T12:41:34.097443725Z level=info msg="Migration successfully executed" id="Drop old table data_source_v1 #2" duration=803.317µs
2026-09-13T12:41:34.105252204Z logger=migrator t=2026-09-13T12:41:34.104331069Z level=info msg="Executing migration" id="Add column with_credentials"
2026-09-13T12:41:34.106715588Z logger=migrator t=2026-09-13T12:41:34.106451712Z level=info msg="Migration successfully executed" id="Add column with_credentials" duration=2.120744ms
2026-09-13T12:41:34.113651319Z logger=migrator t=2026-09-13T12:41:34.113392628Z level=info msg="Executing migration" id="Add secure json data column"
2026-09-13T12:41:34.115954673Z logger=migrator t=2026-09-13T12:41:34.115777857Z level=info msg="Migration successfully executed" id="Add secure json data column" duration=2.385333ms
2026-09-13T12:41:34.122945381Z logger=migrator t=2026-09-13T12:41:34.122772968Z level=info msg="Executing migration" id="Update data_source table charset"
2026-09-13T12:41:34.123014314Z logger=migrator t=2026-09-13T12:41:34.122890827Z level=info msg="Migration successfully executed" id="Update data_source table charset" duration=120.299µs
2026-09-13T12:41:34.130074599Z logger=migrator t=2026-09-13T12:41:34.129881627Z level=info msg="Executing migration" id="Update initial version to 1"
2026-09-13T12:41:34.130417088Z logger=migrator t=2026-09-13T12:41:34.130288797Z level=info msg="Migration successfully executed" id="Update initial version to 1" duration=408.258µs
2026-09-13T12:41:34.137512405Z logger=migrator t=2026-09-13T12:41:34.137309571Z level=info msg="Executing migration" id="Add read_only data column"
2026-09-13T12:41:34.139697521Z logger=migrator t=2026-09-13T12:41:34.139514278Z level=info msg="Migration successfully executed" id="Add read_only data column" duration=2.19151ms
2026-09-13T12:41:34.146660513Z logger=migrator t=2026-09-13T12:41:34.146317925Z level=info msg="Executing migration" id="Migrate logging ds to loki ds"
2026-09-13T12:41:34.146747207Z logger=migrator t=2026-09-13T12:41:34.146679754Z level=info msg="Migration successfully executed" id="Migrate logging ds to loki ds" duration=362.037µs
2026-09-13T12:41:34.153686060Z logger=migrator t=2026-09-13T12:41:34.153502824Z level=info msg="Executing migration" id="Update json_data with nulls"
2026-09-13T12:41:34.154036643Z logger=migrator t=2026-09-13T12:41:34.15384171Z level=info msg="Migration successfully executed" id="Update json_data with nulls" duration=338.256µs
2026-09-13T12:41:34.161097805Z logger=migrator t=2026-09-13T12:41:34.160867993Z level=info msg="Executing migration" id="Add uid column"
2026-09-13T12:41:34.163260072Z logger=migrator t=2026-09-13T12:41:34.1630369Z level=info msg="Migration successfully executed" id="Add uid column" duration=2.171331ms
2026-09-13T12:41:34.169981642Z logger=migrator t=2026-09-13T12:41:34.169836322Z level=info msg="Executing migration" id="Update uid value"
2026-09-13T12:41:34.170376646Z logger=migrator t=2026-09-13T12:41:34.170273566Z level=info msg="Migration successfully executed" id="Update uid value" duration=438.871µs
2026-09-13T12:41:34.177619676Z logger=migrator t=2026-09-13T12:41:34.1774267Z level=info msg="Executing migration" id="Add unique index datasource_org_id_uid"
2026-09-13T12:41:34.178626067Z logger=migrator t=2026-09-13T12:41:34.178385255Z level=info msg="Migration successfully executed" id="Add unique index datasource_org_id_uid" duration=952.567µs
2026-09-13T12:41:34.185757558Z logger=migrator t=2026-09-13T12:41:34.185498754Z level=info msg="Executing migration" id="add unique index datasource_org_id_is_default"
2026-09-13T12:41:34.186610842Z logger=migrator t=2026-09-13T12:41:34.186420793Z level=info msg="Migration successfully executed" id="add unique index datasource_org_id_is_default" duration=922.577µs
2026-09-13T12:41:34.193789320Z logger=migrator t=2026-09-13T12:41:34.193588522Z level=info msg="Executing migration" id="Add is_prunable column"
2026-09-13T12:41:34.196371567Z logger=migrator t=2026-09-13T12:41:34.196174906Z level=info msg="Migration successfully executed" id="Add is_prunable column" duration=2.581347ms
2026-09-13T12:41:34.203185414Z logger=migrator t=2026-09-13T12:41:34.202929265Z level=info msg="Executing migration" id="Add api_version column"
2026-09-13T12:41:34.205370421Z logger=migrator t=2026-09-13T12:41:34.205198097Z level=info msg="Migration successfully executed" id="Add api_version column" duration=2.266725ms
2026-09-13T12:41:34.212448513Z logger=migrator t=2026-09-13T12:41:34.212227926Z level=info msg="Executing migration" id="create api_key table"
2026-09-13T12:41:34.213822557Z logger=migrator t=2026-09-13T12:41:34.213653792Z level=info msg="Migration successfully executed" id="create api_key table" duration=1.425859ms
2026-09-13T12:41:34.221246735Z logger=migrator t=2026-09-13T12:41:34.220993904Z level=info msg="Executing migration" id="add index api_key.account_id"
2026-09-13T12:41:34.222042511Z logger=migrator t=2026-09-13T12:41:34.221881372Z level=info msg="Migration successfully executed" id="add index api_key.account_id" duration=888.953µs
2026-09-13T12:41:34.229081516Z logger=migrator t=2026-09-13T12:41:34.228902462Z level=info msg="Executing migration" id="add index api_key.key"
2026-09-13T12:41:34.230159335Z logger=migrator t=2026-09-13T12:41:34.229965423Z level=info msg="Migration successfully executed" id="add index api_key.key" duration=1.063245ms
2026-09-13T12:41:34.237095848Z logger=migrator t=2026-09-13T12:41:34.236941081Z level=info msg="Executing migration" id="add index api_key.account_id_name"
2026-09-13T12:41:34.237936013Z logger=migrator t=2026-09-13T12:41:34.237787017Z level=info msg="Migration successfully executed" id="add index api_key.account_id_name" duration=845.97µs
2026-09-13T12:41:34.245033631Z logger=migrator t=2026-09-13T12:41:34.244759312Z level=info msg="Executing migration" id="drop index IDX_api_key_account_id - v1"
2026-09-13T12:41:34.245827331Z logger=migrator t=2026-09-13T12:41:34.245666136Z level=info msg="Migration successfully executed" id="drop index IDX_api_key_account_id - v1" duration=908.721µs
2026-09-13T12:41:34.252672628Z logger=migrator t=2026-09-13T12:41:34.252490729Z level=info msg="Executing migration" id="drop index UQE_api_key_key - v1"
2026-09-13T12:41:34.253599084Z logger=migrator t=2026-09-13T12:41:34.253444638Z level=info msg="Migration successfully executed" id="drop index UQE_api_key_key - v1" duration=954.906µs
2026-09-13T12:41:34.260561347Z logger=migrator t=2026-09-13T12:41:34.260426044Z level=info msg="Executing migration" id="drop index UQE_api_key_account_id_name - v1"
2026-09-13T12:41:34.261546569Z logger=migrator t=2026-09-13T12:41:34.261364651Z level=info msg="Migration successfully executed" id="drop index UQE_api_key_account_id_name - v1" duration=939.867µs
2026-09-13T12:41:34.268516450Z logger=migrator t=2026-09-13T12:41:34.268324823Z level=info msg="Executing migration" id="Rename table api_key to api_key_v1 - v1"
2026-09-13T12:41:34.273674133Z logger=migrator t=2026-09-13T12:41:34.27349336Z level=info msg="Migration successfully executed" id="Rename table api_key to api_key_v1 - v1" duration=5.173245ms
2026-09-13T12:41:34.280915921Z logger=migrator t=2026-09-13T12:41:34.280421149Z level=info msg="Executing migration" id="create api_key table v2"
2026-09-13T12:41:34.281516082Z logger=migrator t=2026-09-13T12:41:34.281357522Z level=info msg="Migration successfully executed" id="create api_key table v2" duration=937.112µs
2026-09-13T12:41:34.288383731Z logger=migrator t=2026-09-13T12:41:34.288241668Z level=info msg="Executing migration" id="create index IDX_api_key_org_id - v2"
2026-09-13T12:41:34.289254067Z logger=migrator t=2026-09-13T12:41:34.289104152Z level=info msg="Migration successfully executed" id="create index IDX_api_key_org_id - v2" duration=865.389µs
2026-09-13T12:41:34.296236363Z logger=migrator t=2026-09-13T12:41:34.295935403Z level=info msg="Executing migration" id="create index UQE_api_key_key - v2"
2026-09-13T12:41:34.297030383Z logger=migrator t=2026-09-13T12:41:34.29690604Z level=info msg="Migration successfully executed" id="create index UQE_api_key_key - v2" duration=971.179µs
2026-09-13T12:41:34.303953741Z logger=migrator t=2026-09-13T12:41:34.303762758Z level=info msg="Executing migration" id="create index UQE_api_key_org_id_name - v2"
2026-09-13T12:41:34.304811632Z logger=migrator t=2026-09-13T12:41:34.304670292Z level=info msg="Migration successfully executed" id="create index UQE_api_key_org_id_name - v2" duration=908.675µs
2026-09-13T12:41:34.311978650Z logger=migrator t=2026-09-13T12:41:34.311799516Z level=info msg="Executing migration" id="copy api_key v1 to v2"
2026-09-13T12:41:34.312494741Z logger=migrator t=2026-09-13T12:41:34.312348527Z level=info msg="Migration successfully executed" id="copy api_key v1 to v2" duration=550.077µs
2026-09-13T12:41:34.319443623Z logger=migrator t=2026-09-13T12:41:34.319213016Z level=info msg="Executing migration" id="Drop old table api_key_v1"
2026-09-13T12:41:34.320018524Z logger=migrator t=2026-09-13T12:41:34.31987884Z level=info msg="Migration successfully executed" id="Drop old table api_key_v1" duration=662.34µs
2026-09-13T12:41:34.327002046Z logger=migrator t=2026-09-13T12:41:34.326794018Z level=info msg="Executing migration" id="Update api_key table charset"
2026-09-13T12:41:34.327067635Z logger=migrator t=2026-09-13T12:41:34.32684381Z level=info msg="Migration successfully executed" id="Update api_key table charset" duration=53.361µs
2026-09-13T12:41:34.333989040Z logger=migrator t=2026-09-13T12:41:34.333746034Z level=info msg="Executing migration" id="Add expires to api_key table"
2026-09-13T12:41:34.336190723Z logger=migrator t=2026-09-13T12:41:34.33595612Z level=info msg="Migration successfully executed" id="Add expires to api_key table" duration=2.208775ms
2026-09-13T12:41:34.342929310Z logger=migrator t=2026-09-13T12:41:34.342760764Z level=info msg="Executing migration" id="Add service account foreign key"
2026-09-13T12:41:34.345032635Z logger=migrator t=2026-09-13T12:41:34.344849604Z level=info msg="Migration successfully executed" id="Add service account foreign key" duration=2.089268ms
2026-09-13T12:41:34.351938409Z logger=migrator t=2026-09-13T12:41:34.351754922Z level=info msg="Executing migration" id="set service account foreign key to nil if 0"
2026-09-13T12:41:34.352351074Z logger=migrator t=2026-09-13T12:41:34.35217458Z level=info msg="Migration successfully executed" id="set service account foreign key to nil if 0" duration=420.116µs
2026-09-13T12:41:34.359479985Z logger=migrator t=2026-09-13T12:41:34.359336446Z level=info msg="Executing migration" id="Add last_used_at to api_key table"
2026-09-13T12:41:34.361729082Z logger=migrator t=2026-09-13T12:41:34.361552619Z level=info msg="Migration successfully executed" id="Add last_used_at to api_key table" duration=2.215001ms
2026-09-13T12:41:34.368534673Z logger=migrator t=2026-09-13T12:41:34.36825333Z level=info msg="Executing migration" id="Add is_revoked column to api_key table"
2026-09-13T12:41:34.370765365Z logger=migrator t=2026-09-13T12:41:34.370450683Z level=info msg="Migration successfully executed" id="Add is_revoked column to api_key table" duration=2.1963ms
2026-09-13T12:41:34.377622709Z logger=migrator t=2026-09-13T12:41:34.377375382Z level=info msg="Executing migration" id="create dashboard_snapshot table v4"
2026-09-13T12:41:34.378412999Z logger=migrator t=2026-09-13T12:41:34.378239488Z level=info msg="Migration successfully executed" id="create dashboard_snapshot table v4" duration=854.865µs
2026-09-13T12:41:34.385537102Z logger=migrator t=2026-09-13T12:41:34.385262742Z level=info msg="Executing migration" id="drop table dashboard_snapshot_v4 #1"
2026-09-13T12:41:34.386096639Z logger=migrator t=2026-09-13T12:41:34.385952704Z level=info msg="Migration successfully executed" id="drop table dashboard_snapshot_v4 #1" duration=690.987µs
2026-09-13T12:41:34.393177605Z logger=migrator t=2026-09-13T12:41:34.392949171Z level=info msg="Executing migration" id="create dashboard_snapshot table v5 #2"
2026-09-13T12:41:34.393925289Z logger=migrator t=2026-09-13T12:41:34.393778503Z level=info msg="Migration successfully executed" id="create dashboard_snapshot table v5 #2" duration=830.046µs
2026-09-13T12:41:34.400841746Z logger=migrator t=2026-09-13T12:41:34.400659728Z level=info msg="Executing migration" id="create index UQE_dashboard_snapshot_key - v5"
2026-09-13T12:41:34.401757204Z logger=migrator t=2026-09-13T12:41:34.401602798Z level=info msg="Migration successfully executed" id="create index UQE_dashboard_snapshot_key - v5" duration=944.122µs
2026-09-13T12:41:34.408588577Z logger=migrator t=2026-09-13T12:41:34.408417273Z level=info msg="Executing migration" id="create index UQE_dashboard_snapshot_delete_key - v5"
2026-09-13T12:41:34.409554761Z logger=migrator t=2026-09-13T12:41:34.40939793Z level=info msg="Migration successfully executed" id="create index UQE_dashboard_snapshot_delete_key - v5" duration=980.825µs
2026-09-13T12:41:34.416457341Z logger=migrator t=2026-09-13T12:41:34.416317783Z level=info msg="Executing migration" id="create index IDX_dashboard_snapshot_user_id - v5"
2026-09-13T12:41:34.417380237Z logger=migrator t=2026-09-13T12:41:34.417223173Z level=info msg="Migration successfully executed" id="create index IDX_dashboard_snapshot_user_id - v5" duration=905.019µs
2026-09-13T12:41:34.424456219Z logger=migrator t=2026-09-13T12:41:34.424248489Z level=info msg="Executing migration" id="alter dashboard_snapshot to mediumtext v2"
2026-09-13T12:41:34.424584903Z logger=migrator t=2026-09-13T12:41:34.424486641Z level=info msg="Migration successfully executed" id="alter dashboard_snapshot to mediumtext v2" duration=239.052µs
2026-09-13T12:41:34.432084539Z logger=migrator t=2026-09-13T12:41:34.431926984Z level=info msg="Executing migration" id="Update dashboard_snapshot table charset"
2026-09-13T12:41:34.432109579Z logger=migrator t=2026-09-13T12:41:34.431986767Z level=info msg="Migration successfully executed" id="Update dashboard_snapshot table charset" duration=62.814µs
2026-09-13T12:41:34.439355159Z logger=migrator t=2026-09-13T12:41:34.439207553Z level=info msg="Executing migration" id="Add column external_delete_url to dashboard_snapshots table"
2026-09-13T12:41:34.442068117Z logger=migrator t=2026-09-13T12:41:34.441871071Z level=info msg="Migration successfully executed" id="Add column external_delete_url to dashboard_snapshots table" duration=2.663311ms
2026-09-13T12:41:34.449166622Z logger=migrator t=2026-09-13T12:41:34.448989784Z level=info msg="Executing migration" id="Add encrypted dashboard json column"
2026-09-13T12:41:34.451657964Z logger=migrator t=2026-09-13T12:41:34.451459273Z level=info msg="Migration successfully executed" id="Add encrypted dashboard json column" duration=2.4691ms
2026-09-13T12:41:34.459471752Z logger=migrator t=2026-09-13T12:41:34.459066187Z level=info msg="Executing migration" id="Change dashboard_encrypted column to MEDIUMBLOB"
2026-09-13T12:41:34.459501977Z logger=migrator t=2026-09-13T12:41:34.459355968Z level=info msg="Migration successfully executed" id="Change dashboard_encrypted column to MEDIUMBLOB" duration=293.802µs
2026-09-13T12:41:34.466830881Z logger=migrator t=2026-09-13T12:41:34.466681604Z level=info msg="Executing migration" id="create quota table v1"
2026-09-13T12:41:34.467768154Z logger=migrator t=2026-09-13T12:41:34.467596919Z level=info msg="Migration successfully executed" id="create quota table v1" duration=919.228µs
2026-09-13T12:41:34.474913815Z logger=migrator t=2026-09-13T12:41:34.47476294Z level=info msg="Executing migration" id="create index UQE_quota_org_id_user_id_target - v1"
2026-09-13T12:41:34.475983853Z logger=migrator t=2026-09-13T12:41:34.475824296Z level=info msg="Migration successfully executed" id="create index UQE_quota_org_id_user_id_target - v1" duration=1.063367ms
2026-09-13T12:41:34.483061654Z logger=migrator t=2026-09-13T12:41:34.482877216Z level=info msg="Executing migration" id="Update quota table charset"
2026-09-13T12:41:34.483228631Z logger=migrator t=2026-09-13T12:41:34.482993305Z level=info msg="Migration successfully executed" id="Update quota table charset" duration=118.955µs
2026-09-13T12:41:34.490229446Z logger=migrator t=2026-09-13T12:41:34.489954429Z level=info msg="Executing migration" id="create plugin_setting table"
2026-09-13T12:41:34.491249092Z logger=migrator t=2026-09-13T12:41:34.491067483Z level=info msg="Migration successfully executed" id="create plugin_setting table" duration=1.11398ms
2026-09-13T12:41:34.498668935Z logger=migrator t=2026-09-13T12:41:34.498302324Z level=info msg="Executing migration" id="create index UQE_plugin_setting_org_id_plugin_id - v1"
2026-09-13T12:41:34.499504032Z logger=migrator t=2026-09-13T12:41:34.499348122Z level=info msg="Migration successfully executed" id="create index UQE_plugin_setting_org_id_plugin_id - v1" duration=1.054449ms
2026-09-13T12:41:34.506633035Z logger=migrator t=2026-09-13T12:41:34.506345775Z level=info msg="Executing migration" id="Add column plugin_version to plugin_settings"
2026-09-13T12:41:34.509437489Z logger=migrator t=2026-09-13T12:41:34.50925597Z level=info msg="Migration successfully executed" id="Add column plugin_version to plugin_settings" duration=2.909745ms
2026-09-13T12:41:34.516282826Z logger=migrator t=2026-09-13T12:41:34.516033928Z level=info msg="Executing migration" id="Update plugin_setting table charset"
2026-09-13T12:41:34.516305239Z logger=migrator t=2026-09-13T12:41:34.516087264Z level=info msg="Migration successfully executed" id="Update plugin_setting table charset" duration=55.574µs
2026-09-13T12:41:34.523197251Z logger=migrator t=2026-09-13T12:41:34.523057566Z level=info msg="Executing migration" id="update NULL org_id to 1"
2026-09-13T12:41:34.523823615Z logger=migrator t=2026-09-13T12:41:34.523661055Z level=info msg="Migration successfully executed" id="update NULL org_id to 1" duration=601.888µs
2026-09-13T12:41:34.530921511Z logger=migrator t=2026-09-13T12:41:34.530632655Z level=info msg="Executing migration" id="make org_id NOT NULL and DEFAULT VALUE 1"
2026-09-13T12:41:34.538016377Z logger=migrator t=2026-09-13T12:41:34.537820358Z level=info msg="Migration successfully executed" id="make org_id NOT NULL and DEFAULT VALUE 1" duration=7.186687ms
2026-09-13T12:41:34.545172718Z logger=migrator t=2026-09-13T12:41:34.544927562Z level=info msg="Executing migration" id="create session table"
2026-09-13T12:41:34.546000888Z logger=migrator t=2026-09-13T12:41:34.545824487Z level=info msg="Migration successfully executed" id="create session table" duration=896.343µs
2026-09-13T12:41:34.553214753Z logger=migrator t=2026-09-13T12:41:34.553003799Z level=info msg="Executing migration" id="Drop old table playlist table"
2026-09-13T12:41:34.553455784Z logger=migrator t=2026-09-13T12:41:34.553317416Z level=info msg="Migration successfully executed" id="Drop old table playlist table" duration=314.61µs
2026-09-13T12:41:34.560391452Z logger=migrator t=2026-09-13T12:41:34.560088254Z level=info msg="Executing migration" id="Drop old table playlist_item table"
2026-09-13T12:41:34.560414877Z logger=migrator t=2026-09-13T12:41:34.560246891Z level=info msg="Migration successfully executed" id="Drop old table playlist_item table" duration=160.319µs
2026-09-13T12:41:34.567408805Z logger=migrator t=2026-09-13T12:41:34.567265377Z level=info msg="Executing migration" id="create playlist table v2"
2026-09-13T12:41:34.568197219Z logger=migrator t=2026-09-13T12:41:34.56803458Z level=info msg="Migration successfully executed" id="create playlist table v2" duration=770.111µs
2026-09-13T12:41:34.576204369Z logger=migrator t=2026-09-13T12:41:34.574991921Z level=info msg="Executing migration" id="create playlist item table v2"
2026-09-13T12:41:34.576225841Z logger=migrator t=2026-09-13T12:41:34.575839499Z level=info msg="Migration successfully executed" id="create playlist item table v2" duration=848.075µs
2026-09-13T12:41:34.583286618Z logger=migrator t=2026-09-13T12:41:34.582932092Z level=info msg="Executing migration" id="Update playlist table charset"
2026-09-13T12:41:34.583320522Z logger=migrator t=2026-09-13T12:41:34.583029672Z level=info msg="Migration successfully executed" id="Update playlist table charset" duration=100.741µs
2026-09-13T12:41:34.590377547Z logger=migrator t=2026-09-13T12:41:34.590018613Z level=info msg="Executing migration" id="Update playlist_item table charset"
2026-09-13T12:41:34.590425356Z logger=migrator t=2026-09-13T12:41:34.590069589Z level=info msg="Migration successfully executed" id="Update playlist_item table charset" duration=54.193µs
2026-09-13T12:41:34.597980333Z logger=migrator t=2026-09-13T12:41:34.59738033Z level=info msg="Executing migration" id="Add playlist column created_at"
2026-09-13T12:41:34.600620103Z logger=migrator t=2026-09-13T12:41:34.60042546Z level=info msg="Migration successfully executed" id="Add playlist column created_at" duration=3.048559ms
2026-09-13T12:41:34.608255034Z logger=migrator t=2026-09-13T12:41:34.607350201Z level=info msg="Executing migration" id="Add playlist column updated_at"
2026-09-13T12:41:34.610209146Z logger=migrator t=2026-09-13T12:41:34.610057631Z level=info msg="Migration successfully executed" id="Add playlist column updated_at" duration=2.706961ms
2026-09-13T12:41:34.617144525Z logger=migrator t=2026-09-13T12:41:34.616950899Z level=info msg="Executing migration" id="drop preferences table v2"
2026-09-13T12:41:34.617237708Z logger=migrator t=2026-09-13T12:41:34.617142581Z level=info msg="Migration successfully executed" id="drop preferences table v2" duration=192.1µs
2026-09-13T12:41:34.624024250Z logger=migrator t=2026-09-13T12:41:34.623803535Z level=info msg="Executing migration" id="drop preferences table v3"
2026-09-13T12:41:34.624082369Z logger=migrator t=2026-09-13T12:41:34.623941716Z level=info msg="Migration successfully executed" id="drop preferences table v3" duration=139.933µs
2026-09-13T12:41:34.631250988Z logger=migrator t=2026-09-13T12:41:34.63091207Z level=info msg="Executing migration" id="create preferences table v3"
2026-09-13T12:41:34.632146231Z logger=migrator t=2026-09-13T12:41:34.631977416Z level=info msg="Migration successfully executed" id="create preferences table v3" duration=1.066028ms
2026-09-13T12:41:34.639275070Z logger=migrator t=2026-09-13T12:41:34.639061353Z level=info msg="Executing migration" id="Update preferences table charset"
2026-09-13T12:41:34.639298309Z logger=migrator t=2026-09-13T12:41:34.639139249Z level=info msg="Migration successfully executed" id="Update preferences table charset" duration=52.684µs
2026-09-13T12:41:34.646193096Z logger=migrator t=2026-09-13T12:41:34.645959382Z level=info msg="Executing migration" id="Add column team_id in preferences"
2026-09-13T12:41:34.649297485Z logger=migrator t=2026-09-13T12:41:34.649105295Z level=info msg="Migration successfully executed" id="Add column team_id in preferences" duration=3.15001ms
2026-09-13T12:41:34.656201405Z logger=migrator t=2026-09-13T12:41:34.656010923Z level=info msg="Executing migration" id="Update team_id column values in preferences"
2026-09-13T12:41:34.656433648Z logger=migrator t=2026-09-13T12:41:34.656346443Z level=info msg="Migration successfully executed" id="Update team_id column values in preferences" duration=336.333µs
2026-09-13T12:41:34.663512482Z logger=migrator t=2026-09-13T12:41:34.663333504Z level=info msg="Executing migration" id="Add column week_start in preferences"
2026-09-13T12:41:34.666465900Z logger=migrator t=2026-09-13T12:41:34.666272956Z level=info msg="Migration successfully executed" id="Add column week_start in preferences" duration=2.940866ms
2026-09-13T12:41:34.674244404Z logger=migrator t=2026-09-13T12:41:34.673131836Z level=info msg="Executing migration" id="Add column preferences.json_data"
2026-09-13T12:41:34.676106101Z logger=migrator t=2026-09-13T12:41:34.675943904Z level=info msg="Migration successfully executed" id="Add column preferences.json_data" duration=2.809833ms
2026-09-13T12:41:34.683187733Z logger=migrator t=2026-09-13T12:41:34.68292466Z level=info msg="Executing migration" id="alter preferences.json_data to mediumtext v1"
2026-09-13T12:41:34.683240963Z logger=migrator t=2026-09-13T12:41:34.683061206Z level=info msg="Migration successfully executed" id="alter preferences.json_data to mediumtext v1" duration=137.936µs
2026-09-13T12:41:34.690812063Z logger=migrator t=2026-09-13T12:41:34.690180755Z level=info msg="Executing migration" id="Add preferences index org_id"
2026-09-13T12:41:34.691420285Z logger=migrator t=2026-09-13T12:41:34.691263175Z level=info msg="Migration successfully executed" id="Add preferences index org_id" duration=1.083861ms
2026-09-13T12:41:34.699549629Z logger=migrator t=2026-09-13T12:41:34.698243941Z level=info msg="Executing migration" id="Add preferences index user_id"
2026-09-13T12:41:34.699573149Z logger=migrator t=2026-09-13T12:41:34.699334711Z level=info msg="Migration successfully executed" id="Add preferences index user_id" duration=1.091691ms
2026-09-13T12:41:34.706370368Z logger=migrator t=2026-09-13T12:41:34.706202608Z level=info msg="Executing migration" id="create alert table v1"
2026-09-13T12:41:34.707477579Z logger=migrator t=2026-09-13T12:41:34.707332408Z level=info msg="Migration successfully executed" id="create alert table v1" duration=1.13043ms
2026-09-13T12:41:34.714483483Z logger=migrator t=2026-09-13T12:41:34.714348315Z level=info msg="Executing migration" id="add index alert org_id & id "
2026-09-13T12:41:34.715596139Z logger=migrator t=2026-09-13T12:41:34.715440766Z level=info msg="Migration successfully executed" id="add index alert org_id & id " duration=1.093207ms
2026-09-13T12:41:34.722699027Z logger=migrator t=2026-09-13T12:41:34.72243787Z level=info msg="Executing migration" id="add index alert state"
2026-09-13T12:41:34.723593053Z logger=migrator t=2026-09-13T12:41:34.723440572Z level=info msg="Migration successfully executed" id="add index alert state" duration=1.004515ms
2026-09-13T12:41:34.730396906Z logger=migrator t=2026-09-13T12:41:34.730259568Z level=info msg="Executing migration" id="add index alert dashboard_id"
2026-09-13T12:41:34.731458935Z logger=migrator t=2026-09-13T12:41:34.731319543Z level=info msg="Migration successfully executed" id="add index alert dashboard_id" duration=1.061474ms
2026-09-13T12:41:34.739307486Z logger=migrator t=2026-09-13T12:41:34.738691349Z level=info msg="Executing migration" id="Create alert_rule_tag table v1"
2026-09-13T12:41:34.739663199Z logger=migrator t=2026-09-13T12:41:34.739536029Z level=info msg="Migration successfully executed" id="Create alert_rule_tag table v1" duration=845.165µs
2026-09-13T12:41:34.746913566Z logger=migrator t=2026-09-13T12:41:34.746684722Z level=info msg="Executing migration" id="Add unique index alert_rule_tag.alert_id_tag_id"
2026-09-13T12:41:34.747844301Z logger=migrator t=2026-09-13T12:41:34.747697532Z level=info msg="Migration successfully executed" id="Add unique index alert_rule_tag.alert_id_tag_id" duration=1.01367ms
2026-09-13T12:41:34.754861256Z logger=migrator t=2026-09-13T12:41:34.754720656Z level=info msg="Executing migration" id="drop index UQE_alert_rule_tag_alert_id_tag_id - v1"
2026-09-13T12:41:34.755843376Z logger=migrator t=2026-09-13T12:41:34.755670511Z level=info msg="Migration successfully executed" id="drop index UQE_alert_rule_tag_alert_id_tag_id - v1" duration=951.081µs
2026-09-13T12:41:34.762973703Z logger=migrator t=2026-09-13T12:41:34.76273485Z level=info msg="Executing migration" id="Rename table alert_rule_tag to alert_rule_tag_v1 - v1"
2026-09-13T12:41:34.771237146Z logger=migrator t=2026-09-13T12:41:34.770995487Z level=info msg="Migration successfully executed" id="Rename table alert_rule_tag to alert_rule_tag_v1 - v1" duration=8.259324ms
2026-09-13T12:41:34.778271989Z logger=migrator t=2026-09-13T12:41:34.778094281Z level=info msg="Executing migration" id="Create alert_rule_tag table v2"
2026-09-13T12:41:34.779212190Z logger=migrator t=2026-09-13T12:41:34.779040263Z level=info msg="Migration successfully executed" id="Create alert_rule_tag table v2" duration=945.721µs
2026-09-13T12:41:34.786018980Z logger=migrator t=2026-09-13T12:41:34.785834271Z level=info msg="Executing migration" id="create index UQE_alert_rule_tag_alert_id_tag_id - Add unique index alert_rule_tag.alert_id_tag_id V2"
2026-09-13T12:41:34.786975275Z logger=migrator t=2026-09-13T12:41:34.786810255Z level=info msg="Migration successfully executed" id="create index UQE_alert_rule_tag_alert_id_tag_id - Add unique index alert_rule_tag.alert_id_tag_id V2" duration=976.413µs
2026-09-13T12:41:34.794939574Z logger=migrator t=2026-09-13T12:41:34.79466926Z level=info msg="Executing migration" id="copy alert_rule_tag v1 to v2"
2026-09-13T12:41:34.795363855Z logger=migrator t=2026-09-13T12:41:34.795182637Z level=info msg="Migration successfully executed" id="copy alert_rule_tag v1 to v2" duration=512.971µs
2026-09-13T12:41:34.802302844Z logger=migrator t=2026-09-13T12:41:34.801837616Z level=info msg="Executing migration" id="drop table alert_rule_tag_v1"
2026-09-13T12:41:34.802742264Z logger=migrator t=2026-09-13T12:41:34.802609482Z level=info msg="Migration successfully executed" id="drop table alert_rule_tag_v1" duration=771.34µs
2026-09-13T12:41:34.809948492Z logger=migrator t=2026-09-13T12:41:34.809765303Z level=info msg="Executing migration" id="create alert_notification table v1"
2026-09-13T12:41:34.811028831Z logger=migrator t=2026-09-13T12:41:34.810849139Z level=info msg="Migration successfully executed" id="create alert_notification table v1" duration=1.084756ms
2026-09-13T12:41:34.818479190Z logger=migrator t=2026-09-13T12:41:34.818310529Z level=info msg="Executing migration" id="Add column is_default"
2026-09-13T12:41:34.822311173Z logger=migrator t=2026-09-13T12:41:34.822047675Z level=info msg="Migration successfully executed" id="Add column is_default" duration=3.734313ms
2026-09-13T12:41:34.829243438Z logger=migrator t=2026-09-13T12:41:34.829069972Z level=info msg="Executing migration" id="Add column frequency"
2026-09-13T12:41:34.832499323Z logger=migrator t=2026-09-13T12:41:34.832285786Z level=info msg="Migration successfully executed" id="Add column frequency" duration=3.213912ms
2026-09-13T12:41:34.840190769Z logger=migrator t=2026-09-13T12:41:34.839180361Z level=info msg="Executing migration" id="Add column send_reminder"
2026-09-13T12:41:34.842430294Z logger=migrator t=2026-09-13T12:41:34.842052407Z level=info msg="Migration successfully executed" id="Add column send_reminder" duration=2.87084ms
2026-09-13T12:41:34.849031333Z logger=migrator t=2026-09-13T12:41:34.84889065Z level=info msg="Executing migration" id="Add column disable_resolve_message"
2026-09-13T12:41:34.852621592Z logger=migrator t=2026-09-13T12:41:34.852374199Z level=info msg="Migration successfully executed" id="Add column disable_resolve_message" duration=3.481536ms
2026-09-13T12:41:34.859545409Z logger=migrator t=2026-09-13T12:41:34.859294266Z level=info msg="Executing migration" id="add index alert_notification org_id & name"
2026-09-13T12:41:34.860466660Z logger=migrator t=2026-09-13T12:41:34.860312639Z level=info msg="Migration successfully executed" id="add index alert_notification org_id & name" duration=1.019364ms
2026-09-13T12:41:34.867674897Z logger=migrator t=2026-09-13T12:41:34.867415674Z level=info msg="Executing migration" id="Update alert table charset"
2026-09-13T12:41:34.867696230Z logger=migrator t=2026-09-13T12:41:34.867461921Z level=info msg="Migration successfully executed" id="Update alert table charset" duration=48.911µs
2026-09-13T12:41:34.874564239Z logger=migrator t=2026-09-13T12:41:34.874326213Z level=info msg="Executing migration" id="Update alert_notification table charset"
2026-09-13T12:41:34.874599914Z logger=migrator t=2026-09-13T12:41:34.874375184Z level=info msg="Migration successfully executed" id="Update alert_notification table charset" duration=51.219µs
2026-09-13T12:41:34.882590306Z logger=migrator t=2026-09-13T12:41:34.88136856Z level=info msg="Executing migration" id="create notification_journal table v1"
2026-09-13T12:41:34.882612114Z logger=migrator t=2026-09-13T12:41:34.882194996Z level=info msg="Migration successfully executed" id="create notification_journal table v1" duration=824.789µs
2026-09-13T12:41:34.889905765Z logger=migrator t=2026-09-13T12:41:34.889344356Z level=info msg="Executing migration" id="add index notification_journal org_id & alert_id & notifier_id"
2026-09-13T12:41:34.890677018Z logger=migrator t=2026-09-13T12:41:34.890415929Z level=info msg="Migration successfully executed" id="add index notification_journal org_id & alert_id & notifier_id" duration=1.071518ms
2026-09-13T12:41:34.898060462Z logger=migrator t=2026-09-13T12:41:34.89788253Z level=info msg="Executing migration" id="drop alert_notification_journal"
2026-09-13T12:41:34.899305515Z logger=migrator t=2026-09-13T12:41:34.899174418Z level=info msg="Migration successfully executed" id="drop alert_notification_journal" duration=1.292449ms
2026-09-13T12:41:34.906938697Z logger=migrator t=2026-09-13T12:41:34.906361355Z level=info msg="Executing migration" id="create alert_notification_state table v1"
2026-09-13T12:41:34.907519983Z logger=migrator t=2026-09-13T12:41:34.907388145Z level=info msg="Migration successfully executed" id="create alert_notification_state table v1" duration=1.027849ms
2026-09-13T12:41:34.914692004Z logger=migrator t=2026-09-13T12:41:34.914379122Z level=info msg="Executing migration" id="add index alert_notification_state org_id & alert_id & notifier_id"
2026-09-13T12:41:34.915768935Z logger=migrator t=2026-09-13T12:41:34.915620686Z level=info msg="Migration successfully executed" id="add index alert_notification_state org_id & alert_id & notifier_id" duration=1.242042ms
2026-09-13T12:41:34.922995453Z logger=migrator t=2026-09-13T12:41:34.922778432Z level=info msg="Executing migration" id="Add for to alert table"
2026-09-13T12:41:34.925973741Z logger=migrator t=2026-09-13T12:41:34.925782703Z level=info msg="Migration successfully executed" id="Add for to alert table" duration=3.005515ms
2026-09-13T12:41:34.932980637Z logger=migrator t=2026-09-13T12:41:34.932782496Z level=info msg="Executing migration" id="Add column uid in alert_notification"
2026-09-13T12:41:34.936148389Z logger=migrator t=2026-09-13T12:41:34.935926754Z level=info msg="Migration successfully executed" id="Add column uid in alert_notification" duration=3.144852ms
2026-09-13T12:41:34.943107781Z logger=migrator t=2026-09-13T12:41:34.942896009Z level=info msg="Executing migration" id="Update uid column values in alert_notification"
2026-09-13T12:41:34.943477239Z logger=migrator t=2026-09-13T12:41:34.943305713Z level=info msg="Migration successfully executed" id="Update uid column values in alert_notification" duration=412.795µs
2026-09-13T12:41:34.951012342Z logger=migrator t=2026-09-13T12:41:34.950624859Z level=info msg="Executing migration" id="Add unique index alert_notification_org_id_uid"
2026-09-13T12:41:34.951831374Z logger=migrator t=2026-09-13T12:41:34.951673899Z level=info msg="Migration successfully executed" id="Add unique index alert_notification_org_id_uid" duration=1.050335ms
2026-09-13T12:41:34.959612179Z logger=migrator t=2026-09-13T12:41:34.959351233Z level=info msg="Executing migration" id="Remove unique index org_id_name"
2026-09-13T12:41:34.960523162Z logger=migrator t=2026-09-13T12:41:34.960363491Z level=info msg="Migration successfully executed" id="Remove unique index org_id_name" duration=1.009518ms
2026-09-13T12:41:34.967769192Z logger=migrator t=2026-09-13T12:41:34.967532603Z level=info msg="Executing migration" id="Add column secure_settings in alert_notification"
2026-09-13T12:41:34.971159470Z logger=migrator t=2026-09-13T12:41:34.970949082Z level=info msg="Migration successfully executed" id="Add column secure_settings in alert_notification" duration=3.403829ms
2026-09-13T12:41:34.978873541Z logger=migrator t=2026-09-13T12:41:34.978692259Z level=info msg="Executing migration" id="alter alert.settings to mediumtext"
2026-09-13T12:41:34.978966024Z logger=migrator t=2026-09-13T12:41:34.978905598Z level=info msg="Migration successfully executed" id="alter alert.settings to mediumtext" duration=216.312µs
2026-09-13T12:41:34.986160829Z logger=migrator t=2026-09-13T12:41:34.985996441Z level=info msg="Executing migration" id="Add non-unique index alert_notification_state_alert_id"
2026-09-13T12:41:34.987369067Z logger=migrator t=2026-09-13T12:41:34.987098168Z level=info msg="Migration successfully executed" id="Add non-unique index alert_notification_state_alert_id" duration=1.10363ms
2026-09-13T12:41:34.994253601Z logger=migrator t=2026-09-13T12:41:34.993906293Z level=info msg="Executing migration" id="Add non-unique index alert_rule_tag_alert_id"
2026-09-13T12:41:34.995261355Z logger=migrator t=2026-09-13T12:41:34.995060531Z level=info msg="Migration successfully executed" id="Add non-unique index alert_rule_tag_alert_id" duration=1.154857ms
2026-09-13T12:41:35.002637233Z logger=migrator t=2026-09-13T12:41:35.002160723Z level=info msg="Executing migration" id="Drop old annotation table v4"
2026-09-13T12:41:35.002693703Z logger=migrator t=2026-09-13T12:41:35.002313401Z level=info msg="Migration successfully executed" id="Drop old annotation table v4" duration=154.882µs
2026-09-13T12:41:35.010440578Z logger=migrator t=2026-09-13T12:41:35.009918868Z level=info msg="Executing migration" id="create annotation table v5"
2026-09-13T12:41:35.012028802Z logger=migrator t=2026-09-13T12:41:35.011866286Z level=info msg="Migration successfully executed" id="create annotation table v5" duration=1.947526ms
2026-09-13T12:41:35.020257884Z logger=migrator t=2026-09-13T12:41:35.019951904Z level=info msg="Executing migration" id="add index annotation 0 v3"
2026-09-13T12:41:35.021211907Z logger=migrator t=2026-09-13T12:41:35.021039033Z level=info msg="Migration successfully executed" id="add index annotation 0 v3" duration=1.087883ms
2026-09-13T12:41:35.042682518Z logger=migrator t=2026-09-13T12:41:35.042288888Z level=info msg="Executing migration" id="add index annotation 1 v3"
2026-09-13T12:41:35.043560332Z logger=migrator t=2026-09-13T12:41:35.043411853Z level=info msg="Migration successfully executed" id="add index annotation 1 v3" duration=1.118969ms
2026-09-13T12:41:35.050909375Z logger=migrator t=2026-09-13T12:41:35.050707509Z level=info msg="Executing migration" id="add index annotation 2 v3"
2026-09-13T12:41:35.051790793Z logger=migrator t=2026-09-13T12:41:35.051629095Z level=info msg="Migration successfully executed" id="add index annotation 2 v3" duration=923.198µs
2026-09-13T12:41:35.059230715Z logger=migrator t=2026-09-13T12:41:35.058695595Z level=info msg="Executing migration" id="add index annotation 3 v3"
2026-09-13T12:41:35.060163877Z logger=migrator t=2026-09-13T12:41:35.059971864Z level=info msg="Migration successfully executed" id="add index annotation 3 v3" duration=1.27715ms
2026-09-13T12:41:35.067353350Z logger=migrator t=2026-09-13T12:41:35.067065789Z level=info msg="Executing migration" id="add index annotation 4 v3"
2026-09-13T12:41:35.068208502Z logger=migrator t=2026-09-13T12:41:35.068028659Z level=info msg="Migration successfully executed" id="add index annotation 4 v3" duration=964.776µs
2026-09-13T12:41:35.075096564Z logger=migrator t=2026-09-13T12:41:35.074875754Z level=info msg="Executing migration" id="Update annotation table charset"
2026-09-13T12:41:35.075151933Z logger=migrator t=2026-09-13T12:41:35.074930285Z level=info msg="Migration successfully executed" id="Update annotation table charset" duration=56.104µs
2026-09-13T12:41:35.081973449Z logger=migrator t=2026-09-13T12:41:35.081833238Z level=info msg="Executing migration" id="Add column region_id to annotation table"
2026-09-13T12:41:35.085517930Z logger=migrator t=2026-09-13T12:41:35.085338791Z level=info msg="Migration successfully executed" id="Add column region_id to annotation table" duration=3.505266ms
2026-09-13T12:41:35.093195416Z logger=migrator t=2026-09-13T12:41:35.0922993Z level=info msg="Executing migration" id="Drop category_id index"
2026-09-13T12:41:35.093454394Z logger=migrator t=2026-09-13T12:41:35.093346684Z level=info msg="Migration successfully executed" id="Drop category_id index" duration=1.047679ms
2026-09-13T12:41:35.100526798Z logger=migrator t=2026-09-13T12:41:35.100374612Z level=info msg="Executing migration" id="Add column tags to annotation table"
2026-09-13T12:41:35.104322239Z logger=migrator t=2026-09-13T12:41:35.104160647Z level=info msg="Migration successfully executed" id="Add column tags to annotation table" duration=3.785406ms
2026-09-13T12:41:35.112170060Z logger=migrator t=2026-09-13T12:41:35.111085324Z level=info msg="Executing migration" id="Create annotation_tag table v2"
2026-09-13T12:41:35.112192170Z logger=migrator t=2026-09-13T12:41:35.111854612Z level=info msg="Migration successfully executed" id="Create annotation_tag table v2" duration=768.614µs
2026-09-13T12:41:35.119292318Z logger=migrator t=2026-09-13T12:41:35.119083526Z level=info msg="Executing migration" id="Add unique index annotation_tag.annotation_id_tag_id"
2026-09-13T12:41:35.120295903Z logger=migrator t=2026-09-13T12:41:35.120143524Z level=info msg="Migration successfully executed" id="Add unique index annotation_tag.annotation_id_tag_id" duration=1.06318ms
2026-09-13T12:41:35.127362703Z logger=migrator t=2026-09-13T12:41:35.127218196Z level=info msg="Executing migration" id="drop index UQE_annotation_tag_annotation_id_tag_id - v2"
2026-09-13T12:41:35.128630927Z logger=migrator t=2026-09-13T12:41:35.128459035Z level=info msg="Migration successfully executed" id="drop index UQE_annotation_tag_annotation_id_tag_id - v2" duration=1.241831ms
2026-09-13T12:41:35.135660114Z logger=migrator t=2026-09-13T12:41:35.135510178Z level=info msg="Executing migration" id="Rename table annotation_tag to annotation_tag_v2 - v2"
2026-09-13T12:41:35.144540747Z logger=migrator t=2026-09-13T12:41:35.144341928Z level=info msg="Migration successfully executed" id="Rename table annotation_tag to annotation_tag_v2 - v2" duration=8.829839ms
2026-09-13T12:41:35.151294690Z logger=migrator t=2026-09-13T12:41:35.151156638Z level=info msg="Executing migration" id="Create annotation_tag table v3"
2026-09-13T12:41:35.152022883Z logger=migrator t=2026-09-13T12:41:35.151894326Z level=info msg="Migration successfully executed" id="Create annotation_tag table v3" duration=738.461µs
2026-09-13T12:41:35.158891779Z logger=migrator t=2026-09-13T12:41:35.158740599Z level=info msg="Executing migration" id="create index UQE_annotation_tag_annotation_id_tag_id - Add unique index annotation_tag.annotation_id_tag_id V3"
2026-09-13T12:41:35.159860781Z logger=migrator t=2026-09-13T12:41:35.159704272Z level=info msg="Migration successfully executed" id="create index UQE_annotation_tag_annotation_id_tag_id - Add unique index annotation_tag.annotation_id_tag_id V3" duration=989.893µs
2026-09-13T12:41:35.166837912Z logger=migrator t=2026-09-13T12:41:35.166692831Z level=info msg="Executing migration" id="copy annotation_tag v2 to v3"
2026-09-13T12:41:35.167239617Z logger=migrator t=2026-09-13T12:41:35.167133205Z level=info msg="Migration successfully executed" id="copy annotation_tag v2 to v3" duration=416.844µs
2026-09-13T12:41:35.174269409Z logger=migrator t=2026-09-13T12:41:35.173812657Z level=info msg="Executing migration" id="drop table annotation_tag_v2"
2026-09-13T12:41:35.174863592Z logger=migrator t=2026-09-13T12:41:35.174722718Z level=info msg="Migration successfully executed" id="drop table annotation_tag_v2" duration=909.907µs
2026-09-13T12:41:35.181726929Z logger=migrator t=2026-09-13T12:41:35.181578437Z level=info msg="Executing migration" id="Update alert annotations and set TEXT to empty"
2026-09-13T12:41:35.182254475Z logger=migrator t=2026-09-13T12:41:35.181914542Z level=info msg="Migration successfully executed" id="Update alert annotations and set TEXT to empty" duration=326.259µs
2026-09-13T12:41:35.188860772Z logger=migrator t=2026-09-13T12:41:35.188732987Z level=info msg="Executing migration" id="Add created time to annotation table"
2026-09-13T12:41:35.192363454Z logger=migrator t=2026-09-13T12:41:35.192170089Z level=info msg="Migration successfully executed" id="Add created time to annotation table" duration=3.436779ms
2026-09-13T12:41:35.199208502Z logger=migrator t=2026-09-13T12:41:35.198817194Z level=info msg="Executing migration" id="Add updated time to annotation table"
2026-09-13T12:41:35.202193180Z logger=migrator t=2026-09-13T12:41:35.201998095Z level=info msg="Migration successfully executed" id="Add updated time to annotation table" duration=3.17493ms
2026-09-13T12:41:35.209145593Z logger=migrator t=2026-09-13T12:41:35.208937445Z level=info msg="Executing migration" id="Add index for created in annotation table"
2026-09-13T12:41:35.210200747Z logger=migrator t=2026-09-13T12:41:35.210024557Z level=info msg="Migration successfully executed" id="Add index for created in annotation table" duration=1.087596ms
2026-09-13T12:41:35.217065660Z logger=migrator t=2026-09-13T12:41:35.216926751Z level=info msg="Executing migration" id="Add index for updated in annotation table"
2026-09-13T12:41:35.218012446Z logger=migrator t=2026-09-13T12:41:35.217905761Z level=info msg="Migration successfully executed" id="Add index for updated in annotation table" duration=980.186µs
2026-09-13T12:41:35.225013722Z logger=migrator t=2026-09-13T12:41:35.224862764Z level=info msg="Executing migration" id="Convert existing annotations from seconds to milliseconds"
2026-09-13T12:41:35.225439180Z logger=migrator t=2026-09-13T12:41:35.225312074Z level=info msg="Migration successfully executed" id="Convert existing annotations from seconds to milliseconds" duration=451.71µs
2026-09-13T12:41:35.232359086Z logger=migrator t=2026-09-13T12:41:35.232164311Z level=info msg="Executing migration" id="Add epoch_end column"
2026-09-13T12:41:35.235654930Z logger=migrator t=2026-09-13T12:41:35.235479897Z level=info msg="Migration successfully executed" id="Add epoch_end column" duration=3.310957ms
2026-09-13T12:41:35.242411481Z logger=migrator t=2026-09-13T12:41:35.242251596Z level=info msg="Executing migration" id="Add index for epoch_end"
2026-09-13T12:41:35.243529802Z logger=migrator t=2026-09-13T12:41:35.243374514Z level=info msg="Migration successfully executed" id="Add index for epoch_end" duration=1.12397ms
2026-09-13T12:41:35.250653515Z logger=migrator t=2026-09-13T12:41:35.250394614Z level=info msg="Executing migration" id="Make epoch_end the same as epoch"
2026-09-13T12:41:35.250874005Z logger=migrator t=2026-09-13T12:41:35.25077268Z level=info msg="Migration successfully executed" id="Make epoch_end the same as epoch" duration=378.354µs
2026-09-13T12:41:35.258137934Z logger=migrator t=2026-09-13T12:41:35.257879386Z level=info msg="Executing migration" id="Move region to single row"
2026-09-13T12:41:35.258598386Z logger=migrator t=2026-09-13T12:41:35.258399682Z level=info msg="Migration successfully executed" id="Move region to single row" duration=518.428µs
2026-09-13T12:41:35.265534091Z logger=migrator t=2026-09-13T12:41:35.265363436Z level=info msg="Executing migration" id="Remove index org_id_epoch from annotation table"
2026-09-13T12:41:35.266596357Z logger=migrator t=2026-09-13T12:41:35.266445553Z level=info msg="Migration successfully executed" id="Remove index org_id_epoch from annotation table" duration=1.083395ms
2026-09-13T12:41:35.274268396Z logger=migrator t=2026-09-13T12:41:35.273288088Z level=info msg="Executing migration" id="Remove index org_id_dashboard_id_panel_id_epoch from annotation table"
2026-09-13T12:41:35.274308454Z logger=migrator t=2026-09-13T12:41:35.274211312Z level=info msg="Migration successfully executed" id="Remove index org_id_dashboard_id_panel_id_epoch from annotation table" duration=921.676µs
2026-09-13T12:41:35.281442761Z logger=migrator t=2026-09-13T12:41:35.281273509Z level=info msg="Executing migration" id="Add index for org_id_dashboard_id_epoch_end_epoch on annotation table"
2026-09-13T12:41:35.282449052Z logger=migrator t=2026-09-13T12:41:35.282292124Z level=info msg="Migration successfully executed" id="Add index for org_id_dashboard_id_epoch_end_epoch on annotation table" duration=1.019456ms
2026-09-13T12:41:35.289455618Z logger=migrator t=2026-09-13T12:41:35.289209682Z level=info msg="Executing migration" id="Add index for org_id_epoch_end_epoch on annotation table"
2026-09-13T12:41:35.290277449Z logger=migrator t=2026-09-13T12:41:35.29012987Z level=info msg="Migration successfully executed" id="Add index for org_id_epoch_end_epoch on annotation table" duration=897.51µs
2026-09-13T12:41:35.296929921Z logger=migrator t=2026-09-13T12:41:35.29675193Z level=info msg="Executing migration" id="Remove index org_id_epoch_epoch_end from annotation table"
2026-09-13T12:41:35.297847641Z logger=migrator t=2026-09-13T12:41:35.297704153Z level=info msg="Migration successfully executed" id="Remove index org_id_epoch_epoch_end from annotation table" duration=953.893µs
2026-09-13T12:41:35.304788454Z logger=migrator t=2026-09-13T12:41:35.304535259Z level=info msg="Executing migration" id="Add index for alert_id on annotation table"
2026-09-13T12:41:35.305572639Z logger=migrator t=2026-09-13T12:41:35.305427313Z level=info msg="Migration successfully executed" id="Add index for alert_id on annotation table" duration=892.355µs
2026-09-13T12:41:35.312536775Z logger=migrator t=2026-09-13T12:41:35.31237804Z level=info msg="Executing migration" id="Increase tags column to length 4096"
2026-09-13T12:41:35.312623491Z logger=migrator t=2026-09-13T12:41:35.312570547Z level=info msg="Migration successfully executed" id="Increase tags column to length 4096" duration=194.518µs
2026-09-13T12:41:35.319877011Z logger=migrator t=2026-09-13T12:41:35.319647302Z level=info msg="Executing migration" id="Increase prev_state column to length 40 not null"
2026-09-13T12:41:35.319926166Z logger=migrator t=2026-09-13T12:41:35.319770949Z level=info msg="Migration successfully executed" id="Increase prev_state column to length 40 not null" duration=126.48µs
2026-09-13T12:41:35.326994782Z logger=migrator t=2026-09-13T12:41:35.326792629Z level=info msg="Executing migration" id="Increase new_state column to length 40 not null"
2026-09-13T12:41:35.327051745Z logger=migrator t=2026-09-13T12:41:35.326912614Z level=info msg="Migration successfully executed" id="Increase new_state column to length 40 not null" duration=122.129µs
2026-09-13T12:41:35.333980608Z logger=migrator t=2026-09-13T12:41:35.3338003Z level=info msg="Executing migration" id="create test_data table"
2026-09-13T12:41:35.334955546Z logger=migrator t=2026-09-13T12:41:35.334846034Z level=info msg="Migration successfully executed" id="create test_data table" duration=1.045459ms
2026-09-13T12:41:35.341979219Z logger=migrator t=2026-09-13T12:41:35.341871515Z level=info msg="Executing migration" id="create dashboard_version table v1"
2026-09-13T12:41:35.343041718Z logger=migrator t=2026-09-13T12:41:35.342896412Z level=info msg="Migration successfully executed" id="create dashboard_version table v1" duration=1.025762ms
2026-09-13T12:41:35.349910624Z logger=migrator t=2026-09-13T12:41:35.349754681Z level=info msg="Executing migration" id="add index dashboard_version.dashboard_id"
2026-09-13T12:41:35.351037920Z logger=migrator t=2026-09-13T12:41:35.350887491Z level=info msg="Migration successfully executed" id="add index dashboard_version.dashboard_id" duration=1.133375ms
2026-09-13T12:41:35.358231821Z logger=migrator t=2026-09-13T12:41:35.358030486Z level=info msg="Executing migration" id="add unique index dashboard_version.dashboard_id and dashboard_version.version"
2026-09-13T12:41:35.359541685Z logger=migrator t=2026-09-13T12:41:35.359346116Z level=info msg="Migration successfully executed" id="add unique index dashboard_version.dashboard_id and dashboard_version.version" duration=1.310017ms
2026-09-13T12:41:35.367254517Z logger=migrator t=2026-09-13T12:41:35.366326328Z level=info msg="Executing migration" id="Set dashboard version to 1 where 0"
2026-09-13T12:41:35.367270788Z logger=migrator t=2026-09-13T12:41:35.366779511Z level=info msg="Migration successfully executed" id="Set dashboard version to 1 where 0" duration=454.845µs
2026-09-13T12:41:35.374266113Z logger=migrator t=2026-09-13T12:41:35.373585041Z level=info msg="Executing migration" id="save existing dashboard data in dashboard_version table v1"
2026-09-13T12:41:35.374289222Z logger=migrator t=2026-09-13T12:41:35.374011757Z level=info msg="Migration successfully executed" id="save existing dashboard data in dashboard_version table v1" duration=429.424µs
2026-09-13T12:41:35.381080169Z logger=migrator t=2026-09-13T12:41:35.380899026Z level=info msg="Executing migration" id="alter dashboard_version.data to mediumtext v1"
2026-09-13T12:41:35.381149342Z logger=migrator t=2026-09-13T12:41:35.381040144Z level=info msg="Migration successfully executed" id="alter dashboard_version.data to mediumtext v1" duration=143.189µs
2026-09-13T12:41:35.388322117Z logger=migrator t=2026-09-13T12:41:35.388189793Z level=info msg="Executing migration" id="Add apiVersion for dashboard_version"
2026-09-13T12:41:35.392536753Z logger=migrator t=2026-09-13T12:41:35.392335357Z level=info msg="Migration successfully executed" id="Add apiVersion for dashboard_version" duration=4.149833ms
2026-09-13T12:41:35.399208205Z logger=migrator t=2026-09-13T12:41:35.399023095Z level=info msg="Executing migration" id="create team table"
2026-09-13T12:41:35.400062095Z logger=migrator t=2026-09-13T12:41:35.39990725Z level=info msg="Migration successfully executed" id="create team table" duration=884.269µs
2026-09-13T12:41:35.407198222Z logger=migrator t=2026-09-13T12:41:35.406902111Z level=info msg="Executing migration" id="add index team.org_id"
2026-09-13T12:41:35.408077106Z logger=migrator t=2026-09-13T12:41:35.407924977Z level=info msg="Migration successfully executed" id="add index team.org_id" duration=1.025083ms
2026-09-13T12:41:35.415172023Z logger=migrator t=2026-09-13T12:41:35.41490219Z level=info msg="Executing migration" id="add unique index team_org_id_name"
2026-09-13T12:41:35.416034598Z logger=migrator t=2026-09-13T12:41:35.41587307Z level=info msg="Migration successfully executed" id="add unique index team_org_id_name" duration=971.814µs
2026-09-13T12:41:35.422997741Z logger=migrator t=2026-09-13T12:41:35.422852096Z level=info msg="Executing migration" id="Add column uid in team"
2026-09-13T12:41:35.427281087Z logger=migrator t=2026-09-13T12:41:35.427039638Z level=info msg="Migration successfully executed" id="Add column uid in team" duration=4.186558ms
2026-09-13T12:41:35.434273791Z logger=migrator t=2026-09-13T12:41:35.433941252Z level=info msg="Executing migration" id="Update uid column values in team"
2026-09-13T12:41:35.434375618Z logger=migrator t=2026-09-13T12:41:35.434287785Z level=info msg="Migration successfully executed" id="Update uid column values in team" duration=346.99µs
2026-09-13T12:41:35.441398381Z logger=migrator t=2026-09-13T12:41:35.4411337Z level=info msg="Executing migration" id="Add unique index team_org_id_uid"
2026-09-13T12:41:35.442317321Z logger=migrator t=2026-09-13T12:41:35.442172416Z level=info msg="Migration successfully executed" id="Add unique index team_org_id_uid" duration=1.061513ms
2026-09-13T12:41:35.450088997Z logger=migrator t=2026-09-13T12:41:35.448972606Z level=info msg="Executing migration" id="create team member table"
2026-09-13T12:41:35.450107632Z logger=migrator t=2026-09-13T12:41:35.449784687Z level=info msg="Migration successfully executed" id="create team member table" duration=812.856µs
2026-09-13T12:41:35.456756842Z logger=migrator t=2026-09-13T12:41:35.456548406Z level=info msg="Executing migration" id="add index team_member.org_id"
2026-09-13T12:41:35.457783671Z logger=migrator t=2026-09-13T12:41:35.457625402Z level=info msg="Migration successfully executed" id="add index team_member.org_id" duration=1.077428ms
2026-09-13T12:41:35.464828387Z logger=migrator t=2026-09-13T12:41:35.464605812Z level=info msg="Executing migration" id="add unique index team_member_org_id_team_id_user_id"
2026-09-13T12:41:35.465814924Z logger=migrator t=2026-09-13T12:41:35.465642939Z level=info msg="Migration successfully executed" id="add unique index team_member_org_id_team_id_user_id" duration=1.038001ms
2026-09-13T12:41:35.472943996Z logger=migrator t=2026-09-13T12:41:35.472800651Z level=info msg="Executing migration" id="add index team_member.team_id"
2026-09-13T12:41:35.474161057Z logger=migrator t=2026-09-13T12:41:35.473873163Z level=info msg="Migration successfully executed" id="add index team_member.team_id" duration=1.069446ms
2026-09-13T12:41:35.480917441Z logger=migrator t=2026-09-13T12:41:35.480771345Z level=info msg="Executing migration" id="Add column email to team table"
2026-09-13T12:41:35.484731815Z logger=migrator t=2026-09-13T12:41:35.484546904Z level=info msg="Migration successfully executed" id="Add column email to team table" duration=3.774506ms
2026-09-13T12:41:35.493217306Z logger=migrator t=2026-09-13T12:41:35.491454662Z level=info msg="Executing migration" id="Add column external to team_member table"
2026-09-13T12:41:35.495491216Z logger=migrator t=2026-09-13T12:41:35.495322961Z level=info msg="Migration successfully executed" id="Add column external to team_member table" duration=3.86696ms
2026-09-13T12:41:35.502628502Z logger=migrator t=2026-09-13T12:41:35.502392473Z level=info msg="Executing migration" id="Add column permission to team_member table"
2026-09-13T12:41:35.506855522Z logger=migrator t=2026-09-13T12:41:35.506655105Z level=info msg="Migration successfully executed" id="Add column permission to team_member table" duration=4.260203ms
2026-09-13T12:41:35.513652416Z logger=migrator t=2026-09-13T12:41:35.513491547Z level=info msg="Executing migration" id="add unique index team_member_user_id_org_id"
2026-09-13T12:41:35.514796164Z logger=migrator t=2026-09-13T12:41:35.514624899Z level=info msg="Migration successfully executed" id="add unique index team_member_user_id_org_id" duration=1.133481ms
2026-09-13T12:41:35.522216085Z logger=migrator t=2026-09-13T12:41:35.521457061Z level=info msg="Executing migration" id="create dashboard acl table"
2026-09-13T12:41:35.522623831Z logger=migrator t=2026-09-13T12:41:35.522429643Z level=info msg="Migration successfully executed" id="create dashboard acl table" duration=970.696µs
2026-09-13T12:41:35.529890169Z logger=migrator t=2026-09-13T12:41:35.529547637Z level=info msg="Executing migration" id="add index dashboard_acl_dashboard_id"
2026-09-13T12:41:35.530794035Z logger=migrator t=2026-09-13T12:41:35.530681512Z level=info msg="Migration successfully executed" id="add index dashboard_acl_dashboard_id" duration=1.134491ms
2026-09-13T12:41:35.537976033Z logger=migrator t=2026-09-13T12:41:35.53770618Z level=info msg="Executing migration" id="add unique index dashboard_acl_dashboard_id_user_id"
2026-09-13T12:41:35.538979057Z logger=migrator t=2026-09-13T12:41:35.538814993Z level=info msg="Migration successfully executed" id="add unique index dashboard_acl_dashboard_id_user_id" duration=1.109519ms
2026-09-13T12:41:35.545870760Z logger=migrator t=2026-09-13T12:41:35.545702362Z level=info msg="Executing migration" id="add unique index dashboard_acl_dashboard_id_team_id"
2026-09-13T12:41:35.547050191Z logger=migrator t=2026-09-13T12:41:35.546880426Z level=info msg="Migration successfully executed" id="add unique index dashboard_acl_dashboard_id_team_id" duration=1.17879ms
2026-09-13T12:41:35.553779171Z logger=migrator t=2026-09-13T12:41:35.553650923Z level=info msg="Executing migration" id="add index dashboard_acl_user_id"
2026-09-13T12:41:35.554877669Z logger=migrator t=2026-09-13T12:41:35.554728947Z level=info msg="Migration successfully executed" id="add index dashboard_acl_user_id" duration=1.078795ms
2026-09-13T12:41:35.562306553Z logger=migrator t=2026-09-13T12:41:35.561784828Z level=info msg="Executing migration" id="add index dashboard_acl_team_id"
2026-09-13T12:41:35.563015308Z logger=migrator t=2026-09-13T12:41:35.56288027Z level=info msg="Migration successfully executed" id="add index dashboard_acl_team_id" duration=1.09635ms
2026-09-13T12:41:35.571204937Z logger=migrator t=2026-09-13T12:41:35.569962737Z level=info msg="Executing migration" id="add index dashboard_acl_org_id_role"
2026-09-13T12:41:35.571223660Z logger=migrator t=2026-09-13T12:41:35.571062896Z level=info msg="Migration successfully executed" id="add index dashboard_acl_org_id_role" duration=1.102329ms
2026-09-13T12:41:35.578360872Z logger=migrator t=2026-09-13T12:41:35.578218027Z level=info msg="Executing migration" id="add index dashboard_permission"
2026-09-13T12:41:35.579582202Z logger=migrator t=2026-09-13T12:41:35.579401413Z level=info msg="Migration successfully executed" id="add index dashboard_permission" duration=1.185238ms
2026-09-13T12:41:35.586884937Z logger=migrator t=2026-09-13T12:41:35.586674354Z level=info msg="Executing migration" id="save default acl rules in dashboard_acl table"
2026-09-13T12:41:35.587476217Z logger=migrator t=2026-09-13T12:41:35.587323525Z level=info msg="Migration successfully executed" id="save default acl rules in dashboard_acl table" duration=648.866µs
2026-09-13T12:41:35.594868787Z logger=migrator t=2026-09-13T12:41:35.59467266Z level=info msg="Executing migration" id="delete acl rules for deleted dashboards and folders"
2026-09-13T12:41:35.595226813Z logger=migrator t=2026-09-13T12:41:35.595068865Z level=info msg="Migration successfully executed" id="delete acl rules for deleted dashboards and folders" duration=396.82µs
2026-09-13T12:41:35.602450631Z logger=migrator t=2026-09-13T12:41:35.602206251Z level=info msg="Executing migration" id="create tag table"
2026-09-13T12:41:35.603206152Z logger=migrator t=2026-09-13T12:41:35.603051473Z level=info msg="Migration successfully executed" id="create tag table" duration=846.509µs
2026-09-13T12:41:35.610064021Z logger=migrator t=2026-09-13T12:41:35.609865283Z level=info msg="Executing migration" id="add index tag.key_value"
2026-09-13T12:41:35.611104181Z logger=migrator t=2026-09-13T12:41:35.610945715Z level=info msg="Migration successfully executed" id="add index tag.key_value" duration=1.081392ms
2026-09-13T12:41:35.617948627Z logger=migrator t=2026-09-13T12:41:35.6177902Z level=info msg="Executing migration" id="create login attempt table"
2026-09-13T12:41:35.618916351Z logger=migrator t=2026-09-13T12:41:35.618748765Z level=info msg="Migration successfully executed" id="create login attempt table" duration=959.269µs
2026-09-13T12:41:35.625764896Z logger=migrator t=2026-09-13T12:41:35.625594709Z level=info msg="Executing migration" id="add index login_attempt.username"
2026-09-13T12:41:35.626882017Z logger=migrator t=2026-09-13T12:41:35.626709876Z level=info msg="Migration successfully executed" id="add index login_attempt.username" duration=1.116461ms
2026-09-13T12:41:35.633905826Z logger=migrator t=2026-09-13T12:41:35.633691839Z level=info msg="Executing migration" id="drop index IDX_login_attempt_username - v1"
2026-09-13T12:41:35.635327894Z logger=migrator t=2026-09-13T12:41:35.635002498Z level=info msg="Migration successfully executed" id="drop index IDX_login_attempt_username - v1" duration=1.312023ms
2026-09-13T12:41:35.641872026Z logger=migrator t=2026-09-13T12:41:35.641687238Z level=info msg="Executing migration" id="Rename table login_attempt to login_attempt_tmp_qwerty - v1"
2026-09-13T12:41:35.651727339Z logger=migrator t=2026-09-13T12:41:35.651562273Z level=info msg="Migration successfully executed" id="Rename table login_attempt to login_attempt_tmp_qwerty - v1" duration=9.869709ms
2026-09-13T12:41:35.658462474Z logger=migrator t=2026-09-13T12:41:35.658307673Z level=info msg="Executing migration" id="create login_attempt v2"
2026-09-13T12:41:35.659479731Z logger=migrator t=2026-09-13T12:41:35.659306794Z level=info msg="Migration successfully executed" id="create login_attempt v2" duration=992.144µs
2026-09-13T12:41:35.666448566Z logger=migrator t=2026-09-13T12:41:35.666250178Z level=info msg="Executing migration" id="create index IDX_login_attempt_username - v2"
2026-09-13T12:41:35.667513941Z logger=migrator t=2026-09-13T12:41:35.667356686Z level=info msg="Migration successfully executed" id="create index IDX_login_attempt_username - v2" duration=1.107618ms
2026-09-13T12:41:35.674749270Z logger=migrator t=2026-09-13T12:41:35.674480217Z level=info msg="Executing migration" id="copy login_attempt v1 to v2"
2026-09-13T12:41:35.675540286Z logger=migrator t=2026-09-13T12:41:35.675145144Z level=info msg="Migration successfully executed" id="copy login_attempt v1 to v2" duration=664.014µs
2026-09-13T12:41:35.682295698Z logger=migrator t=2026-09-13T12:41:35.681874462Z level=info msg="Executing migration" id="drop login_attempt_tmp_qwerty"
2026-09-13T12:41:35.682847251Z logger=migrator t=2026-09-13T12:41:35.682731627Z level=info msg="Migration successfully executed" id="drop login_attempt_tmp_qwerty" duration=857.335µs
2026-09-13T12:41:35.690232265Z logger=migrator t=2026-09-13T12:41:35.689605087Z level=info msg="Executing migration" id="create user auth table"
2026-09-13T12:41:35.690659754Z logger=migrator t=2026-09-13T12:41:35.690483166Z level=info msg="Migration successfully executed" id="create user auth table" duration=878.228µs
2026-09-13T12:41:35.697399979Z logger=migrator t=2026-09-13T12:41:35.697234294Z level=info msg="Executing migration" id="create index IDX_user_auth_auth_module_auth_id - v1"
2026-09-13T12:41:35.698555274Z logger=migrator t=2026-09-13T12:41:35.698369306Z level=info msg="Migration successfully executed" id="create index IDX_user_auth_auth_module_auth_id - v1" duration=1.132031ms
2026-09-13T12:41:35.705577965Z logger=migrator t=2026-09-13T12:41:35.705453484Z level=info msg="Executing migration" id="alter user_auth.auth_id to length 190"
2026-09-13T12:41:35.705730113Z logger=migrator t=2026-09-13T12:41:35.705648154Z level=info msg="Migration successfully executed" id="alter user_auth.auth_id to length 190" duration=195.963µs
2026-09-13T12:41:35.713235852Z logger=migrator t=2026-09-13T12:41:35.712531757Z level=info msg="Executing migration" id="Add OAuth access token to user_auth"
2026-09-13T12:41:35.716755672Z logger=migrator t=2026-09-13T12:41:35.716598513Z level=info msg="Migration successfully executed" id="Add OAuth access token to user_auth" duration=4.064824ms
2026-09-13T12:41:35.723833670Z logger=migrator t=2026-09-13T12:41:35.723619848Z level=info msg="Executing migration" id="Add OAuth refresh token to user_auth"
2026-09-13T12:41:35.727818248Z logger=migrator t=2026-09-13T12:41:35.727629004Z level=info msg="Migration successfully executed" id="Add OAuth refresh token to user_auth" duration=3.993116ms
2026-09-13T12:41:35.734831563Z logger=migrator t=2026-09-13T12:41:35.734629499Z level=info msg="Executing migration" id="Add OAuth token type to user_auth"
2026-09-13T12:41:35.739238619Z logger=migrator t=2026-09-13T12:41:35.739034663Z level=info msg="Migration successfully executed" id="Add OAuth token type to user_auth" duration=4.397546ms
2026-09-13T12:41:35.745985383Z logger=migrator t=2026-09-13T12:41:35.745788132Z level=info msg="Executing migration" id="Add OAuth expiry to user_auth"
2026-09-13T12:41:35.750043565Z logger=migrator t=2026-09-13T12:41:35.749848764Z level=info msg="Migration successfully executed" id="Add OAuth expiry to user_auth" duration=4.055007ms
2026-09-13T12:41:35.757033035Z logger=migrator t=2026-09-13T12:41:35.756792662Z level=info msg="Executing migration" id="Add index to user_id column in user_auth"
2026-09-13T12:41:35.757989631Z logger=migrator t=2026-09-13T12:41:35.757830197Z level=info msg="Migration successfully executed" id="Add index to user_id column in user_auth" duration=1.039563ms
2026-09-13T12:41:35.764986325Z logger=migrator t=2026-09-13T12:41:35.764825686Z level=info msg="Executing migration" id="Add OAuth ID token to user_auth"
2026-09-13T12:41:35.770779519Z logger=migrator t=2026-09-13T12:41:35.770171937Z level=info msg="Migration successfully executed" id="Add OAuth ID token to user_auth" duration=5.345404ms
2026-09-13T12:41:35.777318360Z logger=migrator t=2026-09-13T12:41:35.77715307Z level=info msg="Executing migration" id="create server_lock table"
2026-09-13T12:41:35.778075196Z logger=migrator t=2026-09-13T12:41:35.777913738Z level=info msg="Migration successfully executed" id="create server_lock table" duration=761.418µs
2026-09-13T12:41:35.785087036Z logger=migrator t=2026-09-13T12:41:35.784916866Z level=info msg="Executing migration" id="add index server_lock.operation_uid"
2026-09-13T12:41:35.786267742Z logger=migrator t=2026-09-13T12:41:35.786072551Z level=info msg="Migration successfully executed" id="add index server_lock.operation_uid" duration=1.156895ms
2026-09-13T12:41:35.794309235Z logger=migrator t=2026-09-13T12:41:35.793872745Z level=info msg="Executing migration" id="create user auth token table"
2026-09-13T12:41:35.795174552Z logger=migrator t=2026-09-13T12:41:35.795004737Z level=info msg="Migration successfully executed" id="create user auth token table" duration=1.131206ms
2026-09-13T12:41:35.802221666Z logger=migrator t=2026-09-13T12:41:35.80197066Z level=info msg="Executing migration" id="add unique index user_auth_token.auth_token"
2026-09-13T12:41:35.803721945Z logger=migrator t=2026-09-13T12:41:35.803499998Z level=info msg="Migration successfully executed" id="add unique index user_auth_token.auth_token" duration=1.529502ms
2026-09-13T12:41:35.810861891Z logger=migrator t=2026-09-13T12:41:35.810675692Z level=info msg="Executing migration" id="add unique index user_auth_token.prev_auth_token"
2026-09-13T12:41:35.812080023Z logger=migrator t=2026-09-13T12:41:35.811922463Z level=info msg="Migration successfully executed" id="add unique index user_auth_token.prev_auth_token" duration=1.248234ms
2026-09-13T12:41:35.819406287Z logger=migrator t=2026-09-13T12:41:35.819249789Z level=info msg="Executing migration" id="add index user_auth_token.user_id"
2026-09-13T12:41:35.820657577Z logger=migrator t=2026-09-13T12:41:35.820523907Z level=info msg="Migration successfully executed" id="add index user_auth_token.user_id" duration=1.274716ms
2026-09-13T12:41:35.828860246Z logger=migrator t=2026-09-13T12:41:35.828651034Z level=info msg="Executing migration" id="Add revoked_at to the user auth token"
2026-09-13T12:41:35.833027705Z logger=migrator t=2026-09-13T12:41:35.832813295Z level=info msg="Migration successfully executed" id="Add revoked_at to the user auth token" duration=4.160679ms
2026-09-13T12:41:35.840077611Z logger=migrator t=2026-09-13T12:41:35.839853868Z level=info msg="Executing migration" id="add index user_auth_token.revoked_at"
2026-09-13T12:41:35.841152746Z logger=migrator t=2026-09-13T12:41:35.840962261Z level=info msg="Migration successfully executed" id="add index user_auth_token.revoked_at" duration=1.108316ms
2026-09-13T12:41:35.847986363Z logger=migrator t=2026-09-13T12:41:35.847806618Z level=info msg="Executing migration" id="add external_session_id to user_auth_token"
2026-09-13T12:41:35.852282630Z logger=migrator t=2026-09-13T12:41:35.852087029Z level=info msg="Migration successfully executed" id="add external_session_id to user_auth_token" duration=4.279435ms
2026-09-13T12:41:35.859314953Z logger=migrator t=2026-09-13T12:41:35.85904077Z level=info msg="Executing migration" id="create cache_data table"
2026-09-13T12:41:35.860222856Z logger=migrator t=2026-09-13T12:41:35.860055224Z level=info msg="Migration successfully executed" id="create cache_data table" duration=1.013777ms
2026-09-13T12:41:35.867026987Z logger=migrator t=2026-09-13T12:41:35.866859727Z level=info msg="Executing migration" id="add unique index cache_data.cache_key"
2026-09-13T12:41:35.868138725Z logger=migrator t=2026-09-13T12:41:35.867970508Z level=info msg="Migration successfully executed" id="add unique index cache_data.cache_key" duration=1.112366ms
2026-09-13T12:41:35.875512353Z logger=migrator t=2026-09-13T12:41:35.875244764Z level=info msg="Executing migration" id="create short_url table v1"
2026-09-13T12:41:35.876302137Z logger=migrator t=2026-09-13T12:41:35.876152477Z level=info msg="Migration successfully executed" id="create short_url table v1" duration=908.137µs
2026-09-13T12:41:35.883229371Z logger=migrator t=2026-09-13T12:41:35.883027599Z level=info msg="Executing migration" id="add index short_url.org_id-uid"
2026-09-13T12:41:35.884245596Z logger=migrator t=2026-09-13T12:41:35.884089987Z level=info msg="Migration successfully executed" id="add index short_url.org_id-uid" duration=1.063324ms
2026-09-13T12:41:35.891315015Z logger=migrator t=2026-09-13T12:41:35.891051145Z level=info msg="Executing migration" id="alter table short_url alter column created_by type to bigint"
2026-09-13T12:41:35.891413118Z logger=migrator t=2026-09-13T12:41:35.891184442Z level=info msg="Migration successfully executed" id="alter table short_url alter column created_by type to bigint" duration=135.162µs
2026-09-13T12:41:35.898212605Z logger=migrator t=2026-09-13T12:41:35.897957753Z level=info msg="Executing migration" id="delete alert_definition table"
2026-09-13T12:41:35.898254451Z logger=migrator t=2026-09-13T12:41:35.898133637Z level=info msg="Migration successfully executed" id="delete alert_definition table" duration=151.32µs
2026-09-13T12:41:35.906154129Z logger=migrator t=2026-09-13T12:41:35.905070159Z level=info msg="Executing migration" id="recreate alert_definition table"
2026-09-13T12:41:35.906178512Z logger=migrator t=2026-09-13T12:41:35.905945394Z level=info msg="Migration successfully executed" id="recreate alert_definition table" duration=876.514µs
2026-09-13T12:41:35.913235875Z logger=migrator t=2026-09-13T12:41:35.912840462Z level=info msg="Executing migration" id="add index in alert_definition on org_id and title columns"
2026-09-13T12:41:35.914053706Z logger=migrator t=2026-09-13T12:41:35.91391739Z level=info msg="Migration successfully executed" id="add index in alert_definition on org_id and title columns" duration=1.078692ms
2026-09-13T12:41:35.920907854Z logger=migrator t=2026-09-13T12:41:35.920690015Z level=info msg="Executing migration" id="add index in alert_definition on org_id and uid columns"
2026-09-13T12:41:35.921986228Z logger=migrator t=2026-09-13T12:41:35.921849846Z level=info msg="Migration successfully executed" id="add index in alert_definition on org_id and uid columns" duration=1.16196ms
2026-09-13T12:41:35.929045459Z logger=migrator t=2026-09-13T12:41:35.928865277Z level=info msg="Executing migration" id="alter alert_definition table data column to mediumtext in mysql"
2026-09-13T12:41:35.929149476Z logger=migrator t=2026-09-13T12:41:35.92904461Z level=info msg="Migration successfully executed" id="alter alert_definition table data column to mediumtext in mysql" duration=180.71µs
2026-09-13T12:41:35.936213099Z logger=migrator t=2026-09-13T12:41:35.935931539Z level=info msg="Executing migration" id="drop index in alert_definition on org_id and title columns"
2026-09-13T12:41:35.937361332Z logger=migrator t=2026-09-13T12:41:35.937205262Z level=info msg="Migration successfully executed" id="drop index in alert_definition on org_id and title columns" duration=1.273832ms
2026-09-13T12:41:35.944030465Z logger=migrator t=2026-09-13T12:41:35.943853308Z level=info msg="Executing migration" id="drop index in alert_definition on org_id and uid columns"
2026-09-13T12:41:35.945069138Z logger=migrator t=2026-09-13T12:41:35.944917135Z level=info msg="Migration successfully executed" id="drop index in alert_definition on org_id and uid columns" duration=1.063792ms
2026-09-13T12:41:35.952261021Z logger=migrator t=2026-09-13T12:41:35.951512917Z level=info msg="Executing migration" id="add unique index in alert_definition on org_id and title columns"
2026-09-13T12:41:35.952680431Z logger=migrator t=2026-09-13T12:41:35.952555492Z level=info msg="Migration successfully executed" id="add unique index in alert_definition on org_id and title columns" duration=1.038516ms
2026-09-13T12:41:35.959683353Z logger=migrator t=2026-09-13T12:41:35.959164229Z level=info msg="Executing migration" id="add unique index in alert_definition on org_id and uid columns"
2026-09-13T12:41:35.960331823Z logger=migrator t=2026-09-13T12:41:35.960191829Z level=info msg="Migration successfully executed" id="add unique index in alert_definition on org_id and uid columns" duration=1.028488ms
2026-09-13T12:41:35.967277838Z logger=migrator t=2026-09-13T12:41:35.967061701Z level=info msg="Executing migration" id="Add column paused in alert_definition"
2026-09-13T12:41:35.971668524Z logger=migrator t=2026-09-13T12:41:35.971483361Z level=info msg="Migration successfully executed" id="Add column paused in alert_definition" duration=4.407669ms
2026-09-13T12:41:35.978651027Z logger=migrator t=2026-09-13T12:41:35.978371673Z level=info msg="Executing migration" id="drop alert_definition table"
2026-09-13T12:41:35.979632418Z logger=migrator t=2026-09-13T12:41:35.979496318Z level=info msg="Migration successfully executed" id="drop alert_definition table" duration=1.120096ms
2026-09-13T12:41:35.986435036Z logger=migrator t=2026-09-13T12:41:35.986247567Z level=info msg="Executing migration" id="delete alert_definition_version table"
2026-09-13T12:41:35.986583291Z logger=migrator t=2026-09-13T12:41:35.986454522Z level=info msg="Migration successfully executed" id="delete alert_definition_version table" duration=209.031µs
2026-09-13T12:41:35.994689398Z logger=migrator t=2026-09-13T12:41:35.993426035Z level=info msg="Executing migration" id="recreate alert_definition_version table"
2026-09-13T12:41:35.994713551Z logger=migrator t=2026-09-13T12:41:35.994359609Z level=info msg="Migration successfully executed" id="recreate alert_definition_version table" duration=932.708µs
2026-09-13T12:41:36.001797760Z logger=migrator t=2026-09-13T12:41:36.001260887Z level=info msg="Executing migration" id="add index in alert_definition_version table on alert_definition_id and version columns"
2026-09-13T12:41:36.002740848Z logger=migrator t=2026-09-13T12:41:36.002483193Z level=info msg="Migration successfully executed" id="add index in alert_definition_version table on alert_definition_id and version columns" duration=1.224515ms
2026-09-13T12:41:36.009627721Z logger=migrator t=2026-09-13T12:41:36.009366441Z level=info msg="Executing migration" id="add index in alert_definition_version table on alert_definition_uid and version columns"
2026-09-13T12:41:36.010618986Z logger=migrator t=2026-09-13T12:41:36.010393566Z level=info msg="Migration successfully executed" id="add index in alert_definition_version table on alert_definition_uid and version columns" duration=1.028313ms
2026-09-13T12:41:36.017815570Z logger=migrator t=2026-09-13T12:41:36.017552562Z level=info msg="Executing migration" id="alter alert_definition_version table data column to mediumtext in mysql"
2026-09-13T12:41:36.017838287Z logger=migrator t=2026-09-13T12:41:36.017661482Z level=info msg="Migration successfully executed" id="alter alert_definition_version table data column to mediumtext in mysql" duration=111.54µs
2026-09-13T12:41:36.024898523Z logger=migrator t=2026-09-13T12:41:36.024725292Z level=info msg="Executing migration" id="drop alert_definition_version table"
2026-09-13T12:41:36.025984422Z logger=migrator t=2026-09-13T12:41:36.025865419Z level=info msg="Migration successfully executed" id="drop alert_definition_version table" duration=1.140411ms
2026-09-13T12:41:36.033056924Z logger=migrator t=2026-09-13T12:41:36.032872798Z level=info msg="Executing migration" id="create alert_instance table"
2026-09-13T12:41:36.034062075Z logger=migrator t=2026-09-13T12:41:36.033917907Z level=info msg="Migration successfully executed" id="create alert_instance table" duration=1.049831ms
2026-09-13T12:41:36.041255497Z logger=migrator t=2026-09-13T12:41:36.040969459Z level=info msg="Executing migration" id="add index in alert_instance table on def_org_id, def_uid and current_state columns"
2026-09-13T12:41:36.042198268Z logger=migrator t=2026-09-13T12:41:36.042043497Z level=info msg="Migration successfully executed" id="add index in alert_instance table on def_org_id, def_uid and current_state columns" duration=1.072561ms
2026-09-13T12:41:36.049023586Z logger=migrator t=2026-09-13T12:41:36.04888793Z level=info msg="Executing migration" id="add index in alert_instance table on def_org_id, current_state columns"
2026-09-13T12:41:36.050047320Z logger=migrator t=2026-09-13T12:41:36.049898459Z level=info msg="Migration successfully executed" id="add index in alert_instance table on def_org_id, current_state columns" duration=1.011872ms
2026-09-13T12:41:36.057055912Z logger=migrator t=2026-09-13T12:41:36.056910335Z level=info msg="Executing migration" id="add column current_state_end to alert_instance"
2026-09-13T12:41:36.062208972Z logger=migrator t=2026-09-13T12:41:36.061990674Z level=info msg="Migration successfully executed" id="add column current_state_end to alert_instance" duration=5.079449ms
2026-09-13T12:41:36.069200894Z logger=migrator t=2026-09-13T12:41:36.069012219Z level=info msg="Executing migration" id="remove index def_org_id, def_uid, current_state on alert_instance"
2026-09-13T12:41:36.070291480Z logger=migrator t=2026-09-13T12:41:36.070134606Z level=info msg="Migration successfully executed" id="remove index def_org_id, def_uid, current_state on alert_instance" duration=1.123233ms
2026-09-13T12:41:36.077294979Z logger=migrator t=2026-09-13T12:41:36.076991146Z level=info msg="Executing migration" id="remove index def_org_id, current_state on alert_instance"
2026-09-13T12:41:36.078265079Z logger=migrator t=2026-09-13T12:41:36.078083613Z level=info msg="Migration successfully executed" id="remove index def_org_id, current_state on alert_instance" duration=1.094511ms
2026-09-13T12:41:36.085064880Z logger=migrator t=2026-09-13T12:41:36.084856591Z level=info msg="Executing migration" id="rename def_org_id to rule_org_id in alert_instance"
2026-09-13T12:41:36.107767572Z logger=migrator t=2026-09-13T12:41:36.107553887Z level=info msg="Migration successfully executed" id="rename def_org_id to rule_org_id in alert_instance" duration=22.699504ms
2026-09-13T12:41:36.114852203Z logger=migrator t=2026-09-13T12:41:36.114638767Z level=info msg="Executing migration" id="rename def_uid to rule_uid in alert_instance"
2026-09-13T12:41:36.135743148Z logger=migrator t=2026-09-13T12:41:36.135483707Z level=info msg="Migration successfully executed" id="rename def_uid to rule_uid in alert_instance" duration=20.844586ms
2026-09-13T12:41:36.142895659Z logger=migrator t=2026-09-13T12:41:36.14240014Z level=info msg="Executing migration" id="add index rule_org_id, rule_uid, current_state on alert_instance"
2026-09-13T12:41:36.143750735Z logger=migrator t=2026-09-13T12:41:36.143572618Z level=info msg="Migration successfully executed" id="add index rule_org_id, rule_uid, current_state on alert_instance" duration=1.173264ms
2026-09-13T12:41:36.150690252Z logger=migrator t=2026-09-13T12:41:36.150443085Z level=info msg="Executing migration" id="add index rule_org_id, current_state on alert_instance"
2026-09-13T12:41:36.151746583Z logger=migrator t=2026-09-13T12:41:36.151537166Z level=info msg="Migration successfully executed" id="add index rule_org_id, current_state on alert_instance" duration=1.093902ms
2026-09-13T12:41:36.158583273Z logger=migrator t=2026-09-13T12:41:36.158360233Z level=info msg="Executing migration" id="add current_reason column related to current_state"
2026-09-13T12:41:36.163159141Z logger=migrator t=2026-09-13T12:41:36.162923683Z level=info msg="Migration successfully executed" id="add current_reason column related to current_state" duration=4.537007ms
2026-09-13T12:41:36.170141742Z logger=migrator t=2026-09-13T12:41:36.169863381Z level=info msg="Executing migration" id="add result_fingerprint column to alert_instance"
2026-09-13T12:41:36.174638762Z logger=migrator t=2026-09-13T12:41:36.174409621Z level=info msg="Migration successfully executed" id="add result_fingerprint column to alert_instance" duration=4.544193ms
2026-09-13T12:41:36.182258788Z logger=migrator t=2026-09-13T12:41:36.181595327Z level=info msg="Executing migration" id="create alert_rule table"
2026-09-13T12:41:36.182755753Z logger=migrator t=2026-09-13T12:41:36.18265136Z level=info msg="Migration successfully executed" id="create alert_rule table" duration=1.054975ms
2026-09-13T12:41:36.189788418Z logger=migrator t=2026-09-13T12:41:36.189576942Z level=info msg="Executing migration" id="add index in alert_rule on org_id and title columns"
2026-09-13T12:41:36.191047483Z logger=migrator t=2026-09-13T12:41:36.190866297Z level=info msg="Migration successfully executed" id="add index in alert_rule on org_id and title columns" duration=1.29054ms
2026-09-13T12:41:36.198073733Z logger=migrator t=2026-09-13T12:41:36.197892505Z level=info msg="Executing migration" id="add index in alert_rule on org_id and uid columns"
2026-09-13T12:41:36.199338852Z logger=migrator t=2026-09-13T12:41:36.199195047Z level=info msg="Migration successfully executed" id="add index in alert_rule on org_id and uid columns" duration=1.303174ms
2026-09-13T12:41:36.206398345Z logger=migrator t=2026-09-13T12:41:36.206189239Z level=info msg="Executing migration" id="add index in alert_rule on org_id, namespace_uid, group_uid columns"
2026-09-13T12:41:36.207539833Z logger=migrator t=2026-09-13T12:41:36.207377268Z level=info msg="Migration successfully executed" id="add index in alert_rule on org_id, namespace_uid, group_uid columns" duration=1.188942ms
2026-09-13T12:41:36.214587539Z logger=migrator t=2026-09-13T12:41:36.214190181Z level=info msg="Executing migration" id="alter alert_rule table data column to mediumtext in mysql"
2026-09-13T12:41:36.214610380Z logger=migrator t=2026-09-13T12:41:36.214329588Z level=info msg="Migration successfully executed" id="alter alert_rule table data column to mediumtext in mysql" duration=141.061µs
2026-09-13T12:41:36.221513328Z logger=migrator t=2026-09-13T12:41:36.221336252Z level=info msg="Executing migration" id="add column for to alert_rule"
2026-09-13T12:41:36.226411937Z logger=migrator t=2026-09-13T12:41:36.226027944Z level=info msg="Migration successfully executed" id="add column for to alert_rule" duration=4.690185ms
2026-09-13T12:41:36.233173438Z logger=migrator t=2026-09-13T12:41:36.232946337Z level=info msg="Executing migration" id="add column annotations to alert_rule"
2026-09-13T12:41:36.237669344Z logger=migrator t=2026-09-13T12:41:36.237479976Z level=info msg="Migration successfully executed" id="add column annotations to alert_rule" duration=4.528158ms
2026-09-13T12:41:36.244407628Z logger=migrator t=2026-09-13T12:41:36.244107243Z level=info msg="Executing migration" id="add column labels to alert_rule"
2026-09-13T12:41:36.250002577Z logger=migrator t=2026-09-13T12:41:36.24980641Z level=info msg="Migration successfully executed" id="add column labels to alert_rule" duration=5.69765ms
2026-09-13T12:41:36.256985347Z logger=migrator t=2026-09-13T12:41:36.25659642Z level=info msg="Executing migration" id="remove unique index from alert_rule on org_id, title columns"
2026-09-13T12:41:36.257843167Z logger=migrator t=2026-09-13T12:41:36.257689802Z level=info msg="Migration successfully executed" id="remove unique index from alert_rule on org_id, title columns" duration=1.095531ms
2026-09-13T12:41:36.264905807Z logger=migrator t=2026-09-13T12:41:36.264584538Z level=info msg="Executing migration" id="add index in alert_rule on org_id, namespase_uid and title columns"
2026-09-13T12:41:36.265850340Z logger=migrator t=2026-09-13T12:41:36.265709459Z level=info msg="Migration successfully executed" id="add index in alert_rule on org_id, namespase_uid and title columns" duration=1.126003ms
2026-09-13T12:41:36.272779247Z logger=migrator t=2026-09-13T12:41:36.272587934Z level=info msg="Executing migration" id="add dashboard_uid column to alert_rule"
2026-09-13T12:41:36.278020647Z logger=migrator t=2026-09-13T12:41:36.277822976Z level=info msg="Migration successfully executed" id="add dashboard_uid column to alert_rule" duration=5.234146ms
2026-09-13T12:41:36.284797614Z logger=migrator t=2026-09-13T12:41:36.284621606Z level=info msg="Executing migration" id="add panel_id column to alert_rule"
2026-09-13T12:41:36.289319810Z logger=migrator t=2026-09-13T12:41:36.289144129Z level=info msg="Migration successfully executed" id="add panel_id column to alert_rule" duration=4.526998ms
2026-09-13T12:41:36.296086268Z logger=migrator t=2026-09-13T12:41:36.295924893Z level=info msg="Executing migration" id="add index in alert_rule on org_id, dashboard_uid and panel_id columns"
2026-09-13T12:41:36.297168894Z logger=migrator t=2026-09-13T12:41:36.297000622Z level=info msg="Migration successfully executed" id="add index in alert_rule on org_id, dashboard_uid and panel_id columns" duration=1.076782ms
2026-09-13T12:41:36.305421138Z logger=migrator t=2026-09-13T12:41:36.305186616Z level=info msg="Executing migration" id="add rule_group_idx column to alert_rule"
2026-09-13T12:41:36.310597485Z logger=migrator t=2026-09-13T12:41:36.310327992Z level=info msg="Migration successfully executed" id="add rule_group_idx column to alert_rule" duration=5.139038ms
2026-09-13T12:41:36.317516452Z logger=migrator t=2026-09-13T12:41:36.317324661Z level=info msg="Executing migration" id="add is_paused column to alert_rule table"
2026-09-13T12:41:36.322221909Z logger=migrator t=2026-09-13T12:41:36.322002478Z level=info msg="Migration successfully executed" id="add is_paused column to alert_rule table" duration=4.676554ms
2026-09-13T12:41:36.329020306Z logger=migrator t=2026-09-13T12:41:36.328864841Z level=info msg="Executing migration" id="fix is_paused column for alert_rule table"
2026-09-13T12:41:36.329105535Z logger=migrator t=2026-09-13T12:41:36.329037624Z level=info msg="Migration successfully executed" id="fix is_paused column for alert_rule table" duration=174.795µs
2026-09-13T12:41:36.336264363Z logger=migrator t=2026-09-13T12:41:36.335928666Z level=info msg="Executing migration" id="create alert_rule_version table"
2026-09-13T12:41:36.337282470Z logger=migrator t=2026-09-13T12:41:36.337097113Z level=info msg="Migration successfully executed" id="create alert_rule_version table" duration=1.167939ms
2026-09-13T12:41:36.344239312Z logger=migrator t=2026-09-13T12:41:36.344030574Z level=info msg="Executing migration" id="add index in alert_rule_version table on rule_org_id, rule_uid and version columns"
2026-09-13T12:41:36.345273762Z logger=migrator t=2026-09-13T12:41:36.345138918Z level=info msg="Migration successfully executed" id="add index in alert_rule_version table on rule_org_id, rule_uid and version columns" duration=1.105553ms
2026-09-13T12:41:36.352233832Z logger=migrator t=2026-09-13T12:41:36.352065878Z level=info msg="Executing migration" id="add index in alert_rule_version table on rule_org_id, rule_namespace_uid and rule_group columns"
2026-09-13T12:41:36.353345968Z logger=migrator t=2026-09-13T12:41:36.353213644Z level=info msg="Migration successfully executed" id="add index in alert_rule_version table on rule_org_id, rule_namespace_uid and rule_group columns" duration=1.148946ms
2026-09-13T12:41:36.360865902Z logger=migrator t=2026-09-13T12:41:36.360603242Z level=info msg="Executing migration" id="alter alert_rule_version table data column to mediumtext in mysql"
2026-09-13T12:41:36.360890051Z logger=migrator t=2026-09-13T12:41:36.360766745Z level=info msg="Migration successfully executed" id="alter alert_rule_version table data column to mediumtext in mysql" duration=165.295µs
2026-09-13T12:41:36.369574436Z logger=migrator t=2026-09-13T12:41:36.369132393Z level=info msg="Executing migration" id="add column for to alert_rule_version"
2026-09-13T12:41:36.375339809Z logger=migrator t=2026-09-13T12:41:36.375149696Z level=info msg="Migration successfully executed" id="add column for to alert_rule_version" duration=6.038229ms
2026-09-13T12:41:36.382347301Z logger=migrator t=2026-09-13T12:41:36.382184239Z level=info msg="Executing migration" id="add column annotations to alert_rule_version"
2026-09-13T12:41:36.388954195Z logger=migrator t=2026-09-13T12:41:36.388742656Z level=info msg="Migration successfully executed" id="add column annotations to alert_rule_version" duration=6.556772ms
2026-09-13T12:41:36.396168621Z logger=migrator t=2026-09-13T12:41:36.395960148Z level=info msg="Executing migration" id="add column labels to alert_rule_version"
2026-09-13T12:41:36.401644994Z logger=migrator t=2026-09-13T12:41:36.401439718Z level=info msg="Migration successfully executed" id="add column labels to alert_rule_version" duration=5.478278ms
2026-09-13T12:41:36.408325850Z logger=migrator t=2026-09-13T12:41:36.408133374Z level=info msg="Executing migration" id="add rule_group_idx column to alert_rule_version"
2026-09-13T12:41:36.413612399Z logger=migrator t=2026-09-13T12:41:36.413377788Z level=info msg="Migration successfully executed" id="add rule_group_idx column to alert_rule_version" duration=5.265958ms
2026-09-13T12:41:36.421205071Z logger=migrator t=2026-09-13T12:41:36.420603698Z level=info msg="Executing migration" id="add is_paused column to alert_rule_versions table"
2026-09-13T12:41:36.426155045Z logger=migrator t=2026-09-13T12:41:36.425830701Z level=info msg="Migration successfully executed" id="add is_paused column to alert_rule_versions table" duration=5.271751ms
2026-09-13T12:41:36.433238005Z logger=migrator t=2026-09-13T12:41:36.43301608Z level=info msg="Executing migration" id="fix is_paused column for alert_rule_version table"
2026-09-13T12:41:36.433376321Z logger=migrator t=2026-09-13T12:41:36.433297545Z level=info msg="Migration successfully executed" id="fix is_paused column for alert_rule_version table" duration=283.277µs
2026-09-13T12:41:36.440588960Z logger=migrator t=2026-09-13T12:41:36.440444074Z level=info msg="Executing migration" id=create_alert_configuration_table
2026-09-13T12:41:36.441818955Z logger=migrator t=2026-09-13T12:41:36.441666674Z level=info msg="Migration successfully executed" id=create_alert_configuration_table duration=1.218429ms
2026-09-13T12:41:36.448895087Z logger=migrator t=2026-09-13T12:41:36.44865402Z level=info msg="Executing migration" id="Add column default in alert_configuration"
2026-09-13T12:41:36.453881016Z logger=migrator t=2026-09-13T12:41:36.453688381Z level=info msg="Migration successfully executed" id="Add column default in alert_configuration" duration=5.036615ms
2026-09-13T12:41:36.461233040Z logger=migrator t=2026-09-13T12:41:36.460808249Z level=info msg="Executing migration" id="alert alert_configuration alertmanager_configuration column from TEXT to MEDIUMTEXT if mysql"
2026-09-13T12:41:36.461259257Z logger=migrator t=2026-09-13T12:41:36.460935518Z level=info msg="Migration successfully executed" id="alert alert_configuration alertmanager_configuration column from TEXT to MEDIUMTEXT if mysql" duration=124.274µs
2026-09-13T12:41:36.468194895Z logger=migrator t=2026-09-13T12:41:36.468028746Z level=info msg="Executing migration" id="add column org_id in alert_configuration"
2026-09-13T12:41:36.472955053Z logger=migrator t=2026-09-13T12:41:36.472780368Z level=info msg="Migration successfully executed" id="add column org_id in alert_configuration" duration=4.749927ms
2026-09-13T12:41:36.480421000Z logger=migrator t=2026-09-13T12:41:36.479974917Z level=info msg="Executing migration" id="add index in alert_configuration table on org_id column"
2026-09-13T12:41:36.481313924Z logger=migrator t=2026-09-13T12:41:36.481158187Z level=info msg="Migration successfully executed" id="add index in alert_configuration table on org_id column" duration=1.183776ms
2026-09-13T12:41:36.488424960Z logger=migrator t=2026-09-13T12:41:36.488180252Z level=info msg="Executing migration" id="add configuration_hash column to alert_configuration"
2026-09-13T12:41:36.493227750Z logger=migrator t=2026-09-13T12:41:36.493000123Z level=info msg="Migration successfully executed" id="add configuration_hash column to alert_configuration" duration=4.818624ms
2026-09-13T12:41:36.500164863Z logger=migrator t=2026-09-13T12:41:36.499938561Z level=info msg="Executing migration" id=create_ngalert_configuration_table
2026-09-13T12:41:36.501402267Z logger=migrator t=2026-09-13T12:41:36.500937835Z level=info msg="Migration successfully executed" id=create_ngalert_configuration_table duration=999.12µs
2026-09-13T12:41:36.509300533Z logger=migrator t=2026-09-13T12:41:36.509007737Z level=info msg="Executing migration" id="add index in ngalert_configuration on org_id column"
2026-09-13T12:41:36.511315493Z logger=migrator t=2026-09-13T12:41:36.511103929Z level=info msg="Migration successfully executed" id="add index in ngalert_configuration on org_id column" duration=2.101649ms
2026-09-13T12:41:36.518450689Z logger=migrator t=2026-09-13T12:41:36.518305926Z level=info msg="Executing migration" id="add column send_alerts_to in ngalert_configuration"
2026-09-13T12:41:36.523464587Z logger=migrator t=2026-09-13T12:41:36.523282776Z level=info msg="Migration successfully executed" id="add column send_alerts_to in ngalert_configuration" duration=4.971649ms
2026-09-13T12:41:36.530427267Z logger=migrator t=2026-09-13T12:41:36.530231396Z level=info msg="Executing migration" id="create provenance_type table"
2026-09-13T12:41:36.531574590Z logger=migrator t=2026-09-13T12:41:36.531417987Z level=info msg="Migration successfully executed" id="create provenance_type table" duration=1.185843ms
2026-09-13T12:41:36.538642114Z logger=migrator t=2026-09-13T12:41:36.538210635Z level=info msg="Executing migration" id="add index to uniquify (record_key, record_type, org_id) columns"
2026-09-13T12:41:36.539575402Z logger=migrator t=2026-09-13T12:41:36.53943465Z level=info msg="Migration successfully executed" id="add index to uniquify (record_key, record_type, org_id) columns" duration=1.225196ms
2026-09-13T12:41:36.546283702Z logger=migrator t=2026-09-13T12:41:36.546145054Z level=info msg="Executing migration" id="create alert_image table"
2026-09-13T12:41:36.547367738Z logger=migrator t=2026-09-13T12:41:36.547237427Z level=info msg="Migration successfully executed" id="create alert_image table" duration=1.091442ms
2026-09-13T12:41:36.554216862Z logger=migrator t=2026-09-13T12:41:36.553999528Z level=info msg="Executing migration" id="add unique index on token to alert_image table"
2026-09-13T12:41:36.555398811Z logger=migrator t=2026-09-13T12:41:36.555228851Z level=info msg="Migration successfully executed" id="add unique index on token to alert_image table" duration=1.231543ms
2026-09-13T12:41:36.562688444Z logger=migrator t=2026-09-13T12:41:36.56220527Z level=info msg="Executing migration" id="support longer URLs in alert_image table"
2026-09-13T12:41:36.562710325Z logger=migrator t=2026-09-13T12:41:36.5623021Z level=info msg="Migration successfully executed" id="support longer URLs in alert_image table" duration=112.085µs
2026-09-13T12:41:36.569559157Z logger=migrator t=2026-09-13T12:41:36.569324133Z level=info msg="Executing migration" id=create_alert_configuration_history_table
2026-09-13T12:41:36.570614796Z logger=migrator t=2026-09-13T12:41:36.570392437Z level=info msg="Migration successfully executed" id=create_alert_configuration_history_table duration=1.068577ms
2026-09-13T12:41:36.577715799Z logger=migrator t=2026-09-13T12:41:36.577474662Z level=info msg="Executing migration" id="drop non-unique orgID index on alert_configuration"
2026-09-13T12:41:36.578772323Z logger=migrator t=2026-09-13T12:41:36.578624935Z level=info msg="Migration successfully executed" id="drop non-unique orgID index on alert_configuration" duration=1.151265ms
2026-09-13T12:41:36.585830998Z logger=migrator t=2026-09-13T12:41:36.585687535Z level=info msg="Executing migration" id="drop unique orgID index on alert_configuration if exists"
2026-09-13T12:41:36.586437664Z logger=migrator t=2026-09-13T12:41:36.586283913Z level=warn msg="Skipping migration: Already executed, but not recorded in migration log" id="drop unique orgID index on alert_configuration if exists"
2026-09-13T12:41:36.593463724Z logger=migrator t=2026-09-13T12:41:36.593263607Z level=info msg="Executing migration" id="extract alertmanager configuration history to separate table"
2026-09-13T12:41:36.594044145Z logger=migrator t=2026-09-13T12:41:36.593905811Z level=info msg="Migration successfully executed" id="extract alertmanager configuration history to separate table" duration=646.134µs
2026-09-13T12:41:36.600849193Z logger=migrator t=2026-09-13T12:41:36.600715618Z level=info msg="Executing migration" id="add unique index on orgID to alert_configuration"
2026-09-13T12:41:36.601907414Z logger=migrator t=2026-09-13T12:41:36.601765468Z level=info msg="Migration successfully executed" id="add unique index on orgID to alert_configuration" duration=1.050863ms
2026-09-13T12:41:36.609304019Z logger=migrator t=2026-09-13T12:41:36.60865096Z level=info msg="Executing migration" id="add last_applied column to alert_configuration_history"
2026-09-13T12:41:36.613889818Z logger=migrator t=2026-09-13T12:41:36.613695632Z level=info msg="Migration successfully executed" id="add last_applied column to alert_configuration_history" duration=5.04402ms
2026-09-13T12:41:36.620684769Z logger=migrator t=2026-09-13T12:41:36.620458229Z level=info msg="Executing migration" id="create library_element table v1"
2026-09-13T12:41:36.621723540Z logger=migrator t=2026-09-13T12:41:36.621562406Z level=info msg="Migration successfully executed" id="create library_element table v1" duration=1.104869ms
2026-09-13T12:41:36.628759748Z logger=migrator t=2026-09-13T12:41:36.628631872Z level=info msg="Executing migration" id="add index library_element org_id-folder_id-name-kind"
2026-09-13T12:41:36.629876143Z logger=migrator t=2026-09-13T12:41:36.629708854Z level=info msg="Migration successfully executed" id="add index library_element org_id-folder_id-name-kind" duration=1.077909ms
2026-09-13T12:41:36.637273117Z logger=migrator t=2026-09-13T12:41:36.636763668Z level=info msg="Executing migration" id="create library_element_connection table v1"
2026-09-13T12:41:36.638160383Z logger=migrator t=2026-09-13T12:41:36.63799145Z level=info msg="Migration successfully executed" id="create library_element_connection table v1" duration=1.226522ms
2026-09-13T12:41:36.645322319Z logger=migrator t=2026-09-13T12:41:36.645094339Z level=info msg="Executing migration" id="add index library_element_connection element_id-kind-connection_id"
2026-09-13T12:41:36.646615103Z logger=migrator t=2026-09-13T12:41:36.646415875Z level=info msg="Migration successfully executed" id="add index library_element_connection element_id-kind-connection_id" duration=1.323198ms
2026-09-13T12:41:36.653684163Z logger=migrator t=2026-09-13T12:41:36.65350559Z level=info msg="Executing migration" id="add unique index library_element org_id_uid"
2026-09-13T12:41:36.654993325Z logger=migrator t=2026-09-13T12:41:36.654818016Z level=info msg="Migration successfully executed" id="add unique index library_element org_id_uid" duration=1.312884ms
2026-09-13T12:41:36.662174286Z logger=migrator t=2026-09-13T12:41:36.661494053Z level=info msg="Executing migration" id="increase max description length to 2048"
2026-09-13T12:41:36.662194607Z logger=migrator t=2026-09-13T12:41:36.661606775Z level=info msg="Migration successfully executed" id="increase max description length to 2048" duration=111.049µs
2026-09-13T12:41:36.668753189Z logger=migrator t=2026-09-13T12:41:36.668515065Z level=info msg="Executing migration" id="alter library_element model to mediumtext"
2026-09-13T12:41:36.668813987Z logger=migrator t=2026-09-13T12:41:36.668629173Z level=info msg="Migration successfully executed" id="alter library_element model to mediumtext" duration=116.908µs
2026-09-13T12:41:36.675529962Z logger=migrator t=2026-09-13T12:41:36.675363545Z level=info msg="Executing migration" id="add library_element folder uid"
2026-09-13T12:41:36.680709302Z logger=migrator t=2026-09-13T12:41:36.680511996Z level=info msg="Migration successfully executed" id="add library_element folder uid" duration=5.147757ms
2026-09-13T12:41:36.687897284Z logger=migrator t=2026-09-13T12:41:36.687725519Z level=info msg="Executing migration" id="populate library_element folder_uid"
2026-09-13T12:41:36.688396930Z logger=migrator t=2026-09-13T12:41:36.688258955Z level=info msg="Migration successfully executed" id="populate library_element folder_uid" duration=533.595µs
2026-09-13T12:41:36.695215939Z logger=migrator t=2026-09-13T12:41:36.6949035Z level=info msg="Executing migration" id="add index library_element org_id-folder_uid-name-kind"
2026-09-13T12:41:36.696298732Z logger=migrator t=2026-09-13T12:41:36.696138533Z level=info msg="Migration successfully executed" id="add index library_element org_id-folder_uid-name-kind" duration=1.235444ms
2026-09-13T12:41:36.703270697Z logger=migrator t=2026-09-13T12:41:36.703079128Z level=info msg="Executing migration" id="clone move dashboard alerts to unified alerting"
2026-09-13T12:41:36.703629249Z logger=migrator t=2026-09-13T12:41:36.703540347Z level=info msg="Migration successfully executed" id="clone move dashboard alerts to unified alerting" duration=461.17µs
2026-09-13T12:41:36.710745309Z logger=migrator t=2026-09-13T12:41:36.710440311Z level=info msg="Executing migration" id="create data_keys table"
2026-09-13T12:41:36.711754012Z logger=migrator t=2026-09-13T12:41:36.711588761Z level=info msg="Migration successfully executed" id="create data_keys table" duration=1.147629ms
2026-09-13T12:41:36.718797310Z logger=migrator t=2026-09-13T12:41:36.718431094Z level=info msg="Executing migration" id="create secrets table"
2026-09-13T12:41:36.719577922Z logger=migrator t=2026-09-13T12:41:36.719435622Z level=info msg="Migration successfully executed" id="create secrets table" duration=1.005064ms
2026-09-13T12:41:36.726791411Z logger=migrator t=2026-09-13T12:41:36.726628377Z level=info msg="Executing migration" id="rename data_keys name column to id"
2026-09-13T12:41:36.753186263Z logger=migrator t=2026-09-13T12:41:36.752916215Z level=info msg="Migration successfully executed" id="rename data_keys name column to id" duration=26.282315ms
2026-09-13T12:41:36.760187489Z logger=migrator t=2026-09-13T12:41:36.759984262Z level=info msg="Executing migration" id="add name column into data_keys"
2026-09-13T12:41:36.765614310Z logger=migrator t=2026-09-13T12:41:36.765452649Z level=info msg="Migration successfully executed" id="add name column into data_keys" duration=5.467244ms
2026-09-13T12:41:36.772477412Z logger=migrator t=2026-09-13T12:41:36.772266269Z level=info msg="Executing migration" id="copy data_keys id column values into name"
2026-09-13T12:41:36.772669184Z logger=migrator t=2026-09-13T12:41:36.772604189Z level=info msg="Migration successfully executed" id="copy data_keys id column values into name" duration=335.454µs
2026-09-13T12:41:36.779661235Z logger=migrator t=2026-09-13T12:41:36.779461975Z level=info msg="Executing migration" id="rename data_keys name column to label"
2026-09-13T12:41:36.808433424Z logger=migrator t=2026-09-13T12:41:36.808235118Z level=info msg="Migration successfully executed" id="rename data_keys name column to label" duration=28.771414ms
2026-09-13T12:41:36.815418490Z logger=migrator t=2026-09-13T12:41:36.815141841Z level=info msg="Executing migration" id="rename data_keys id column back to name"
2026-09-13T12:41:36.840359124Z logger=migrator t=2026-09-13T12:41:36.840170928Z level=info msg="Migration successfully executed" id="rename data_keys id column back to name" duration=25.020887ms
2026-09-13T12:41:36.847343571Z logger=migrator t=2026-09-13T12:41:36.847144935Z level=info msg="Executing migration" id="create kv_store table v1"
2026-09-13T12:41:36.848201499Z logger=migrator t=2026-09-13T12:41:36.848071424Z level=info msg="Migration successfully executed" id="create kv_store table v1" duration=927.371µs
2026-09-13T12:41:36.855166802Z logger=migrator t=2026-09-13T12:41:36.854946096Z level=info msg="Executing migration" id="add index kv_store.org_id-namespace-key"
2026-09-13T12:41:36.856106034Z logger=migrator t=2026-09-13T12:41:36.855996512Z level=info msg="Migration successfully executed" id="add index kv_store.org_id-namespace-key" duration=1.051851ms
2026-09-13T12:41:36.863055197Z logger=migrator t=2026-09-13T12:41:36.862870224Z level=info msg="Executing migration" id="update dashboard_uid and panel_id from existing annotations"
2026-09-13T12:41:36.863323534Z logger=migrator t=2026-09-13T12:41:36.863230876Z level=info msg="Migration successfully executed" id="update dashboard_uid and panel_id from existing annotations" duration=362.722µs
2026-09-13T12:41:36.870831253Z logger=migrator t=2026-09-13T12:41:36.870200475Z level=info msg="Executing migration" id="create permission table"
2026-09-13T12:41:36.871533773Z logger=migrator t=2026-09-13T12:41:36.871418152Z level=info msg="Migration successfully executed" id="create permission table" duration=1.216817ms
2026-09-13T12:41:36.878799491Z logger=migrator t=2026-09-13T12:41:36.87863934Z level=info msg="Executing migration" id="add unique index permission.role_id"
2026-09-13T12:41:36.879877148Z logger=migrator t=2026-09-13T12:41:36.879758115Z level=info msg="Migration successfully executed" id="add unique index permission.role_id" duration=1.174885ms
2026-09-13T12:41:36.887053325Z logger=migrator t=2026-09-13T12:41:36.886920113Z level=info msg="Executing migration" id="add unique index role_id_action_scope"
2026-09-13T12:41:36.888159736Z logger=migrator t=2026-09-13T12:41:36.888011744Z level=info msg="Migration successfully executed" id="add unique index role_id_action_scope" duration=1.093039ms
2026-09-13T12:41:36.895260971Z logger=migrator t=2026-09-13T12:41:36.895011542Z level=info msg="Executing migration" id="create role table"
2026-09-13T12:41:36.896244455Z logger=migrator t=2026-09-13T12:41:36.896072841Z level=info msg="Migration successfully executed" id="create role table" duration=1.061253ms
2026-09-13T12:41:36.903855270Z logger=migrator t=2026-09-13T12:41:36.903064744Z level=info msg="Executing migration" id="add column display_name"
2026-09-13T12:41:36.909402996Z logger=migrator t=2026-09-13T12:41:36.909216025Z level=info msg="Migration successfully executed" id="add column display_name" duration=6.150489ms
2026-09-13T12:41:36.917224685Z logger=migrator t=2026-09-13T12:41:36.917038547Z level=info msg="Executing migration" id="add column group_name"
2026-09-13T12:41:36.925443691Z logger=migrator t=2026-09-13T12:41:36.925073875Z level=info msg="Migration successfully executed" id="add column group_name" duration=8.022757ms
2026-09-13T12:41:36.932348700Z logger=migrator t=2026-09-13T12:41:36.932202508Z level=info msg="Executing migration" id="add index role.org_id"
2026-09-13T12:41:36.933485705Z logger=migrator t=2026-09-13T12:41:36.93336362Z level=info msg="Migration successfully executed" id="add index role.org_id" duration=1.153032ms
2026-09-13T12:41:36.940536078Z logger=migrator t=2026-09-13T12:41:36.940335386Z level=info msg="Executing migration" id="add unique index role_org_id_name"
2026-09-13T12:41:36.941693045Z logger=migrator t=2026-09-13T12:41:36.941525287Z level=info msg="Migration successfully executed" id="add unique index role_org_id_name" duration=1.190914ms
2026-09-13T12:41:36.948571903Z logger=migrator t=2026-09-13T12:41:36.948391003Z level=info msg="Executing migration" id="add index role_org_id_uid"
2026-09-13T12:41:36.949717165Z logger=migrator t=2026-09-13T12:41:36.949557595Z level=info msg="Migration successfully executed" id="add index role_org_id_uid" duration=1.166925ms
2026-09-13T12:41:36.956737516Z logger=migrator t=2026-09-13T12:41:36.956490628Z level=info msg="Executing migration" id="create team role table"
2026-09-13T12:41:36.957645483Z logger=migrator t=2026-09-13T12:41:36.957519951Z level=info msg="Migration successfully executed" id="create team role table" duration=1.029082ms
2026-09-13T12:41:36.964897977Z logger=migrator t=2026-09-13T12:41:36.964731897Z level=info msg="Executing migration" id="add index team_role.org_id"
2026-09-13T12:41:36.966155616Z logger=migrator t=2026-09-13T12:41:36.966024705Z level=info msg="Migration successfully executed" id="add index team_role.org_id" duration=1.294578ms
2026-09-13T12:41:36.973354148Z logger=migrator t=2026-09-13T12:41:36.973186162Z level=info msg="Executing migration" id="add unique index team_role_org_id_team_id_role_id"
2026-09-13T12:41:36.974693114Z logger=migrator t=2026-09-13T12:41:36.974422685Z level=info msg="Migration successfully executed" id="add unique index team_role_org_id_team_id_role_id" duration=1.236233ms
2026-09-13T12:41:36.981792645Z logger=migrator t=2026-09-13T12:41:36.981632316Z level=info msg="Executing migration" id="add index team_role.team_id"
2026-09-13T12:41:36.983016520Z logger=migrator t=2026-09-13T12:41:36.982867036Z level=info msg="Migration successfully executed" id="add index team_role.team_id" duration=1.233955ms
2026-09-13T12:41:36.990051844Z logger=migrator t=2026-09-13T12:41:36.989907401Z level=info msg="Executing migration" id="create user role table"
2026-09-13T12:41:36.991300914Z logger=migrator t=2026-09-13T12:41:36.991108056Z level=info msg="Migration successfully executed" id="create user role table" duration=1.198187ms
2026-09-13T12:41:36.998385303Z logger=migrator t=2026-09-13T12:41:36.998132728Z level=info msg="Executing migration" id="add index user_role.org_id"
2026-09-13T12:41:36.999738015Z logger=migrator t=2026-09-13T12:41:36.999571834Z level=info msg="Migration successfully executed" id="add index user_role.org_id" duration=1.440093ms
2026-09-13T12:41:37.010484584Z logger=migrator t=2026-09-13T12:41:37.010251172Z level=info msg="Executing migration" id="add unique index user_role_org_id_user_id_role_id"
2026-09-13T12:41:37.014338547Z logger=migrator t=2026-09-13T12:41:37.013995357Z level=info msg="Migration successfully executed" id="add unique index user_role_org_id_user_id_role_id" duration=3.745662ms
2026-09-13T12:41:37.022956695Z logger=migrator t=2026-09-13T12:41:37.022303632Z level=info msg="Executing migration" id="add index user_role.user_id"
2026-09-13T12:41:37.024901770Z logger=migrator t=2026-09-13T12:41:37.024699618Z level=info msg="Migration successfully executed" id="add index user_role.user_id" duration=2.396904ms
2026-09-13T12:41:37.033230732Z logger=migrator t=2026-09-13T12:41:37.03263325Z level=info msg="Executing migration" id="create builtin role table"
2026-09-13T12:41:37.033821613Z logger=migrator t=2026-09-13T12:41:37.033671092Z level=info msg="Migration successfully executed" id="create builtin role table" duration=1.037925ms
2026-09-13T12:41:37.041228513Z logger=migrator t=2026-09-13T12:41:37.040696578Z level=info msg="Executing migration" id="add index builtin_role.role_id"
2026-09-13T12:41:37.042250219Z logger=migrator t=2026-09-13T12:41:37.042080631Z level=info msg="Migration successfully executed" id="add index builtin_role.role_id" duration=1.383659ms
2026-09-13T12:41:37.049566325Z logger=migrator t=2026-09-13T12:41:37.049403814Z level=info msg="Executing migration" id="add index builtin_role.name"
2026-09-13T12:41:37.051185478Z logger=migrator t=2026-09-13T12:41:37.0507177Z level=info msg="Migration successfully executed" id="add index builtin_role.name" duration=1.31485ms
2026-09-13T12:41:37.058273391Z logger=migrator t=2026-09-13T12:41:37.057975165Z level=info msg="Executing migration" id="Add column org_id to builtin_role table"
2026-09-13T12:41:37.064771461Z logger=migrator t=2026-09-13T12:41:37.064543734Z level=info msg="Migration successfully executed" id="Add column org_id to builtin_role table" duration=6.563466ms
2026-09-13T12:41:37.071842574Z logger=migrator t=2026-09-13T12:41:37.071482914Z level=info msg="Executing migration" id="add index builtin_role.org_id"
2026-09-13T12:41:37.073050267Z logger=migrator t=2026-09-13T12:41:37.07286598Z level=info msg="Migration successfully executed" id="add index builtin_role.org_id" duration=1.38403ms
2026-09-13T12:41:37.080007994Z logger=migrator t=2026-09-13T12:41:37.079871436Z level=info msg="Executing migration" id="add unique index builtin_role_org_id_role_id_role"
2026-09-13T12:41:37.081299995Z logger=migrator t=2026-09-13T12:41:37.081147134Z level=info msg="Migration successfully executed" id="add unique index builtin_role_org_id_role_id_role" duration=1.275818ms
2026-09-13T12:41:37.088364602Z logger=migrator t=2026-09-13T12:41:37.088230834Z level=info msg="Executing migration" id="Remove unique index role_org_id_uid"
2026-09-13T12:41:37.089443706Z logger=migrator t=2026-09-13T12:41:37.089295Z level=info msg="Migration successfully executed" id="Remove unique index role_org_id_uid" duration=1.070378ms
2026-09-13T12:41:37.096517728Z logger=migrator t=2026-09-13T12:41:37.096366351Z level=info msg="Executing migration" id="add unique index role.uid"
2026-09-13T12:41:37.097731809Z logger=migrator t=2026-09-13T12:41:37.09756482Z level=info msg="Migration successfully executed" id="add unique index role.uid" duration=1.199225ms
2026-09-13T12:41:37.104642979Z logger=migrator t=2026-09-13T12:41:37.104494053Z level=info msg="Executing migration" id="create seed assignment table"
2026-09-13T12:41:37.105610106Z logger=migrator t=2026-09-13T12:41:37.10545286Z level=info msg="Migration successfully executed" id="create seed assignment table" duration=958.8µs
2026-09-13T12:41:37.112571672Z logger=migrator t=2026-09-13T12:41:37.112445673Z level=info msg="Executing migration" id="add unique index builtin_role_role_name"
2026-09-13T12:41:37.113810000Z logger=migrator t=2026-09-13T12:41:37.113655695Z level=info msg="Migration successfully executed" id="add unique index builtin_role_role_name" duration=1.21114ms
2026-09-13T12:41:37.120655836Z logger=migrator t=2026-09-13T12:41:37.120396378Z level=info msg="Executing migration" id="add column hidden to role table"
2026-09-13T12:41:37.127221028Z logger=migrator t=2026-09-13T12:41:37.126992964Z level=info msg="Migration successfully executed" id="add column hidden to role table" duration=6.595981ms
2026-09-13T12:41:37.134254586Z logger=migrator t=2026-09-13T12:41:37.133986211Z level=info msg="Executing migration" id="permission kind migration"
2026-09-13T12:41:37.140439267Z logger=migrator t=2026-09-13T12:41:37.140230861Z level=info msg="Migration successfully executed" id="permission kind migration" duration=6.244163ms
2026-09-13T12:41:37.147478391Z logger=migrator t=2026-09-13T12:41:37.14723356Z level=info msg="Executing migration" id="permission attribute migration"
2026-09-13T12:41:37.154157566Z logger=migrator t=2026-09-13T12:41:37.153916503Z level=info msg="Migration successfully executed" id="permission attribute migration" duration=6.681059ms
2026-09-13T12:41:37.162750307Z logger=migrator t=2026-09-13T12:41:37.161071238Z level=info msg="Executing migration" id="permission identifier migration"
2026-09-13T12:41:37.167801235Z logger=migrator t=2026-09-13T12:41:37.167580192Z level=info msg="Migration successfully executed" id="permission identifier migration" duration=6.507844ms
2026-09-13T12:41:37.175095103Z logger=migrator t=2026-09-13T12:41:37.174928443Z level=info msg="Executing migration" id="add permission identifier index"
2026-09-13T12:41:37.176308083Z logger=migrator t=2026-09-13T12:41:37.176188332Z level=info msg="Migration successfully executed" id="add permission identifier index" duration=1.261783ms
2026-09-13T12:41:37.183438967Z logger=migrator t=2026-09-13T12:41:37.183210528Z level=info msg="Executing migration" id="add permission action scope role_id index"
2026-09-13T12:41:37.184476538Z logger=migrator t=2026-09-13T12:41:37.184313403Z level=info msg="Migration successfully executed" id="add permission action scope role_id index" duration=1.100111ms
2026-09-13T12:41:37.191358605Z logger=migrator t=2026-09-13T12:41:37.191220316Z level=info msg="Executing migration" id="remove permission role_id action scope index"
2026-09-13T12:41:37.192595380Z logger=migrator t=2026-09-13T12:41:37.192462847Z level=info msg="Migration successfully executed" id="remove permission role_id action scope index" duration=1.244376ms
2026-09-13T12:41:37.199796323Z logger=migrator t=2026-09-13T12:41:37.199554607Z level=info msg="Executing migration" id="add group mapping UID column to user_role table"
2026-09-13T12:41:37.205652498Z logger=migrator t=2026-09-13T12:41:37.205460443Z level=info msg="Migration successfully executed" id="add group mapping UID column to user_role table" duration=5.903488ms
2026-09-13T12:41:37.212514183Z logger=migrator t=2026-09-13T12:41:37.212349054Z level=info msg="Executing migration" id="add user_role org ID, user ID, role ID, group mapping UID index"
2026-09-13T12:41:37.213790369Z logger=migrator t=2026-09-13T12:41:37.213637121Z level=info msg="Migration successfully executed" id="add user_role org ID, user ID, role ID, group mapping UID index" duration=1.288554ms
2026-09-13T12:41:37.220685183Z logger=migrator t=2026-09-13T12:41:37.220526815Z level=info msg="Executing migration" id="remove user_role org ID, user ID, role ID index"
2026-09-13T12:41:37.221835149Z logger=migrator t=2026-09-13T12:41:37.221686158Z level=info msg="Migration successfully executed" id="remove user_role org ID, user ID, role ID index" duration=1.16095ms
2026-09-13T12:41:37.228500137Z logger=migrator t=2026-09-13T12:41:37.228353624Z level=info msg="Executing migration" id="add permission role_id action index"
2026-09-13T12:41:37.229650522Z logger=migrator t=2026-09-13T12:41:37.229485182Z level=info msg="Migration successfully executed" id="add permission role_id action index" duration=1.13238ms
2026-09-13T12:41:37.236434202Z logger=migrator t=2026-09-13T12:41:37.236200318Z level=info msg="Executing migration" id="Remove permission role_id index"
2026-09-13T12:41:37.237405730Z logger=migrator t=2026-09-13T12:41:37.237264702Z level=info msg="Migration successfully executed" id="Remove permission role_id index" duration=1.066275ms
2026-09-13T12:41:37.244339915Z logger=migrator t=2026-09-13T12:41:37.244102525Z level=info msg="Executing migration" id="create query_history table v1"
2026-09-13T12:41:37.245415379Z logger=migrator t=2026-09-13T12:41:37.245305593Z level=info msg="Migration successfully executed" id="create query_history table v1" duration=1.20162ms
2026-09-13T12:41:37.252457606Z logger=migrator t=2026-09-13T12:41:37.252248792Z level=info msg="Executing migration" id="add index query_history.org_id-created_by-datasource_uid"
2026-09-13T12:41:37.253568669Z logger=migrator t=2026-09-13T12:41:37.253411966Z level=info msg="Migration successfully executed" id="add index query_history.org_id-created_by-datasource_uid" duration=1.164233ms
2026-09-13T12:41:37.260802775Z logger=migrator t=2026-09-13T12:41:37.260638908Z level=info msg="Executing migration" id="alter table query_history alter column created_by type to bigint"
2026-09-13T12:41:37.260909320Z logger=migrator t=2026-09-13T12:41:37.260836257Z level=info msg="Migration successfully executed" id="alter table query_history alter column created_by type to bigint" duration=163.662µs
2026-09-13T12:41:37.268152942Z logger=migrator t=2026-09-13T12:41:37.267841239Z level=info msg="Executing migration" id="create query_history_details table v1"
2026-09-13T12:41:37.268937145Z logger=migrator t=2026-09-13T12:41:37.268783937Z level=info msg="Migration successfully executed" id="create query_history_details table v1" duration=942.834µs
2026-09-13T12:41:37.275996494Z logger=migrator t=2026-09-13T12:41:37.275740015Z level=info msg="Executing migration" id="rbac disabled migrator"
2026-09-13T12:41:37.276055156Z logger=migrator t=2026-09-13T12:41:37.275802008Z level=info msg="Migration successfully executed" id="rbac disabled migrator" duration=65.012µs
2026-09-13T12:41:37.283161536Z logger=migrator t=2026-09-13T12:41:37.282916783Z level=info msg="Executing migration" id="teams permissions migration"
2026-09-13T12:41:37.283596956Z logger=migrator t=2026-09-13T12:41:37.283452725Z level=info msg="Migration successfully executed" id="teams permissions migration" duration=532.926µs
2026-09-13T12:41:37.290462222Z logger=migrator t=2026-09-13T12:41:37.290190034Z level=info msg="Executing migration" id="dashboard permissions"
2026-09-13T12:41:37.291193327Z logger=migrator t=2026-09-13T12:41:37.291002279Z level=info msg="Migration successfully executed" id="dashboard permissions" duration=815.322µs
2026-09-13T12:41:37.298276169Z logger=migrator t=2026-09-13T12:41:37.298082963Z level=info msg="Executing migration" id="dashboard permissions uid scopes"
2026-09-13T12:41:37.299100540Z logger=migrator t=2026-09-13T12:41:37.298921184Z level=info msg="Migration successfully executed" id="dashboard permissions uid scopes" duration=838.673µs
2026-09-13T12:41:37.306170998Z logger=migrator t=2026-09-13T12:41:37.305900507Z level=info msg="Executing migration" id="drop managed folder create actions"
2026-09-13T12:41:37.306414415Z logger=migrator t=2026-09-13T12:41:37.30625715Z level=info msg="Migration successfully executed" id="drop managed folder create actions" duration=356.939µs
2026-09-13T12:41:37.313660810Z logger=migrator t=2026-09-13T12:41:37.313526113Z level=info msg="Executing migration" id="alerting notification permissions"
2026-09-13T12:41:37.314774322Z logger=migrator t=2026-09-13T12:41:37.314606984Z level=info msg="Migration successfully executed" id="alerting notification permissions" duration=1.079504ms
2026-09-13T12:41:37.321553618Z logger=migrator t=2026-09-13T12:41:37.321301832Z level=info msg="Executing migration" id="create query_history_star table v1"
2026-09-13T12:41:37.322435336Z logger=migrator t=2026-09-13T12:41:37.322282788Z level=info msg="Migration successfully executed" id="create query_history_star table v1" duration=981.677µs
2026-09-13T12:41:37.329542157Z logger=migrator t=2026-09-13T12:41:37.329379612Z level=info msg="Executing migration" id="add index query_history.user_id-query_uid"
2026-09-13T12:41:37.330895287Z logger=migrator t=2026-09-13T12:41:37.330715602Z level=info msg="Migration successfully executed" id="add index query_history.user_id-query_uid" duration=1.336873ms
2026-09-13T12:41:37.337880488Z logger=migrator t=2026-09-13T12:41:37.337692168Z level=info msg="Executing migration" id="add column org_id in query_history_star"
2026-09-13T12:41:37.344234302Z logger=migrator t=2026-09-13T12:41:37.344013106Z level=info msg="Migration successfully executed" id="add column org_id in query_history_star" duration=6.32458ms
2026-09-13T12:41:37.351308672Z logger=migrator t=2026-09-13T12:41:37.351018173Z level=info msg="Executing migration" id="alter table query_history_star_mig column user_id type to bigint"
2026-09-13T12:41:37.351351103Z logger=migrator t=2026-09-13T12:41:37.351185141Z level=info msg="Migration successfully executed" id="alter table query_history_star_mig column user_id type to bigint" duration=168.064µs
2026-09-13T12:41:37.358901329Z logger=migrator t=2026-09-13T12:41:37.358692917Z level=info msg="Executing migration" id="create correlation table v1"
2026-09-13T12:41:37.359898834Z logger=migrator t=2026-09-13T12:41:37.359770273Z level=info msg="Migration successfully executed" id="create correlation table v1" duration=1.077264ms
2026-09-13T12:41:37.366785803Z logger=migrator t=2026-09-13T12:41:37.36658687Z level=info msg="Executing migration" id="add index correlations.uid"
2026-09-13T12:41:37.367905131Z logger=migrator t=2026-09-13T12:41:37.367735683Z level=info msg="Migration successfully executed" id="add index correlations.uid" duration=1.150507ms
2026-09-13T12:41:37.375168781Z logger=migrator t=2026-09-13T12:41:37.374843248Z level=info msg="Executing migration" id="add index correlations.source_uid"
2026-09-13T12:41:37.376614696Z logger=migrator t=2026-09-13T12:41:37.376195909Z level=info msg="Migration successfully executed" id="add index correlations.source_uid" duration=1.359489ms
2026-09-13T12:41:37.383349907Z logger=migrator t=2026-09-13T12:41:37.383207116Z level=info msg="Executing migration" id="add correlation config column"
2026-09-13T12:41:37.389812024Z logger=migrator t=2026-09-13T12:41:37.38962523Z level=info msg="Migration successfully executed" id="add correlation config column" duration=6.415865ms
2026-09-13T12:41:37.397200677Z logger=migrator t=2026-09-13T12:41:37.396553098Z level=info msg="Executing migration" id="drop index IDX_correlation_uid - v1"
2026-09-13T12:41:37.397857145Z logger=migrator t=2026-09-13T12:41:37.397713203Z level=info msg="Migration successfully executed" id="drop index IDX_correlation_uid - v1" duration=1.161025ms
2026-09-13T12:41:37.405001406Z logger=migrator t=2026-09-13T12:41:37.404784731Z level=info msg="Executing migration" id="drop index IDX_correlation_source_uid - v1"
2026-09-13T12:41:37.406174075Z logger=migrator t=2026-09-13T12:41:37.406003574Z level=info msg="Migration successfully executed" id="drop index IDX_correlation_source_uid - v1" duration=1.220088ms
2026-09-13T12:41:37.413895036Z logger=migrator t=2026-09-13T12:41:37.413717839Z level=info msg="Executing migration" id="Rename table correlation to correlation_tmp_qwerty - v1"
2026-09-13T12:41:37.434995417Z logger=migrator t=2026-09-13T12:41:37.434781476Z level=info msg="Migration successfully executed" id="Rename table correlation to correlation_tmp_qwerty - v1" duration=21.061327ms
2026-09-13T12:41:37.442223285Z logger=migrator t=2026-09-13T12:41:37.441779026Z level=info msg="Executing migration" id="create correlation v2"
2026-09-13T12:41:37.443356361Z logger=migrator t=2026-09-13T12:41:37.443234166Z level=info msg="Migration successfully executed" id="create correlation v2" duration=1.454605ms
2026-09-13T12:41:37.450296764Z logger=migrator t=2026-09-13T12:41:37.450140989Z level=info msg="Executing migration" id="create index IDX_correlation_uid - v2"
2026-09-13T12:41:37.451687004Z logger=migrator t=2026-09-13T12:41:37.451554703Z level=info msg="Migration successfully executed" id="create index IDX_correlation_uid - v2" duration=1.415312ms
2026-09-13T12:41:37.458906397Z logger=migrator t=2026-09-13T12:41:37.458766201Z level=info msg="Executing migration" id="create index IDX_correlation_source_uid - v2"
2026-09-13T12:41:37.460055441Z logger=migrator t=2026-09-13T12:41:37.459893367Z level=info msg="Migration successfully executed" id="create index IDX_correlation_source_uid - v2" duration=1.128915ms
2026-09-13T12:41:37.467424160Z logger=migrator t=2026-09-13T12:41:37.466941482Z level=info msg="Executing migration" id="create index IDX_correlation_org_id - v2"
2026-09-13T12:41:37.468431846Z logger=migrator t=2026-09-13T12:41:37.46831245Z level=info msg="Migration successfully executed" id="create index IDX_correlation_org_id - v2" duration=1.371485ms
2026-09-13T12:41:37.475347537Z logger=migrator t=2026-09-13T12:41:37.475186246Z level=info msg="Executing migration" id="copy correlation v1 to v2"
2026-09-13T12:41:37.475729389Z logger=migrator t=2026-09-13T12:41:37.475638785Z level=info msg="Migration successfully executed" id="copy correlation v1 to v2" duration=458.42µs
2026-09-13T12:41:37.482649326Z logger=migrator t=2026-09-13T12:41:37.482412773Z level=info msg="Executing migration" id="drop correlation_tmp_qwerty"
2026-09-13T12:41:37.483740597Z logger=migrator t=2026-09-13T12:41:37.483576072Z level=info msg="Migration successfully executed" id="drop correlation_tmp_qwerty" duration=1.16371ms
2026-09-13T12:41:37.490867287Z logger=migrator t=2026-09-13T12:41:37.490671498Z level=info msg="Executing migration" id="add provisioning column"
2026-09-13T12:41:37.497305391Z logger=migrator t=2026-09-13T12:41:37.497072741Z level=info msg="Migration successfully executed" id="add provisioning column" duration=6.388056ms
2026-09-13T12:41:37.504251182Z logger=migrator t=2026-09-13T12:41:37.504001068Z level=info msg="Executing migration" id="add type column"
2026-09-13T12:41:37.510288776Z logger=migrator t=2026-09-13T12:41:37.510081762Z level=info msg="Migration successfully executed" id="add type column" duration=6.079428ms
2026-09-13T12:41:37.517208130Z logger=migrator t=2026-09-13T12:41:37.517034412Z level=info msg="Executing migration" id="create entity_events table"
2026-09-13T12:41:37.518179208Z logger=migrator t=2026-09-13T12:41:37.518030397Z level=info msg="Migration successfully executed" id="create entity_events table" duration=995.416µs
2026-09-13T12:41:37.524991556Z logger=migrator t=2026-09-13T12:41:37.52483459Z level=info msg="Executing migration" id="create dashboard public config v1"
2026-09-13T12:41:37.526176754Z logger=migrator t=2026-09-13T12:41:37.526033709Z level=info msg="Migration successfully executed" id="create dashboard public config v1" duration=1.197584ms
2026-09-13T12:41:37.533190346Z logger=migrator t=2026-09-13T12:41:37.533044302Z level=info msg="Executing migration" id="drop index UQE_dashboard_public_config_uid - v1"
2026-09-13T12:41:37.533723342Z logger=migrator t=2026-09-13T12:41:37.533613475Z level=warn msg="Skipping migration: Already executed, but not recorded in migration log" id="drop index UQE_dashboard_public_config_uid - v1"
2026-09-13T12:41:37.540757088Z logger=migrator t=2026-09-13T12:41:37.540613861Z level=info msg="Executing migration" id="drop index IDX_dashboard_public_config_org_id_dashboard_uid - v1"
2026-09-13T12:41:37.541518645Z logger=migrator t=2026-09-13T12:41:37.541296456Z level=warn msg="Skipping migration: Already executed, but not recorded in migration log" id="drop index IDX_dashboard_public_config_org_id_dashboard_uid - v1"
2026-09-13T12:41:37.548554407Z logger=migrator t=2026-09-13T12:41:37.548307883Z level=info msg="Executing migration" id="Drop old dashboard public config table"
2026-09-13T12:41:37.549453757Z logger=migrator t=2026-09-13T12:41:37.549307776Z level=info msg="Migration successfully executed" id="Drop old dashboard public config table" duration=999.045µs
2026-09-13T12:41:37.556535157Z logger=migrator t=2026-09-13T12:41:37.556351651Z level=info msg="Executing migration" id="recreate dashboard public config v1"
2026-09-13T12:41:37.557657406Z logger=migrator t=2026-09-13T12:41:37.557484723Z level=info msg="Migration successfully executed" id="recreate dashboard public config v1" duration=1.133022ms
2026-09-13T12:41:37.564686388Z logger=migrator t=2026-09-13T12:41:37.564475939Z level=info msg="Executing migration" id="create index UQE_dashboard_public_config_uid - v1"
2026-09-13T12:41:37.565947594Z logger=migrator t=2026-09-13T12:41:37.565784163Z level=info msg="Migration successfully executed" id="create index UQE_dashboard_public_config_uid - v1" duration=1.306816ms
2026-09-13T12:41:37.573222964Z logger=migrator t=2026-09-13T12:41:37.573020432Z level=info msg="Executing migration" id="create index IDX_dashboard_public_config_org_id_dashboard_uid - v1"
2026-09-13T12:41:37.574392382Z logger=migrator t=2026-09-13T12:41:37.574249074Z level=info msg="Migration successfully executed" id="create index IDX_dashboard_public_config_org_id_dashboard_uid - v1" duration=1.229233ms
2026-09-13T12:41:37.581602007Z logger=migrator t=2026-09-13T12:41:37.581318397Z level=info msg="Executing migration" id="drop index UQE_dashboard_public_config_uid - v2"
2026-09-13T12:41:37.582843484Z logger=migrator t=2026-09-13T12:41:37.582676192Z level=info msg="Migration successfully executed" id="drop index UQE_dashboard_public_config_uid - v2" duration=1.355281ms
2026-09-13T12:41:37.589867580Z logger=migrator t=2026-09-13T12:41:37.589499663Z level=info msg="Executing migration" id="drop index IDX_dashboard_public_config_org_id_dashboard_uid - v2"
2026-09-13T12:41:37.590934194Z logger=migrator t=2026-09-13T12:41:37.590772906Z level=info msg="Migration successfully executed" id="drop index IDX_dashboard_public_config_org_id_dashboard_uid - v2" duration=1.274218ms
2026-09-13T12:41:37.597813393Z logger=migrator t=2026-09-13T12:41:37.597619598Z level=info msg="Executing migration" id="Drop public config table"
2026-09-13T12:41:37.598915905Z logger=migrator t=2026-09-13T12:41:37.598769136Z level=info msg="Migration successfully executed" id="Drop public config table" duration=1.15014ms
2026-09-13T12:41:37.606009292Z logger=migrator t=2026-09-13T12:41:37.605821338Z level=info msg="Executing migration" id="Recreate dashboard public config v2"
2026-09-13T12:41:37.607224575Z logger=migrator t=2026-09-13T12:41:37.607059285Z level=info msg="Migration successfully executed" id="Recreate dashboard public config v2" duration=1.23811ms
2026-09-13T12:41:37.614278927Z logger=migrator t=2026-09-13T12:41:37.613863817Z level=info msg="Executing migration" id="create index UQE_dashboard_public_config_uid - v2"
2026-09-13T12:41:37.615332170Z logger=migrator t=2026-09-13T12:41:37.615198774Z level=info msg="Migration successfully executed" id="create index UQE_dashboard_public_config_uid - v2" duration=1.335595ms
2026-09-13T12:41:37.622258208Z logger=migrator t=2026-09-13T12:41:37.6219286Z level=info msg="Executing migration" id="create index IDX_dashboard_public_config_org_id_dashboard_uid - v2"
2026-09-13T12:41:37.623445299Z logger=migrator t=2026-09-13T12:41:37.623279519Z level=info msg="Migration successfully executed" id="create index IDX_dashboard_public_config_org_id_dashboard_uid - v2" duration=1.349696ms
2026-09-13T12:41:37.630543760Z logger=migrator t=2026-09-13T12:41:37.630276042Z level=info msg="Executing migration" id="create index UQE_dashboard_public_config_access_token - v2"
2026-09-13T12:41:37.631703671Z logger=migrator t=2026-09-13T12:41:37.631546782Z level=info msg="Migration successfully executed" id="create index UQE_dashboard_public_config_access_token - v2" duration=1.2719ms
2026-09-13T12:41:37.638772924Z logger=migrator t=2026-09-13T12:41:37.638473905Z level=info msg="Executing migration" id="Rename table dashboard_public_config to dashboard_public - v2"
2026-09-13T12:41:37.656029361Z logger=migrator t=2026-09-13T12:41:37.655820411Z level=info msg="Migration successfully executed" id="Rename table dashboard_public_config to dashboard_public - v2" duration=17.34463ms
2026-09-13T12:41:37.662973413Z logger=migrator t=2026-09-13T12:41:37.662796747Z level=info msg="Executing migration" id="add annotations_enabled column"
2026-09-13T12:41:37.669334835Z logger=migrator t=2026-09-13T12:41:37.669139728Z level=info msg="Migration successfully executed" id="add annotations_enabled column" duration=6.337854ms
2026-09-13T12:41:37.676011523Z logger=migrator t=2026-09-13T12:41:37.675842273Z level=info msg="Executing migration" id="add time_selection_enabled column"
2026-09-13T12:41:37.682603055Z logger=migrator t=2026-09-13T12:41:37.682401444Z level=info msg="Migration successfully executed" id="add time_selection_enabled column" duration=6.537763ms
2026-09-13T12:41:37.689875907Z logger=migrator t=2026-09-13T12:41:37.68930362Z level=info msg="Executing migration" id="delete orphaned public dashboards"
2026-09-13T12:41:37.689898792Z logger=migrator t=2026-09-13T12:41:37.689657162Z level=info msg="Migration successfully executed" id="delete orphaned public dashboards" duration=355.284µs
2026-09-13T12:41:37.696582036Z logger=migrator t=2026-09-13T12:41:37.696381581Z level=info msg="Executing migration" id="add share column"
2026-09-13T12:41:37.702673392Z logger=migrator t=2026-09-13T12:41:37.702419181Z level=info msg="Migration successfully executed" id="add share column" duration=6.036679ms
2026-09-13T12:41:37.709600225Z logger=migrator t=2026-09-13T12:41:37.709441058Z level=info msg="Executing migration" id="backfill empty share column fields with default of public"
2026-09-13T12:41:37.709945715Z logger=migrator t=2026-09-13T12:41:37.709805608Z level=info msg="Migration successfully executed" id="backfill empty share column fields with default of public" duration=366.573µs
2026-09-13T12:41:37.717208690Z logger=migrator t=2026-09-13T12:41:37.716676796Z level=info msg="Executing migration" id="create file table"
2026-09-13T12:41:37.717950624Z logger=migrator t=2026-09-13T12:41:37.717792064Z level=info msg="Migration successfully executed" id="create file table" duration=1.115144ms
2026-09-13T12:41:37.725060396Z logger=migrator t=2026-09-13T12:41:37.724706682Z level=info msg="Executing migration" id="file table idx: path natural pk"
2026-09-13T12:41:37.726012289Z logger=migrator t=2026-09-13T12:41:37.725881082Z level=info msg="Migration successfully executed" id="file table idx: path natural pk" duration=1.175518ms
2026-09-13T12:41:37.733092212Z logger=migrator t=2026-09-13T12:41:37.7329305Z level=info msg="Executing migration" id="file table idx: parent_folder_path_hash fast folder retrieval"
2026-09-13T12:41:37.734336692Z logger=migrator t=2026-09-13T12:41:37.734100016Z level=info msg="Migration successfully executed" id="file table idx: parent_folder_path_hash fast folder retrieval" duration=1.171338ms
2026-09-13T12:41:37.741288513Z logger=migrator t=2026-09-13T12:41:37.741029756Z level=info msg="Executing migration" id="create file_meta table"
2026-09-13T12:41:37.742214256Z logger=migrator t=2026-09-13T12:41:37.742049283Z level=info msg="Migration successfully executed" id="create file_meta table" duration=1.018665ms
2026-09-13T12:41:37.749266232Z logger=migrator t=2026-09-13T12:41:37.748945446Z level=info msg="Executing migration" id="file table idx: path key"
2026-09-13T12:41:37.750167920Z logger=migrator t=2026-09-13T12:41:37.750014729Z level=info msg="Migration successfully executed" id="file table idx: path key" duration=1.07067ms
2026-09-13T12:41:37.757015874Z logger=migrator t=2026-09-13T12:41:37.756832647Z level=info msg="Executing migration" id="set path collation in file table"
2026-09-13T12:41:37.757092615Z logger=migrator t=2026-09-13T12:41:37.757004285Z level=info msg="Migration successfully executed" id="set path collation in file table" duration=173.478µs
2026-09-13T12:41:37.763899078Z logger=migrator t=2026-09-13T12:41:37.763730876Z level=info msg="Executing migration" id="migrate contents column to mediumblob for MySQL"
2026-09-13T12:41:37.763966790Z logger=migrator t=2026-09-13T12:41:37.763857009Z level=info msg="Migration successfully executed" id="migrate contents column to mediumblob for MySQL" duration=128.182µs
2026-09-13T12:41:37.771158740Z logger=migrator t=2026-09-13T12:41:37.770909116Z level=info msg="Executing migration" id="managed permissions migration"
2026-09-13T12:41:37.771705107Z logger=migrator t=2026-09-13T12:41:37.771544834Z level=info msg="Migration successfully executed" id="managed permissions migration" duration=635.984µs
2026-09-13T12:41:37.778686702Z logger=migrator t=2026-09-13T12:41:37.778393755Z level=info msg="Executing migration" id="managed folder permissions alert actions migration"
2026-09-13T12:41:37.778940312Z logger=migrator t=2026-09-13T12:41:37.778827272Z level=info msg="Migration successfully executed" id="managed folder permissions alert actions migration" duration=440.255µs
2026-09-13T12:41:37.786005165Z logger=migrator t=2026-09-13T12:41:37.785841763Z level=info msg="Executing migration" id="RBAC action name migrator"
2026-09-13T12:41:37.787625655Z logger=migrator t=2026-09-13T12:41:37.787320645Z level=info msg="Migration successfully executed" id="RBAC action name migrator" duration=1.480814ms
2026-09-13T12:41:37.794402245Z logger=migrator t=2026-09-13T12:41:37.794243993Z level=info msg="Executing migration" id="Add UID column to playlist"
2026-09-13T12:41:37.800877798Z logger=migrator t=2026-09-13T12:41:37.800674261Z level=info msg="Migration successfully executed" id="Add UID column to playlist" duration=6.428763ms
2026-09-13T12:41:37.807795564Z logger=migrator t=2026-09-13T12:41:37.807542059Z level=info msg="Executing migration" id="Update uid column values in playlist"
2026-09-13T12:41:37.808037936Z logger=migrator t=2026-09-13T12:41:37.80778987Z level=info msg="Migration successfully executed" id="Update uid column values in playlist" duration=249.413µs
2026-09-13T12:41:37.815238806Z logger=migrator t=2026-09-13T12:41:37.814735498Z level=info msg="Executing migration" id="Add index for uid in playlist"
2026-09-13T12:41:37.816193018Z logger=migrator t=2026-09-13T12:41:37.816006862Z level=info msg="Migration successfully executed" id="Add index for uid in playlist" duration=1.272892ms
2026-09-13T12:41:37.823356628Z logger=migrator t=2026-09-13T12:41:37.823098196Z level=info msg="Executing migration" id="update group index for alert rules"
2026-09-13T12:41:37.823747719Z logger=migrator t=2026-09-13T12:41:37.823623329Z level=info msg="Migration successfully executed" id="update group index for alert rules" duration=527.327µs
2026-09-13T12:41:37.830439049Z logger=migrator t=2026-09-13T12:41:37.83027806Z level=info msg="Executing migration" id="managed folder permissions alert actions repeated migration"
2026-09-13T12:41:37.830849579Z logger=migrator t=2026-09-13T12:41:37.830726813Z level=info msg="Migration successfully executed" id="managed folder permissions alert actions repeated migration" duration=449.38µs
2026-09-13T12:41:37.837639599Z logger=migrator t=2026-09-13T12:41:37.837483905Z level=info msg="Executing migration" id="admin only folder/dashboard permission"
2026-09-13T12:41:37.838285455Z logger=migrator t=2026-09-13T12:41:37.838182734Z level=info msg="Migration successfully executed" id="admin only folder/dashboard permission" duration=699.484µs
2026-09-13T12:41:37.845184705Z logger=migrator t=2026-09-13T12:41:37.844931907Z level=info msg="Executing migration" id="add action column to seed_assignment"
2026-09-13T12:41:37.851755607Z logger=migrator t=2026-09-13T12:41:37.851556935Z level=info msg="Migration successfully executed" id="add action column to seed_assignment" duration=6.624685ms
2026-09-13T12:41:37.859277151Z logger=migrator t=2026-09-13T12:41:37.858355889Z level=info msg="Executing migration" id="add scope column to seed_assignment"
2026-09-13T12:41:37.865045550Z logger=migrator t=2026-09-13T12:41:37.864832289Z level=info msg="Migration successfully executed" id="add scope column to seed_assignment" duration=6.465472ms
2026-09-13T12:41:37.872226853Z logger=migrator t=2026-09-13T12:41:37.872013466Z level=info msg="Executing migration" id="remove unique index builtin_role_role_name before nullable update"
2026-09-13T12:41:37.873312165Z logger=migrator t=2026-09-13T12:41:37.873159224Z level=info msg="Migration successfully executed" id="remove unique index builtin_role_role_name before nullable update" duration=1.148358ms
2026-09-13T12:41:37.880267795Z logger=migrator t=2026-09-13T12:41:37.880045725Z level=info msg="Executing migration" id="update seed_assignment role_name column to nullable"
2026-09-13T12:41:37.943748596Z logger=migrator t=2026-09-13T12:41:37.943529192Z level=info msg="Migration successfully executed" id="update seed_assignment role_name column to nullable" duration=63.476705ms
2026-09-13T12:41:37.950657984Z logger=migrator t=2026-09-13T12:41:37.950335277Z level=info msg="Executing migration" id="add unique index builtin_role_name back"
2026-09-13T12:41:37.951768575Z logger=migrator t=2026-09-13T12:41:37.951636558Z level=info msg="Migration successfully executed" id="add unique index builtin_role_name back" duration=1.30261ms
2026-09-13T12:41:37.959205693Z logger=migrator t=2026-09-13T12:41:37.958911117Z level=info msg="Executing migration" id="add unique index builtin_role_action_scope"
2026-09-13T12:41:37.960339804Z logger=migrator t=2026-09-13T12:41:37.960193039Z level=info msg="Migration successfully executed" id="add unique index builtin_role_action_scope" duration=1.283087ms
2026-09-13T12:41:37.967331708Z logger=migrator t=2026-09-13T12:41:37.967139133Z level=info msg="Executing migration" id="add primary key to seed_assigment"
2026-09-13T12:41:37.989196822Z logger=migrator t=2026-09-13T12:41:37.988982601Z level=info msg="Migration successfully executed" id="add primary key to seed_assigment" duration=21.868898ms
2026-09-13T12:41:37.997314596Z logger=migrator t=2026-09-13T12:41:37.996441366Z level=info msg="Executing migration" id="add origin column to seed_assignment"
2026-09-13T12:41:38.003367211Z logger=migrator t=2026-09-13T12:41:38.00315685Z level=info msg="Migration successfully executed" id="add origin column to seed_assignment" duration=6.714693ms
2026-09-13T12:41:38.010286113Z logger=migrator t=2026-09-13T12:41:38.010043918Z level=info msg="Executing migration" id="add origin to plugin seed_assignment"
2026-09-13T12:41:38.010758914Z logger=migrator t=2026-09-13T12:41:38.010609397Z level=info msg="Migration successfully executed" id="add origin to plugin seed_assignment" duration=565.592µs
2026-09-13T12:41:38.017539827Z logger=migrator t=2026-09-13T12:41:38.017392772Z level=info msg="Executing migration" id="prevent seeding OnCall access"
2026-09-13T12:41:38.017814537Z logger=migrator t=2026-09-13T12:41:38.017724401Z level=info msg="Migration successfully executed" id="prevent seeding OnCall access" duration=333.238µs
2026-09-13T12:41:38.024871094Z logger=migrator t=2026-09-13T12:41:38.024724001Z level=info msg="Executing migration" id="managed folder permissions alert actions repeated fixed migration"
2026-09-13T12:41:38.025218022Z logger=migrator t=2026-09-13T12:41:38.025107551Z level=info msg="Migration successfully executed" id="managed folder permissions alert actions repeated fixed migration" duration=384.326µs
2026-09-13T12:41:38.032318049Z logger=migrator t=2026-09-13T12:41:38.03187735Z level=info msg="Executing migration" id="managed folder permissions library panel actions migration"
2026-09-13T12:41:38.032365658Z logger=migrator t=2026-09-13T12:41:38.032214625Z level=info msg="Migration successfully executed" id="managed folder permissions library panel actions migration" duration=334.816µs
2026-09-13T12:41:38.039635251Z logger=migrator t=2026-09-13T12:41:38.038858019Z level=info msg="Executing migration" id="migrate external alertmanagers to datsourcse"
2026-09-13T12:41:38.039651485Z logger=migrator t=2026-09-13T12:41:38.039171025Z level=info msg="Migration successfully executed" id="migrate external alertmanagers to datsourcse" duration=314.012µs
2026-09-13T12:41:38.046264230Z logger=migrator t=2026-09-13T12:41:38.046012961Z level=info msg="Executing migration" id="create folder table"
2026-09-13T12:41:38.047353526Z logger=migrator t=2026-09-13T12:41:38.047199281Z level=info msg="Migration successfully executed" id="create folder table" duration=1.187045ms
2026-09-13T12:41:38.054164180Z logger=migrator t=2026-09-13T12:41:38.053975484Z level=info msg="Executing migration" id="Add index for parent_uid"
2026-09-13T12:41:38.055422056Z logger=migrator t=2026-09-13T12:41:38.055263213Z level=info msg="Migration successfully executed" id="Add index for parent_uid" duration=1.285932ms
2026-09-13T12:41:38.062429066Z logger=migrator t=2026-09-13T12:41:38.062229642Z level=info msg="Executing migration" id="Add unique index for folder.uid and folder.org_id"
2026-09-13T12:41:38.063585746Z logger=migrator t=2026-09-13T12:41:38.063436098Z level=info msg="Migration successfully executed" id="Add unique index for folder.uid and folder.org_id" duration=1.207467ms
2026-09-13T12:41:38.070413882Z logger=migrator t=2026-09-13T12:41:38.070236895Z level=info msg="Executing migration" id="Update folder title length"
2026-09-13T12:41:38.070915257Z logger=migrator t=2026-09-13T12:41:38.070348773Z level=info msg="Migration successfully executed" id="Update folder title length" duration=113.98µs
2026-09-13T12:41:38.077433614Z logger=migrator t=2026-09-13T12:41:38.077207598Z level=info msg="Executing migration" id="Add unique index for folder.title and folder.parent_uid"
2026-09-13T12:41:38.078934663Z logger=migrator t=2026-09-13T12:41:38.078656363Z level=info msg="Migration successfully executed" id="Add unique index for folder.title and folder.parent_uid" duration=1.449235ms
2026-09-13T12:41:38.085745193Z logger=migrator t=2026-09-13T12:41:38.085611858Z level=info msg="Executing migration" id="Remove unique index for folder.title and folder.parent_uid"
2026-09-13T12:41:38.087058874Z logger=migrator t=2026-09-13T12:41:38.086895183Z level=info msg="Migration successfully executed" id="Remove unique index for folder.title and folder.parent_uid" duration=1.280875ms
2026-09-13T12:41:38.093890290Z logger=migrator t=2026-09-13T12:41:38.0937207Z level=info msg="Executing migration" id="Add unique index for title, parent_uid, and org_id"
2026-09-13T12:41:38.095323420Z logger=migrator t=2026-09-13T12:41:38.095161387Z level=info msg="Migration successfully executed" id="Add unique index for title, parent_uid, and org_id" duration=1.442022ms
2026-09-13T12:41:38.102247877Z logger=migrator t=2026-09-13T12:41:38.101827185Z level=info msg="Executing migration" id="Sync dashboard and folder table"
2026-09-13T12:41:38.102976736Z logger=migrator t=2026-09-13T12:41:38.102609136Z level=info msg="Migration successfully executed" id="Sync dashboard and folder table" duration=778.736µs
2026-09-13T12:41:38.109750017Z logger=migrator t=2026-09-13T12:41:38.109480035Z level=info msg="Executing migration" id="Remove ghost folders from the folder table"
2026-09-13T12:41:38.110004877Z logger=migrator t=2026-09-13T12:41:38.109870632Z level=info msg="Migration successfully executed" id="Remove ghost folders from the folder table" duration=391.229µs
2026-09-13T12:41:38.117146284Z logger=migrator t=2026-09-13T12:41:38.116842365Z level=info msg="Executing migration" id="Remove unique index UQE_folder_uid_org_id"
2026-09-13T12:41:38.118176650Z logger=migrator t=2026-09-13T12:41:38.118010676Z level=info msg="Migration successfully executed" id="Remove unique index UQE_folder_uid_org_id" duration=1.169035ms
2026-09-13T12:41:38.125068872Z logger=migrator t=2026-09-13T12:41:38.124883444Z level=info msg="Executing migration" id="Add unique index UQE_folder_org_id_uid"
2026-09-13T12:41:38.126240224Z logger=migrator t=2026-09-13T12:41:38.126066536Z level=info msg="Migration successfully executed" id="Add unique index UQE_folder_org_id_uid" duration=1.184353ms
2026-09-13T12:41:38.133154054Z logger=migrator t=2026-09-13T12:41:38.132913472Z level=info msg="Executing migration" id="Remove unique index UQE_folder_title_parent_uid_org_id"
2026-09-13T12:41:38.134246094Z logger=migrator t=2026-09-13T12:41:38.134092949Z level=info msg="Migration successfully executed" id="Remove unique index UQE_folder_title_parent_uid_org_id" duration=1.183752ms
2026-09-13T12:41:38.141145023Z logger=migrator t=2026-09-13T12:41:38.140701461Z level=info msg="Executing migration" id="Add unique index UQE_folder_org_id_parent_uid_title"
2026-09-13T12:41:38.142031183Z logger=migrator t=2026-09-13T12:41:38.141871921Z level=info msg="Migration successfully executed" id="Add unique index UQE_folder_org_id_parent_uid_title" duration=1.171124ms
2026-09-13T12:41:38.148960060Z logger=migrator t=2026-09-13T12:41:38.148752228Z level=info msg="Executing migration" id="Remove index IDX_folder_parent_uid_org_id"
2026-09-13T12:41:38.150199727Z logger=migrator t=2026-09-13T12:41:38.149967223Z level=info msg="Migration successfully executed" id="Remove index IDX_folder_parent_uid_org_id" duration=1.216709ms
2026-09-13T12:41:38.156977483Z logger=migrator t=2026-09-13T12:41:38.156734357Z level=info msg="Executing migration" id="Remove unique index UQE_folder_org_id_parent_uid_title"
2026-09-13T12:41:38.158044126Z logger=migrator t=2026-09-13T12:41:38.157888817Z level=info msg="Migration successfully executed" id="Remove unique index UQE_folder_org_id_parent_uid_title" duration=1.159874ms
2026-09-13T12:41:38.164866515Z logger=migrator t=2026-09-13T12:41:38.164685809Z level=info msg="Executing migration" id="create anon_device table"
2026-09-13T12:41:38.165750165Z logger=migrator t=2026-09-13T12:41:38.16559364Z level=info msg="Migration successfully executed" id="create anon_device table" duration=911.07µs
2026-09-13T12:41:38.172783892Z logger=migrator t=2026-09-13T12:41:38.172598049Z level=info msg="Executing migration" id="add unique index anon_device.device_id"
2026-09-13T12:41:38.173980592Z logger=migrator t=2026-09-13T12:41:38.173796168Z level=info msg="Migration successfully executed" id="add unique index anon_device.device_id" duration=1.198742ms
2026-09-13T12:41:38.181229731Z logger=migrator t=2026-09-13T12:41:38.180834929Z level=info msg="Executing migration" id="add index anon_device.updated_at"
2026-09-13T12:41:38.182291199Z logger=migrator t=2026-09-13T12:41:38.182137685Z level=info msg="Migration successfully executed" id="add index anon_device.updated_at" duration=1.30478ms
2026-09-13T12:41:38.189397776Z logger=migrator t=2026-09-13T12:41:38.189153204Z level=info msg="Executing migration" id="create signing_key table"
2026-09-13T12:41:38.190412279Z logger=migrator t=2026-09-13T12:41:38.190245379Z level=info msg="Migration successfully executed" id="create signing_key table" duration=1.092755ms
2026-09-13T12:41:38.197559759Z logger=migrator t=2026-09-13T12:41:38.197322644Z level=info msg="Executing migration" id="add unique index signing_key.key_id"
2026-09-13T12:41:38.198777547Z logger=migrator t=2026-09-13T12:41:38.198648173Z level=info msg="Migration successfully executed" id="add unique index signing_key.key_id" duration=1.326603ms
2026-09-13T12:41:38.205889315Z logger=migrator t=2026-09-13T12:41:38.205746753Z level=info msg="Executing migration" id="set legacy alert migration status in kvstore"
2026-09-13T12:41:38.207225072Z logger=migrator t=2026-09-13T12:41:38.207058012Z level=info msg="Migration successfully executed" id="set legacy alert migration status in kvstore" duration=1.313085ms
2026-09-13T12:41:38.214042089Z logger=migrator t=2026-09-13T12:41:38.213855697Z level=info msg="Executing migration" id="migrate record of created folders during legacy migration to kvstore"
2026-09-13T12:41:38.215178583Z logger=migrator t=2026-09-13T12:41:38.215048749Z level=info msg="Migration successfully executed" id="migrate record of created folders during legacy migration to kvstore" duration=1.195816ms
2026-09-13T12:41:38.221940402Z logger=migrator t=2026-09-13T12:41:38.221750723Z level=info msg="Executing migration" id="Add folder_uid for dashboard"
2026-09-13T12:41:38.228851371Z logger=migrator t=2026-09-13T12:41:38.228652157Z level=info msg="Migration successfully executed" id="Add folder_uid for dashboard" duration=6.899251ms
2026-09-13T12:41:38.235671062Z logger=migrator t=2026-09-13T12:41:38.235460453Z level=info msg="Executing migration" id="Populate dashboard folder_uid column"
2026-09-13T12:41:38.236532806Z logger=migrator t=2026-09-13T12:41:38.236392602Z level=info msg="Migration successfully executed" id="Populate dashboard folder_uid column" duration=935.449µs
2026-09-13T12:41:38.243431301Z logger=migrator t=2026-09-13T12:41:38.243273466Z level=info msg="Executing migration" id="Add unique index for dashboard_org_id_folder_uid_title"
2026-09-13T12:41:38.243455841Z logger=migrator t=2026-09-13T12:41:38.24331061Z level=info msg="Migration successfully executed" id="Add unique index for dashboard_org_id_folder_uid_title" duration=40.351µs
2026-09-13T12:41:38.250690656Z logger=migrator t=2026-09-13T12:41:38.250355281Z level=info msg="Executing migration" id="Delete unique index for dashboard_org_id_folder_id_title"
2026-09-13T12:41:38.251998572Z logger=migrator t=2026-09-13T12:41:38.251807973Z level=info msg="Migration successfully executed" id="Delete unique index for dashboard_org_id_folder_id_title" duration=1.45428ms
2026-09-13T12:41:38.258796778Z logger=migrator t=2026-09-13T12:41:38.258549489Z level=info msg="Executing migration" id="Delete unique index for dashboard_org_id_folder_uid_title"
2026-09-13T12:41:38.258823785Z logger=migrator t=2026-09-13T12:41:38.258584446Z level=info msg="Migration successfully executed" id="Delete unique index for dashboard_org_id_folder_uid_title" duration=38.41µs
2026-09-13T12:41:38.266246725Z logger=migrator t=2026-09-13T12:41:38.265576429Z level=info msg="Executing migration" id="Add unique index for dashboard_org_id_folder_uid_title_is_folder"
2026-09-13T12:41:38.267103404Z logger=migrator t=2026-09-13T12:41:38.266953433Z level=info msg="Migration successfully executed" id="Add unique index for dashboard_org_id_folder_uid_title_is_folder" duration=1.377422ms
2026-09-13T12:41:38.274092449Z logger=migrator t=2026-09-13T12:41:38.273940264Z level=info msg="Executing migration" id="Restore index for dashboard_org_id_folder_id_title"
2026-09-13T12:41:38.275368564Z logger=migrator t=2026-09-13T12:41:38.275224809Z level=info msg="Migration successfully executed" id="Restore index for dashboard_org_id_folder_id_title" duration=1.285638ms
2026-09-13T12:41:38.282317450Z logger=migrator t=2026-09-13T12:41:38.282157272Z level=info msg="Executing migration" id="Remove unique index for dashboard_org_id_folder_uid_title_is_folder"
2026-09-13T12:41:38.283772377Z logger=migrator t=2026-09-13T12:41:38.283604285Z level=info msg="Migration successfully executed" id="Remove unique index for dashboard_org_id_folder_uid_title_is_folder" duration=1.448726ms
2026-09-13T12:41:38.291004110Z logger=migrator t=2026-09-13T12:41:38.290738705Z level=info msg="Executing migration" id="create sso_setting table"
2026-09-13T12:41:38.292205099Z logger=migrator t=2026-09-13T12:41:38.291965832Z level=info msg="Migration successfully executed" id="create sso_setting table" duration=1.226553ms
2026-09-13T12:41:38.299277875Z logger=migrator t=2026-09-13T12:41:38.298747Z level=info msg="Executing migration" id="copy kvstore migration status to each org"
2026-09-13T12:41:38.299782997Z logger=migrator t=2026-09-13T12:41:38.299638264Z level=info msg="Migration successfully executed" id="copy kvstore migration status to each org" duration=893.821µs
2026-09-13T12:41:38.306376582Z logger=migrator t=2026-09-13T12:41:38.306226801Z level=info msg="Executing migration" id="add back entry for orgid=0 migrated status"
2026-09-13T12:41:38.306792474Z logger=migrator t=2026-09-13T12:41:38.306694588Z level=info msg="Migration successfully executed" id="add back entry for orgid=0 migrated status" duration=469.208µs
2026-09-13T12:41:38.314269757Z logger=migrator t=2026-09-13T12:41:38.313374384Z level=info msg="Executing migration" id="managed dashboard permissions annotation actions migration"
2026-09-13T12:41:38.314291808Z logger=migrator t=2026-09-13T12:41:38.314034914Z level=info msg="Migration successfully executed" id="managed dashboard permissions annotation actions migration" duration=660.075µs
2026-09-13T12:41:38.321153539Z logger=migrator t=2026-09-13T12:41:38.320964063Z level=info msg="Executing migration" id="create cloud_migration table v1"
2026-09-13T12:41:38.322144250Z logger=migrator t=2026-09-13T12:41:38.321987693Z level=info msg="Migration successfully executed" id="create cloud_migration table v1" duration=1.023938ms
2026-09-13T12:41:38.329267536Z logger=migrator t=2026-09-13T12:41:38.328813145Z level=info msg="Executing migration" id="create cloud_migration_run table v1"
2026-09-13T12:41:38.330041336Z logger=migrator t=2026-09-13T12:41:38.329889847Z level=info msg="Migration successfully executed" id="create cloud_migration_run table v1" duration=1.076302ms
2026-09-13T12:41:38.337154292Z logger=migrator t=2026-09-13T12:41:38.336941499Z level=info msg="Executing migration" id="add stack_id column"
2026-09-13T12:41:38.344688584Z logger=migrator t=2026-09-13T12:41:38.344506293Z level=info msg="Migration successfully executed" id="add stack_id column" duration=7.564956ms
2026-09-13T12:41:38.352249441Z logger=migrator t=2026-09-13T12:41:38.351360521Z level=info msg="Executing migration" id="add region_slug column"
2026-09-13T12:41:38.358329130Z logger=migrator t=2026-09-13T12:41:38.358099895Z level=info msg="Migration successfully executed" id="add region_slug column" duration=6.726854ms
2026-09-13T12:41:38.365243628Z logger=migrator t=2026-09-13T12:41:38.364961817Z level=info msg="Executing migration" id="add cluster_slug column"
2026-09-13T12:41:38.371901559Z logger=migrator t=2026-09-13T12:41:38.371726709Z level=info msg="Migration successfully executed" id="add cluster_slug column" duration=6.76366ms
2026-09-13T12:41:38.379212193Z logger=migrator t=2026-09-13T12:41:38.378545433Z level=info msg="Executing migration" id="add migration uid column"
2026-09-13T12:41:38.385515451Z logger=migrator t=2026-09-13T12:41:38.385267157Z level=info msg="Migration successfully executed" id="add migration uid column" duration=6.711431ms
2026-09-13T12:41:38.392474469Z logger=migrator t=2026-09-13T12:41:38.392229153Z level=info msg="Executing migration" id="Update uid column values for migration"
2026-09-13T12:41:38.392583196Z logger=migrator t=2026-09-13T12:41:38.392505692Z level=info msg="Migration successfully executed" id="Update uid column values for migration" duration=277.162µs
2026-09-13T12:41:38.400740833Z logger=migrator t=2026-09-13T12:41:38.399267213Z level=info msg="Executing migration" id="Add unique index migration_uid"
2026-09-13T12:41:38.400761812Z logger=migrator t=2026-09-13T12:41:38.400438838Z level=info msg="Migration successfully executed" id="Add unique index migration_uid" duration=1.169281ms
2026-09-13T12:41:38.407498947Z logger=migrator t=2026-09-13T12:41:38.407299322Z level=info msg="Executing migration" id="add migration run uid column"
2026-09-13T12:41:38.414797521Z logger=migrator t=2026-09-13T12:41:38.414451361Z level=info msg="Migration successfully executed" id="add migration run uid column" duration=7.140184ms
2026-09-13T12:41:38.422315885Z logger=migrator t=2026-09-13T12:41:38.421756079Z level=info msg="Executing migration" id="Update uid column values for migration run"
2026-09-13T12:41:38.422337320Z logger=migrator t=2026-09-13T12:41:38.42200489Z level=info msg="Migration successfully executed" id="Update uid column values for migration run" duration=251.024µs
2026-09-13T12:41:38.429494589Z logger=migrator t=2026-09-13T12:41:38.42934635Z level=info msg="Executing migration" id="Add unique index migration_run_uid"
2026-09-13T12:41:38.430950257Z logger=migrator t=2026-09-13T12:41:38.430748438Z level=info msg="Migration successfully executed" id="Add unique index migration_run_uid" duration=1.402235ms
2026-09-13T12:41:38.438603139Z logger=migrator t=2026-09-13T12:41:38.438388511Z level=info msg="Executing migration" id="Rename table cloud_migration to cloud_migration_session_tmp_qwerty - v1"
2026-09-13T12:41:38.457937168Z logger=migrator t=2026-09-13T12:41:38.457722524Z level=info msg="Migration successfully executed" id="Rename table cloud_migration to cloud_migration_session_tmp_qwerty - v1" duration=19.331291ms
2026-09-13T12:41:38.464711778Z logger=migrator t=2026-09-13T12:41:38.464566342Z level=info msg="Executing migration" id="create cloud_migration_session v2"
2026-09-13T12:41:38.465814019Z logger=migrator t=2026-09-13T12:41:38.465706605Z level=info msg="Migration successfully executed" id="create cloud_migration_session v2" duration=1.140148ms
2026-09-13T12:41:38.472764149Z logger=migrator t=2026-09-13T12:41:38.472644995Z level=info msg="Executing migration" id="create index UQE_cloud_migration_session_uid - v2"
2026-09-13T12:41:38.474102675Z logger=migrator t=2026-09-13T12:41:38.473947526Z level=info msg="Migration successfully executed" id="create index UQE_cloud_migration_session_uid - v2" duration=1.303537ms
2026-09-13T12:41:38.481375723Z logger=migrator t=2026-09-13T12:41:38.481136916Z level=info msg="Executing migration" id="copy cloud_migration_session v1 to v2"
2026-09-13T12:41:38.481761028Z logger=migrator t=2026-09-13T12:41:38.481619633Z level=info msg="Migration successfully executed" id="copy cloud_migration_session v1 to v2" duration=507.571µs
2026-09-13T12:41:38.488948965Z logger=migrator t=2026-09-13T12:41:38.488629883Z level=info msg="Executing migration" id="drop cloud_migration_session_tmp_qwerty"
2026-09-13T12:41:38.489861371Z logger=migrator t=2026-09-13T12:41:38.489730162Z level=info msg="Migration successfully executed" id="drop cloud_migration_session_tmp_qwerty" duration=1.098072ms
2026-09-13T12:41:38.497443265Z logger=migrator t=2026-09-13T12:41:38.49695736Z level=info msg="Executing migration" id="Rename table cloud_migration_run to cloud_migration_snapshot_tmp_qwerty - v1"
2026-09-13T12:41:38.516338739Z logger=migrator t=2026-09-13T12:41:38.516095027Z level=info msg="Migration successfully executed" id="Rename table cloud_migration_run to cloud_migration_snapshot_tmp_qwerty - v1" duration=19.135877ms
2026-09-13T12:41:38.523400380Z logger=migrator t=2026-09-13T12:41:38.523163972Z level=info msg="Executing migration" id="create cloud_migration_snapshot v2"
2026-09-13T12:41:38.524494724Z logger=migrator t=2026-09-13T12:41:38.524314533Z level=info msg="Migration successfully executed" id="create cloud_migration_snapshot v2" duration=1.150867ms
2026-09-13T12:41:38.531443831Z logger=migrator t=2026-09-13T12:41:38.531230187Z level=info msg="Executing migration" id="create index UQE_cloud_migration_snapshot_uid - v2"
2026-09-13T12:41:38.532841445Z logger=migrator t=2026-09-13T12:41:38.532646984Z level=info msg="Migration successfully executed" id="create index UQE_cloud_migration_snapshot_uid - v2" duration=1.41765ms
2026-09-13T12:41:38.540157424Z logger=migrator t=2026-09-13T12:41:38.539944612Z level=info msg="Executing migration" id="copy cloud_migration_snapshot v1 to v2"
2026-09-13T12:41:38.540601280Z logger=migrator t=2026-09-13T12:41:38.540473496Z level=info msg="Migration successfully executed" id="copy cloud_migration_snapshot v1 to v2" duration=531.95µs
2026-09-13T12:41:38.548201144Z logger=migrator t=2026-09-13T12:41:38.547914073Z level=info msg="Executing migration" id="drop cloud_migration_snapshot_tmp_qwerty"
2026-09-13T12:41:38.549500563Z logger=migrator t=2026-09-13T12:41:38.549321445Z level=info msg="Migration successfully executed" id="drop cloud_migration_snapshot_tmp_qwerty" duration=1.407118ms
2026-09-13T12:41:38.558190014Z logger=migrator t=2026-09-13T12:41:38.557140327Z level=info msg="Executing migration" id="add snapshot upload_url column"
2026-09-13T12:41:38.568333554Z logger=migrator t=2026-09-13T12:41:38.568074582Z level=info msg="Migration successfully executed" id="add snapshot upload_url column" duration=10.933413ms
2026-09-13T12:41:38.575263506Z logger=migrator t=2026-09-13T12:41:38.575016925Z level=info msg="Executing migration" id="add snapshot status column"
2026-09-13T12:41:38.582438809Z logger=migrator t=2026-09-13T12:41:38.582230425Z level=info msg="Migration successfully executed" id="add snapshot status column" duration=7.212645ms
2026-09-13T12:41:38.589244914Z logger=migrator t=2026-09-13T12:41:38.58908105Z level=info msg="Executing migration" id="add snapshot local_directory column"
2026-09-13T12:41:38.596239624Z logger=migrator t=2026-09-13T12:41:38.596062375Z level=info msg="Migration successfully executed" id="add snapshot local_directory column" duration=6.968636ms
2026-09-13T12:41:38.603238926Z logger=migrator t=2026-09-13T12:41:38.602990335Z level=info msg="Executing migration" id="add snapshot gms_snapshot_uid column"
2026-09-13T12:41:38.610032210Z logger=migrator t=2026-09-13T12:41:38.609866528Z level=info msg="Migration successfully executed" id="add snapshot gms_snapshot_uid column" duration=6.874124ms
2026-09-13T12:41:38.616843871Z logger=migrator t=2026-09-13T12:41:38.61669887Z level=info msg="Executing migration" id="add snapshot encryption_key column"
2026-09-13T12:41:38.624069010Z logger=migrator t=2026-09-13T12:41:38.623870118Z level=info msg="Migration successfully executed" id="add snapshot encryption_key column" duration=7.157734ms
2026-09-13T12:41:38.631329943Z logger=migrator t=2026-09-13T12:41:38.631174191Z level=info msg="Executing migration" id="add snapshot error_string column"
2026-09-13T12:41:38.638228621Z logger=migrator t=2026-09-13T12:41:38.638063851Z level=info msg="Migration successfully executed" id="add snapshot error_string column" duration=6.888081ms
2026-09-13T12:41:38.645213060Z logger=migrator t=2026-09-13T12:41:38.645059233Z level=info msg="Executing migration" id="create cloud_migration_resource table v1"
2026-09-13T12:41:38.646386007Z logger=migrator t=2026-09-13T12:41:38.64622085Z level=info msg="Migration successfully executed" id="create cloud_migration_resource table v1" duration=1.163814ms
2026-09-13T12:41:38.653771491Z logger=migrator t=2026-09-13T12:41:38.653598709Z level=info msg="Executing migration" id="delete cloud_migration_snapshot.result column"
2026-09-13T12:41:38.684678059Z logger=migrator t=2026-09-13T12:41:38.68446921Z level=info msg="Migration successfully executed" id="delete cloud_migration_snapshot.result column" duration=30.86796ms
2026-09-13T12:41:38.691671028Z logger=migrator t=2026-09-13T12:41:38.691405394Z level=info msg="Executing migration" id="add cloud_migration_resource.name column"
2026-09-13T12:41:38.699038657Z logger=migrator t=2026-09-13T12:41:38.698864586Z level=info msg="Migration successfully executed" id="add cloud_migration_resource.name column" duration=7.457859ms
2026-09-13T12:41:38.705909446Z logger=migrator t=2026-09-13T12:41:38.705715809Z level=info msg="Executing migration" id="add cloud_migration_resource.parent_name column"
2026-09-13T12:41:38.712574092Z logger=migrator t=2026-09-13T12:41:38.712378202Z level=info msg="Migration successfully executed" id="add cloud_migration_resource.parent_name column" duration=6.662186ms
2026-09-13T12:41:38.719406435Z logger=migrator t=2026-09-13T12:41:38.7192103Z level=info msg="Executing migration" id="add cloud_migration_session.org_id column"
2026-09-13T12:41:38.726856231Z logger=migrator t=2026-09-13T12:41:38.726666937Z level=info msg="Migration successfully executed" id="add cloud_migration_session.org_id column" duration=7.45582ms
2026-09-13T12:41:38.733599837Z logger=migrator t=2026-09-13T12:41:38.733456372Z level=info msg="Executing migration" id="add cloud_migration_resource.error_code column"
2026-09-13T12:41:38.740432347Z logger=migrator t=2026-09-13T12:41:38.740245208Z level=info msg="Migration successfully executed" id="add cloud_migration_resource.error_code column" duration=6.773748ms
2026-09-13T12:41:38.747369261Z logger=migrator t=2026-09-13T12:41:38.747158817Z level=info msg="Executing migration" id="increase resource_uid column length"
2026-09-13T12:41:38.747435443Z logger=migrator t=2026-09-13T12:41:38.747353931Z level=info msg="Migration successfully executed" id="increase resource_uid column length" duration=195.818µs
2026-09-13T12:41:38.754569002Z logger=migrator t=2026-09-13T12:41:38.754310517Z level=info msg="Executing migration" id="alter kv_store.value to longtext"
2026-09-13T12:41:38.754716393Z logger=migrator t=2026-09-13T12:41:38.754614805Z level=info msg="Migration successfully executed" id="alter kv_store.value to longtext" duration=304.945µs
2026-09-13T12:41:38.761844791Z logger=migrator t=2026-09-13T12:41:38.761622974Z level=info msg="Executing migration" id="add notification_settings column to alert_rule table"
2026-09-13T12:41:38.768905578Z logger=migrator t=2026-09-13T12:41:38.768719279Z level=info msg="Migration successfully executed" id="add notification_settings column to alert_rule table" duration=7.094128ms
2026-09-13T12:41:38.776240353Z logger=migrator t=2026-09-13T12:41:38.775618995Z level=info msg="Executing migration" id="add notification_settings column to alert_rule_version table"
2026-09-13T12:41:38.782706241Z logger=migrator t=2026-09-13T12:41:38.782431358Z level=info msg="Migration successfully executed" id="add notification_settings column to alert_rule_version table" duration=6.811567ms
2026-09-13T12:41:38.789859140Z logger=migrator t=2026-09-13T12:41:38.789615308Z level=info msg="Executing migration" id="removing scope from alert.instances:read action migration"
2026-09-13T12:41:38.790244979Z logger=migrator t=2026-09-13T12:41:38.790096582Z level=info msg="Migration successfully executed" id="removing scope from alert.instances:read action migration" duration=482.419µs
2026-09-13T12:41:38.797490385Z logger=migrator t=2026-09-13T12:41:38.797166487Z level=info msg="Executing migration" id="managed folder permissions alerting silences actions migration"
2026-09-13T12:41:38.797619200Z logger=migrator t=2026-09-13T12:41:38.797522771Z level=info msg="Migration successfully executed" id="managed folder permissions alerting silences actions migration" duration=354.958µs
2026-09-13T12:41:38.806258273Z logger=migrator t=2026-09-13T12:41:38.805993997Z level=info msg="Executing migration" id="add record column to alert_rule table"
2026-09-13T12:41:38.813615223Z logger=migrator t=2026-09-13T12:41:38.813408227Z level=info msg="Migration successfully executed" id="add record column to alert_rule table" duration=7.395414ms
2026-09-13T12:41:38.822386163Z logger=migrator t=2026-09-13T12:41:38.82215089Z level=info msg="Executing migration" id="add record column to alert_rule_version table"
2026-09-13T12:41:38.829161724Z logger=migrator t=2026-09-13T12:41:38.82888463Z level=info msg="Migration successfully executed" id="add record column to alert_rule_version table" duration=6.731567ms
2026-09-13T12:41:38.837864848Z logger=migrator t=2026-09-13T12:41:38.83772646Z level=info msg="Executing migration" id="add resolved_at column to alert_instance table"
2026-09-13T12:41:38.845720402Z logger=migrator t=2026-09-13T12:41:38.845511515Z level=info msg="Migration successfully executed" id="add resolved_at column to alert_instance table" duration=7.784949ms
2026-09-13T12:41:38.853291043Z logger=migrator t=2026-09-13T12:41:38.85234803Z level=info msg="Executing migration" id="add last_sent_at column to alert_instance table"
2026-09-13T12:41:38.859367756Z logger=migrator t=2026-09-13T12:41:38.859163474Z level=info msg="Migration successfully executed" id="add last_sent_at column to alert_instance table" duration=6.810474ms
2026-09-13T12:41:38.868034707Z logger=migrator t=2026-09-13T12:41:38.86788179Z level=info msg="Executing migration" id="Enable traceQL streaming for all Tempo datasources"
2026-09-13T12:41:38.868059699Z logger=migrator t=2026-09-13T12:41:38.867922192Z level=info msg="Migration successfully executed" id="Enable traceQL streaming for all Tempo datasources" duration=37.085µs
2026-09-13T12:41:38.874955744Z logger=migrator t=2026-09-13T12:41:38.874824281Z level=info msg="Executing migration" id="Add scope to alert.notifications.receivers:read and alert.notifications.receivers.secrets:read"
2026-09-13T12:41:38.875697335Z logger=migrator t=2026-09-13T12:41:38.875584801Z level=info msg="Migration successfully executed" id="Add scope to alert.notifications.receivers:read and alert.notifications.receivers.secrets:read" duration=761.968µs
2026-09-13T12:41:38.883246913Z logger=migrator t=2026-09-13T12:41:38.882402948Z level=info msg="Executing migration" id="add metadata column to alert_rule table"
2026-09-13T12:41:38.889642125Z logger=migrator t=2026-09-13T12:41:38.889445587Z level=info msg="Migration successfully executed" id="add metadata column to alert_rule table" duration=7.041254ms
2026-09-13T12:41:38.898954581Z logger=migrator t=2026-09-13T12:41:38.898798275Z level=info msg="Executing migration" id="add metadata column to alert_rule_version table"
2026-09-13T12:41:38.906831128Z logger=migrator t=2026-09-13T12:41:38.906659475Z level=info msg="Migration successfully executed" id="add metadata column to alert_rule_version table" duration=7.85932ms
2026-09-13T12:41:38.915373444Z logger=migrator t=2026-09-13T12:41:38.915231457Z level=info msg="Executing migration" id="delete orphaned service account permissions"
2026-09-13T12:41:38.915749577Z logger=migrator t=2026-09-13T12:41:38.915645171Z level=info msg="Migration successfully executed" id="delete orphaned service account permissions" duration=413.33µs
2026-09-13T12:41:38.924433146Z logger=migrator t=2026-09-13T12:41:38.924286104Z level=info msg="Executing migration" id="adding action set permissions"
2026-09-13T12:41:38.925067543Z logger=migrator t=2026-09-13T12:41:38.924932285Z level=info msg="Migration successfully executed" id="adding action set permissions" duration=646.223µs
2026-09-13T12:41:38.932268002Z logger=migrator t=2026-09-13T12:41:38.931897766Z level=info msg="Executing migration" id="create user_external_session table"
2026-09-13T12:41:38.933683842Z logger=migrator t=2026-09-13T12:41:38.933543211Z level=info msg="Migration successfully executed" id="create user_external_session table" duration=1.642837ms
2026-09-13T12:41:38.944023845Z logger=migrator t=2026-09-13T12:41:38.943873778Z level=info msg="Executing migration" id="increase name_id column length to 1024"
2026-09-13T12:41:38.944461820Z logger=migrator t=2026-09-13T12:41:38.944372234Z level=info msg="Migration successfully executed" id="increase name_id column length to 1024" duration=501.128µs
2026-09-13T12:41:38.954473417Z logger=migrator t=2026-09-13T12:41:38.954327644Z level=info msg="Executing migration" id="increase session_id column length to 1024"
2026-09-13T12:41:38.954696029Z logger=migrator t=2026-09-13T12:41:38.954602514Z level=info msg="Migration successfully executed" id="increase session_id column length to 1024" duration=276.608µs
2026-09-13T12:41:38.964256966Z logger=migrator t=2026-09-13T12:41:38.963371735Z level=info msg="Executing migration" id="remove scope from alert.notifications.receivers:create"
2026-09-13T12:41:38.964277792Z logger=migrator t=2026-09-13T12:41:38.963794115Z level=info msg="Migration successfully executed" id="remove scope from alert.notifications.receivers:create" duration=423.91µs
2026-09-13T12:41:38.970965963Z logger=migrator t=2026-09-13T12:41:38.970734839Z level=info msg="Executing migration" id="add created_by column to alert_rule_version table"
2026-09-13T12:41:38.978468931Z logger=migrator t=2026-09-13T12:41:38.978317564Z level=info msg="Migration successfully executed" id="add created_by column to alert_rule_version table" duration=7.581587ms
2026-09-13T12:41:38.985466491Z logger=migrator t=2026-09-13T12:41:38.985252494Z level=info msg="Executing migration" id="add updated_by column to alert_rule table"
2026-09-13T12:41:38.992569854Z logger=migrator t=2026-09-13T12:41:38.99237676Z level=info msg="Migration successfully executed" id="add updated_by column to alert_rule table" duration=7.123958ms
2026-09-13T12:41:38.999799001Z logger=migrator t=2026-09-13T12:41:38.999560775Z level=info msg="Executing migration" id="add alert_rule_state table"
2026-09-13T12:41:39.001397270Z logger=migrator t=2026-09-13T12:41:39.001103016Z level=info msg="Migration successfully executed" id="add alert_rule_state table" duration=1.524183ms
2026-09-13T12:41:39.009315141Z logger=migrator t=2026-09-13T12:41:39.008720594Z level=info msg="Executing migration" id="add index to alert_rule_state on org_id and rule_uid columns"
2026-09-13T12:41:39.010960464Z logger=migrator t=2026-09-13T12:41:39.010682961Z level=info msg="Migration successfully executed" id="add index to alert_rule_state on org_id and rule_uid columns" duration=1.963496ms
2026-09-13T12:41:39.018821146Z logger=migrator t=2026-09-13T12:41:39.018572732Z level=info msg="Executing migration" id="add guid column to alert_rule table"
2026-09-13T12:41:39.027087435Z logger=migrator t=2026-09-13T12:41:39.026896558Z level=info msg="Migration successfully executed" id="add guid column to alert_rule table" duration=8.323884ms
2026-09-13T12:41:39.034699728Z logger=migrator t=2026-09-13T12:41:39.034420394Z level=info msg="Executing migration" id="add rule_guid column to alert_rule_version table"
2026-09-13T12:41:39.042477258Z logger=migrator t=2026-09-13T12:41:39.04226953Z level=info msg="Migration successfully executed" id="add rule_guid column to alert_rule_version table" duration=7.844175ms
2026-09-13T12:41:39.049611456Z logger=migrator t=2026-09-13T12:41:39.049366968Z level=info msg="Executing migration" id="cleanup alert_rule_version table"
2026-09-13T12:41:39.049635444Z logger=migrator t=2026-09-13T12:41:39.049417425Z level=info msg="Rule version record limit is not set, fallback to 100" limit=0
2026-09-13T12:41:39.049896395Z logger=migrator t=2026-09-13T12:41:39.04974823Z level=info msg="Cleaning up table `alert_rule_version`" batchSize=50 batches=0 keepVersions=100
2026-09-13T12:41:39.049907692Z logger=migrator t=2026-09-13T12:41:39.049773695Z level=info msg="Migration successfully executed" id="cleanup alert_rule_version table" duration=409.196µs
2026-09-13T12:41:39.056717272Z logger=migrator t=2026-09-13T12:41:39.056572016Z level=info msg="Executing migration" id="populate rule guid in alert rule table"
2026-09-13T12:41:39.057388005Z logger=migrator t=2026-09-13T12:41:39.057247682Z level=info msg="Migration successfully executed" id="populate rule guid in alert rule table" duration=676.43µs
2026-09-13T12:41:39.064394078Z logger=migrator t=2026-09-13T12:41:39.064257443Z level=info msg="Executing migration" id="drop index in alert_rule_version table on rule_org_id, rule_uid and version columns"
2026-09-13T12:41:39.065752921Z logger=migrator t=2026-09-13T12:41:39.065624773Z level=info msg="Migration successfully executed" id="drop index in alert_rule_version table on rule_org_id, rule_uid and version columns" duration=1.368788ms
2026-09-13T12:41:39.072793380Z logger=migrator t=2026-09-13T12:41:39.072628053Z level=info msg="Executing migration" id="add index in alert_rule_version table on rule_org_id, rule_uid, rule_guid and version columns"
2026-09-13T12:41:39.074377965Z logger=migrator t=2026-09-13T12:41:39.073983925Z level=info msg="Migration successfully executed" id="add index in alert_rule_version table on rule_org_id, rule_uid, rule_guid and version columns" duration=1.356157ms
2026-09-13T12:41:39.082894004Z logger=migrator t=2026-09-13T12:41:39.082705114Z level=info msg="Executing migration" id="add index in alert_rule_version table on rule_guid and version columns"
2026-09-13T12:41:39.084140112Z logger=migrator t=2026-09-13T12:41:39.083967998Z level=info msg="Migration successfully executed" id="add index in alert_rule_version table on rule_guid and version columns" duration=1.264339ms
2026-09-13T12:41:39.093187743Z logger=migrator t=2026-09-13T12:41:39.092807177Z level=info msg="Executing migration" id="add index in alert_rule table on guid columns"
2026-09-13T12:41:39.094310352Z logger=migrator t=2026-09-13T12:41:39.094195263Z level=info msg="Migration successfully executed" id="add index in alert_rule table on guid columns" duration=1.389151ms
2026-09-13T12:41:39.103318706Z logger=migrator t=2026-09-13T12:41:39.103164014Z level=info msg="migrations completed" performed=647 skipped=0 duration=6.097415386s
2026-09-13T12:41:39.104827929Z logger=migrator t=2026-09-13T12:41:39.104673964Z level=info msg="Unlocking database"
2026-09-13T12:41:39.124568097Z logger=sqlstore t=2026-09-13T12:41:39.124403293Z level=info msg="Created default admin" user=admin
2026-09-13T12:41:39.124908490Z logger=sqlstore t=2026-09-13T12:41:39.124772794Z level=info msg="Created default organization"
2026-09-13T12:41:39.134056168Z logger=secrets t=2026-09-13T12:41:39.133883323Z level=info msg="Envelope encryption state" enabled=true currentprovider=secretKey.v1
2026-09-13T12:41:39.231254253Z logger=plugin.angulardetectorsprovider.dynamic t=2026-09-13T12:41:39.231073122Z level=info msg="Restored cache from database" duration=3.078255ms
2026-09-13T12:41:39.254318314Z logger=resource-migrator t=2026-09-13T12:41:39.254059368Z level=info msg="Locking database"
2026-09-13T12:41:39.254383077Z logger=resource-migrator t=2026-09-13T12:41:39.254094517Z level=info msg="Starting DB migrations"
2026-09-13T12:41:39.262386847Z logger=resource-migrator t=2026-09-13T12:41:39.262211512Z level=info msg="Executing migration" id="create resource_migration_log table"
2026-09-13T12:41:39.263352601Z logger=resource-migrator t=2026-09-13T12:41:39.26317256Z level=info msg="Migration successfully executed" id="create resource_migration_log table" duration=959.633µs
2026-09-13T12:41:39.272280592Z logger=resource-migrator t=2026-09-13T12:41:39.272108935Z level=info msg="Executing migration" id="Initialize resource tables"
2026-09-13T12:41:39.272401346Z logger=resource-migrator t=2026-09-13T12:41:39.272260718Z level=info msg="Migration successfully executed" id="Initialize resource tables" duration=153.231µs
2026-09-13T12:41:39.279299534Z logger=resource-migrator t=2026-09-13T12:41:39.27903177Z level=info msg="Executing migration" id="drop table resource"
2026-09-13T12:41:39.279319461Z logger=resource-migrator t=2026-09-13T12:41:39.279205959Z level=info msg="Migration successfully executed" id="drop table resource" duration=176.083µs
2026-09-13T12:41:39.286311628Z logger=resource-migrator t=2026-09-13T12:41:39.286075076Z level=info msg="Executing migration" id="create table resource"
2026-09-13T12:41:39.287541343Z logger=resource-migrator t=2026-09-13T12:41:39.287428593Z level=info msg="Migration successfully executed" id="create table resource" duration=1.35619ms
2026-09-13T12:41:39.295265476Z logger=resource-migrator t=2026-09-13T12:41:39.294689234Z level=info msg="Executing migration" id="create table resource, index: 0"
2026-09-13T12:41:39.296270312Z logger=resource-migrator t=2026-09-13T12:41:39.296182751Z level=info msg="Migration successfully executed" id="create table resource, index: 0" duration=1.494069ms
2026-09-13T12:41:39.305367466Z logger=resource-migrator t=2026-09-13T12:41:39.305077611Z level=info msg="Executing migration" id="drop table resource_history"
2026-09-13T12:41:39.305455440Z logger=resource-migrator t=2026-09-13T12:41:39.305272321Z level=info msg="Migration successfully executed" id="drop table resource_history" duration=199.021µs
2026-09-13T12:41:39.314340674Z logger=resource-migrator t=2026-09-13T12:41:39.314167458Z level=info msg="Executing migration" id="create table resource_history"
2026-09-13T12:41:39.315721717Z logger=resource-migrator t=2026-09-13T12:41:39.315557936Z level=info msg="Migration successfully executed" id="create table resource_history" duration=1.389508ms
2026-09-13T12:41:39.322770504Z logger=resource-migrator t=2026-09-13T12:41:39.322478592Z level=info msg="Executing migration" id="create table resource_history, index: 0"
2026-09-13T12:41:39.324188614Z logger=resource-migrator t=2026-09-13T12:41:39.324022835Z level=info msg="Migration successfully executed" id="create table resource_history, index: 0" duration=1.544486ms
2026-09-13T12:41:39.331210106Z logger=resource-migrator t=2026-09-13T12:41:39.330974749Z level=info msg="Executing migration" id="create table resource_history, index: 1"
2026-09-13T12:41:39.332599785Z logger=resource-migrator t=2026-09-13T12:41:39.332398882Z level=info msg="Migration successfully executed" id="create table resource_history, index: 1" duration=1.426947ms
2026-09-13T12:41:39.341554053Z logger=resource-migrator t=2026-09-13T12:41:39.341397379Z level=info msg="Executing migration" id="drop table resource_version"
2026-09-13T12:41:39.341665710Z logger=resource-migrator t=2026-09-13T12:41:39.341577827Z level=info msg="Migration successfully executed" id="drop table resource_version" duration=182.056µs
2026-09-13T12:41:39.350700714Z logger=resource-migrator t=2026-09-13T12:41:39.350361983Z level=info msg="Executing migration" id="create table resource_version"
2026-09-13T12:41:39.351633144Z logger=resource-migrator t=2026-09-13T12:41:39.351488193Z level=info msg="Migration successfully executed" id="create table resource_version" duration=1.125472ms
2026-09-13T12:41:39.360932414Z logger=resource-migrator t=2026-09-13T12:41:39.360718045Z level=info msg="Executing migration" id="create table resource_version, index: 0"
2026-09-13T12:41:39.362323699Z logger=resource-migrator t=2026-09-13T12:41:39.362160597Z level=info msg="Migration successfully executed" id="create table resource_version, index: 0" duration=1.441423ms
2026-09-13T12:41:39.369278222Z logger=resource-migrator t=2026-09-13T12:41:39.369092345Z level=info msg="Executing migration" id="drop table resource_blob"
2026-09-13T12:41:39.369399912Z logger=resource-migrator t=2026-09-13T12:41:39.369293148Z level=info msg="Migration successfully executed" id="drop table resource_blob" duration=202.175µs
2026-09-13T12:41:39.378386206Z logger=resource-migrator t=2026-09-13T12:41:39.378091803Z level=info msg="Executing migration" id="create table resource_blob"
2026-09-13T12:41:39.379859991Z logger=resource-migrator t=2026-09-13T12:41:39.379686607Z level=info msg="Migration successfully executed" id="create table resource_blob" duration=1.593104ms
2026-09-13T12:41:39.386882641Z logger=resource-migrator t=2026-09-13T12:41:39.38672559Z level=info msg="Executing migration" id="create table resource_blob, index: 0"
2026-09-13T12:41:39.388264508Z logger=resource-migrator t=2026-09-13T12:41:39.388144544Z level=info msg="Migration successfully executed" id="create table resource_blob, index: 0" duration=1.419484ms
2026-09-13T12:41:39.395487999Z logger=resource-migrator t=2026-09-13T12:41:39.395357702Z level=info msg="Executing migration" id="create table resource_blob, index: 1"
2026-09-13T12:41:39.396815351Z logger=resource-migrator t=2026-09-13T12:41:39.39669616Z level=info msg="Migration successfully executed" id="create table resource_blob, index: 1" duration=1.338841ms
2026-09-13T12:41:39.404169675Z logger=resource-migrator t=2026-09-13T12:41:39.403899862Z level=info msg="Executing migration" id="Add column previous_resource_version in resource_history"
2026-09-13T12:41:39.412275542Z logger=resource-migrator t=2026-09-13T12:41:39.412050935Z level=info msg="Migration successfully executed" id="Add column previous_resource_version in resource_history" duration=8.147637ms
2026-09-13T12:41:39.419311194Z logger=resource-migrator t=2026-09-13T12:41:39.419097249Z level=info msg="Executing migration" id="Add column previous_resource_version in resource"
2026-09-13T12:41:39.426869424Z logger=resource-migrator t=2026-09-13T12:41:39.426673157Z level=info msg="Migration successfully executed" id="Add column previous_resource_version in resource" duration=7.573424ms
2026-09-13T12:41:39.434124460Z logger=resource-migrator t=2026-09-13T12:41:39.433909349Z level=info msg="Executing migration" id="Add index to resource_history for polling"
2026-09-13T12:41:39.435940453Z logger=resource-migrator t=2026-09-13T12:41:39.435768406Z level=info msg="Migration successfully executed" id="Add index to resource_history for polling" duration=1.859445ms
2026-09-13T12:41:39.443001568Z logger=resource-migrator t=2026-09-13T12:41:39.442779012Z level=info msg="Executing migration" id="Add index to resource for loading"
2026-09-13T12:41:39.444470871Z logger=resource-migrator t=2026-09-13T12:41:39.444293724Z level=info msg="Migration successfully executed" id="Add index to resource for loading" duration=1.514972ms
2026-09-13T12:41:39.452232793Z logger=resource-migrator t=2026-09-13T12:41:39.451307262Z level=info msg="Executing migration" id="Add column folder in resource_history"
2026-09-13T12:41:39.460288819Z logger=resource-migrator t=2026-09-13T12:41:39.460097915Z level=info msg="Migration successfully executed" id="Add column folder in resource_history" duration=8.776168ms
2026-09-13T12:41:39.467411453Z logger=resource-migrator t=2026-09-13T12:41:39.467273384Z level=info msg="Executing migration" id="Add column folder in resource"
2026-09-13T12:41:39.475298051Z logger=resource-migrator t=2026-09-13T12:41:39.475130467Z level=info msg="Migration successfully executed" id="Add column folder in resource" duration=7.839265ms
2026-09-13T12:41:39.482411251Z logger=resource-migrator t=2026-09-13T12:41:39.482260378Z level=info msg="Executing migration" id="Migrate DeletionMarkers to real Resource objects"
2026-09-13T12:41:39.482438743Z logger=deletion-marker-migrator t=2026-09-13T12:41:39.482301804Z level=info msg="finding any deletion markers"
2026-09-13T12:41:39.483130280Z logger=resource-migrator t=2026-09-13T12:41:39.482973955Z level=info msg="Migration successfully executed" id="Migrate DeletionMarkers to real Resource objects" duration=713.188µs
2026-09-13T12:41:39.490269557Z logger=resource-migrator t=2026-09-13T12:41:39.490086254Z level=info msg="migrations completed" performed=23 skipped=0 duration=227.941269ms
2026-09-13T12:41:39.491071083Z logger=resource-migrator t=2026-09-13T12:41:39.490892923Z level=info msg="Unlocking database"
2026-09-13T12:41:39.491152419Z logger=sql-resource-server t=2026-09-13T12:41:39.490964574Z level=info msg="Using channel notifier"
2026-09-13T12:41:39.510667284Z logger=plugin.store t=2026-09-13T12:41:39.510405054Z level=info msg="Loading plugins..."
2026-09-13T12:41:39.665531581Z logger=plugin.store t=2026-09-13T12:41:39.665349809Z level=info msg="Plugins loaded" count=55 duration=154.9484ms
2026-09-13T12:41:39.700967620Z logger=query_data t=2026-09-13T12:41:39.70080076Z level=info msg="Query Service initialization"
2026-09-13T12:41:39.715319344Z logger=live.push_http t=2026-09-13T12:41:39.715162516Z level=info msg="Live Push Gateway initialization"
2026-09-13T12:41:39.737214535Z logger=ngalert.notifier.alertmanager org=1 t=2026-09-13T12:41:39.737019285Z level=info msg="Applying new configuration to Alertmanager" configHash=d2c56faca6af2a5772ff4253222f7386
2026-09-13T12:41:39.751208901Z logger=ngalert t=2026-09-13T12:41:39.750252977Z level=info msg="Using simple database alert instance store"
2026-09-13T12:41:39.751262272Z logger=ngalert.state.manager.persist t=2026-09-13T12:41:39.750295992Z level=info msg="Using sync state persister"
2026-09-13T12:41:39.751342045Z logger=ngalert.state.manager t=2026-09-13T12:41:39.751234524Z level=info msg="Running in alternative execution of Error/NoData mode"
2026-09-13T12:41:39.761886107Z logger=infra.usagestats.collector t=2026-09-13T12:41:39.761735778Z level=info msg="registering usage stat providers" usageStatsProvidersLen=2
2026-09-13T12:41:39.766907946Z logger=grafanaStorageLogger t=2026-09-13T12:41:39.765377256Z level=info msg="Storage starting"
2026-09-13T12:41:39.771200360Z logger=http.server t=2026-09-13T12:41:39.771024221Z level=info msg="HTTP Server Listen" address=[::]:3000 protocol=http subUrl= socket=
2026-09-13T12:41:39.772698860Z logger=ngalert.state.manager t=2026-09-13T12:41:39.771200869Z level=info msg="Warming state cache for startup"
2026-09-13T12:41:39.788778964Z logger=ngalert.multiorg.alertmanager t=2026-09-13T12:41:39.788584703Z level=info msg="Starting MultiOrg Alertmanager"
2026-09-13T12:41:39.796924995Z logger=plugin.backgroundinstaller t=2026-09-13T12:41:39.796443395Z level=info msg="Installing plugin" pluginId=grafana-lokiexplore-app version=
2026-09-13T12:41:39.823515127Z logger=ngalert.state.manager t=2026-09-13T12:41:39.823366384Z level=info msg="State cache has been initialized" states=0 duration=52.162388ms
2026-09-13T12:41:39.859709442Z logger=ngalert.scheduler t=2026-09-13T12:41:39.859429216Z level=info msg="Starting scheduler" tickInterval=10s maxAttempts=3
2026-09-13T12:41:39.860283701Z logger=ticker t=2026-09-13T12:41:39.860184008Z level=info msg=starting first_tick=2026-09-13T12:41:40Z
2026-09-13T12:41:39.903146597Z logger=sqlstore.transactions t=2026-09-13T12:41:39.902972426Z level=info msg="Database locked, sleeping then retrying" error="database is locked" retry=0 code="database is locked"
2026-09-13T12:41:39.935767751Z logger=provisioning.datasources t=2026-09-13T12:41:39.935619586Z level=info msg="inserting datasource from configuration" name=InfluxDB uid=P951FEA4DE68E13C5
2026-09-13T12:41:40.030831894Z logger=provisioning.plugins t=2026-09-13T12:41:40.030631564Z level=error msg="Failed to read plugin provisioning files from directory" path=/etc/grafana/provisioning/plugins error="open /etc/grafana/provisioning/plugins: no such file or directory"
2026-09-13T12:41:40.030885550Z logger=provisioning.alerting t=2026-09-13T12:41:40.030777131Z level=error msg="can't read alerting provisioning files from directory" path=/etc/grafana/provisioning/alerting error="open /etc/grafana/provisioning/alerting: no such file or directory"
2026-09-13T12:41:40.031013069Z logger=provisioning.alerting t=2026-09-13T12:41:40.03094551Z level=info msg="starting to provision alerting"
2026-09-13T12:41:40.031020889Z logger=provisioning.alerting t=2026-09-13T12:41:40.030991784Z level=info msg="finished to provision alerting"
2026-09-13T12:41:40.032938550Z logger=provisioning.dashboard t=2026-09-13T12:41:40.03282975Z level=info msg="starting to provision dashboards"
2026-09-13T12:41:40.068001585Z logger=provisioning.dashboard t=2026-09-13T12:41:40.06782308Z level=info msg="finished to provision dashboards"
2026-09-13T12:41:40.102162983Z logger=grafana.update.checker t=2026-09-13T12:41:40.101979227Z level=info msg="Update check succeeded" duration=318.639845ms
2026-09-13T12:41:40.123646550Z logger=plugins.update.checker t=2026-09-13T12:41:40.123499138Z level=info msg="Update check succeeded" duration=335.767324ms
2026-09-13T12:41:40.149154611Z logger=plugin.angulardetectorsprovider.dynamic t=2026-09-13T12:41:40.147053321Z level=info msg="Patterns update finished" duration=272.256145ms
2026-09-13T12:41:40.674077835Z logger=grafana-apiserver t=2026-09-13T12:41:40.673939837Z level=info msg="Adding GroupVersion iam.grafana.app v0alpha1 to ResourceManager"
2026-09-13T12:41:40.678698770Z logger=grafana-apiserver t=2026-09-13T12:41:40.678312429Z level=info msg="Adding GroupVersion notifications.alerting.grafana.app v0alpha1 to ResourceManager"
2026-09-13T12:41:40.679437831Z logger=grafana-apiserver t=2026-09-13T12:41:40.679326193Z level=info msg="Adding GroupVersion userstorage.grafana.app v0alpha1 to ResourceManager"
2026-09-13T12:41:40.681205974Z logger=grafana-apiserver t=2026-09-13T12:41:40.680419524Z level=info msg="Adding GroupVersion playlist.grafana.app v0alpha1 to ResourceManager"
2026-09-13T12:41:40.681220597Z logger=grafana-apiserver t=2026-09-13T12:41:40.680976896Z level=info msg="Adding GroupVersion featuretoggle.grafana.app v0alpha1 to ResourceManager"
2026-09-13T12:41:40.728040147Z logger=app-registry t=2026-09-13T12:41:40.727875218Z level=info msg="app registry initialized"
2026-09-13T12:41:41.326656741Z logger=plugin.installer t=2026-09-13T12:41:41.326512643Z level=info msg="Installing plugin" pluginId=grafana-lokiexplore-app version=
2026-09-13T12:41:41.496159155Z logger=installer.fs t=2026-09-13T12:41:41.495993956Z level=info msg="Downloaded and extracted grafana-lokiexplore-app v1.0.39 zip successfully to /var/lib/grafana/plugins/grafana-lokiexplore-app"
2026-09-13T12:41:41.585013508Z logger=plugins.registration t=2026-09-13T12:41:41.584886346Z level=info msg="Plugin registered" pluginId=grafana-lokiexplore-app
2026-09-13T12:41:41.585041936Z logger=plugin.backgroundinstaller t=2026-09-13T12:41:41.584918131Z level=info msg="Plugin successfully installed" pluginId=grafana-lokiexplore-app version= duration=1.788441024s
2026-09-13T12:41:41.585046681Z logger=plugin.backgroundinstaller t=2026-09-13T12:41:41.584944138Z level=info msg="Installing plugin" pluginId=grafana-pyroscope-app version=
2026-09-13T12:41:41.716487249Z logger=plugin.installer t=2026-09-13T12:41:41.716338701Z level=info msg="Installing plugin" pluginId=grafana-pyroscope-app version=
2026-09-13T12:41:41.796976383Z logger=installer.fs t=2026-09-13T12:41:41.796836637Z level=info msg="Downloaded and extracted grafana-pyroscope-app v1.17.0 zip successfully to /var/lib/grafana/plugins/grafana-pyroscope-app"
2026-09-13T12:41:41.841503596Z logger=plugins.registration t=2026-09-13T12:41:41.841339907Z level=info msg="Plugin registered" pluginId=grafana-pyroscope-app
2026-09-13T12:41:41.841524707Z logger=plugin.backgroundinstaller t=2026-09-13T12:41:41.841372225Z level=info msg="Plugin successfully installed" pluginId=grafana-pyroscope-app version= duration=256.419371ms
2026-09-13T12:42:37.830786347Z logger=infra.usagestats t=2026-09-13T12:42:37.830630642Z level=info msg="Usage stats are ready to report"
2026-09-13T12:51:39.851201000Z logger=cleanup t=2026-09-13T12:51:39.851036186Z level=info msg="Completed cleanup jobs" duration=68.283501ms
2026-09-13T12:51:40.147384142Z logger=plugins.update.checker t=2026-09-13T12:51:40.14720107Z level=info msg="Update check succeeded" duration=22.569979ms
2026-09-13T12:56:39.733871254Z logger=sqlstore.transactions t=2026-09-13T12:56:39.733666323Z level=info msg="Database locked, sleeping then retrying" error="database is locked" retry=0 code="database is locked"
2026-09-13T13:01:39.825280149Z logger=cleanup t=2026-09-13T13:01:39.825109574Z level=info msg="Completed cleanup jobs" duration=42.852255ms
2026-09-13T13:01:40.143195101Z logger=plugins.update.checker t=2026-09-13T13:01:40.143020609Z level=info msg="Update check succeeded" duration=19.390319ms
2026-09-13T13:11:39.785430372Z logger=cleanup t=2026-09-13T13:11:39.785230468Z level=info msg="Completed cleanup jobs" duration=2.954524ms
2026-09-13T13:11:40.148021169Z logger=plugins.update.checker t=2026-09-13T13:11:40.147864369Z level=info msg="Update check succeeded" duration=23.983264ms
2026-09-13T13:12:37.836699088Z logger=infra.usagestats t=2026-09-13T13:12:37.836551963Z level=info msg="Usage stats are ready to report"
2026-09-13T13:21:39.794356168Z logger=cleanup t=2026-09-13T13:21:39.794185173Z level=info msg="Completed cleanup jobs" duration=11.918154ms
2026-09-13T13:21:40.147537827Z logger=plugins.update.checker t=2026-09-13T13:21:40.147374848Z level=info msg="Update check succeeded" duration=23.753669ms
2026-09-13T13:31:39.795398231Z logger=cleanup t=2026-09-13T13:31:39.795239752Z level=info msg="Completed cleanup jobs" duration=12.84329ms
2026-09-13T13:31:40.147058532Z logger=plugins.update.checker t=2026-09-13T13:31:40.146907189Z level=info msg="Update check succeeded" duration=22.831354ms
2026-09-13T13:41:39.792645348Z logger=cleanup t=2026-09-13T13:41:39.792462979Z level=info msg="Completed cleanup jobs" duration=3.219555ms
2026-09-13T13:41:40.146260011Z logger=plugins.update.checker t=2026-09-13T13:41:40.146074671Z level=info msg="Update check succeeded" duration=21.683362ms
2026-09-13T13:42:37.836875215Z logger=infra.usagestats t=2026-09-13T13:42:37.836624096Z level=info msg="Usage stats are ready to report"
2026-09-13T13:51:39.821634675Z logger=cleanup t=2026-09-13T13:51:39.821465931Z level=info msg="Completed cleanup jobs" duration=39.184435ms
2026-09-13T13:51:40.158924044Z logger=plugins.update.checker t=2026-09-13T13:51:40.158758787Z level=info msg="Update check succeeded" duration=34.184027ms
2026-09-13T14:01:39.804695343Z logger=cleanup t=2026-09-13T14:01:39.804543932Z level=info msg="Completed cleanup jobs" duration=22.284766ms
2026-09-13T14:01:40.148304784Z logger=plugins.update.checker t=2026-09-13T14:01:40.14813809Z level=info msg="Update check succeeded" duration=24.483333ms
2026-09-13T14:11:39.795564441Z logger=cleanup t=2026-09-13T14:11:39.795387363Z level=info msg="Completed cleanup jobs" duration=13.110492ms
2026-09-13T14:11:40.148570883Z logger=plugins.update.checker t=2026-09-13T14:11:40.148397515Z level=info msg="Update check succeeded" duration=23.747649ms
2026-09-13T14:12:37.837044444Z logger=infra.usagestats t=2026-09-13T14:12:37.836658796Z level=info msg="Usage stats are ready to report"
2026-09-13T14:21:39.805216412Z logger=cleanup t=2026-09-13T14:21:39.805038566Z level=info msg="Completed cleanup jobs" duration=22.423046ms
2026-09-13T14:21:40.157169020Z logger=plugins.update.checker t=2026-09-13T14:21:40.156971628Z level=info msg="Update check succeeded" duration=32.637898ms
2026-09-13T14:31:39.821390418Z logger=cleanup t=2026-09-13T14:31:39.821242704Z level=info msg="Completed cleanup jobs" duration=38.962567ms
2026-09-13T14:31:40.146846246Z logger=plugins.update.checker t=2026-09-13T14:31:40.146679339Z level=info msg="Update check succeeded" duration=22.686117ms
2026-09-13T14:41:39.839261675Z logger=cleanup t=2026-09-13T14:41:39.839019434Z level=info msg="Completed cleanup jobs" duration=56.760101ms
2026-09-13T14:41:40.146270746Z logger=plugins.update.checker t=2026-09-13T14:41:40.1461031Z level=info msg="Update check succeeded" duration=22.021033ms
2026-09-13T14:42:37.836578418Z logger=infra.usagestats t=2026-09-13T14:42:37.836290009Z level=info msg="Usage stats are ready to report"
2026-09-13T14:51:39.796041132Z logger=cleanup t=2026-09-13T14:51:39.795884569Z level=info msg="Completed cleanup jobs" duration=13.562824ms
2026-09-13T14:51:40.165877208Z logger=plugins.update.checker t=2026-09-13T14:51:40.165642292Z level=info msg="Update check succeeded" duration=41.97354ms
2026-09-13T15:01:39.794609365Z logger=cleanup t=2026-09-13T15:01:39.794334224Z level=info msg="Completed cleanup jobs" duration=12.04306ms
2026-09-13T15:01:40.147201271Z logger=plugins.update.checker t=2026-09-13T15:01:40.146990516Z level=info msg="Update check succeeded" duration=22.925209ms
2026-09-13T15:11:39.794761058Z logger=cleanup t=2026-09-13T15:11:39.794587416Z level=info msg="Completed cleanup jobs" duration=11.854956ms
2026-09-13T15:11:40.145324133Z logger=plugins.update.checker t=2026-09-13T15:11:40.145086229Z level=info msg="Update check succeeded" duration=21.224899ms
2026-09-13T15:12:37.836648687Z logger=infra.usagestats t=2026-09-13T15:12:37.836504006Z level=info msg="Usage stats are ready to report"
2026-09-13T15:21:39.831632544Z logger=cleanup t=2026-09-13T15:21:39.831281671Z level=info msg="Completed cleanup jobs" duration=49.01404ms
2026-09-13T15:21:40.144955093Z logger=plugins.update.checker t=2026-09-13T15:21:40.144784658Z level=info msg="Update check succeeded" duration=21.01308ms
2026-09-13T15:31:39.794106772Z logger=cleanup t=2026-09-13T15:31:39.793946506Z level=info msg="Completed cleanup jobs" duration=11.652133ms
2026-09-13T15:31:40.143565945Z logger=plugins.update.checker t=2026-09-13T15:31:40.143377317Z level=info msg="Update check succeeded" duration=19.00872ms
2026-09-13T15:41:39.802157246Z logger=cleanup t=2026-09-13T15:41:39.801979175Z level=info msg="Completed cleanup jobs" duration=19.619064ms
2026-09-13T15:41:40.149909588Z logger=plugins.update.checker t=2026-09-13T15:41:40.14976248Z level=info msg="Update check succeeded" duration=25.354854ms
2026-09-13T15:42:37.838230692Z logger=infra.usagestats t=2026-09-13T15:42:37.83805578Z level=info msg="Usage stats are ready to report"
2026-09-13T15:51:39.794199409Z logger=cleanup t=2026-09-13T15:51:39.794030179Z level=info msg="Completed cleanup jobs" duration=11.721154ms
2026-09-13T15:51:40.143977067Z logger=plugins.update.checker t=2026-09-13T15:51:40.143819062Z level=info msg="Update check succeeded" duration=19.927842ms
2026-09-13T16:01:39.804938408Z logger=cleanup t=2026-09-13T16:01:39.804759183Z level=info msg="Completed cleanup jobs" duration=22.038663ms
2026-09-13T16:01:40.144897939Z logger=plugins.update.checker t=2026-09-13T16:01:40.143749932Z level=info msg="Update check succeeded" duration=20.164333ms
2026-09-13T16:11:39.794238086Z logger=cleanup t=2026-09-13T16:11:39.794028434Z level=info msg="Completed cleanup jobs" duration=11.709367ms
2026-09-13T16:11:40.148644883Z logger=plugins.update.checker t=2026-09-13T16:11:40.148497312Z level=info msg="Update check succeeded" duration=24.251132ms
2026-09-13T16:12:37.836666851Z logger=infra.usagestats t=2026-09-13T16:12:37.836381904Z level=info msg="Usage stats are ready to report"
2026-09-13T16:21:39.794227061Z logger=cleanup t=2026-09-13T16:21:39.794042432Z level=info msg="Completed cleanup jobs" duration=11.78522ms
2026-09-13T16:21:40.145347492Z logger=plugins.update.checker t=2026-09-13T16:21:40.145174919Z level=info msg="Update check succeeded" duration=21.518059ms
2026-09-13T16:31:39.795086579Z logger=cleanup t=2026-09-13T16:31:39.794903775Z level=info msg="Completed cleanup jobs" duration=12.640831ms
2026-09-13T16:31:40.167661481Z logger=plugins.update.checker t=2026-09-13T16:31:40.167494311Z level=info msg="Update check succeeded" duration=43.18354ms
2026-09-13T16:41:39.810974620Z logger=cleanup t=2026-09-13T16:41:39.810802852Z level=info msg="Completed cleanup jobs" duration=28.529478ms
2026-09-13T16:41:40.144761308Z logger=plugins.update.checker t=2026-09-13T16:41:40.144579375Z level=info msg="Update check succeeded" duration=20.742893ms
2026-09-13T16:42:37.838085512Z logger=infra.usagestats t=2026-09-13T16:42:37.837924511Z level=info msg="Usage stats are ready to report"
2026-09-13T16:51:39.804759642Z logger=cleanup t=2026-09-13T16:51:39.804554049Z level=info msg="Completed cleanup jobs" duration=22.286655ms
2026-09-13T16:51:40.184848900Z logger=plugins.update.checker t=2026-09-13T16:51:40.184660207Z level=info msg="Update check succeeded" duration=60.121524ms
2026-09-13T17:01:39.794046170Z logger=cleanup t=2026-09-13T17:01:39.793890166Z level=info msg="Completed cleanup jobs" duration=11.627046ms
2026-09-13T17:01:40.151323446Z logger=plugins.update.checker t=2026-09-13T17:01:40.151167024Z level=info msg="Update check succeeded" duration=26.679888ms
2026-09-13T17:11:39.794138914Z logger=cleanup t=2026-09-13T17:11:39.793971682Z level=info msg="Completed cleanup jobs" duration=11.66556ms
2026-09-13T17:11:40.144906796Z logger=plugins.update.checker t=2026-09-13T17:11:40.14475621Z level=info msg="Update check succeeded" duration=20.65976ms
2026-09-13T17:12:37.837578184Z logger=infra.usagestats t=2026-09-13T17:12:37.837203229Z level=info msg="Usage stats are ready to report"
2026-09-13T17:21:39.794320939Z logger=cleanup t=2026-09-13T17:21:39.794096727Z level=info msg="Completed cleanup jobs" duration=11.823309ms
2026-09-13T17:21:40.144377011Z logger=plugins.update.checker t=2026-09-13T17:21:40.144206706Z level=info msg="Update check succeeded" duration=20.574201ms
2026-09-13T17:31:39.794359421Z logger=cleanup t=2026-09-13T17:31:39.794191771Z level=info msg="Completed cleanup jobs" duration=11.907241ms
2026-09-13T17:31:40.148020965Z logger=plugins.update.checker t=2026-09-13T17:31:40.147852383Z level=info msg="Update check succeeded" duration=24.202987ms
2026-09-13T17:41:39.803713557Z logger=cleanup t=2026-09-13T17:41:39.803481806Z level=info msg="Completed cleanup jobs" duration=21.048149ms
2026-09-13T17:41:40.142754161Z logger=plugins.update.checker t=2026-09-13T17:41:40.142451312Z level=info msg="Update check succeeded" duration=18.878411ms
2026-09-13T17:42:37.837766321Z logger=infra.usagestats t=2026-09-13T17:42:37.837401909Z level=info msg="Usage stats are ready to report"
2026-09-13T17:51:39.820158030Z logger=cleanup t=2026-09-13T17:51:39.819982295Z level=info msg="Completed cleanup jobs" duration=37.716709ms
2026-09-13T17:51:40.145334829Z logger=plugins.update.checker t=2026-09-13T17:51:40.145167997Z level=info msg="Update check succeeded" duration=20.872275ms
2026-09-13T18:01:39.793992898Z logger=cleanup t=2026-09-13T18:01:39.793827504Z level=info msg="Completed cleanup jobs" duration=11.513974ms
2026-09-13T18:01:40.142809303Z logger=plugins.update.checker t=2026-09-13T18:01:40.142649033Z level=info msg="Update check succeeded" duration=18.963612ms
2026-09-13T18:11:39.794436352Z logger=cleanup t=2026-09-13T18:11:39.794291675Z level=info msg="Completed cleanup jobs" duration=11.588036ms
2026-09-13T18:11:40.150088312Z logger=plugins.update.checker t=2026-09-13T18:11:40.149934088Z level=info msg="Update check succeeded" duration=26.348947ms
2026-09-13T18:12:37.837182446Z logger=infra.usagestats t=2026-09-13T18:12:37.83684419Z level=info msg="Usage stats are ready to report"
2026-09-13T18:21:39.815397862Z logger=cleanup t=2026-09-13T18:21:39.815222629Z level=info msg="Completed cleanup jobs" duration=32.57985ms
2026-09-13T18:21:40.146230484Z logger=plugins.update.checker t=2026-09-13T18:21:40.146063184Z level=info msg="Update check succeeded" duration=21.566572ms
2026-09-13T18:31:39.793908278Z logger=cleanup t=2026-09-13T18:31:39.793757546Z level=info msg="Completed cleanup jobs" duration=11.490487ms
2026-09-13T18:31:40.149050578Z logger=plugins.update.checker t=2026-09-13T18:31:40.148878243Z level=info msg="Update check succeeded" duration=24.245507ms
2026-09-13T18:41:39.794315247Z logger=cleanup t=2026-09-13T18:41:39.794169989Z level=info msg="Completed cleanup jobs" duration=11.887683ms
2026-09-13T18:41:40.145195989Z logger=plugins.update.checker t=2026-09-13T18:41:40.145022306Z level=info msg="Update check succeeded" duration=21.089897ms
2026-09-13T18:42:37.836797031Z logger=infra.usagestats t=2026-09-13T18:42:37.836455931Z level=info msg="Usage stats are ready to report"
2026-09-13T18:51:39.794228850Z logger=cleanup t=2026-09-13T18:51:39.794064496Z level=info msg="Completed cleanup jobs" duration=11.627194ms
2026-09-13T18:51:40.143401687Z logger=plugins.update.checker t=2026-09-13T18:51:40.143177392Z level=info msg="Update check succeeded" duration=19.405043ms
2026-09-13T19:01:39.794396129Z logger=cleanup t=2026-09-13T19:01:39.794195818Z level=info msg="Completed cleanup jobs" duration=11.566141ms
2026-09-13T19:01:40.155926513Z logger=plugins.update.checker t=2026-09-13T19:01:40.155762068Z level=info msg="Update check succeeded" duration=31.724874ms
2026-09-13T19:11:39.795538197Z logger=cleanup t=2026-09-13T19:11:39.795375997Z level=info msg="Completed cleanup jobs" duration=12.731722ms
2026-09-13T19:11:40.149569765Z logger=plugins.update.checker t=2026-09-13T19:11:40.149413251Z level=info msg="Update check succeeded" duration=24.873352ms
2026-09-13T19:12:37.837914117Z logger=infra.usagestats t=2026-09-13T19:12:37.837771445Z level=info msg="Usage stats are ready to report"
2026-09-13T19:21:39.794230227Z logger=cleanup t=2026-09-13T19:21:39.794032699Z level=info msg="Completed cleanup jobs" duration=11.709572ms
2026-09-13T19:21:40.144922476Z logger=plugins.update.checker t=2026-09-13T19:21:40.144727482Z level=info msg="Update check succeeded" duration=20.68825ms
2026-09-13T19:31:39.795504197Z logger=cleanup t=2026-09-13T19:31:39.795358532Z level=info msg="Completed cleanup jobs" duration=12.710368ms
2026-09-13T19:31:40.145027751Z logger=plugins.update.checker t=2026-09-13T19:31:40.144856013Z level=info msg="Update check succeeded" duration=20.74485ms
2026-09-13T19:41:39.835547929Z logger=cleanup t=2026-09-13T19:41:39.835390403Z level=info msg="Completed cleanup jobs" duration=52.684105ms
2026-09-13T19:41:40.146097859Z logger=plugins.update.checker t=2026-09-13T19:41:40.145878675Z level=info msg="Update check succeeded" duration=21.183527ms
2026-09-13T19:42:37.837010158Z logger=infra.usagestats t=2026-09-13T19:42:37.836673376Z level=info msg="Usage stats are ready to report"
2026-09-13T19:51:39.794700660Z logger=cleanup t=2026-09-13T19:51:39.794399521Z level=info msg="Completed cleanup jobs" duration=11.677988ms
2026-09-13T19:51:40.157371930Z logger=plugins.update.checker t=2026-09-13T19:51:40.157200892Z level=info msg="Update check succeeded" duration=32.840026ms
2026-09-13T20:01:39.797210380Z logger=cleanup t=2026-09-13T20:01:39.796502966Z level=info msg="Completed cleanup jobs" duration=14.189811ms
2026-09-13T20:01:40.146160930Z logger=plugins.update.checker t=2026-09-13T20:01:40.145994106Z level=info msg="Update check succeeded" duration=22.138472ms
2026-09-13T20:11:39.794325803Z logger=cleanup t=2026-09-13T20:11:39.794177474Z level=info msg="Completed cleanup jobs" duration=11.859929ms
2026-09-13T20:11:40.143488703Z logger=plugins.update.checker t=2026-09-13T20:11:40.143299466Z level=info msg="Update check succeeded" duration=18.818224ms
2026-09-13T20:12:37.836370631Z logger=infra.usagestats t=2026-09-13T20:12:37.836227898Z level=info msg="Usage stats are ready to report"
2026-09-13T20:21:39.794240395Z logger=cleanup t=2026-09-13T20:21:39.794063919Z level=info msg="Completed cleanup jobs" duration=11.717199ms
2026-09-13T20:21:40.163535223Z logger=plugins.update.checker t=2026-09-13T20:21:40.163377573Z level=info msg="Update check succeeded" duration=38.869089ms
2026-09-13T20:31:39.795607773Z logger=cleanup t=2026-09-13T20:31:39.795424073Z level=info msg="Completed cleanup jobs" duration=13.117188ms
2026-09-13T20:31:40.152174107Z logger=plugins.update.checker t=2026-09-13T20:31:40.151987706Z level=info msg="Update check succeeded" duration=27.756028ms
2026-09-13T20:41:39.842990563Z logger=cleanup t=2026-09-13T20:41:39.842699359Z level=info msg="Completed cleanup jobs" duration=59.980198ms
2026-09-13T20:41:40.147414118Z logger=plugins.update.checker t=2026-09-13T20:41:40.147250399Z level=info msg="Update check succeeded" duration=23.548134ms
2026-09-13T20:42:37.837917609Z logger=infra.usagestats t=2026-09-13T20:42:37.83774823Z level=info msg="Usage stats are ready to report"
2026-09-13T20:51:39.804892345Z logger=cleanup t=2026-09-13T20:51:39.80474143Z level=info msg="Completed cleanup jobs" duration=22.427645ms
2026-09-13T20:51:40.146479003Z logger=plugins.update.checker t=2026-09-13T20:51:40.146290312Z level=info msg="Update check succeeded" duration=22.227449ms
2026-09-13T21:01:39.794154209Z logger=cleanup t=2026-09-13T21:01:39.793961559Z level=info msg="Completed cleanup jobs" duration=11.677941ms
2026-09-13T21:01:40.146219435Z logger=plugins.update.checker t=2026-09-13T21:01:40.14602522Z level=info msg="Update check succeeded" duration=21.399001ms
2026-09-13T21:11:39.794366903Z logger=cleanup t=2026-09-13T21:11:39.794202714Z level=info msg="Completed cleanup jobs" duration=11.632623ms
2026-09-13T21:11:40.173962528Z logger=plugins.update.checker t=2026-09-13T21:11:40.17378438Z level=info msg="Update check succeeded" duration=49.914119ms
2026-09-13T21:12:37.837184975Z logger=infra.usagestats t=2026-09-13T21:12:37.836929392Z level=info msg="Usage stats are ready to report"
2026-09-13T21:21:39.794064199Z logger=cleanup t=2026-09-13T21:21:39.793910089Z level=info msg="Completed cleanup jobs" duration=11.602753ms
2026-09-13T21:21:40.144847118Z logger=plugins.update.checker t=2026-09-13T21:21:40.144690156Z level=info msg="Update check succeeded" duration=20.90661ms
2026-09-13T21:31:39.816051447Z logger=cleanup t=2026-09-13T21:31:39.815877162Z level=info msg="Completed cleanup jobs" duration=33.242636ms
2026-09-13T21:31:40.147191132Z logger=plugins.update.checker t=2026-09-13T21:31:40.146990427Z level=info msg="Update check succeeded" duration=22.706161ms
2026-09-13T21:41:39.835490659Z logger=cleanup t=2026-09-13T21:41:39.835337659Z level=info msg="Completed cleanup jobs" duration=53.078653ms
2026-09-13T21:41:40.143174092Z logger=plugins.update.checker t=2026-09-13T21:41:40.142980195Z level=info msg="Update check succeeded" duration=19.087038ms
2026-09-13T21:42:37.837003340Z logger=infra.usagestats t=2026-09-13T21:42:37.836847556Z level=info msg="Usage stats are ready to report"
2026-09-13T21:51:39.793969275Z logger=cleanup t=2026-09-13T21:51:39.793826847Z level=info msg="Completed cleanup jobs" duration=11.411729ms
2026-09-13T21:51:40.149754645Z logger=plugins.update.checker t=2026-09-13T21:51:40.149586322Z level=info msg="Update check succeeded" duration=25.056955ms
2026-09-13T22:01:39.813655325Z logger=cleanup t=2026-09-13T22:01:39.813473925Z level=info msg="Completed cleanup jobs" duration=31.187392ms
2026-09-13T22:01:40.145974986Z logger=plugins.update.checker t=2026-09-13T22:01:40.145819965Z level=info msg="Update check succeeded" duration=21.653535ms
2026-09-13T22:11:39.793976568Z logger=cleanup t=2026-09-13T22:11:39.793822322Z level=info msg="Completed cleanup jobs" duration=11.537353ms
2026-09-13T22:11:40.154426198Z logger=plugins.update.checker t=2026-09-13T22:11:40.154245873Z level=info msg="Update check succeeded" duration=30.393927ms
2026-09-13T22:12:37.837302840Z logger=infra.usagestats t=2026-09-13T22:12:37.836894689Z level=info msg="Usage stats are ready to report"
2026-09-13T22:21:39.805760723Z logger=cleanup t=2026-09-13T22:21:39.805592425Z level=info msg="Completed cleanup jobs" duration=22.852792ms
2026-09-13T22:21:40.142925141Z logger=plugins.update.checker t=2026-09-13T22:21:40.142757527Z level=info msg="Update check succeeded" duration=18.46081ms
2026-09-13T22:31:39.834421440Z logger=cleanup t=2026-09-13T22:31:39.834266455Z level=info msg="Completed cleanup jobs" duration=51.815848ms
2026-09-13T22:31:40.161567689Z logger=plugins.update.checker t=2026-09-13T22:31:40.161415972Z level=info msg="Update check succeeded" duration=36.790902ms
2026-09-13T22:41:39.795817932Z logger=cleanup t=2026-09-13T22:41:39.795422951Z level=info msg="Completed cleanup jobs" duration=13.126998ms
2026-09-13T22:41:40.156227621Z logger=plugins.update.checker t=2026-09-13T22:41:40.156084188Z level=info msg="Update check succeeded" duration=31.867878ms
2026-09-13T22:42:37.839411605Z logger=infra.usagestats t=2026-09-13T22:42:37.839248856Z level=info msg="Usage stats are ready to report"
2026-09-13T22:51:39.804589801Z logger=cleanup t=2026-09-13T22:51:39.804423831Z level=info msg="Completed cleanup jobs" duration=22.142393ms
2026-09-13T22:51:40.148414398Z logger=plugins.update.checker t=2026-09-13T22:51:40.148225826Z level=info msg="Update check succeeded" duration=23.7103ms
2026-09-13T23:01:39.805604381Z logger=cleanup t=2026-09-13T23:01:39.805444502Z level=info msg="Completed cleanup jobs" duration=23.0439ms
2026-09-13T23:01:40.143363507Z logger=plugins.update.checker t=2026-09-13T23:01:40.142977195Z level=info msg="Update check succeeded" duration=19.355275ms
2026-09-13T23:11:39.825052745Z logger=cleanup t=2026-09-13T23:11:39.824902404Z level=info msg="Completed cleanup jobs" duration=42.265526ms
2026-09-13T23:11:40.143791481Z logger=plugins.update.checker t=2026-09-13T23:11:40.143635144Z level=info msg="Update check succeeded" duration=19.490399ms
2026-09-13T23:12:37.837383328Z logger=infra.usagestats t=2026-09-13T23:12:37.837245189Z level=info msg="Usage stats are ready to report"
2026-09-13T23:21:39.816777013Z logger=cleanup t=2026-09-13T23:21:39.816601843Z level=info msg="Completed cleanup jobs" duration=34.308546ms
2026-09-13T23:21:40.152930526Z logger=plugins.update.checker t=2026-09-13T23:21:40.152750757Z level=info msg="Update check succeeded" duration=28.833997ms
2026-09-13T23:31:39.795622253Z logger=cleanup t=2026-09-13T23:31:39.79543432Z level=info msg="Completed cleanup jobs" duration=13.128168ms
2026-09-13T23:31:40.146704433Z logger=plugins.update.checker t=2026-09-13T23:31:40.146437943Z level=info msg="Update check succeeded" duration=22.154857ms
2026-09-13T23:41:39.849919523Z logger=cleanup t=2026-09-13T23:41:39.849753656Z level=info msg="Completed cleanup jobs" duration=67.464002ms
2026-09-13T23:41:40.150198262Z logger=plugins.update.checker t=2026-09-13T23:41:40.150021691Z level=info msg="Update check succeeded" duration=26.087429ms
2026-09-13T23:42:37.836875048Z logger=infra.usagestats t=2026-09-13T23:42:37.836724297Z level=info msg="Usage stats are ready to report"
2026-09-13T23:51:39.795090573Z logger=cleanup t=2026-09-13T23:51:39.794911636Z level=info msg="Completed cleanup jobs" duration=12.611352ms
2026-09-13T23:51:40.146449013Z logger=plugins.update.checker t=2026-09-13T23:51:40.146276979Z level=info msg="Update check succeeded" duration=22.025462ms
2026-09-14T00:01:39.789362368Z logger=cleanup t=2026-09-14T00:01:39.789200427Z level=info msg="Completed cleanup jobs" duration=6.591134ms
2026-09-14T00:01:40.174971801Z logger=plugins.update.checker t=2026-09-14T00:01:40.174695971Z level=info msg="Update check succeeded" duration=50.051499ms
2026-09-14T00:11:39.823643805Z logger=cleanup t=2026-09-14T00:11:39.823495188Z level=info msg="Completed cleanup jobs" duration=41.2199ms
2026-09-14T00:11:40.154973811Z logger=plugins.update.checker t=2026-09-14T00:11:40.154819105Z level=info msg="Update check succeeded" duration=30.426196ms
2026-09-14T00:12:37.837868718Z logger=infra.usagestats t=2026-09-14T00:12:37.83772478Z level=info msg="Usage stats are ready to report"
2026-09-14T00:21:39.794700383Z logger=cleanup t=2026-09-14T00:21:39.79442662Z level=info msg="Completed cleanup jobs" duration=12.146246ms
2026-09-14T00:21:40.154066314Z logger=plugins.update.checker t=2026-09-14T00:21:40.153885949Z level=info msg="Update check succeeded" duration=29.684214ms
2026-09-14T00:31:39.825054592Z logger=cleanup t=2026-09-14T00:31:39.824901758Z level=info msg="Completed cleanup jobs" duration=42.594517ms
2026-09-14T00:31:40.144782366Z logger=plugins.update.checker t=2026-09-14T00:31:40.144606393Z level=info msg="Update check succeeded" duration=20.595859ms
2026-09-14T00:41:39.854645872Z logger=cleanup t=2026-09-14T00:41:39.8543468Z level=info msg="Completed cleanup jobs" duration=71.739538ms
2026-09-14T00:41:40.144553834Z logger=plugins.update.checker t=2026-09-14T00:41:40.144402424Z level=info msg="Update check succeeded" duration=20.758233ms
2026-09-14T00:42:37.837274501Z logger=infra.usagestats t=2026-09-14T00:42:37.837128658Z level=info msg="Usage stats are ready to report"
2026-09-14T00:51:39.794908878Z logger=cleanup t=2026-09-14T00:51:39.794751799Z level=info msg="Completed cleanup jobs" duration=12.156858ms
2026-09-14T00:51:40.145033770Z logger=plugins.update.checker t=2026-09-14T00:51:40.144886013Z level=info msg="Update check succeeded" duration=20.813672ms
2026-09-14T01:01:39.817434602Z logger=cleanup t=2026-09-14T01:01:39.817228679Z level=info msg="Completed cleanup jobs" duration=34.914437ms
2026-09-14T01:01:40.156551389Z logger=plugins.update.checker t=2026-09-14T01:01:40.156296871Z level=info msg="Update check succeeded" duration=31.889026ms
2026-09-14T01:11:39.839029717Z logger=cleanup t=2026-09-14T01:11:39.838884168Z level=info msg="Completed cleanup jobs" duration=56.617095ms
2026-09-14T01:11:40.150106005Z logger=plugins.update.checker t=2026-09-14T01:11:40.149956087Z level=info msg="Update check succeeded" duration=25.337604ms
2026-09-14T01:12:37.836622740Z logger=infra.usagestats t=2026-09-14T01:12:37.836473255Z level=info msg="Usage stats are ready to report"
2026-09-14T01:21:39.827744555Z logger=cleanup t=2026-09-14T01:21:39.827580216Z level=info msg="Completed cleanup jobs" duration=45.3003ms
2026-09-14T01:21:40.148059679Z logger=plugins.update.checker t=2026-09-14T01:21:40.147920082Z level=info msg="Update check succeeded" duration=23.758888ms
2026-09-14T01:31:39.805362481Z logger=cleanup t=2026-09-14T01:31:39.8051716Z level=info msg="Completed cleanup jobs" duration=22.915162ms
2026-09-14T01:31:40.148924975Z logger=plugins.update.checker t=2026-09-14T01:31:40.1487237Z level=info msg="Update check succeeded" duration=24.341701ms
2026-09-14T01:41:39.800097530Z logger=cleanup t=2026-09-14T01:41:39.799921661Z level=info msg="Completed cleanup jobs" duration=17.590459ms
2026-09-14T01:41:40.144971093Z logger=plugins.update.checker t=2026-09-14T01:41:40.14484136Z level=info msg="Update check succeeded" duration=20.879726ms
2026-09-14T01:42:37.837627144Z logger=infra.usagestats t=2026-09-14T01:42:37.837439629Z level=info msg="Usage stats are ready to report"
2026-09-14T01:51:39.794564260Z logger=cleanup t=2026-09-14T01:51:39.794327528Z level=info msg="Completed cleanup jobs" duration=12.029324ms
2026-09-14T01:51:40.145967265Z logger=plugins.update.checker t=2026-09-14T01:51:40.145772102Z level=info msg="Update check succeeded" duration=21.825723ms
2026-09-14T02:01:39.815563793Z logger=cleanup t=2026-09-14T02:01:39.815393998Z level=info msg="Completed cleanup jobs" duration=33.059151ms
2026-09-14T02:01:40.155727730Z logger=plugins.update.checker t=2026-09-14T02:01:40.155535256Z level=info msg="Update check succeeded" duration=30.951901ms
2026-09-14T02:11:39.826614133Z logger=cleanup t=2026-09-14T02:11:39.826372027Z level=info msg="Completed cleanup jobs" duration=43.746923ms
2026-09-14T02:11:40.149144527Z logger=plugins.update.checker t=2026-09-14T02:11:40.148978184Z level=info msg="Update check succeeded" duration=24.910557ms
2026-09-14T02:12:37.836699439Z logger=infra.usagestats t=2026-09-14T02:12:37.836346519Z level=info msg="Usage stats are ready to report"
2026-09-14T02:21:39.804462184Z logger=cleanup t=2026-09-14T02:21:39.804277411Z level=info msg="Completed cleanup jobs" duration=22.00336ms
2026-09-14T02:21:40.146826642Z logger=plugins.update.checker t=2026-09-14T02:21:40.14667027Z level=info msg="Update check succeeded" duration=22.493119ms
2026-09-14T02:31:39.821787547Z logger=cleanup t=2026-09-14T02:31:39.821622221Z level=info msg="Completed cleanup jobs" duration=39.264162ms
2026-09-14T02:31:40.145883296Z logger=plugins.update.checker t=2026-09-14T02:31:40.145724338Z level=info msg="Update check succeeded" duration=21.248486ms
2026-09-14T02:41:39.872700496Z logger=cleanup t=2026-09-14T02:41:39.872517952Z level=info msg="Completed cleanup jobs" duration=89.857264ms
2026-09-14T02:41:40.144615926Z logger=plugins.update.checker t=2026-09-14T02:41:40.144409248Z level=info msg="Update check succeeded" duration=20.476349ms
2026-09-14T02:42:37.837023034Z logger=infra.usagestats t=2026-09-14T02:42:37.836876659Z level=info msg="Usage stats are ready to report"
2026-09-14T02:51:39.794162506Z logger=cleanup t=2026-09-14T02:51:39.794000929Z level=info msg="Completed cleanup jobs" duration=11.682799ms
2026-09-14T02:51:40.151642739Z logger=plugins.update.checker t=2026-09-14T02:51:40.151501667Z level=info msg="Update check succeeded" duration=26.864264ms
2026-09-14T03:01:39.804409458Z logger=cleanup t=2026-09-14T03:01:39.804212314Z level=info msg="Completed cleanup jobs" duration=21.930863ms
2026-09-14T03:01:40.156219869Z logger=plugins.update.checker t=2026-09-14T03:01:40.156026159Z level=info msg="Update check succeeded" duration=31.595891ms
2026-09-14T03:11:39.794198991Z logger=cleanup t=2026-09-14T03:11:39.794035895Z level=info msg="Completed cleanup jobs" duration=11.375175ms
2026-09-14T03:11:40.143940897Z logger=plugins.update.checker t=2026-09-14T03:11:40.143776214Z level=info msg="Update check succeeded" duration=19.393577ms
2026-09-14T03:12:37.836586806Z logger=infra.usagestats t=2026-09-14T03:12:37.836442948Z level=info msg="Usage stats are ready to report"
2026-09-14T03:21:39.794207806Z logger=cleanup t=2026-09-14T03:21:39.79401994Z level=info msg="Completed cleanup jobs" duration=11.710504ms
2026-09-14T03:21:40.145656336Z logger=plugins.update.checker t=2026-09-14T03:21:40.14536753Z level=info msg="Update check succeeded" duration=21.205891ms
2026-09-14T03:31:39.804707908Z logger=cleanup t=2026-09-14T03:31:39.804542702Z level=info msg="Completed cleanup jobs" duration=21.995592ms
2026-09-14T03:31:40.153528656Z logger=plugins.update.checker t=2026-09-14T03:31:40.153375882Z level=info msg="Update check succeeded" duration=28.616732ms
2026-09-14T03:41:39.841213517Z logger=cleanup t=2026-09-14T03:41:39.841055092Z level=info msg="Completed cleanup jobs" duration=58.425091ms
2026-09-14T03:41:40.154872522Z logger=plugins.update.checker t=2026-09-14T03:41:40.154682501Z level=info msg="Update check succeeded" duration=30.386525ms
2026-09-14T03:42:37.837363625Z logger=infra.usagestats t=2026-09-14T03:42:37.837222802Z level=info msg="Usage stats are ready to report"
2026-09-14T03:51:39.794045874Z logger=cleanup t=2026-09-14T03:51:39.79389127Z level=info msg="Completed cleanup jobs" duration=11.579913ms
2026-09-14T03:51:40.151482660Z logger=plugins.update.checker t=2026-09-14T03:51:40.151287398Z level=info msg="Update check succeeded" duration=26.922553ms
2026-09-14T04:01:39.794578982Z logger=cleanup t=2026-09-14T04:01:39.794394571Z level=info msg="Completed cleanup jobs" duration=11.807899ms
2026-09-14T04:01:40.150175803Z logger=plugins.update.checker t=2026-09-14T04:01:40.149993147Z level=info msg="Update check succeeded" duration=25.844251ms
2026-09-14T04:11:39.804671531Z logger=cleanup t=2026-09-14T04:11:39.804519819Z level=info msg="Completed cleanup jobs" duration=22.236635ms
2026-09-14T04:11:40.144687053Z logger=plugins.update.checker t=2026-09-14T04:11:40.144525928Z level=info msg="Update check succeeded" duration=20.455831ms
2026-09-14T04:12:37.836801943Z logger=infra.usagestats t=2026-09-14T04:12:37.8366595Z level=info msg="Usage stats are ready to report"
2026-09-14T04:21:39.813556276Z logger=cleanup t=2026-09-14T04:21:39.813227542Z level=info msg="Completed cleanup jobs" duration=30.963036ms
2026-09-14T04:21:40.144479652Z logger=plugins.update.checker t=2026-09-14T04:21:40.144307247Z level=info msg="Update check succeeded" duration=19.846502ms
2026-09-14T04:31:39.809369307Z logger=cleanup t=2026-09-14T04:31:39.794701406Z level=info msg="Completed cleanup jobs" duration=12.397893ms
2026-09-14T04:31:40.142922337Z logger=plugins.update.checker t=2026-09-14T04:31:40.142755495Z level=info msg="Update check succeeded" duration=18.837635ms
2026-09-14T04:41:39.813045751Z logger=cleanup t=2026-09-14T04:41:39.812898934Z level=info msg="Completed cleanup jobs" duration=30.631949ms
2026-09-14T04:41:40.145170886Z logger=plugins.update.checker t=2026-09-14T04:41:40.145006161Z level=info msg="Update check succeeded" duration=21.226695ms
2026-09-14T04:42:37.838026360Z logger=infra.usagestats t=2026-09-14T04:42:37.837640278Z level=info msg="Usage stats are ready to report"
2026-09-14T04:51:39.794136231Z logger=cleanup t=2026-09-14T04:51:39.793970081Z level=info msg="Completed cleanup jobs" duration=11.696056ms
2026-09-14T04:51:40.148219156Z logger=plugins.update.checker t=2026-09-14T04:51:40.148042594Z level=info msg="Update check succeeded" duration=24.187991ms
2026-09-14T05:01:39.794029777Z logger=cleanup t=2026-09-14T05:01:39.793866475Z level=info msg="Completed cleanup jobs" duration=11.562615ms
2026-09-14T05:01:40.151495515Z logger=plugins.update.checker t=2026-09-14T05:01:40.151348438Z level=info msg="Update check succeeded" duration=27.374688ms
2026-09-14T05:11:39.794179243Z logger=cleanup t=2026-09-14T05:11:39.794017027Z level=info msg="Completed cleanup jobs" duration=11.750474ms
2026-09-14T05:11:40.146288937Z logger=plugins.update.checker t=2026-09-14T05:11:40.146085548Z level=info msg="Update check succeeded" duration=21.478463ms
2026-09-14T05:12:37.837077625Z logger=infra.usagestats t=2026-09-14T05:12:37.836933414Z level=info msg="Usage stats are ready to report"
2026-09-14T05:21:39.795562453Z logger=cleanup t=2026-09-14T05:21:39.795401518Z level=info msg="Completed cleanup jobs" duration=13.087982ms
2026-09-14T05:21:40.144536166Z logger=plugins.update.checker t=2026-09-14T05:21:40.144389379Z level=info msg="Update check succeeded" duration=20.820915ms
2026-09-14T05:31:39.819649592Z logger=cleanup t=2026-09-14T05:31:39.81947052Z level=info msg="Completed cleanup jobs" duration=37.188984ms
2026-09-14T05:31:40.144835013Z logger=plugins.update.checker t=2026-09-14T05:31:40.144638772Z level=info msg="Update check succeeded" duration=20.858661ms
2026-09-14T05:41:39.823158078Z logger=cleanup t=2026-09-14T05:41:39.822978125Z level=info msg="Completed cleanup jobs" duration=31.72951ms
2026-09-14T05:41:40.150161428Z logger=plugins.update.checker t=2026-09-14T05:41:40.14998968Z level=info msg="Update check succeeded" duration=25.420743ms
2026-09-14T05:42:37.836705651Z logger=infra.usagestats t=2026-09-14T05:42:37.83639694Z level=info msg="Usage stats are ready to report"
2026-09-14T05:51:39.794463589Z logger=cleanup t=2026-09-14T05:51:39.794296457Z level=info msg="Completed cleanup jobs" duration=11.632215ms
2026-09-14T05:51:40.148652267Z logger=plugins.update.checker t=2026-09-14T05:51:40.148476265Z level=info msg="Update check succeeded" duration=24.436616ms
2026-09-14T06:01:39.794256899Z logger=cleanup t=2026-09-14T06:01:39.794049921Z level=info msg="Completed cleanup jobs" duration=11.58583ms
2026-09-14T06:01:40.149090415Z logger=plugins.update.checker t=2026-09-14T06:01:40.148914142Z level=info msg="Update check succeeded" duration=24.367376ms
2026-09-14T06:11:39.794452322Z logger=cleanup t=2026-09-14T06:11:39.794290281Z level=info msg="Completed cleanup jobs" duration=11.654593ms
2026-09-14T06:11:40.145196184Z logger=plugins.update.checker t=2026-09-14T06:11:40.145005691Z level=info msg="Update check succeeded" duration=20.585105ms
2026-09-14T06:12:37.836536758Z logger=infra.usagestats t=2026-09-14T06:12:37.836387655Z level=info msg="Usage stats are ready to report"
2026-09-14T06:21:39.794362931Z logger=cleanup t=2026-09-14T06:21:39.794172278Z level=info msg="Completed cleanup jobs" duration=11.915546ms
2026-09-14T06:21:40.148196510Z logger=plugins.update.checker t=2026-09-14T06:21:40.14800727Z level=info msg="Update check succeeded" duration=23.51188ms
2026-09-14T06:31:39.795990984Z logger=cleanup t=2026-09-14T06:31:39.795825264Z level=info msg="Completed cleanup jobs" duration=12.728575ms
2026-09-14T06:31:40.148598642Z logger=plugins.update.checker t=2026-09-14T06:31:40.14840592Z level=info msg="Update check succeeded" duration=23.607408ms
2026-09-14T06:41:39.812029908Z logger=cleanup t=2026-09-14T06:41:39.811848808Z level=info msg="Completed cleanup jobs" duration=29.583607ms
2026-09-14T06:41:40.145688065Z logger=plugins.update.checker t=2026-09-14T06:41:40.145532034Z level=info msg="Update check succeeded" duration=20.992701ms
2026-09-14T06:42:37.836816767Z logger=infra.usagestats t=2026-09-14T06:42:37.836667852Z level=info msg="Usage stats are ready to report"
2026-09-14T06:51:39.793976797Z logger=cleanup t=2026-09-14T06:51:39.793827338Z level=info msg="Completed cleanup jobs" duration=11.561863ms
2026-09-14T06:51:40.149534112Z logger=plugins.update.checker t=2026-09-14T06:51:40.149352934Z level=info msg="Update check succeeded" duration=25.373303ms
2026-09-14T07:01:39.802913846Z logger=cleanup t=2026-09-14T07:01:39.802677192Z level=info msg="Completed cleanup jobs" duration=20.371388ms
2026-09-14T07:01:40.148698590Z logger=plugins.update.checker t=2026-09-14T07:01:40.148527121Z level=info msg="Update check succeeded" duration=23.889103ms
2026-09-14T07:11:39.794184106Z logger=cleanup t=2026-09-14T07:11:39.794036248Z level=info msg="Completed cleanup jobs" duration=11.295156ms
2026-09-14T07:11:40.145464642Z logger=plugins.update.checker t=2026-09-14T07:11:40.145292381Z level=info msg="Update check succeeded" duration=21.112856ms
2026-09-14T07:12:37.865671633Z logger=infra.usagestats t=2026-09-14T07:12:37.865501504Z level=info msg="Usage stats are ready to report"
2026-09-14T07:21:39.794028998Z logger=cleanup t=2026-09-14T07:21:39.793851623Z level=info msg="Completed cleanup jobs" duration=11.172947ms
2026-09-14T07:21:40.155213480Z logger=plugins.update.checker t=2026-09-14T07:21:40.154958783Z level=info msg="Update check succeeded" duration=30.528937ms
2026-09-14T07:31:39.804999922Z logger=cleanup t=2026-09-14T07:31:39.804835401Z level=info msg="Completed cleanup jobs" duration=22.308222ms
2026-09-14T07:31:40.160526165Z logger=plugins.update.checker t=2026-09-14T07:31:40.160356567Z level=info msg="Update check succeeded" duration=35.693624ms
2026-09-14T07:41:39.830628012Z logger=cleanup t=2026-09-14T07:41:39.830302905Z level=info msg="Completed cleanup jobs" duration=41.094233ms
2026-09-14T07:41:40.147305234Z logger=plugins.update.checker t=2026-09-14T07:41:40.147125019Z level=info msg="Update check succeeded" duration=22.918214ms
2026-09-14T07:42:37.837047206Z logger=infra.usagestats t=2026-09-14T07:42:37.836903048Z level=info msg="Usage stats are ready to report"
2026-09-14T07:51:39.794252258Z logger=cleanup t=2026-09-14T07:51:39.794057816Z level=info msg="Completed cleanup jobs" duration=11.760477ms
2026-09-14T07:51:40.145408199Z logger=plugins.update.checker t=2026-09-14T07:51:40.145079723Z level=info msg="Update check succeeded" duration=21.389263ms
2026-09-14T08:01:39.805108722Z logger=cleanup t=2026-09-14T08:01:39.804969023Z level=info msg="Completed cleanup jobs" duration=22.688366ms
2026-09-14T08:01:40.148070292Z logger=plugins.update.checker t=2026-09-14T08:01:40.147906704Z level=info msg="Update check succeeded" duration=23.6825ms
2026-09-14T08:11:39.806301959Z logger=cleanup t=2026-09-14T08:11:39.80609143Z level=info msg="Completed cleanup jobs" duration=23.834059ms
2026-09-14T08:11:40.192884750Z logger=plugins.update.checker t=2026-09-14T08:11:40.192728493Z level=info msg="Update check succeeded" duration=68.786452ms
2026-09-14T08:12:37.837490974Z logger=infra.usagestats t=2026-09-14T08:12:37.837069063Z level=info msg="Usage stats are ready to report"
2026-09-14T08:21:39.796435696Z logger=cleanup t=2026-09-14T08:21:39.796289165Z level=info msg="Completed cleanup jobs" duration=13.665349ms
2026-09-14T08:21:40.154851702Z logger=plugins.update.checker t=2026-09-14T08:21:40.154635837Z level=info msg="Update check succeeded" duration=30.184135ms
2026-09-14T08:31:39.795659859Z logger=cleanup t=2026-09-14T08:31:39.795488565Z level=info msg="Completed cleanup jobs" duration=13.195354ms
2026-09-14T08:31:40.144385096Z logger=plugins.update.checker t=2026-09-14T08:31:40.144162579Z level=info msg="Update check succeeded" duration=20.083668ms
2026-09-14T08:41:39.804346922Z logger=cleanup t=2026-09-14T08:41:39.804172167Z level=info msg="Completed cleanup jobs" duration=21.88882ms
2026-09-14T08:41:40.150596046Z logger=plugins.update.checker t=2026-09-14T08:41:40.150386273Z level=info msg="Update check succeeded" duration=25.844479ms
2026-09-14T08:42:37.837685533Z logger=infra.usagestats t=2026-09-14T08:42:37.837396856Z level=info msg="Usage stats are ready to report"
2026-09-14T08:51:39.794211064Z logger=cleanup t=2026-09-14T08:51:39.794021161Z level=info msg="Completed cleanup jobs" duration=11.70515ms
2026-09-14T08:51:40.145643690Z logger=plugins.update.checker t=2026-09-14T08:51:40.145315462Z level=info msg="Update check succeeded" duration=20.656505ms
2026-09-14T09:01:39.808755345Z logger=cleanup t=2026-09-14T09:01:39.808445399Z level=info msg="Completed cleanup jobs" duration=26.139942ms
2026-09-14T09:01:40.147048927Z logger=plugins.update.checker t=2026-09-14T09:01:40.146874537Z level=info msg="Update check succeeded" duration=22.570906ms
2026-09-14T09:11:39.794279791Z logger=cleanup t=2026-09-14T09:11:39.794100465Z level=info msg="Completed cleanup jobs" duration=11.842437ms
2026-09-14T09:11:40.148151522Z logger=plugins.update.checker t=2026-09-14T09:11:40.147979938Z level=info msg="Update check succeeded" duration=23.830192ms
2026-09-14T09:12:37.837441822Z logger=infra.usagestats t=2026-09-14T09:12:37.83720571Z level=info msg="Usage stats are ready to report"
2026-09-14T09:21:39.794011346Z logger=cleanup t=2026-09-14T09:21:39.79384581Z level=info msg="Completed cleanup jobs" duration=11.577265ms
2026-09-14T09:21:40.148574873Z logger=plugins.update.checker t=2026-09-14T09:21:40.148420209Z level=info msg="Update check succeeded" duration=24.788632ms
2026-09-14T09:31:39.796730773Z logger=cleanup t=2026-09-14T09:31:39.796553385Z level=info msg="Completed cleanup jobs" duration=14.244966ms
2026-09-14T09:31:40.146235483Z logger=plugins.update.checker t=2026-09-14T09:31:40.146050916Z level=info msg="Update check succeeded" duration=21.731783ms
2026-09-14T09:41:39.817205394Z logger=cleanup t=2026-09-14T09:41:39.817037745Z level=info msg="Completed cleanup jobs" duration=25.7867ms
2026-09-14T09:41:40.154908465Z logger=plugins.update.checker t=2026-09-14T09:41:40.154720895Z level=info msg="Update check succeeded" duration=30.069511ms
2026-09-14T09:42:37.836989128Z logger=infra.usagestats t=2026-09-14T09:42:37.836817542Z level=info msg="Usage stats are ready to report"
2026-09-14T09:51:39.814885955Z logger=cleanup t=2026-09-14T09:51:39.814723849Z level=info msg="Completed cleanup jobs" duration=32.439213ms
2026-09-14T09:51:40.145426575Z logger=plugins.update.checker t=2026-09-14T09:51:40.145242405Z level=info msg="Update check succeeded" duration=21.078925ms
2026-09-14T10:01:39.794070111Z logger=cleanup t=2026-09-14T10:01:39.793923454Z level=info msg="Completed cleanup jobs" duration=11.483317ms
2026-09-14T10:01:40.145953430Z logger=plugins.update.checker t=2026-09-14T10:01:40.145733176Z level=info msg="Update check succeeded" duration=21.307879ms
2026-09-14T10:11:39.814190931Z logger=cleanup t=2026-09-14T10:11:39.813942999Z level=info msg="Completed cleanup jobs" duration=31.651117ms
2026-09-14T10:11:40.146636123Z logger=plugins.update.checker t=2026-09-14T10:11:40.146443509Z level=info msg="Update check succeeded" duration=22.544517ms
2026-09-14T10:12:37.836974738Z logger=infra.usagestats t=2026-09-14T10:12:37.836830944Z level=info msg="Usage stats are ready to report"
2026-09-14T10:21:39.805876256Z logger=cleanup t=2026-09-14T10:21:39.805651673Z level=info msg="Completed cleanup jobs" duration=23.381857ms
2026-09-14T10:21:40.149188967Z logger=plugins.update.checker t=2026-09-14T10:21:40.149003507Z level=info msg="Update check succeeded" duration=24.967717ms
2026-09-14T10:31:39.794459829Z logger=cleanup t=2026-09-14T10:31:39.794279797Z level=info msg="Completed cleanup jobs" duration=11.529565ms
2026-09-14T10:31:40.164424253Z logger=plugins.update.checker t=2026-09-14T10:31:40.164215311Z level=info msg="Update check succeeded" duration=40.048666ms
2026-09-14T10:41:39.851309393Z logger=cleanup t=2026-09-14T10:41:39.851138878Z level=info msg="Completed cleanup jobs" duration=68.223037ms
2026-09-14T10:41:40.147157159Z logger=plugins.update.checker t=2026-09-14T10:41:40.146984685Z level=info msg="Update check succeeded" duration=22.570523ms
2026-09-14T10:42:37.836601205Z logger=infra.usagestats t=2026-09-14T10:42:37.836457305Z level=info msg="Usage stats are ready to report"
2026-09-14T10:51:39.794182454Z logger=cleanup t=2026-09-14T10:51:39.794005117Z level=info msg="Completed cleanup jobs" duration=11.696072ms
2026-09-14T10:51:40.161796092Z logger=plugins.update.checker t=2026-09-14T10:51:40.161638808Z level=info msg="Update check succeeded" duration=37.277561ms
2026-09-14T11:01:39.804880602Z logger=cleanup t=2026-09-14T11:01:39.804718651Z level=info msg="Completed cleanup jobs" duration=22.060243ms
2026-09-14T11:01:40.147889944Z logger=plugins.update.checker t=2026-09-14T11:01:40.147729944Z level=info msg="Update check succeeded" duration=23.348085ms
2026-09-14T11:11:39.794899532Z logger=cleanup t=2026-09-14T11:11:39.794740287Z level=info msg="Completed cleanup jobs" duration=12.043817ms
2026-09-14T11:11:40.151953416Z logger=plugins.update.checker t=2026-09-14T11:11:40.151799772Z level=info msg="Update check succeeded" duration=27.625694ms
2026-09-14T11:12:37.836566748Z logger=infra.usagestats t=2026-09-14T11:12:37.836361273Z level=info msg="Usage stats are ready to report"
2026-09-14T11:21:39.821238623Z logger=cleanup t=2026-09-14T11:21:39.821072474Z level=info msg="Completed cleanup jobs" duration=38.808095ms
2026-09-14T11:21:40.148621887Z logger=plugins.update.checker t=2026-09-14T11:21:40.148454386Z level=info msg="Update check succeeded" duration=23.987954ms
2026-09-14T11:31:39.796844966Z logger=cleanup t=2026-09-14T11:31:39.796629958Z level=info msg="Completed cleanup jobs" duration=14.275021ms
2026-09-14T11:31:40.145872699Z logger=plugins.update.checker t=2026-09-14T11:31:40.14571871Z level=info msg="Update check succeeded" duration=21.515902ms
2026-09-14T11:41:39.811753402Z logger=cleanup t=2026-09-14T11:41:39.81159106Z level=info msg="Completed cleanup jobs" duration=29.227178ms
2026-09-14T11:41:40.150180386Z logger=plugins.update.checker t=2026-09-14T11:41:40.150010725Z level=info msg="Update check succeeded" duration=25.71207ms
2026-09-14T11:42:37.838162094Z logger=infra.usagestats t=2026-09-14T11:42:37.837847524Z level=info msg="Usage stats are ready to report"
2026-09-14T11:51:39.786200791Z logger=cleanup t=2026-09-14T11:51:39.785996618Z level=info msg="Completed cleanup jobs" duration=3.688312ms
2026-09-14T11:51:40.146204362Z logger=plugins.update.checker t=2026-09-14T11:51:40.146025113Z level=info msg="Update check succeeded" duration=21.555415ms
2026-09-14T12:01:39.825855969Z logger=cleanup t=2026-09-14T12:01:39.825661154Z level=info msg="Completed cleanup jobs" duration=43.270374ms
2026-09-14T12:01:40.147666060Z logger=plugins.update.checker t=2026-09-14T12:01:40.147478342Z level=info msg="Update check succeeded" duration=22.832785ms
2026-09-14T12:11:39.794728911Z logger=cleanup t=2026-09-14T12:11:39.794443795Z level=info msg="Completed cleanup jobs" duration=11.72031ms
2026-09-14T12:11:40.167207435Z logger=plugins.update.checker t=2026-09-14T12:11:40.167010567Z level=info msg="Update check succeeded" duration=43.082748ms
2026-09-14T12:12:37.836963575Z logger=infra.usagestats t=2026-09-14T12:12:37.836822297Z level=info msg="Usage stats are ready to report"
2026-09-14T12:21:39.815145012Z logger=cleanup t=2026-09-14T12:21:39.814952554Z level=info msg="Completed cleanup jobs" duration=32.273004ms
2026-09-14T12:21:40.144954130Z logger=plugins.update.checker t=2026-09-14T12:21:40.144810503Z level=info msg="Update check succeeded" duration=20.502725ms
2026-09-14T12:31:39.834596203Z logger=cleanup t=2026-09-14T12:31:39.834349901Z level=info msg="Completed cleanup jobs" duration=52.055821ms
2026-09-14T12:31:40.146575108Z logger=plugins.update.checker t=2026-09-14T12:31:40.146384469Z level=info msg="Update check succeeded" duration=22.075164ms
2026-09-14T12:41:39.863537742Z logger=sqlstore.transactions t=2026-09-14T12:41:39.863378593Z level=info msg="Database locked, sleeping then retrying" error="database is locked" retry=0 code="database is locked"
2026-09-14T12:41:39.874566653Z logger=sqlstore.transactions t=2026-09-14T12:41:39.874221458Z level=info msg="Database locked, sleeping then retrying" error="database is locked" retry=1 code="database is locked"
2026-09-14T12:41:39.879810457Z logger=cleanup t=2026-09-14T12:41:39.879678084Z level=info msg="Completed cleanup jobs" duration=96.539784ms
2026-09-14T12:41:39.886596746Z logger=sqlstore.transactions t=2026-09-14T12:41:39.886307547Z level=info msg="Database locked, sleeping then retrying" error="database is locked" retry=2 code="database is locked"
2026-09-14T12:41:39.906418945Z logger=infra.usagestats.collector t=2026-09-14T12:41:39.906034413Z level=error msg="Failed to read all Amazon Prometheus data sources" error="plugin grafana-amazonprometheus-datasource not found"
2026-09-14T12:41:39.906453566Z logger=infra.usagestats t=2026-09-14T12:41:39.906166796Z level=error msg="Failed to fetch usage stats from provider" error="plugin grafana-amazonprometheus-datasource not found" duration=2.649669ms function=github.com/grafana/grafana/pkg/infra/usagestats/statscollector.(*Service).collectPrometheusFlavors-fm
2026-09-14T12:41:40.033372076Z logger=infra.usagestats t=2026-09-14T12:41:40.033129355Z level=info msg="Sent usage stats" duration=231.654675ms
2026-09-14T12:41:40.126459217Z logger=grafana.update.checker t=2026-09-14T12:41:40.126320965Z level=info msg="Update check succeeded" duration=23.253452ms
2026-09-14T12:41:40.145514536Z logger=plugins.update.checker t=2026-09-14T12:41:40.145350522Z level=info msg="Update check succeeded" duration=21.181477ms
2026-09-14T12:42:37.840913881Z logger=infra.usagestats t=2026-09-14T12:42:37.840769484Z level=info msg="Usage stats are ready to report"
2026-09-14T12:51:39.794670834Z logger=cleanup t=2026-09-14T12:51:39.794447173Z level=info msg="Completed cleanup jobs" duration=11.80232ms
2026-09-14T12:51:40.149622672Z logger=plugins.update.checker t=2026-09-14T12:51:40.149462958Z level=info msg="Update check succeeded" duration=25.490068ms
2026-09-14T13:01:39.795334783Z logger=cleanup t=2026-09-14T13:01:39.79518737Z level=info msg="Completed cleanup jobs" duration=12.896281ms
2026-09-14T13:01:40.155990426Z logger=plugins.update.checker t=2026-09-14T13:01:40.155826441Z level=info msg="Update check succeeded" duration=31.387831ms
2026-09-14T13:11:39.814398366Z logger=cleanup t=2026-09-14T13:11:39.814226771Z level=info msg="Completed cleanup jobs" duration=31.893847ms
2026-09-14T13:11:40.150987356Z logger=plugins.update.checker t=2026-09-14T13:11:40.150813645Z level=info msg="Update check succeeded" duration=26.543989ms
2026-09-14T13:12:37.837127854Z logger=infra.usagestats t=2026-09-14T13:12:37.836960894Z level=info msg="Usage stats are ready to report"
2026-09-14T13:21:39.813927044Z logger=cleanup t=2026-09-14T13:21:39.813658091Z level=info msg="Completed cleanup jobs" duration=30.999059ms
2026-09-14T13:21:40.149866101Z logger=plugins.update.checker t=2026-09-14T13:21:40.149702957Z level=info msg="Update check succeeded" duration=25.684226ms
2026-09-14T13:31:39.813374926Z logger=cleanup t=2026-09-14T13:31:39.813194992Z level=info msg="Completed cleanup jobs" duration=30.914575ms
2026-09-14T13:31:40.146711868Z logger=plugins.update.checker t=2026-09-14T13:31:40.146414966Z level=info msg="Update check succeeded" duration=22.10528ms
2026-09-14T13:41:39.835819750Z logger=cleanup t=2026-09-14T13:41:39.83561634Z level=info msg="Completed cleanup jobs" duration=52.980531ms
2026-09-14T13:41:40.153356514Z logger=plugins.update.checker t=2026-09-14T13:41:40.153203871Z level=info msg="Update check succeeded" duration=29.362541ms
2026-09-14T13:42:37.837758129Z logger=infra.usagestats t=2026-09-14T13:42:37.837579928Z level=info msg="Usage stats are ready to report"
2026-09-14T13:51:39.805104234Z logger=cleanup t=2026-09-14T13:51:39.8049305Z level=info msg="Completed cleanup jobs" duration=22.46173ms
2026-09-14T13:51:40.149682817Z logger=plugins.update.checker t=2026-09-14T13:51:40.149407293Z level=info msg="Update check succeeded" duration=25.846274ms
2026-09-14T14:01:39.805009422Z logger=cleanup t=2026-09-14T14:01:39.804830117Z level=info msg="Completed cleanup jobs" duration=22.186612ms
2026-09-14T14:01:40.153025616Z logger=plugins.update.checker t=2026-09-14T14:01:40.152874211Z level=info msg="Update check succeeded" duration=28.759149ms
