#group,false,false,true,true,false,true,true,false,false,false,false,false,false
#datatype,string,long,dateTime:RFC3339,dateTime:RFC3339,dateTime:RFC3339,string,string,double,double,double,long,double,double
#default,_result,,,,,,,,,,,,
,result,table,_start,_stop,_time,_measurement,asset_id,ambient_temperature_c,power_draw_kw,return_temperature_c,sequence,setpoint_c,supply_temperature_c
,,0,2026-09-13T13:05:28.872Z,2026-09-14T13:05:28.872Z,2026-09-13T13:05:28.872Z,telemetry,boiler_01,12,5,55,120,65,65
,,0,2026-09-13T13:05:28.872Z,2026-09-14T13:05:28.872Z,2026-09-13T13:05:58.872Z,telemetry,boiler_01,12,5,55,121,65,65
,,0,2026-09-13T13:05:28.872Z,2026-09-14T13:05:28.872Z,2026-09-13T13:06:28.872Z,telemetry,boiler_01,12,5,55,122,65,65
,,0,2026-09-13T13:05:28.872Z,2026-09-14T13:05:28.872Z,2026-09-13T13:06:58.872Z,telemetry,boiler_01,12,5,55,123,65,65
,,0,2026-09-13T13:05:28.872Z,2026-09-14T13:05:28.872Z,2026-09-13T13:07:28.872Z,telemetry,boiler_01,12,5,55,124,65,65
,,0,2026-09-13T13:05:28.872Z,2026-09-14T13:05:28.872Z,2026-09-13T13:07:58.872Z,telemetry,boiler_01,12,5,55,125,65,65
,,0,2026-09-13T13:05:28.872Z,2026-09-14T13:05:28.872Z,2026-09-13T13:08:28.872Z,telemetry,boiler_01,12,5,55,126,65,65
,,0,2026-09-13T13:05:28.872Z,2026-09-14T13:05:28.872Z,2026-09-13T13:08:58.872Z,telemetry,boiler_01,12,5,55,127,65,65
,,0,2026-09-13T13:05:28.872Z,2026-09-14T13:05:28.872Z,2026-09-13T13:09:28.872Z,telemetry,boiler_01,12,5,55,128,65,65
,,0,2026-09-13T13:05:28.872Z,2026-09-14T13:05:28.872Z,2026-09-13T13:09:58.872Z,telemetry,boiler_01,12,5,55,129,65,65
,,0,2026-09-13T13:05:28.872Z,2026-09-14T13:05:28.872Z,2026-09-13T13:10:28.872Z,telemetry,boiler_01,12,0,52.95,130,65,62.95
,,0,2026-09-13T13:05:28.872Z,2026-09-14T13:05:28.872Z,2026-09-13T13:10:58.872Z,telemetry,boiler_01,12,0,50.85,131,65,60.85
,,0,2026-09-13T13:05:28.872Z,2026-09-14T13:05:28.872Z,2026-09-13T13:11:28.872Z,telemetry,boiler_01,12,0,48.86,132,65,58.86
,,0,2026-09-13T13:05:28.872Z,2026-09-14T13:05:28.872Z,2026-09-13T13:11:58.872Z,telemetry,boiler_01,12,0,46.97,133,65,56.97
,,0,2026-09-13T13:05:28.872Z,2026-09-14T13:05:28.872Z,2026-09-13T13:12:28.872Z,telemetry,boiler_01,12,0,45.16,134,65,55.16
,,0,2026-09-13T13:05:28.872Z,2026-09-14T13:05:28.872Z,2026-09-13T13:12:58.872Z,telemetry,boiler_01,12,0,43.45,135,65,53.45
,,0,2026-09-13T13:05:28.872Z,2026-09-14T13:05:28.872Z,2026-09-13T13:13:28.872Z,telemetry,boiler_01,12,0,41.82,136,65,51.82
,,0,2026-09-13T13:05:28.872Z,2026-09-14T13:05:28.872Z,2026-09-13T13:13:58.872Z,telemetry,boiler_01,12,0,40.27,137,65,50.27
,,0,2026-09-13T13:05:28.872Z,2026-09-14T13:05:28.872Z,2026-09-13T13:14:28.872Z,telemetry,boiler_01,12,0,38.79,138,65,48.79
,,0,2026-09-13T13:05:28.872Z,2026-09-14T13:05:28.872Z,2026-09-13T13:14:58.872Z,telemetry,boiler_01,12,0,37.39,139,65,47.39
,,0,2026-09-13T13:05:28.872Z,2026-09-14T13:05:28.872Z,2026-09-13T13:15:28.873Z,telemetry,boiler_01,12,0,36.05,140,65,46.05
,,0,2026-09-13T13:05:28.872Z,2026-09-14T13:05:28.872Z,2026-09-13T13:15:58.872Z,telemetry,boiler_01,12,0,34.78,141,65,44.78
,,0,2026-09-13T13:05:28.872Z,2026-09-14T13:05:28.872Z,2026-09-13T13:16:28.872Z,telemetry,boiler_01,12,0,33.57,142,65,43.57
,,0,2026-09-13T13:05:28.872Z,2026-09-14T13:05:28.872Z,2026-09-13T13:16:58.872Z,telemetry,boiler_01,12,0,32.42,143,65,42.42
,,0,2026-09-13T13:05:28.872Z,2026-09-14T13:05:28.872Z,2026-09-13T13:17:28.872Z,telemetry,boiler_01,12,0,31.33,144,65,41.33
,,0,2026-09-13T13:05:28.872Z,2026-09-14T13:05:28.872Z,2026-09-13T13:17:58.872Z,telemetry,boiler_01,12,0,30.29,145,65,40.29
,,0,2026-09-13T13:05:28.872Z,2026-09-14T13:05:28.872Z,2026-09-13T13:18:28.872Z,telemetry,boiler_01,12,0,29.3,146,65,39.3
,,0,2026-09-13T13:05:28.872Z,2026-09-14T13:05:28.872Z,2026-09-13T13:18:58.872Z,telemetry,boiler_01,12,0,28.36,147,65,38.36
,,0,2026-09-13T13:05:28.872Z,2026-09-14T13:05:28.872Z,2026-09-13T13:19:28.872Z,telemetry,boiler_01,12,0,27.46,148,65,37.46
,,0,2026-09-13T13:05:28.872Z,2026-09-14T13:05:28.872Z,2026-09-13T13:19:58.872Z,telemetry,boiler_01,12,0,26.61,149,65,36.61
,,0,2026-09-13T13:05:28.872Z,2026-09-14T13:05:28.872Z,2026-09-13T13:20:28.872Z,telemetry,boiler_01,12,5,45.72,150,65,55.72
,,0,2026-09-13T13:05:28.872Z,2026-09-14T13:05:28.872Z,2026-09-13T13:20:58.872Z,telemetry,boiler_01,12,5,52.2,151,65,62.2
,,0,2026-09-13T13:05:28.872Z,2026-09-14T13:05:28.872Z,2026-09-13T13:21:28.872Z,telemetry,boiler_01,12,5,54.16,152,65,64.16
,,0,2026-09-13T13:05:28.872Z,2026-09-14T13:05:28.872Z,2026-09-13T13:21:58.872Z,telemetry,boiler_01,12,5,54.75,153,65,64.75
,,0,2026-09-13T13:05:28.872Z,2026-09-14T13:05:28.872Z,2026-09-13T13:22:28.872Z,telemetry,boiler_01,12,5,54.92,154,65,64.92
,,0,2026-09-13T13:05:28.872Z,2026-09-14T13:05:28.872Z,2026-09-13T13:22:58.872Z,telemetry,boiler_01,12,5,54.98,155,65,64.98
,,0,2026-09-13T13:05:28.872Z,2026-09-14T13:05:28.872Z,2026-09-13T13:23:28.872Z,telemetry,boiler_01,12,5,54.99,156,65,64.99
,,0,2026-09-13T13:05:28.872Z,2026-09-14T13:05:28.872Z,2026-09-13T13:23:58.872Z,telemetry,boiler_01,12,5,55,157,65,65
,,0,2026-09-13T13:05:28.872Z,2026-09-14T13:05:28.872Z,2026-09-13T13:24:28.872Z,telemetry,boiler_01,12,5,55,158,65,65
,,0,2026-09-13T13:05:28.872Z,2026-09-14T13:05:28.872Z,2026-09-13T13:24:58.872Z,telemetry,boiler_01,12,5,55,159,65,65
,,0,2026-09-13T13:05:28.872Z,2026-09-14T13:05:28.872Z,2026-09-13T13:25:28.873Z,telemetry,boiler_01,12,5,55,160,65,65
,,0,2026-09-13T13:05:28.872Z,2026-09-14T13:05:28.872Z,2026-09-13T13:25:58.872Z,telemetry,boiler_01,12,5,55,161,65,65
,,0,2026-09-13T13:05:28.872Z,2026-09-14T13:05:28.872Z,2026-09-13T13:26:28.872Z,telemetry,boiler_01,12,5,55,162,65,65
,,0,2026-09-13T13:05:28.872Z,2026-09-14T13:05:28.872Z,2026-09-13T13:26:58.872Z,telemetry,boiler_01,12,5,55,163,65,65
,,0,2026-09-13T13:05:28.872Z,2026-09-14T13:05:28.872Z,2026-09-13T13:27:28.872Z,telemetry,boiler_01,12,5,55,164,65,65
,,0,2026-09-13T13:05:28.872Z,2026-09-14T13:05:28.872Z,2026-09-13T13:27:58.872Z,telemetry,boiler_01,12,5,55,165,65,65
,,0,2026-09-13T13:05:28.872Z,2026-09-14T13:05:28.872Z,2026-09-13T13:28:28.872Z,telemetry,boiler_01,12,5,55,166,65,65
,,0,2026-09-13T13:05:28.872Z,2026-09-14T13:05:28.872Z,2026-09-13T13:28:58.872Z,telemetry,boiler_01,12,5,55,167,65,65
,,0,2026-09-13T13:05:28.872Z,2026-09-14T13:05:28.872Z,2026-09-13T13:29:28.872Z,telemetry,boiler_01,12,5,55,168,65,65
,,0,2026-09-13T13:05:28.872Z,2026-09-14T13:05:28.872Z,2026-09-13T13:29:58.872Z,telemetry,boiler_01,12,5,55,169,65,65
,,0,2026-09-13T13:05:28.872Z,2026-09-14T13:05:28.872Z,2026-09-13T13:30:28.872Z,telemetry,boiler_01,12,0,52.95,170,65,62.95
,,0,2026-09-13T13:05:28.872Z,2026-09-14T13:05:28.872Z,2026-09-13T13:30:58.872Z,telemetry,boiler_01,12,0,50.85,171,65,60.85
,,0,2026-09-13T13:05:28.872Z,2026-09-14T13:05:28.872Z,2026-09-13T13:31:28.872Z,telemetry,boiler_01,12,0,48.86,172,65,58.86
,,0,2026-09-13T13:05:28.872Z,2026-09-14T13:05:28.872Z,2026-09-13T13:31:58.872Z,telemetry,boiler_01,12,0,46.97,173,65,56.97
,,0,2026-09-13T13:05:28.872Z,2026-09-14T13:05:28.872Z,2026-09-13T13:32:28.872Z,telemetry,boiler_01,12,0,45.16,174,65,55.16
,,0,2026-09-13T13:05:28.872Z,2026-09-14T13:05:28.872Z,2026-09-13T13:32:58.872Z,telemetry,boiler_01,12,0,43.45,175,65,53.45
,,0,2026-09-13T13:05:28.872Z,2026-09-14T13:05:28.872Z,2026-09-13T13:33:28.872Z,telemetry,boiler_01,12,0,41.82,176,65,51.82
,,0,2026-09-13T13:05:28.872Z,2026-09-14T13:05:28.872Z,2026-09-13T13:33:58.872Z,telemetry,boiler_01,12,0,40.27,177,65,50.27
,,0,2026-09-13T13:05:28.872Z,2026-09-14T13:05:28.872Z,2026-09-13T13:34:28.872Z,telemetry,boiler_01,12,0,38.79,178,65,48.79
,,0,2026-09-13T13:05:28.872Z,2026-09-14T13:05:28.872Z,2026-09-13T13:34:58.872Z,telemetry,boiler_01,12,0,37.39,179,65,47.39
,,0,2026-09-13T13:05:28.872Z,2026-09-14T13:05:28.872Z,2026-09-13T13:35:28.872Z,telemetry,boiler_01,12,0,36.05,180,65,46.05
,,0,2026-09-13T13:05:28.872Z,2026-09-14T13:05:28.872Z,2026-09-13T13:35:58.872Z,telemetry,boiler_01,12,0,34.78,181,65,44.78
,,0,2026-09-13T13:05:28.872Z,2026-09-14T13:05:28.872Z,2026-09-13T13:36:28.872Z,telemetry,boiler_01,12,0,33.57,182,65,43.57
,,0,2026-09-13T13:05:28.872Z,2026-09-14T13:05:28.872Z,2026-09-13T13:36:58.872Z,telemetry,boiler_01,12,0,32.42,183,65,42.42
,,0,2026-09-13T13:05:28.872Z,2026-09-14T13:05:28.872Z,2026-09-13T13:37:28.872Z,telemetry,boiler_01,12,0,31.33,184,65,41.33
,,0,2026-09-13T13:05:28.872Z,2026-09-14T13:05:28.872Z,2026-09-13T13:37:58.872Z,telemetry,boiler_01,12,0,30.29,185,65,40.29
,,0,2026-09-13T13:05:28.872Z,2026-09-14T13:05:28.872Z,2026-09-13T13:38:28.872Z,telemetry,boiler_01,12,0,29.3,186,65,39.3
,,0,2026-09-13T13:05:28.872Z,2026-09-14T13:05:28.872Z,2026-09-13T13:38:58.872Z,telemetry,boiler_01,12,0,28.36,187,65,38.36
,,0,2026-09-13T13:05:28.872Z,2026-09-14T13:05:28.872Z,2026-09-13T13:39:28.872Z,telemetry,boiler_01,12,0,27.46,188,65,37.46
,,0,2026-09-13T13:05:28.872Z,2026-09-14T13:05:28.872Z,2026-09-13T13:39:58.872Z,telemetry,boiler_01,12,0,26.61,189,65,36.61
,,0,2026-09-13T13:05:28.872Z,2026-09-14T13:05:28.872Z,2026-09-13T13:40:28.872Z,telemetry,boiler_01,12,5,45.72,190,65,55.72
,,0,2026-09-13T13:05:28.872Z,2026-09-14T13:05:28.872Z,2026-09-13T13:40:58.872Z,telemetry,boiler_01,12,5,52.2,191,65,62.2
,,0,2026-09-13T13:05:28.872Z,2026-09-14T13:05:28.872Z,2026-09-13T13:41:28.872Z,telemetry,boiler_01,12,5,54.16,192,65,64.16
,,0,2026-09-13T13:05:28.872Z,2026-09-14T13:05:28.872Z,2026-09-13T13:41:58.872Z,telemetry,boiler_01,12,5,54.75,193,65,64.75
,,0,2026-09-13T13:05:28.872Z,2026-09-14T13:05:28.872Z,2026-09-13T13:42:28.872Z,telemetry,boiler_01,12,5,54.92,194,65,64.92
,,0,2026-09-13T13:05:28.872Z,2026-09-14T13:05:28.872Z,2026-09-13T13:42:58.872Z,telemetry,boiler_01,12,5,54.98,195,65,64.98
,,0,2026-09-13T13:05:28.872Z,2026-09-14T13:05:28.872Z,2026-09-13T13:43:28.872Z,telemetry,boiler_01,12,5,54.99,196,65,64.99
,,0,2026-09-13T13:05:28.872Z,2026-09-14T13:05:28.872Z,2026-09-13T13:43:58.872Z,telemetry,boiler_01,12,5,55,197,65,65
,,0,2026-09-13T13:05:28.872Z,2026-09-14T13:05:28.872Z,2026-09-13T13:44:28.872Z,telemetry,boiler_01,12,5,55,198,65,65
,,0,2026-09-13T13:05:28.872Z,2026-09-14T13:05:28.872Z,2026-09-13T13:44:58.872Z,telemetry,boiler_01,12,5,55,199,65,65
,,0,2026-09-13T13:05:28.872Z,2026-09-14T13:05:28.872Z,2026-09-13T13:45:28.872Z,telemetry,boiler_01,12,5,55,200,65,65
,,0,2026-09-13T13:05:28.872Z,2026-09-14T13:05:28.872Z,2026-09-13T13:45:58.872Z,telemetry,boiler_01,12,5,55,201,65,65
,,0,2026-09-13T13:05:28.872Z,2026-09-14T13:05:28.872Z,2026-09-13T13:46:28.872Z,telemetry,boiler_01,12,5,55,202,65,65
,,0,2026-09-13T13:05:28.872Z,2026-09-14T13:05:28.872Z,2026-09-13T13:46:58.872Z,telemetry,boiler_01,12,5,55,203,65,65
,,0,2026-09-13T13:05:28.872Z,2026-09-14T13:05:28.872Z,2026-09-13T13:47:28.872Z,telemetry,boiler_01,12,5,55,204,65,65
,,0,2026-09-13T13:05:28.872Z,2026-09-14T13:05:28.872Z,2026-09-13T13:47:58.872Z,telemetry,boiler_01,12,5,55,205,65,65
,,0,2026-09-13T13:05:28.872Z,2026-09-14T13:05:28.872Z,2026-09-13T13:48:28.872Z,telemetry,boiler_01,12,5,55,206,65,65
,,0,2026-09-13T13:05:28.872Z,2026-09-14T13:05:28.872Z,2026-09-13T13:48:58.872Z,telemetry,boiler_01,12,5,55,207,65,65
,,0,2026-09-13T13:05:28.872Z,2026-09-14T13:05:28.872Z,2026-09-13T13:49:28.872Z,telemetry,boiler_01,12,5,55,208,65,65
,,0,2026-09-13T13:05:28.872Z,2026-09-14T13:05:28.872Z,2026-09-13T13:49:58.872Z,telemetry,boiler_01,12,5,55,209,65,65
,,0,2026-09-13T13:05:28.872Z,2026-09-14T13:05:28.872Z,2026-09-13T13:50:28.872Z,telemetry,boiler_01,12,0,52.95,210,65,62.95
,,0,2026-09-13T13:05:28.872Z,2026-09-14T13:05:28.872Z,2026-09-13T13:50:58.872Z,telemetry,boiler_01,12,0,50.85,211,65,60.85
,,0,2026-09-13T13:05:28.872Z,2026-09-14T13:05:28.872Z,2026-09-13T13:51:28.872Z,telemetry,boiler_01,12,0,48.86,212,65,58.86
,,0,2026-09-13T13:05:28.872Z,2026-09-14T13:05:28.872Z,2026-09-13T13:51:58.872Z,telemetry,boiler_01,12,0,46.97,213,65,56.97
,,0,2026-09-13T13:05:28.872Z,2026-09-14T13:05:28.872Z,2026-09-13T13:52:28.872Z,telemetry,boiler_01,12,0,45.16,214,65,55.16
,,0,2026-09-13T13:05:28.872Z,2026-09-14T13:05:28.872Z,2026-09-13T13:52:58.872Z,telemetry,boiler_01,12,0,43.45,215,65,53.45
,,0,2026-09-13T13:05:28.872Z,2026-09-14T13:05:28.872Z,2026-09-13T13:53:28.872Z,telemetry,boiler_01,12,0,41.82,216,65,51.82
,,0,2026-09-13T13:05:28.872Z,2026-09-14T13:05:28.872Z,2026-09-13T13:53:58.872Z,telemetry,boiler_01,12,0,40.27,217,65,50.27
,,0,2026-09-13T13:05:28.872Z,2026-09-14T13:05:28.872Z,2026-09-13T13:54:28.872Z,telemetry,boiler_01,12,0,38.79,218,65,48.79
,,0,2026-09-13T13:05:28.872Z,2026-09-14T13:05:28.872Z,2026-09-13T13:54:58.872Z,telemetry,boiler_01,12,0,37.39,219,65,47.39
,,0,2026-09-13T13:05:28.872Z,2026-09-14T13:05:28.872Z,2026-09-13T13:55:28.872Z,telemetry,boiler_01,12,0,36.05,220,65,46.05
,,0,2026-09-13T13:05:28.872Z,2026-09-14T13:05:28.872Z,2026-09-13T13:55:58.872Z,telemetry,boiler_01,12,0,34.78,221,65,44.78
,,0,2026-09-13T13:05:28.872Z,2026-09-14T13:05:28.872Z,2026-09-13T13:56:28.872Z,telemetry,boiler_01,12,0,33.57,222,65,43.57
,,0,2026-09-13T13:05:28.872Z,2026-09-14T13:05:28.872Z,2026-09-13T13:56:58.872Z,telemetry,boiler_01,12,0,32.42,223,65,42.42
,,0,2026-09-13T13:05:28.872Z,2026-09-14T13:05:28.872Z,2026-09-13T13:57:28.872Z,telemetry,boiler_01,12,0,31.33,224,65,41.33
,,0,2026-09-13T13:05:28.872Z,2026-09-14T13:05:28.872Z,2026-09-13T13:57:58.872Z,telemetry,boiler_01,12,0,30.29,225,65,40.29
,,0,2026-09-13T13:05:28.872Z,2026-09-14T13:05:28.872Z,2026-09-13T13:58:28.872Z,telemetry,boiler_01,12,0,29.3,226,65,39.3
,,0,2026-09-13T13:05:28.872Z,2026-09-14T13:05:28.872Z,2026-09-13T13:58:58.872Z,telemetry,boiler_01,12,0,28.36,227,65,38.36
,,0,2026-09-13T13:05:28.872Z,2026-09-14T13:05:28.872Z,2026-09-13T13:59:28.872Z,telemetry,boiler_01,12,0,27.46,228,65,37.46
,,0,2026-09-13T13:05:28.872Z,2026-09-14T13:05:28.872Z,2026-09-13T13:59:58.872Z,telemetry,boiler_01,12,0,26.61,229,65,36.61
,,0,2026-09-13T13:05:28.872Z,2026-09-14T13:05:28.872Z,2026-09-13T14:00:28.872Z,telemetry,boiler_01,12,5,45.72,230,65,55.72
,,0,2026-09-13T13:05:28.872Z,2026-09-14T13:05:28.872Z,2026-09-13T14:00:58.872Z,telemetry,boiler_01,12,5,52.2,231,65,62.2
,,0,2026-09-13T13:05:28.872Z,2026-09-14T13:05:28.872Z,2026-09-13T14:01:28.872Z,telemetry,boiler_01,12,5,54.16,232,65,64.16
,,0,2026-09-13T13:05:28.872Z,2026-09-14T13:05:28.872Z,2026-09-13T14:01:58.872Z,telemetry,boiler_01,12,5,54.75,233,65,64.75
,,0,2026-09-13T13:05:28.872Z,2026-09-14T13:05:28.872Z,2026-09-13T14:02:28.872Z,telemetry,boiler_01,12,5,54.92,234,65,64.92
,,0,2026-09-13T13:05:28.872Z,2026-09-14T13:05:28.872Z,2026-09-13T14:02:58.872Z,telemetry,boiler_01,12,5,54.98,235,65,64.98
,,0,2026-09-13T13:05:28.872Z,2026-09-14T13:05:28.872Z,2026-09-13T14:03:28.872Z,telemetry,boiler_01,12,5,54.99,236,65,64.99
,,0,2026-09-13T13:05:28.872Z,2026-09-14T13:05:28.872Z,2026-09-13T14:03:58.872Z,telemetry,boiler_01,12,5,55,237,65,65
,,0,2026-09-13T13:05:28.872Z,2026-09-14T13:05:28.872Z,2026-09-13T14:04:28.872Z,telemetry,boiler_01,12,5,55,238,65,65
,,0,2026-09-13T13:05:28.872Z,2026-09-14T13:05:28.872Z,2026-09-13T14:04:58.872Z,telemetry,boiler_01,12,5,55,239,65,65
,,0,2026-09-13T13:05:28.872Z,2026-09-14T13:05:28.872Z,2026-09-13T14:05:28.873Z,telemetry,boiler_01,12,5,55,240,65,65
,,0,2026-09-13T13:05:28.872Z,2026-09-14T13:05:28.872Z,2026-09-13T14:05:58.872Z,telemetry,boiler_01,12,5,55,241,65,65
,,0,2026-09-13T13:05:28.872Z,2026-09-14T13:05:28.872Z,2026-09-13T14:06:28.872Z,telemetry,boiler_01,12,5,55,242,65,65
,,0,2026-09-13T13:05:28.872Z,2026-09-14T13:05:28.872Z,2026-09-13T14:06:58.872Z,telemetry,boiler_01,12,5,55,243,65,65
,,0,2026-09-13T13:05:28.872Z,2026-09-14T13:05:28.872Z,2026-09-13T14:07:28.872Z,telemetry,boiler_01,12,5,55,244,65,65
,,0,2026-09-13T13:05:28.872Z,2026-09-14T13:05:28.872Z,2026-09-13T14:07:58.872Z,telemetry,boiler_01,12,5,55,245,65,65
,,0,2026-09-13T13:05:28.872Z,2026-09-14T13:05:28.872Z,2026-09-13T14:08:28.872Z,telemetry,boiler_01,12,5,55,246,65,65
,,0,2026-09-13T13:05:28.872Z,2026-09-14T13:05:28.872Z,2026-09-13T14:08:58.872Z,telemetry,boiler_01,12,5,55,247,65,65
,,0,2026-09-13T13:05:28.872Z,2026-09-14T13:05:28.872Z,2026-09-13T14:09:28.872Z,telemetry,boiler_01,12,5,55,248,65,65
,,0,2026-09-13T13:05:28.872Z,2026-09-14T13:05:28.872Z,2026-09-13T14:09:58.872Z,telemetry,boiler_01,12,5,55,249,65,65
,,0,2026-09-13T13:05:28.872Z,2026-09-14T13:05:28.872Z,2026-09-13T14:10:28.872Z,telemetry,boiler_01,12,0,52.95,250,65,62.95
,,0,2026-09-13T13:05:28.872Z,2026-09-14T13:05:28.872Z,2026-09-13T14:10:58.872Z,telemetry,boiler_01,12,0,50.85,251,65,60.85
,,0,2026-09-13T13:05:28.872Z,2026-09-14T13:05:28.872Z,2026-09-13T14:11:28.872Z,telemetry,boiler_01,12,0,48.86,252,65,58.86
,,0,2026-09-13T13:05:28.872Z,2026-09-14T13:05:28.872Z,2026-09-13T14:11:58.872Z,telemetry,boiler_01,12,0,46.97,253,65,56.97
,,0,2026-09-13T13:05:28.872Z,2026-09-14T13:05:28.872Z,2026-09-13T14:12:28.872Z,telemetry,boiler_01,12,0,45.16,254,65,55.16
,,0,2026-09-13T13:05:28.872Z,2026-09-14T13:05:28.872Z,2026-09-13T14:12:58.872Z,telemetry,boiler_01,12,0,43.45,255,65,53.45
,,0,2026-09-13T13:05:28.872Z,2026-09-14T13:05:28.872Z,2026-09-13T14:13:28.872Z,telemetry,boiler_01,12,0,41.82,256,65,51.82
,,0,2026-09-13T13:05:28.872Z,2026-09-14T13:05:28.872Z,2026-09-13T14:13:58.872Z,telemetry,boiler_01,12,0,40.27,257,65,50.27
,,0,2026-09-13T13:05:28.872Z,2026-09-14T13:05:28.872Z,2026-09-13T14:14:28.872Z,telemetry,boiler_01,12,0,38.79,258,65,48.79
,,0,2026-09-13T13:05:28.872Z,2026-09-14T13:05:28.872Z,2026-09-13T14:14:58.872Z,telemetry,boiler_01,12,0,37.39,259,65,47.39
,,0,2026-09-13T13:05:28.872Z,2026-09-14T13:05:28.872Z,2026-09-13T14:15:28.872Z,telemetry,boiler_01,12,0,36.05,260,65,46.05
,,0,2026-09-13T13:05:28.872Z,2026-09-14T13:05:28.872Z,2026-09-13T14:15:58.872Z,telemetry,boiler_01,12,0,34.78,261,65,44.78
,,0,2026-09-13T13:05:28.872Z,2026-09-14T13:05:28.872Z,2026-09-13T14:16:28.872Z,telemetry,boiler_01,12,0,33.57,262,65,43.57
,,0,2026-09-13T13:05:28.872Z,2026-09-14T13:05:28.872Z,2026-09-13T14:16:58.872Z,telemetry,boiler_01,12,0,32.42,263,65,42.42
,,0,2026-09-13T13:05:28.872Z,2026-09-14T13:05:28.872Z,2026-09-13T14:17:28.872Z,telemetry,boiler_01,12,0,31.33,264,65,41.33
,,0,2026-09-13T13:05:28.872Z,2026-09-14T13:05:28.872Z,2026-09-13T14:17:58.872Z,telemetry,boiler_01,12,0,30.29,265,65,40.29
,,0,2026-09-13T13:05:28.872Z,2026-09-14T13:05:28.872Z,2026-09-13T14:18:28.872Z,telemetry,boiler_01,12,0,29.3,266,65,39.3
,,0,2026-09-13T13:05:28.872Z,2026-09-14T13:05:28.872Z,2026-09-13T14:18:58.872Z,telemetry,boiler_01,12,0,28.36,267,65,38.36
,,0,2026-09-13T13:05:28.872Z,2026-09-14T13:05:28.872Z,2026-09-13T14:19:28.872Z,telemetry,boiler_01,12,0,27.46,268,65,37.46
,,0,2026-09-13T13:05:28.872Z,2026-09-14T13:05:28.872Z,2026-09-13T14:19:58.872Z,telemetry,boiler_01,12,0,26.61,269,65,36.61
,,0,2026-09-13T13:05:28.872Z,2026-09-14T13:05:28.872Z,2026-09-13T14:20:28.872Z,telemetry,boiler_01,12,5,45.72,270,65,55.72
,,0,2026-09-13T13:05:28.872Z,2026-09-14T13:05:28.872Z,2026-09-13T14:20:58.872Z,telemetry,boiler_01,12,5,52.2,271,65,62.2
,,0,2026-09-13T13:05:28.872Z,2026-09-14T13:05:28.872Z,2026-09-13T14:21:28.872Z,telemetry,boiler_01,12,5,54.16,272,65,64.16
,,0,2026-09-13T13:05:28.872Z,2026-09-14T13:05:28.872Z,2026-09-13T14:21:58.872Z,telemetry,boiler_01,12,5,54.75,273,65,64.75
,,0,2026-09-13T13:05:28.872Z,2026-09-14T13:05:28.872Z,2026-09-13T14:22:28.872Z,telemetry,boiler_01,12,5,54.92,274,65,64.92
,,0,2026-09-13T13:05:28.872Z,2026-09-14T13:05:28.872Z,2026-09-13T14:22:58.872Z,telemetry,boiler_01,12,5,54.98,275,65,64.98
,,0,2026-09-13T13:05:28.872Z,2026-09-14T13:05:28.872Z,2026-09-13T14:23:28.872Z,telemetry,boiler_01,12,5,54.99,276,65,64.99
,,0,2026-09-13T13:05:28.872Z,2026-09-14T13:05:28.872Z,2026-09-13T14:23:58.872Z,telemetry,boiler_01,12,5,55,277,65,65
,,0,2026-09-13T13:05:28.872Z,2026-09-14T13:05:28.872Z,2026-09-13T14:24:28.872Z,telemetry,boiler_01,12,5,55,278,65,65
,,0,2026-09-13T13:05:28.872Z,2026-09-14T13:05:28.872Z,2026-09-13T14:24:58.872Z,telemetry,boiler_01,12,5,55,279,65,65
,,0,2026-09-13T13:05:28.872Z,2026-09-14T13:05:28.872Z,2026-09-13T14:25:28.873Z,telemetry,boiler_01,12,5,55,280,65,65
,,0,2026-09-13T13:05:28.872Z,2026-09-14T13:05:28.872Z,2026-09-13T14:25:58.872Z,telemetry,boiler_01,12,5,55,281,65,65
,,0,2026-09-13T13:05:28.872Z,2026-09-14T13:05:28.872Z,2026-09-13T14:26:28.872Z,telemetry,boiler_01,12,5,55,282,65,65
,,0,2026-09-13T13:05:28.872Z,2026-09-14T13:05:28.872Z,2026-09-13T14:26:58.872Z,telemetry,boiler_01,12,5,55,283,65,65
,,0,2026-09-13T13:05:28.872Z,2026-09-14T13:05:28.872Z,2026-09-13T14:27:28.872Z,telemetry,boiler_01,12,5,55,284,65,65
,,0,2026-09-13T13:05:28.872Z,2026-09-14T13:05:28.872Z,2026-09-13T14:27:58.872Z,telemetry,boiler_01,12,5,55,285,65,65
,,0,2026-09-13T13:05:28.872Z,2026-09-14T13:05:28.872Z,2026-09-13T14:28:28.872Z,telemetry,boiler_01,12,5,55,286,65,65
,,0,2026-09-13T13:05:28.872Z,2026-09-14T13:05:28.872Z,2026-09-13T14:28:58.872Z,telemetry,boiler_01,12,5,55,287,65,65
,,0,2026-09-13T13:05:28.872Z,2026-09-14T13:05:28.872Z,2026-09-13T14:29:28.872Z,telemetry,boiler_01,12,5,55,288,65,65
,,0,2026-09-13T13:05:28.872Z,2026-09-14T13:05:28.872Z,2026-09-13T14:29:58.872Z,telemetry,boiler_01,12,5,55,289,65,65
,,0,2026-09-13T13:05:28.872Z,2026-09-14T13:05:28.872Z,2026-09-13T14:30:28.872Z,telemetry,boiler_01,12,0,52.95,290,65,62.95
,,0,2026-09-13T13:05:28.872Z,2026-09-14T13:05:28.872Z,2026-09-13T14:30:58.872Z,telemetry,boiler_01,12,0,50.85,291,65,60.85
,,0,2026-09-13T13:05:28.872Z,2026-09-14T13:05:28.872Z,2026-09-13T14:31:28.872Z,telemetry,boiler_01,12,0,48.86,292,65,58.86
,,0,2026-09-13T13:05:28.872Z,2026-09-14T13:05:28.872Z,2026-09-13T14:31:58.872Z,telemetry,boiler_01,12,0,46.97,293,65,56.97
,,0,2026-09-13T13:05:28.872Z,2026-09-14T13:05:28.872Z,2026-09-13T14:32:28.872Z,telemetry,boiler_01,12,0,45.16,294,65,55.16
,,0,2026-09-13T13:05:28.872Z,2026-09-14T13:05:28.872Z,2026-09-13T14:32:58.872Z,telemetry,boiler_01,12,0,43.45,295,65,53.45
,,0,2026-09-13T13:05:28.872Z,2026-09-14T13:05:28.872Z,2026-09-13T14:33:28.872Z,telemetry,boiler_01,12,0,41.82,296,65,51.82
,,0,2026-09-13T13:05:28.872Z,2026-09-14T13:05:28.872Z,2026-09-13T14:33:58.872Z,telemetry,boiler_01,12,0,40.27,297,65,50.27
,,0,2026-09-13T13:05:28.872Z,2026-09-14T13:05:28.872Z,2026-09-13T14:34:28.872Z,telemetry,boiler_01,12,0,38.79,298,65,48.79
,,0,2026-09-13T13:05:28.872Z,2026-09-14T13:05:28.872Z,2026-09-13T14:34:58.872Z,telemetry,boiler_01,12,0,37.39,299,65,47.39
,,0,2026-09-13T13:05:28.872Z,2026-09-14T13:05:28.872Z,2026-09-13T14:35:28.872Z,telemetry,boiler_01,12,0,36.05,300,65,46.05
,,0,2026-09-13T13:05:28.872Z,2026-09-14T13:05:28.872Z,2026-09-13T14:35:58.872Z,telemetry,boiler_01,12,0,34.78,301,65,44.78
,,0,2026-09-13T13:05:28.872Z,2026-09-14T13:05:28.872Z,2026-09-13T14:36:28.872Z,telemetry,boiler_01,12,0,33.57,302,65,43.57
,,0,2026-09-13T13:05:28.872Z,2026-09-14T13:05:28.872Z,2026-09-13T14:36:58.872Z,telemetry,boiler_01,12,0,32.42,303,65,42.42
,,0,2026-09-13T13:05:28.872Z,2026-09-14T13:05:28.872Z,2026-09-13T14:37:28.872Z,telemetry,boiler_01,12,0,31.33,304,65,41.33
,,0,2026-09-13T13:05:28.872Z,2026-09-14T13:05:28.872Z,2026-09-13T14:37:58.872Z,telemetry,boiler_01,12,0,30.29,305,65,40.29
,,0,2026-09-13T13:05:28.872Z,2026-09-14T13:05:28.872Z,2026-09-13T14:38:28.872Z,telemetry,boiler_01,12,0,29.3,306,65,39.3
,,0,2026-09-13T13:05:28.872Z,2026-09-14T13:05:28.872Z,2026-09-13T14:38:58.872Z,telemetry,boiler_01,12,0,28.36,307,65,38.36
,,0,2026-09-13T13:05:28.872Z,2026-09-14T13:05:28.872Z,2026-09-13T14:39:28.872Z,telemetry,boiler_01,12,0,27.46,308,65,37.46
,,0,2026-09-13T13:05:28.872Z,2026-09-14T13:05:28.872Z,2026-09-13T14:39:58.872Z,telemetry,boiler_01,12,0,26.61,309,65,36.61
,,0,2026-09-13T13:05:28.872Z,2026-09-14T13:05:28.872Z,2026-09-13T14:40:28.872Z,telemetry,boiler_01,12,5,45.72,310,65,55.72
,,0,2026-09-13T13:05:28.872Z,2026-09-14T13:05:28.872Z,2026-09-13T14:40:58.872Z,telemetry,boiler_01,12,5,52.2,311,65,62.2
,,0,2026-09-13T13:05:28.872Z,2026-09-14T13:05:28.872Z,2026-09-13T14:41:28.872Z,telemetry,boiler_01,12,5,54.16,312,65,64.16
,,0,2026-09-13T13:05:28.872Z,2026-09-14T13:05:28.872Z,2026-09-13T14:41:58.872Z,telemetry,boiler_01,12,5,54.75,313,65,64.75
,,0,2026-09-13T13:05:28.872Z,2026-09-14T13:05:28.872Z,2026-09-13T14:42:28.872Z,telemetry,boiler_01,12,5,54.92,314,65,64.92
,,0,2026-09-13T13:05:28.872Z,2026-09-14T13:05:28.872Z,2026-09-13T14:42:58.872Z,telemetry,boiler_01,12,5,54.98,315,65,64.98
,,0,2026-09-13T13:05:28.872Z,2026-09-14T13:05:28.872Z,2026-09-13T14:43:28.872Z,telemetry,boiler_01,12,5,54.99,316,65,64.99
,,0,2026-09-13T13:05:28.872Z,2026-09-14T13:05:28.872Z,2026-09-13T14:43:58.872Z,telemetry,boiler_01,12,5,55,317,65,65
,,0,2026-09-13T13:05:28.872Z,2026-09-14T13:05:28.872Z,2026-09-13T14:44:28.872Z,telemetry,boiler_01,12,5,55,318,65,65
,,0,2026-09-13T13:05:28.872Z,2026-09-14T13:05:28.872Z,2026-09-13T14:44:58.872Z,telemetry,boiler_01,12,5,55,319,65,65
,,0,2026-09-13T13:05:28.872Z,2026-09-14T13:05:28.872Z,2026-09-13T14:45:28.872Z,telemetry,boiler_01,12,5,55,320,65,65
,,0,2026-09-13T13:05:28.872Z,2026-09-14T13:05:28.872Z,2026-09-13T14:45:58.872Z,telemetry,boiler_01,12,5,55,321,65,65
,,0,2026-09-13T13:05:28.872Z,2026-09-14T13:05:28.872Z,2026-09-13T14:46:28.872Z,telemetry,boiler_01,12,5,55,322,65,65
,,0,2026-09-13T13:05:28.872Z,2026-09-14T13:05:28.872Z,2026-09-13T14:46:58.872Z,telemetry,boiler_01,12,5,55,323,65,65
,,0,2026-09-13T13:05:28.872Z,2026-09-14T13:05:28.872Z,2026-09-13T14:47:28.872Z,telemetry,boiler_01,12,5,55,324,65,65
,,0,2026-09-13T13:05:28.872Z,2026-09-14T13:05:28.872Z,2026-09-13T14:47:58.872Z,telemetry,boiler_01,12,5,55,325,65,65
,,0,2026-09-13T13:05:28.872Z,2026-09-14T13:05:28.872Z,2026-09-13T14:48:28.872Z,telemetry,boiler_01,12,5,55,326,65,65
,,0,2026-09-13T13:05:28.872Z,2026-09-14T13:05:28.872Z,2026-09-13T14:48:58.872Z,telemetry,boiler_01,12,5,55,327,65,65
,,0,2026-09-13T13:05:28.872Z,2026-09-14T13:05:28.872Z,2026-09-13T14:49:28.872Z,telemetry,boiler_01,12,5,55,328,65,65
,,0,2026-09-13T13:05:28.872Z,2026-09-14T13:05:28.872Z,2026-09-13T14:49:58.872Z,telemetry,boiler_01,12,5,55,329,65,65
,,0,2026-09-13T13:05:28.872Z,2026-09-14T13:05:28.872Z,2026-09-13T14:50:28.872Z,telemetry,boiler_01,12,0,52.95,330,65,62.95
,,0,2026-09-13T13:05:28.872Z,2026-09-14T13:05:28.872Z,2026-09-13T14:50:58.872Z,telemetry,boiler_01,12,0,50.85,331,65,60.85
,,0,2026-09-13T13:05:28.872Z,2026-09-14T13:05:28.872Z,2026-09-13T14:51:28.872Z,telemetry,boiler_01,12,0,48.86,332,65,58.86
,,0,2026-09-13T13:05:28.872Z,2026-09-14T13:05:28.872Z,2026-09-13T14:51:58.872Z,telemetry,boiler_01,12,0,46.97,333,65,56.97
,,0,2026-09-13T13:05:28.872Z,2026-09-14T13:05:28.872Z,2026-09-13T14:52:28.872Z,telemetry,boiler_01,12,0,45.16,334,65,55.16
,,0,2026-09-13T13:05:28.872Z,2026-09-14T13:05:28.872Z,2026-09-13T14:52:58.872Z,telemetry,boiler_01,12,0,43.45,335,65,53.45
,,0,2026-09-13T13:05:28.872Z,2026-09-14T13:05:28.872Z,2026-09-13T14:53:28.872Z,telemetry,boiler_01,12,0,41.82,336,65,51.82
,,0,2026-09-13T13:05:28.872Z,2026-09-14T13:05:28.872Z,2026-09-13T14:53:58.872Z,telemetry,boiler_01,12,0,40.27,337,65,50.27
,,0,2026-09-13T13:05:28.872Z,2026-09-14T13:05:28.872Z,2026-09-13T14:54:28.872Z,telemetry,boiler_01,12,0,38.79,338,65,48.79
,,0,2026-09-13T13:05:28.872Z,2026-09-14T13:05:28.872Z,2026-09-13T14:54:58.872Z,telemetry,boiler_01,12,0,37.39,339,65,47.39
,,0,2026-09-13T13:05:28.872Z,2026-09-14T13:05:28.872Z,2026-09-13T14:55:28.872Z,telemetry,boiler_01,12,0,36.05,340,65,46.05
,,0,2026-09-13T13:05:28.872Z,2026-09-14T13:05:28.872Z,2026-09-13T14:55:58.872Z,telemetry,boiler_01,12,0,34.78,341,65,44.78
,,0,2026-09-13T13:05:28.872Z,2026-09-14T13:05:28.872Z,2026-09-13T14:56:28.872Z,telemetry,boiler_01,12,0,33.57,342,65,43.57
,,0,2026-09-13T13:05:28.872Z,2026-09-14T13:05:28.872Z,2026-09-13T14:56:58.872Z,telemetry,boiler_01,12,0,32.42,343,65,42.42
,,0,2026-09-13T13:05:28.872Z,2026-09-14T13:05:28.872Z,2026-09-13T14:57:28.872Z,telemetry,boiler_01,12,0,31.33,344,65,41.33
,,0,2026-09-13T13:05:28.872Z,2026-09-14T13:05:28.872Z,2026-09-13T14:57:58.872Z,telemetry,boiler_01,12,0,30.29,345,65,40.29
,,0,2026-09-13T13:05:28.872Z,2026-09-14T13:05:28.872Z,2026-09-13T14:58:28.872Z,telemetry,boiler_01,12,0,29.3,346,65,39.3
,,0,2026-09-13T13:05:28.872Z,2026-09-14T13:05:28.872Z,2026-09-13T14:58:58.872Z,telemetry,boiler_01,12,0,28.36,347,65,38.36
,,0,2026-09-13T13:05:28.872Z,2026-09-14T13:05:28.872Z,2026-09-13T14:59:28.872Z,telemetry,boiler_01,12,0,27.46,348,65,37.46
,,0,2026-09-13T13:05:28.872Z,2026-09-14T13:05:28.872Z,2026-09-13T14:59:58.872Z,telemetry,boiler_01,12,0,26.61,349,65,36.61
,,0,2026-09-13T13:05:28.872Z,2026-09-14T13:05:28.872Z,2026-09-13T15:00:28.872Z,telemetry,boiler_01,12,5,45.72,350,65,55.72
,,0,2026-09-13T13:05:28.872Z,2026-09-14T13:05:28.872Z,2026-09-13T15:00:58.872Z,telemetry,boiler_01,12,5,52.2,351,65,62.2
,,0,2026-09-13T13:05:28.872Z,2026-09-14T13:05:28.872Z,2026-09-13T15:01:28.872Z,telemetry,boiler_01,12,5,54.16,352,65,64.16
,,0,2026-09-13T13:05:28.872Z,2026-09-14T13:05:28.872Z,2026-09-13T15:01:58.872Z,telemetry,boiler_01,12,5,54.75,353,65,64.75
,,0,2026-09-13T13:05:28.872Z,2026-09-14T13:05:28.872Z,2026-09-13T15:02:28.872Z,telemetry,boiler_01,12,5,54.92,354,65,64.92
,,0,2026-09-13T13:05:28.872Z,2026-09-14T13:05:28.872Z,2026-09-13T15:02:58.872Z,telemetry,boiler_01,12,5,54.98,355,65,64.98
,,0,2026-09-13T13:05:28.872Z,2026-09-14T13:05:28.872Z,2026-09-13T15:03:28.872Z,telemetry,boiler_01,12,5,54.99,356,65,64.99
,,0,2026-09-13T13:05:28.872Z,2026-09-14T13:05:28.872Z,2026-09-13T15:03:58.872Z,telemetry,boiler_01,12,5,55,357,65,65
,,0,2026-09-13T13:05:28.872Z,2026-09-14T13:05:28.872Z,2026-09-13T15:04:28.872Z,telemetry,boiler_01,12,5,55,358,65,65
,,0,2026-09-13T13:05:28.872Z,2026-09-14T13:05:28.872Z,2026-09-13T15:04:58.872Z,telemetry,boiler_01,12,5,55,359,65,65
,,0,2026-09-13T13:05:28.872Z,2026-09-14T13:05:28.872Z,2026-09-13T15:05:28.872Z,telemetry,boiler_01,12,5,55,360,65,65
,,0,2026-09-13T13:05:28.872Z,2026-09-14T13:05:28.872Z,2026-09-13T15:05:58.872Z,telemetry,boiler_01,12,5,55,361,65,65
,,0,2026-09-13T13:05:28.872Z,2026-09-14T13:05:28.872Z,2026-09-13T15:06:28.872Z,telemetry,boiler_01,12,5,55,362,65,65
,,0,2026-09-13T13:05:28.872Z,2026-09-14T13:05:28.872Z,2026-09-13T15:06:58.872Z,telemetry,boiler_01,12,5,55,363,65,65
,,0,2026-09-13T13:05:28.872Z,2026-09-14T13:05:28.872Z,2026-09-13T15:07:28.872Z,telemetry,boiler_01,12,5,55,364,65,65
,,0,2026-09-13T13:05:28.872Z,2026-09-14T13:05:28.872Z,2026-09-13T15:07:58.872Z,telemetry,boiler_01,12,5,55,365,65,65
,,0,2026-09-13T13:05:28.872Z,2026-09-14T13:05:28.872Z,2026-09-13T15:08:28.872Z,telemetry,boiler_01,12,5,55,366,65,65
,,0,2026-09-13T13:05:28.872Z,2026-09-14T13:05:28.872Z,2026-09-13T15:08:58.872Z,telemetry,boiler_01,12,5,55,367,65,65
,,0,2026-09-13T13:05:28.872Z,2026-09-14T13:05:28.872Z,2026-09-13T15:09:28.872Z,telemetry,boiler_01,12,5,55,368,65,65
,,0,2026-09-13T13:05:28.872Z,2026-09-14T13:05:28.872Z,2026-09-13T15:09:58.872Z,telemetry,boiler_01,12,5,55,369,65,65
,,0,2026-09-13T13:05:28.872Z,2026-09-14T13:05:28.872Z,2026-09-13T15:10:28.872Z,telemetry,boiler_01,12,0,52.95,370,65,62.95
,,0,2026-09-13T13:05:28.872Z,2026-09-14T13:05:28.872Z,2026-09-13T15:10:58.872Z,telemetry,boiler_01,12,0,50.85,371,65,60.85
,,0,2026-09-13T13:05:28.872Z,2026-09-14T13:05:28.872Z,2026-09-13T15:11:28.872Z,telemetry,boiler_01,12,0,48.86,372,65,58.86
,,0,2026-09-13T13:05:28.872Z,2026-09-14T13:05:28.872Z,2026-09-13T15:11:58.872Z,telemetry,boiler_01,12,0,46.97,373,65,56.97
,,0,2026-09-13T13:05:28.872Z,2026-09-14T13:05:28.872Z,2026-09-13T15:12:28.872Z,telemetry,boiler_01,12,0,45.16,374,65,55.16
,,0,2026-09-13T13:05:28.872Z,2026-09-14T13:05:28.872Z,2026-09-13T15:12:58.872Z,telemetry,boiler_01,12,0,43.45,375,65,53.45
,,0,2026-09-13T13:05:28.872Z,2026-09-14T13:05:28.872Z,2026-09-13T15:13:28.872Z,telemetry,boiler_01,12,0,41.82,376,65,51.82
,,0,2026-09-13T13:05:28.872Z,2026-09-14T13:05:28.872Z,2026-09-13T15:13:58.872Z,telemetry,boiler_01,12,0,40.27,377,65,50.27
,,0,2026-09-13T13:05:28.872Z,2026-09-14T13:05:28.872Z,2026-09-13T15:14:28.872Z,telemetry,boiler_01,12,0,38.79,378,65,48.79
,,0,2026-09-13T13:05:28.872Z,2026-09-14T13:05:28.872Z,2026-09-13T15:14:58.872Z,telemetry,boiler_01,12,0,37.39,379,65,47.39
,,0,2026-09-13T13:05:28.872Z,2026-09-14T13:05:28.872Z,2026-09-13T15:15:28.872Z,telemetry,boiler_01,12,0,36.05,380,65,46.05
,,0,2026-09-13T13:05:28.872Z,2026-09-14T13:05:28.872Z,2026-09-13T15:15:58.872Z,telemetry,boiler_01,12,0,34.78,381,65,44.78
,,0,2026-09-13T13:05:28.872Z,2026-09-14T13:05:28.872Z,2026-09-13T15:16:28.872Z,telemetry,boiler_01,12,0,33.57,382,65,43.57
,,0,2026-09-13T13:05:28.872Z,2026-09-14T13:05:28.872Z,2026-09-13T15:16:58.872Z,telemetry,boiler_01,12,0,32.42,383,65,42.42
,,0,2026-09-13T13:05:28.872Z,2026-09-14T13:05:28.872Z,2026-09-13T15:17:28.872Z,telemetry,boiler_01,12,0,31.33,384,65,41.33
,,0,2026-09-13T13:05:28.872Z,2026-09-14T13:05:28.872Z,2026-09-13T15:17:58.872Z,telemetry,boiler_01,12,0,30.29,385,65,40.29
,,0,2026-09-13T13:05:28.872Z,2026-09-14T13:05:28.872Z,2026-09-13T15:18:28.872Z,telemetry,boiler_01,12,0,29.3,386,65,39.3
,,0,2026-09-13T13:05:28.872Z,2026-09-14T13:05:28.872Z,2026-09-13T15:18:58.872Z,telemetry,boiler_01,12,0,28.36,387,65,38.36
,,0,2026-09-13T13:05:28.872Z,2026-09-14T13:05:28.872Z,2026-09-13T15:19:28.872Z,telemetry,boiler_01,12,0,27.46,388,65,37.46
,,0,2026-09-13T13:05:28.872Z,2026-09-14T13:05:28.872Z,2026-09-13T15:19:58.872Z,telemetry,boiler_01,12,0,26.61,389,65,36.61
,,0,2026-09-13T13:05:28.872Z,2026-09-14T13:05:28.872Z,2026-09-13T15:20:28.872Z,telemetry,boiler_01,12,5,45.72,390,65,55.72
,,0,2026-09-13T13:05:28.872Z,2026-09-14T13:05:28.872Z,2026-09-13T15:20:58.872Z,telemetry,boiler_01,12,5,52.2,391,65,62.2
,,0,2026-09-13T13:05:28.872Z,2026-09-14T13:05:28.872Z,2026-09-13T15:21:28.872Z,telemetry,boiler_01,12,5,54.16,392,65,64.16
,,0,2026-09-13T13:05:28.872Z,2026-09-14T13:05:28.872Z,2026-09-13T15:21:58.872Z,telemetry,boiler_01,12,5,54.75,393,65,64.75
,,0,2026-09-13T13:05:28.872Z,2026-09-14T13:05:28.872Z,2026-09-13T15:22:28.872Z,telemetry,boiler_01,12,5,54.92,394,65,64.92
,,0,2026-09-13T13:05:28.872Z,2026-09-14T13:05:28.872Z,2026-09-13T15:22:58.872Z,telemetry,boiler_01,12,5,54.98,395,65,64.98
,,0,2026-09-13T13:05:28.872Z,2026-09-14T13:05:28.872Z,2026-09-13T15:23:28.872Z,telemetry,boiler_01,12,5,54.99,396,65,64.99
,,0,2026-09-13T13:05:28.872Z,2026-09-14T13:05:28.872Z,2026-09-13T15:23:58.872Z,telemetry,boiler_01,12,5,55,397,65,65
,,0,2026-09-13T13:05:28.872Z,2026-09-14T13:05:28.872Z,2026-09-13T15:24:28.872Z,telemetry,boiler_01,12,5,55,398,65,65
,,0,2026-09-13T13:05:28.872Z,2026-09-14T13:05:28.872Z,2026-09-13T15:24:58.872Z,telemetry,boiler_01,12,5,55,399,65,65
,,0,2026-09-13T13:05:28.872Z,2026-09-14T13:05:28.872Z,2026-09-13T15:25:28.873Z,telemetry,boiler_01,12,5,55,400,65,65
,,0,2026-09-13T13:05:28.872Z,2026-09-14T13:05:28.872Z,2026-09-13T15:25:58.872Z,telemetry,boiler_01,12,5,55,401,65,65
,,0,2026-09-13T13:05:28.872Z,2026-09-14T13:05:28.872Z,2026-09-13T15:26:28.872Z,telemetry,boiler_01,12,5,55,402,65,65
,,0,2026-09-13T13:05:28.872Z,2026-09-14T13:05:28.872Z,2026-09-13T15:26:58.872Z,telemetry,boiler_01,12,5,55,403,65,65
,,0,2026-09-13T13:05:28.872Z,2026-09-14T13:05:28.872Z,2026-09-13T15:27:28.872Z,telemetry,boiler_01,12,5,55,404,65,65
,,0,2026-09-13T13:05:28.872Z,2026-09-14T13:05:28.872Z,2026-09-13T15:27:58.872Z,telemetry,boiler_01,12,5,55,405,65,65
,,0,2026-09-13T13:05:28.872Z,2026-09-14T13:05:28.872Z,2026-09-13T15:28:28.872Z,telemetry,boiler_01,12,5,55,406,65,65
,,0,2026-09-13T13:05:28.872Z,2026-09-14T13:05:28.872Z,2026-09-13T15:28:58.872Z,telemetry,boiler_01,12,5,55,407,65,65
,,0,2026-09-13T13:05:28.872Z,2026-09-14T13:05:28.872Z,2026-09-13T15:29:28.872Z,telemetry,boiler_01,12,5,55,408,65,65
,,0,2026-09-13T13:05:28.872Z,2026-09-14T13:05:28.872Z,2026-09-13T15:29:58.872Z,telemetry,boiler_01,12,5,55,409,65,65
,,0,2026-09-13T13:05:28.872Z,2026-09-14T13:05:28.872Z,2026-09-13T15:30:28.872Z,telemetry,boiler_01,12,0,52.95,410,65,62.95
,,0,2026-09-13T13:05:28.872Z,2026-09-14T13:05:28.872Z,2026-09-13T15:30:58.872Z,telemetry,boiler_01,12,0,50.85,411,65,60.85
,,0,2026-09-13T13:05:28.872Z,2026-09-14T13:05:28.872Z,2026-09-13T15:31:28.872Z,telemetry,boiler_01,12,0,48.86,412,65,58.86
,,0,2026-09-13T13:05:28.872Z,2026-09-14T13:05:28.872Z,2026-09-13T15:31:58.872Z,telemetry,boiler_01,12,0,46.97,413,65,56.97
,,0,2026-09-13T13:05:28.872Z,2026-09-14T13:05:28.872Z,2026-09-13T15:32:28.872Z,telemetry,boiler_01,12,0,45.16,414,65,55.16
,,0,2026-09-13T13:05:28.872Z,2026-09-14T13:05:28.872Z,2026-09-13T15:32:58.872Z,telemetry,boiler_01,12,0,43.45,415,65,53.45
,,0,2026-09-13T13:05:28.872Z,2026-09-14T13:05:28.872Z,2026-09-13T15:33:28.872Z,telemetry,boiler_01,12,0,41.82,416,65,51.82
,,0,2026-09-13T13:05:28.872Z,2026-09-14T13:05:28.872Z,2026-09-13T15:33:58.872Z,telemetry,boiler_01,12,0,40.27,417,65,50.27
,,0,2026-09-13T13:05:28.872Z,2026-09-14T13:05:28.872Z,2026-09-13T15:34:28.872Z,telemetry,boiler_01,12,0,38.79,418,65,48.79
,,0,2026-09-13T13:05:28.872Z,2026-09-14T13:05:28.872Z,2026-09-13T15:34:58.872Z,telemetry,boiler_01,12,0,37.39,419,65,47.39
,,0,2026-09-13T13:05:28.872Z,2026-09-14T13:05:28.872Z,2026-09-13T15:35:28.873Z,telemetry,boiler_01,12,0,36.05,420,65,46.05
,,0,2026-09-13T13:05:28.872Z,2026-09-14T13:05:28.872Z,2026-09-13T15:35:58.872Z,telemetry,boiler_01,12,0,34.78,421,65,44.78
,,0,2026-09-13T13:05:28.872Z,2026-09-14T13:05:28.872Z,2026-09-13T15:36:28.872Z,telemetry,boiler_01,12,0,33.57,422,65,43.57
,,0,2026-09-13T13:05:28.872Z,2026-09-14T13:05:28.872Z,2026-09-13T15:36:58.872Z,telemetry,boiler_01,12,0,32.42,423,65,42.42
,,0,2026-09-13T13:05:28.872Z,2026-09-14T13:05:28.872Z,2026-09-13T15:37:28.872Z,telemetry,boiler_01,12,0,31.33,424,65,41.33
,,0,2026-09-13T13:05:28.872Z,2026-09-14T13:05:28.872Z,2026-09-13T15:37:58.872Z,telemetry,boiler_01,12,0,30.29,425,65,40.29
,,0,2026-09-13T13:05:28.872Z,2026-09-14T13:05:28.872Z,2026-09-13T15:38:28.872Z,telemetry,boiler_01,12,0,29.3,426,65,39.3
,,0,2026-09-13T13:05:28.872Z,2026-09-14T13:05:28.872Z,2026-09-13T15:38:58.872Z,telemetry,boiler_01,12,0,28.36,427,65,38.36
,,0,2026-09-13T13:05:28.872Z,2026-09-14T13:05:28.872Z,2026-09-13T15:39:28.872Z,telemetry,boiler_01,12,0,27.46,428,65,37.46
,,0,2026-09-13T13:05:28.872Z,2026-09-14T13:05:28.872Z,2026-09-13T15:39:58.872Z,telemetry,boiler_01,12,0,26.61,429,65,36.61
,,0,2026-09-13T13:05:28.872Z,2026-09-14T13:05:28.872Z,2026-09-13T15:40:28.872Z,telemetry,boiler_01,12,5,45.72,430,65,55.72
,,0,2026-09-13T13:05:28.872Z,2026-09-14T13:05:28.872Z,2026-09-13T15:40:58.872Z,telemetry,boiler_01,12,5,52.2,431,65,62.2
,,0,2026-09-13T13:05:28.872Z,2026-09-14T13:05:28.872Z,2026-09-13T15:41:28.872Z,telemetry,boiler_01,12,5,54.16,432,65,64.16
,,0,2026-09-13T13:05:28.872Z,2026-09-14T13:05:28.872Z,2026-09-13T15:41:58.872Z,telemetry,boiler_01,12,5,54.75,433,65,64.75
,,0,2026-09-13T13:05:28.872Z,2026-09-14T13:05:28.872Z,2026-09-13T15:42:28.872Z,telemetry,boiler_01,12,5,54.92,434,65,64.92
,,0,2026-09-13T13:05:28.872Z,2026-09-14T13:05:28.872Z,2026-09-13T15:42:58.872Z,telemetry,boiler_01,12,5,54.98,435,65,64.98
,,0,2026-09-13T13:05:28.872Z,2026-09-14T13:05:28.872Z,2026-09-13T15:43:28.872Z,telemetry,boiler_01,12,5,54.99,436,65,64.99
,,0,2026-09-13T13:05:28.872Z,2026-09-14T13:05:28.872Z,2026-09-13T15:43:58.872Z,telemetry,boiler_01,12,5,55,437,65,65
,,0,2026-09-13T13:05:28.872Z,2026-09-14T13:05:28.872Z,2026-09-13T15:44:28.872Z,telemetry,boiler_01,12,5,55,438,65,65
,,0,2026-09-13T13:05:28.872Z,2026-09-14T13:05:28.872Z,2026-09-13T15:44:58.872Z,telemetry,boiler_01,12,5,55,439,65,65
,,0,2026-09-13T13:05:28.872Z,2026-09-14T13:05:28.872Z,2026-09-13T15:45:28.872Z,telemetry,boiler_01,12,5,55,440,65,65
,,0,2026-09-13T13:05:28.872Z,2026-09-14T13:05:28.872Z,2026-09-13T15:45:58.872Z,telemetry,boiler_01,12,5,55,441,65,65
,,0,2026-09-13T13:05:28.872Z,2026-09-14T13:05:28.872Z,2026-09-13T15:46:28.872Z,telemetry,boiler_01,12,5,55,442,65,65
,,0,2026-09-13T13:05:28.872Z,2026-09-14T13:05:28.872Z,2026-09-13T15:46:58.872Z,telemetry,boiler_01,12,5,55,443,65,65
,,0,2026-09-13T13:05:28.872Z,2026-09-14T13:05:28.872Z,2026-09-13T15:47:28.872Z,telemetry,boiler_01,12,5,55,444,65,65
,,0,2026-09-13T13:05:28.872Z,2026-09-14T13:05:28.872Z,2026-09-13T15:47:58.872Z,telemetry,boiler_01,12,5,55,445,65,65
,,0,2026-09-13T13:05:28.872Z,2026-09-14T13:05:28.872Z,2026-09-13T15:48:28.872Z,telemetry,boiler_01,12,5,55,446,65,65
,,0,2026-09-13T13:05:28.872Z,2026-09-14T13:05:28.872Z,2026-09-13T15:48:58.872Z,telemetry,boiler_01,12,5,55,447,65,65
,,0,2026-09-13T13:05:28.872Z,2026-09-14T13:05:28.872Z,2026-09-13T15:49:28.872Z,telemetry,boiler_01,12,5,55,448,65,65
,,0,2026-09-13T13:05:28.872Z,2026-09-14T13:05:28.872Z,2026-09-13T15:49:58.872Z,telemetry,boiler_01,12,5,55,449,65,65
,,0,2026-09-13T13:05:28.872Z,2026-09-14T13:05:28.872Z,2026-09-13T15:50:28.872Z,telemetry,boiler_01,12,0,52.95,450,65,62.95
,,0,2026-09-13T13:05:28.872Z,2026-09-14T13:05:28.872Z,2026-09-13T15:50:58.872Z,telemetry,boiler_01,12,0,50.85,451,65,60.85
,,0,2026-09-13T13:05:28.872Z,2026-09-14T13:05:28.872Z,2026-09-13T15:51:28.872Z,telemetry,boiler_01,12,0,48.86,452,65,58.86
,,0,2026-09-13T13:05:28.872Z,2026-09-14T13:05:28.872Z,2026-09-13T15:51:58.872Z,telemetry,boiler_01,12,0,46.97,453,65,56.97
,,0,2026-09-13T13:05:28.872Z,2026-09-14T13:05:28.872Z,2026-09-13T15:52:28.872Z,telemetry,boiler_01,12,0,45.16,454,65,55.16
,,0,2026-09-13T13:05:28.872Z,2026-09-14T13:05:28.872Z,2026-09-13T15:52:58.872Z,telemetry,boiler_01,12,0,43.45,455,65,53.45
,,0,2026-09-13T13:05:28.872Z,2026-09-14T13:05:28.872Z,2026-09-13T15:53:28.872Z,telemetry,boiler_01,12,0,41.82,456,65,51.82
,,0,2026-09-13T13:05:28.872Z,2026-09-14T13:05:28.872Z,2026-09-13T15:53:58.872Z,telemetry,boiler_01,12,0,40.27,457,65,50.27
,,0,2026-09-13T13:05:28.872Z,2026-09-14T13:05:28.872Z,2026-09-13T15:54:28.872Z,telemetry,boiler_01,12,0,38.79,458,65,48.79
,,0,2026-09-13T13:05:28.872Z,2026-09-14T13:05:28.872Z,2026-09-13T15:54:58.872Z,telemetry,boiler_01,12,0,37.39,459,65,47.39
,,0,2026-09-13T13:05:28.872Z,2026-09-14T13:05:28.872Z,2026-09-13T15:55:28.872Z,telemetry,boiler_01,12,0,36.05,460,65,46.05
,,0,2026-09-13T13:05:28.872Z,2026-09-14T13:05:28.872Z,2026-09-13T15:55:58.872Z,telemetry,boiler_01,12,0,34.78,461,65,44.78
,,0,2026-09-13T13:05:28.872Z,2026-09-14T13:05:28.872Z,2026-09-13T15:56:28.872Z,telemetry,boiler_01,12,0,33.57,462,65,43.57
,,0,2026-09-13T13:05:28.872Z,2026-09-14T13:05:28.872Z,2026-09-13T15:56:58.872Z,telemetry,boiler_01,12,0,32.42,463,65,42.42
,,0,2026-09-13T13:05:28.872Z,2026-09-14T13:05:28.872Z,2026-09-13T15:57:28.872Z,telemetry,boiler_01,12,0,31.33,464,65,41.33
,,0,2026-09-13T13:05:28.872Z,2026-09-14T13:05:28.872Z,2026-09-13T15:57:58.872Z,telemetry,boiler_01,12,0,30.29,465,65,40.29
,,0,2026-09-13T13:05:28.872Z,2026-09-14T13:05:28.872Z,2026-09-13T15:58:28.872Z,telemetry,boiler_01,12,0,29.3,466,65,39.3
,,0,2026-09-13T13:05:28.872Z,2026-09-14T13:05:28.872Z,2026-09-13T15:58:58.872Z,telemetry,boiler_01,12,0,28.36,467,65,38.36
,,0,2026-09-13T13:05:28.872Z,2026-09-14T13:05:28.872Z,2026-09-13T15:59:28.872Z,telemetry,boiler_01,12,0,27.46,468,65,37.46
,,0,2026-09-13T13:05:28.872Z,2026-09-14T13:05:28.872Z,2026-09-13T15:59:58.872Z,telemetry,boiler_01,12,0,26.61,469,65,36.61
,,0,2026-09-13T13:05:28.872Z,2026-09-14T13:05:28.872Z,2026-09-13T16:00:28.872Z,telemetry,boiler_01,12,5,45.72,470,65,55.72
,,0,2026-09-13T13:05:28.872Z,2026-09-14T13:05:28.872Z,2026-09-13T16:00:58.872Z,telemetry,boiler_01,12,5,52.2,471,65,62.2
,,0,2026-09-13T13:05:28.872Z,2026-09-14T13:05:28.872Z,2026-09-13T16:01:28.872Z,telemetry,boiler_01,12,5,54.16,472,65,64.16
,,0,2026-09-13T13:05:28.872Z,2026-09-14T13:05:28.872Z,2026-09-13T16:01:58.872Z,telemetry,boiler_01,12,5,54.75,473,65,64.75
,,0,2026-09-13T13:05:28.872Z,2026-09-14T13:05:28.872Z,2026-09-13T16:02:28.872Z,telemetry,boiler_01,12,5,54.92,474,65,64.92
,,0,2026-09-13T13:05:28.872Z,2026-09-14T13:05:28.872Z,2026-09-13T16:02:58.872Z,telemetry,boiler_01,12,5,54.98,475,65,64.98
,,0,2026-09-13T13:05:28.872Z,2026-09-14T13:05:28.872Z,2026-09-13T16:03:28.872Z,telemetry,boiler_01,12,5,54.99,476,65,64.99
,,0,2026-09-13T13:05:28.872Z,2026-09-14T13:05:28.872Z,2026-09-13T16:03:58.872Z,telemetry,boiler_01,12,5,55,477,65,65
,,0,2026-09-13T13:05:28.872Z,2026-09-14T13:05:28.872Z,2026-09-13T16:04:28.872Z,telemetry,boiler_01,12,5,55,478,65,65
,,0,2026-09-13T13:05:28.872Z,2026-09-14T13:05:28.872Z,2026-09-13T16:04:58.872Z,telemetry,boiler_01,12,5,55,479,65,65
,,0,2026-09-13T13:05:28.872Z,2026-09-14T13:05:28.872Z,2026-09-13T16:05:28.872Z,telemetry,boiler_01,12,5,55,480,65,65
,,0,2026-09-13T13:05:28.872Z,2026-09-14T13:05:28.872Z,2026-09-13T16:05:58.872Z,telemetry,boiler_01,12,5,55,481,65,65
,,0,2026-09-13T13:05:28.872Z,2026-09-14T13:05:28.872Z,2026-09-13T16:06:28.872Z,telemetry,boiler_01,12,5,55,482,65,65
,,0,2026-09-13T13:05:28.872Z,2026-09-14T13:05:28.872Z,2026-09-13T16:06:58.872Z,telemetry,boiler_01,12,5,55,483,65,65
,,0,2026-09-13T13:05:28.872Z,2026-09-14T13:05:28.872Z,2026-09-13T16:07:28.872Z,telemetry,boiler_01,12,5,55,484,65,65
,,0,2026-09-13T13:05:28.872Z,2026-09-14T13:05:28.872Z,2026-09-13T16:07:58.872Z,telemetry,boiler_01,12,5,55,485,65,65
,,0,2026-09-13T13:05:28.872Z,2026-09-14T13:05:28.872Z,2026-09-13T16:08:28.872Z,telemetry,boiler_01,12,5,55,486,65,65
,,0,2026-09-13T13:05:28.872Z,2026-09-14T13:05:28.872Z,2026-09-13T16:08:58.872Z,telemetry,boiler_01,12,5,55,487,65,65
,,0,2026-09-13T13:05:28.872Z,2026-09-14T13:05:28.872Z,2026-09-13T16:09:28.872Z,telemetry,boiler_01,12,5,55,488,65,65
,,0,2026-09-13T13:05:28.872Z,2026-09-14T13:05:28.872Z,2026-09-13T16:09:58.872Z,telemetry,boiler_01,12,5,55,489,65,65
,,0,2026-09-13T13:05:28.872Z,2026-09-14T13:05:28.872Z,2026-09-13T16:10:28.872Z,telemetry,boiler_01,12,0,52.95,490,65,62.95
,,0,2026-09-13T13:05:28.872Z,2026-09-14T13:05:28.872Z,2026-09-13T16:10:58.872Z,telemetry,boiler_01,12,0,50.85,491,65,60.85
,,0,2026-09-13T13:05:28.872Z,2026-09-14T13:05:28.872Z,2026-09-13T16:11:28.872Z,telemetry,boiler_01,12,0,48.86,492,65,58.86
,,0,2026-09-13T13:05:28.872Z,2026-09-14T13:05:28.872Z,2026-09-13T16:11:58.872Z,telemetry,boiler_01,12,0,46.97,493,65,56.97
,,0,2026-09-13T13:05:28.872Z,2026-09-14T13:05:28.872Z,2026-09-13T16:12:28.872Z,telemetry,boiler_01,12,0,45.16,494,65,55.16
,,0,2026-09-13T13:05:28.872Z,2026-09-14T13:05:28.872Z,2026-09-13T16:12:58.872Z,telemetry,boiler_01,12,0,43.45,495,65,53.45
,,0,2026-09-13T13:05:28.872Z,2026-09-14T13:05:28.872Z,2026-09-13T16:13:28.872Z,telemetry,boiler_01,12,0,41.82,496,65,51.82
,,0,2026-09-13T13:05:28.872Z,2026-09-14T13:05:28.872Z,2026-09-13T16:13:58.872Z,telemetry,boiler_01,12,0,40.27,497,65,50.27
,,0,2026-09-13T13:05:28.872Z,2026-09-14T13:05:28.872Z,2026-09-13T16:14:28.872Z,telemetry,boiler_01,12,0,38.79,498,65,48.79
,,0,2026-09-13T13:05:28.872Z,2026-09-14T13:05:28.872Z,2026-09-13T16:14:58.872Z,telemetry,boiler_01,12,0,37.39,499,65,47.39
,,0,2026-09-13T13:05:28.872Z,2026-09-14T13:05:28.872Z,2026-09-13T16:15:28.872Z,telemetry,boiler_01,12,0,36.05,500,65,46.05
,,0,2026-09-13T13:05:28.872Z,2026-09-14T13:05:28.872Z,2026-09-13T16:15:58.872Z,telemetry,boiler_01,12,0,34.78,501,65,44.78
,,0,2026-09-13T13:05:28.872Z,2026-09-14T13:05:28.872Z,2026-09-13T16:16:28.872Z,telemetry,boiler_01,12,0,33.57,502,65,43.57
,,0,2026-09-13T13:05:28.872Z,2026-09-14T13:05:28.872Z,2026-09-13T16:16:58.872Z,telemetry,boiler_01,12,0,32.42,503,65,42.42
,,0,2026-09-13T13:05:28.872Z,2026-09-14T13:05:28.872Z,2026-09-13T16:17:28.872Z,telemetry,boiler_01,12,0,31.33,504,65,41.33
,,0,2026-09-13T13:05:28.872Z,2026-09-14T13:05:28.872Z,2026-09-13T16:17:58.872Z,telemetry,boiler_01,12,0,30.29,505,65,40.29
,,0,2026-09-13T13:05:28.872Z,2026-09-14T13:05:28.872Z,2026-09-13T16:18:28.872Z,telemetry,boiler_01,12,0,29.3,506,65,39.3
,,0,2026-09-13T13:05:28.872Z,2026-09-14T13:05:28.872Z,2026-09-13T16:18:58.872Z,telemetry,boiler_01,12,0,28.36,507,65,38.36
,,0,2026-09-13T13:05:28.872Z,2026-09-14T13:05:28.872Z,2026-09-13T16:19:28.872Z,telemetry,boiler_01,12,0,27.46,508,65,37.46
,,0,2026-09-13T13:05:28.872Z,2026-09-14T13:05:28.872Z,2026-09-13T16:19:58.872Z,telemetry,boiler_01,12,0,26.61,509,65,36.61
,,0,2026-09-13T13:05:28.872Z,2026-09-14T13:05:28.872Z,2026-09-13T16:20:28.872Z,telemetry,boiler_01,12,5,45.72,510,65,55.72
,,0,2026-09-13T13:05:28.872Z,2026-09-14T13:05:28.872Z,2026-09-13T16:20:58.872Z,telemetry,boiler_01,12,5,52.2,511,65,62.2
,,0,2026-09-13T13:05:28.872Z,2026-09-14T13:05:28.872Z,2026-09-13T16:21:28.872Z,telemetry,boiler_01,12,5,54.16,512,65,64.16
,,0,2026-09-13T13:05:28.872Z,2026-09-14T13:05:28.872Z,2026-09-13T16:21:58.872Z,telemetry,boiler_01,12,5,54.75,513,65,64.75
,,0,2026-09-13T13:05:28.872Z,2026-09-14T13:05:28.872Z,2026-09-13T16:22:28.872Z,telemetry,boiler_01,12,5,54.92,514,65,64.92
,,0,2026-09-13T13:05:28.872Z,2026-09-14T13:05:28.872Z,2026-09-13T16:22:58.872Z,telemetry,boiler_01,12,5,54.98,515,65,64.98
,,0,2026-09-13T13:05:28.872Z,2026-09-14T13:05:28.872Z,2026-09-13T16:23:28.872Z,telemetry,boiler_01,12,5,54.99,516,65,64.99
,,0,2026-09-13T13:05:28.872Z,2026-09-14T13:05:28.872Z,2026-09-13T16:23:58.872Z,telemetry,boiler_01,12,5,55,517,65,65
,,0,2026-09-13T13:05:28.872Z,2026-09-14T13:05:28.872Z,2026-09-13T16:24:28.872Z,telemetry,boiler_01,12,5,55,518,65,65
,,0,2026-09-13T13:05:28.872Z,2026-09-14T13:05:28.872Z,2026-09-13T16:24:58.872Z,telemetry,boiler_01,12,5,55,519,65,65
,,0,2026-09-13T13:05:28.872Z,2026-09-14T13:05:28.872Z,2026-09-13T16:25:28.872Z,telemetry,boiler_01,12,5,55,520,65,65
,,0,2026-09-13T13:05:28.872Z,2026-09-14T13:05:28.872Z,2026-09-13T16:25:58.872Z,telemetry,boiler_01,12,5,55,521,65,65
,,0,2026-09-13T13:05:28.872Z,2026-09-14T13:05:28.872Z,2026-09-13T16:26:28.872Z,telemetry,boiler_01,12,5,55,522,65,65
,,0,2026-09-13T13:05:28.872Z,2026-09-14T13:05:28.872Z,2026-09-13T16:26:58.872Z,telemetry,boiler_01,12,5,55,523,65,65
,,0,2026-09-13T13:05:28.872Z,2026-09-14T13:05:28.872Z,2026-09-13T16:27:28.872Z,telemetry,boiler_01,12,5,55,524,65,65
,,0,2026-09-13T13:05:28.872Z,2026-09-14T13:05:28.872Z,2026-09-13T16:27:58.872Z,telemetry,boiler_01,12,5,55,525,65,65
,,0,2026-09-13T13:05:28.872Z,2026-09-14T13:05:28.872Z,2026-09-13T16:28:28.872Z,telemetry,boiler_01,12,5,55,526,65,65
,,0,2026-09-13T13:05:28.872Z,2026-09-14T13:05:28.872Z,2026-09-13T16:28:58.872Z,telemetry,boiler_01,12,5,55,527,65,65
,,0,2026-09-13T13:05:28.872Z,2026-09-14T13:05:28.872Z,2026-09-13T16:29:28.872Z,telemetry,boiler_01,12,5,55,528,65,65
,,0,2026-09-13T13:05:28.872Z,2026-09-14T13:05:28.872Z,2026-09-13T16:29:58.872Z,telemetry,boiler_01,12,5,55,529,65,65
,,0,2026-09-13T13:05:28.872Z,2026-09-14T13:05:28.872Z,2026-09-13T16:30:28.872Z,telemetry,boiler_01,12,0,52.95,530,65,62.95
,,0,2026-09-13T13:05:28.872Z,2026-09-14T13:05:28.872Z,2026-09-13T16:30:58.872Z,telemetry,boiler_01,12,0,50.85,531,65,60.85
,,0,2026-09-13T13:05:28.872Z,2026-09-14T13:05:28.872Z,2026-09-13T16:31:28.872Z,telemetry,boiler_01,12,0,48.86,532,65,58.86
,,0,2026-09-13T13:05:28.872Z,2026-09-14T13:05:28.872Z,2026-09-13T16:31:58.872Z,telemetry,boiler_01,12,0,46.97,533,65,56.97
,,0,2026-09-13T13:05:28.872Z,2026-09-14T13:05:28.872Z,2026-09-13T16:32:28.872Z,telemetry,boiler_01,12,0,45.16,534,65,55.16
,,0,2026-09-13T13:05:28.872Z,2026-09-14T13:05:28.872Z,2026-09-13T16:32:58.872Z,telemetry,boiler_01,12,0,43.45,535,65,53.45
,,0,2026-09-13T13:05:28.872Z,2026-09-14T13:05:28.872Z,2026-09-13T16:33:28.872Z,telemetry,boiler_01,12,0,41.82,536,65,51.82
,,0,2026-09-13T13:05:28.872Z,2026-09-14T13:05:28.872Z,2026-09-13T16:33:58.872Z,telemetry,boiler_01,12,0,40.27,537,65,50.27
,,0,2026-09-13T13:05:28.872Z,2026-09-14T13:05:28.872Z,2026-09-13T16:34:28.872Z,telemetry,boiler_01,12,0,38.79,538,65,48.79
,,0,2026-09-13T13:05:28.872Z,2026-09-14T13:05:28.872Z,2026-09-13T16:34:58.872Z,telemetry,boiler_01,12,0,37.39,539,65,47.39
,,0,2026-09-13T13:05:28.872Z,2026-09-14T13:05:28.872Z,2026-09-13T16:35:28.873Z,telemetry,boiler_01,12,0,36.05,540,65,46.05
,,0,2026-09-13T13:05:28.872Z,2026-09-14T13:05:28.872Z,2026-09-13T16:35:58.872Z,telemetry,boiler_01,12,0,34.78,541,65,44.78
,,0,2026-09-13T13:05:28.872Z,2026-09-14T13:05:28.872Z,2026-09-13T16:36:28.872Z,telemetry,boiler_01,12,0,33.57,542,65,43.57
,,0,2026-09-13T13:05:28.872Z,2026-09-14T13:05:28.872Z,2026-09-13T16:36:58.872Z,telemetry,boiler_01,12,0,32.42,543,65,42.42
,,0,2026-09-13T13:05:28.872Z,2026-09-14T13:05:28.872Z,2026-09-13T16:37:28.872Z,telemetry,boiler_01,12,0,31.33,544,65,41.33
,,0,2026-09-13T13:05:28.872Z,2026-09-14T13:05:28.872Z,2026-09-13T16:37:58.872Z,telemetry,boiler_01,12,0,30.29,545,65,40.29
,,0,2026-09-13T13:05:28.872Z,2026-09-14T13:05:28.872Z,2026-09-13T16:38:28.872Z,telemetry,boiler_01,12,0,29.3,546,65,39.3
,,0,2026-09-13T13:05:28.872Z,2026-09-14T13:05:28.872Z,2026-09-13T16:38:58.872Z,telemetry,boiler_01,12,0,28.36,547,65,38.36
,,0,2026-09-13T13:05:28.872Z,2026-09-14T13:05:28.872Z,2026-09-13T16:39:28.872Z,telemetry,boiler_01,12,0,27.46,548,65,37.46
,,0,2026-09-13T13:05:28.872Z,2026-09-14T13:05:28.872Z,2026-09-13T16:39:58.872Z,telemetry,boiler_01,12,0,26.61,549,65,36.61
,,0,2026-09-13T13:05:28.872Z,2026-09-14T13:05:28.872Z,2026-09-13T16:40:28.872Z,telemetry,boiler_01,12,5,45.72,550,65,55.72
,,0,2026-09-13T13:05:28.872Z,2026-09-14T13:05:28.872Z,2026-09-13T16:40:58.872Z,telemetry,boiler_01,12,5,52.2,551,65,62.2
,,0,2026-09-13T13:05:28.872Z,2026-09-14T13:05:28.872Z,2026-09-13T16:41:28.872Z,telemetry,boiler_01,12,5,54.16,552,65,64.16
,,0,2026-09-13T13:05:28.872Z,2026-09-14T13:05:28.872Z,2026-09-13T16:41:58.872Z,telemetry,boiler_01,12,5,54.75,553,65,64.75
,,0,2026-09-13T13:05:28.872Z,2026-09-14T13:05:28.872Z,2026-09-13T16:42:28.872Z,telemetry,boiler_01,12,5,54.92,554,65,64.92
,,0,2026-09-13T13:05:28.872Z,2026-09-14T13:05:28.872Z,2026-09-13T16:42:58.872Z,telemetry,boiler_01,12,5,54.98,555,65,64.98
,,0,2026-09-13T13:05:28.872Z,2026-09-14T13:05:28.872Z,2026-09-13T16:43:28.872Z,telemetry,boiler_01,12,5,54.99,556,65,64.99
,,0,2026-09-13T13:05:28.872Z,2026-09-14T13:05:28.872Z,2026-09-13T16:43:58.872Z,telemetry,boiler_01,12,5,55,557,65,65
,,0,2026-09-13T13:05:28.872Z,2026-09-14T13:05:28.872Z,2026-09-13T16:44:28.872Z,telemetry,boiler_01,12,5,55,558,65,65
,,0,2026-09-13T13:05:28.872Z,2026-09-14T13:05:28.872Z,2026-09-13T16:44:58.872Z,telemetry,boiler_01,12,5,55,559,65,65
,,0,2026-09-13T13:05:28.872Z,2026-09-14T13:05:28.872Z,2026-09-13T16:45:28.872Z,telemetry,boiler_01,12,5,55,560,65,65
,,0,2026-09-13T13:05:28.872Z,2026-09-14T13:05:28.872Z,2026-09-13T16:45:58.872Z,telemetry,boiler_01,12,5,55,561,65,65
,,0,2026-09-13T13:05:28.872Z,2026-09-14T13:05:28.872Z,2026-09-13T16:46:28.872Z,telemetry,boiler_01,12,5,55,562,65,65
,,0,2026-09-13T13:05:28.872Z,2026-09-14T13:05:28.872Z,2026-09-13T16:46:58.872Z,telemetry,boiler_01,12,5,55,563,65,65
,,0,2026-09-13T13:05:28.872Z,2026-09-14T13:05:28.872Z,2026-09-13T16:47:28.872Z,telemetry,boiler_01,12,5,55,564,65,65
,,0,2026-09-13T13:05:28.872Z,2026-09-14T13:05:28.872Z,2026-09-13T16:47:58.872Z,telemetry,boiler_01,12,5,55,565,65,65
,,0,2026-09-13T13:05:28.872Z,2026-09-14T13:05:28.872Z,2026-09-13T16:48:28.872Z,telemetry,boiler_01,12,5,55,566,65,65
,,0,2026-09-13T13:05:28.872Z,2026-09-14T13:05:28.872Z,2026-09-13T16:48:58.872Z,telemetry,boiler_01,12,5,55,567,65,65
,,0,2026-09-13T13:05:28.872Z,2026-09-14T13:05:28.872Z,2026-09-13T16:49:28.872Z,telemetry,boiler_01,12,5,55,568,65,65
,,0,2026-09-13T13:05:28.872Z,2026-09-14T13:05:28.872Z,2026-09-13T16:49:58.872Z,telemetry,boiler_01,12,5,55,569,65,65
,,0,2026-09-13T13:05:28.872Z,2026-09-14T13:05:28.872Z,2026-09-13T16:50:28.872Z,telemetry,boiler_01,12,0,52.95,570,65,62.95
,,0,2026-09-13T13:05:28.872Z,2026-09-14T13:05:28.872Z,2026-09-13T16:50:58.872Z,telemetry,boiler_01,12,0,50.85,571,65,60.85
,,0,2026-09-13T13:05:28.872Z,2026-09-14T13:05:28.872Z,2026-09-13T16:51:28.872Z,telemetry,boiler_01,12,0,48.86,572,65,58.86
,,0,2026-09-13T13:05:28.872Z,2026-09-14T13:05:28.872Z,2026-09-13T16:51:58.872Z,telemetry,boiler_01,12,0,46.97,573,65,56.97
,,0,2026-09-13T13:05:28.872Z,2026-09-14T13:05:28.872Z,2026-09-13T16:52:28.872Z,telemetry,boiler_01,12,0,45.16,574,65,55.16
,,0,2026-09-13T13:05:28.872Z,2026-09-14T13:05:28.872Z,2026-09-13T16:52:58.872Z,telemetry,boiler_01,12,0,43.45,575,65,53.45
,,0,2026-09-13T13:05:28.872Z,2026-09-14T13:05:28.872Z,2026-09-13T16:53:28.872Z,telemetry,boiler_01,12,0,41.82,576,65,51.82
,,0,2026-09-13T13:05:28.872Z,2026-09-14T13:05:28.872Z,2026-09-13T16:53:58.872Z,telemetry,boiler_01,12,0,40.27,577,65,50.27
,,0,2026-09-13T13:05:28.872Z,2026-09-14T13:05:28.872Z,2026-09-13T16:54:28.872Z,telemetry,boiler_01,12,0,38.79,578,65,48.79
,,0,2026-09-13T13:05:28.872Z,2026-09-14T13:05:28.872Z,2026-09-13T16:54:58.872Z,telemetry,boiler_01,12,0,37.39,579,65,47.39
,,0,2026-09-13T13:05:28.872Z,2026-09-14T13:05:28.872Z,2026-09-13T16:55:28.872Z,telemetry,boiler_01,12,0,36.05,580,65,46.05
,,0,2026-09-13T13:05:28.872Z,2026-09-14T13:05:28.872Z,2026-09-13T16:55:58.872Z,telemetry,boiler_01,12,0,34.78,581,65,44.78
,,0,2026-09-13T13:05:28.872Z,2026-09-14T13:05:28.872Z,2026-09-13T16:56:28.872Z,telemetry,boiler_01,12,0,33.57,582,65,43.57
,,0,2026-09-13T13:05:28.872Z,2026-09-14T13:05:28.872Z,2026-09-13T16:56:58.872Z,telemetry,boiler_01,12,0,32.42,583,65,42.42
,,0,2026-09-13T13:05:28.872Z,2026-09-14T13:05:28.872Z,2026-09-13T16:57:28.872Z,telemetry,boiler_01,12,0,31.33,584,65,41.33
,,0,2026-09-13T13:05:28.872Z,2026-09-14T13:05:28.872Z,2026-09-13T16:57:58.872Z,telemetry,boiler_01,12,0,30.29,585,65,40.29
,,0,2026-09-13T13:05:28.872Z,2026-09-14T13:05:28.872Z,2026-09-13T16:58:28.872Z,telemetry,boiler_01,12,0,29.3,586,65,39.3
,,0,2026-09-13T13:05:28.872Z,2026-09-14T13:05:28.872Z,2026-09-13T16:58:58.872Z,telemetry,boiler_01,12,0,28.36,587,65,38.36
,,0,2026-09-13T13:05:28.872Z,2026-09-14T13:05:28.872Z,2026-09-13T16:59:28.872Z,telemetry,boiler_01,12,0,27.46,588,65,37.46
,,0,2026-09-13T13:05:28.872Z,2026-09-14T13:05:28.872Z,2026-09-13T16:59:58.872Z,telemetry,boiler_01,12,0,26.61,589,65,36.61
,,0,2026-09-13T13:05:28.872Z,2026-09-14T13:05:28.872Z,2026-09-13T17:00:28.872Z,telemetry,boiler_01,12,5,45.72,590,65,55.72
,,0,2026-09-13T13:05:28.872Z,2026-09-14T13:05:28.872Z,2026-09-13T17:00:58.872Z,telemetry,boiler_01,12,5,52.2,591,65,62.2
,,0,2026-09-13T13:05:28.872Z,2026-09-14T13:05:28.872Z,2026-09-13T17:01:28.872Z,telemetry,boiler_01,12,5,54.16,592,65,64.16
,,0,2026-09-13T13:05:28.872Z,2026-09-14T13:05:28.872Z,2026-09-13T17:01:58.872Z,telemetry,boiler_01,12,5,54.75,593,65,64.75
,,0,2026-09-13T13:05:28.872Z,2026-09-14T13:05:28.872Z,2026-09-13T17:02:28.872Z,telemetry,boiler_01,12,5,54.92,594,65,64.92
,,0,2026-09-13T13:05:28.872Z,2026-09-14T13:05:28.872Z,2026-09-13T17:02:58.872Z,telemetry,boiler_01,12,5,54.98,595,65,64.98
,,0,2026-09-13T13:05:28.872Z,2026-09-14T13:05:28.872Z,2026-09-13T17:03:28.872Z,telemetry,boiler_01,12,5,54.99,596,65,64.99
,,0,2026-09-13T13:05:28.872Z,2026-09-14T13:05:28.872Z,2026-09-13T17:03:58.872Z,telemetry,boiler_01,12,5,55,597,65,65
,,0,2026-09-13T13:05:28.872Z,2026-09-14T13:05:28.872Z,2026-09-13T17:04:28.872Z,telemetry,boiler_01,12,5,55,598,65,65
,,0,2026-09-13T13:05:28.872Z,2026-09-14T13:05:28.872Z,2026-09-13T17:04:58.872Z,telemetry,boiler_01,12,5,55,599,65,65
,,0,2026-09-13T13:05:28.872Z,2026-09-14T13:05:28.872Z,2026-09-13T17:05:28.872Z,telemetry,boiler_01,12,5,55,600,65,65
,,0,2026-09-13T13:05:28.872Z,2026-09-14T13:05:28.872Z,2026-09-13T17:05:58.872Z,telemetry,boiler_01,12,5,55,601,65,65
,,0,2026-09-13T13:05:28.872Z,2026-09-14T13:05:28.872Z,2026-09-13T17:06:28.872Z,telemetry,boiler_01,12,5,55,602,65,65
,,0,2026-09-13T13:05:28.872Z,2026-09-14T13:05:28.872Z,2026-09-13T17:06:58.872Z,telemetry,boiler_01,12,5,55,603,65,65
,,0,2026-09-13T13:05:28.872Z,2026-09-14T13:05:28.872Z,2026-09-13T17:07:28.872Z,telemetry,boiler_01,12,5,55,604,65,65
,,0,2026-09-13T13:05:28.872Z,2026-09-14T13:05:28.872Z,2026-09-13T17:07:58.872Z,telemetry,boiler_01,12,5,55,605,65,65
,,0,2026-09-13T13:05:28.872Z,2026-09-14T13:05:28.872Z,2026-09-13T17:08:28.872Z,telemetry,boiler_01,12,5,55,606,65,65
,,0,2026-09-13T13:05:28.872Z,2026-09-14T13:05:28.872Z,2026-09-13T17:08:58.872Z,telemetry,boiler_01,12,5,55,607,65,65
,,0,2026-09-13T13:05:28.872Z,2026-09-14T13:05:28.872Z,2026-09-13T17:09:28.872Z,telemetry,boiler_01,12,5,55,608,65,65
,,0,2026-09-13T13:05:28.872Z,2026-09-14T13:05:28.872Z,2026-09-13T17:09:58.872Z,telemetry,boiler_01,12,5,55,609,65,65
,,0,2026-09-13T13:05:28.872Z,2026-09-14T13:05:28.872Z,2026-09-13T17:10:28.872Z,telemetry,boiler_01,12,0,52.95,610,65,62.95
,,0,2026-09-13T13:05:28.872Z,2026-09-14T13:05:28.872Z,2026-09-13T17:10:58.872Z,telemetry,boiler_01,12,0,50.85,611,65,60.85
,,0,2026-09-13T13:05:28.872Z,2026-09-14T13:05:28.872Z,2026-09-13T17:11:28.872Z,telemetry,boiler_01,12,0,48.86,612,65,58.86
,,0,2026-09-13T13:05:28.872Z,2026-09-14T13:05:28.872Z,2026-09-13T17:11:58.872Z,telemetry,boiler_01,12,0,46.97,613,65,56.97
,,0,2026-09-13T13:05:28.872Z,2026-09-14T13:05:28.872Z,2026-09-13T17:12:28.872Z,telemetry,boiler_01,12,0,45.16,614,65,55.16
,,0,2026-09-13T13:05:28.872Z,2026-09-14T13:05:28.872Z,2026-09-13T17:12:58.872Z,telemetry,boiler_01,12,0,43.45,615,65,53.45
,,0,2026-09-13T13:05:28.872Z,2026-09-14T13:05:28.872Z,2026-09-13T17:13:28.872Z,telemetry,boiler_01,12,0,41.82,616,65,51.82
,,0,2026-09-13T13:05:28.872Z,2026-09-14T13:05:28.872Z,2026-09-13T17:13:58.872Z,telemetry,boiler_01,12,0,40.27,617,65,50.27
,,0,2026-09-13T13:05:28.872Z,2026-09-14T13:05:28.872Z,2026-09-13T17:14:28.872Z,telemetry,boiler_01,12,0,38.79,618,65,48.79
,,0,2026-09-13T13:05:28.872Z,2026-09-14T13:05:28.872Z,2026-09-13T17:14:58.872Z,telemetry,boiler_01,12,0,37.39,619,65,47.39
,,0,2026-09-13T13:05:28.872Z,2026-09-14T13:05:28.872Z,2026-09-13T17:15:28.872Z,telemetry,boiler_01,12,0,36.05,620,65,46.05
,,0,2026-09-13T13:05:28.872Z,2026-09-14T13:05:28.872Z,2026-09-13T17:15:58.872Z,telemetry,boiler_01,12,0,34.78,621,65,44.78
,,0,2026-09-13T13:05:28.872Z,2026-09-14T13:05:28.872Z,2026-09-13T17:16:28.872Z,telemetry,boiler_01,12,0,33.57,622,65,43.57
,,0,2026-09-13T13:05:28.872Z,2026-09-14T13:05:28.872Z,2026-09-13T17:16:58.872Z,telemetry,boiler_01,12,0,32.42,623,65,42.42
,,0,2026-09-13T13:05:28.872Z,2026-09-14T13:05:28.872Z,2026-09-13T17:17:28.872Z,telemetry,boiler_01,12,0,31.33,624,65,41.33
,,0,2026-09-13T13:05:28.872Z,2026-09-14T13:05:28.872Z,2026-09-13T17:17:58.872Z,telemetry,boiler_01,12,0,30.29,625,65,40.29
,,0,2026-09-13T13:05:28.872Z,2026-09-14T13:05:28.872Z,2026-09-13T17:18:28.872Z,telemetry,boiler_01,12,0,29.3,626,65,39.3
,,0,2026-09-13T13:05:28.872Z,2026-09-14T13:05:28.872Z,2026-09-13T17:18:58.872Z,telemetry,boiler_01,12,0,28.36,627,65,38.36
,,0,2026-09-13T13:05:28.872Z,2026-09-14T13:05:28.872Z,2026-09-13T17:19:28.872Z,telemetry,boiler_01,12,0,27.46,628,65,37.46
,,0,2026-09-13T13:05:28.872Z,2026-09-14T13:05:28.872Z,2026-09-13T17:19:58.872Z,telemetry,boiler_01,12,0,26.61,629,65,36.61
,,0,2026-09-13T13:05:28.872Z,2026-09-14T13:05:28.872Z,2026-09-13T17:20:28.872Z,telemetry,boiler_01,12,5,45.72,630,65,55.72
,,0,2026-09-13T13:05:28.872Z,2026-09-14T13:05:28.872Z,2026-09-13T17:20:58.872Z,telemetry,boiler_01,12,5,52.2,631,65,62.2
,,0,2026-09-13T13:05:28.872Z,2026-09-14T13:05:28.872Z,2026-09-13T17:21:28.872Z,telemetry,boiler_01,12,5,54.16,632,65,64.16
,,0,2026-09-13T13:05:28.872Z,2026-09-14T13:05:28.872Z,2026-09-13T17:21:58.872Z,telemetry,boiler_01,12,5,54.75,633,65,64.75
,,0,2026-09-13T13:05:28.872Z,2026-09-14T13:05:28.872Z,2026-09-13T17:22:28.872Z,telemetry,boiler_01,12,5,54.92,634,65,64.92
,,0,2026-09-13T13:05:28.872Z,2026-09-14T13:05:28.872Z,2026-09-13T17:22:58.872Z,telemetry,boiler_01,12,5,54.98,635,65,64.98
,,0,2026-09-13T13:05:28.872Z,2026-09-14T13:05:28.872Z,2026-09-13T17:23:28.872Z,telemetry,boiler_01,12,5,54.99,636,65,64.99
,,0,2026-09-13T13:05:28.872Z,2026-09-14T13:05:28.872Z,2026-09-13T17:23:58.872Z,telemetry,boiler_01,12,5,55,637,65,65
,,0,2026-09-13T13:05:28.872Z,2026-09-14T13:05:28.872Z,2026-09-13T17:24:28.872Z,telemetry,boiler_01,12,5,55,638,65,65
,,0,2026-09-13T13:05:28.872Z,2026-09-14T13:05:28.872Z,2026-09-13T17:24:58.872Z,telemetry,boiler_01,12,5,55,639,65,65
,,0,2026-09-13T13:05:28.872Z,2026-09-14T13:05:28.872Z,2026-09-13T17:25:28.873Z,telemetry,boiler_01,12,5,55,640,65,65
,,0,2026-09-13T13:05:28.872Z,2026-09-14T13:05:28.872Z,2026-09-13T17:25:58.872Z,telemetry,boiler_01,12,5,55,641,65,65
,,0,2026-09-13T13:05:28.872Z,2026-09-14T13:05:28.872Z,2026-09-13T17:26:28.872Z,telemetry,boiler_01,12,5,55,642,65,65
,,0,2026-09-13T13:05:28.872Z,2026-09-14T13:05:28.872Z,2026-09-13T17:26:58.872Z,telemetry,boiler_01,12,5,55,643,65,65
,,0,2026-09-13T13:05:28.872Z,2026-09-14T13:05:28.872Z,2026-09-13T17:27:28.872Z,telemetry,boiler_01,12,5,55,644,65,65
,,0,2026-09-13T13:05:28.872Z,2026-09-14T13:05:28.872Z,2026-09-13T17:27:58.872Z,telemetry,boiler_01,12,5,55,645,65,65
,,0,2026-09-13T13:05:28.872Z,2026-09-14T13:05:28.872Z,2026-09-13T17:28:28.872Z,telemetry,boiler_01,12,5,55,646,65,65
,,0,2026-09-13T13:05:28.872Z,2026-09-14T13:05:28.872Z,2026-09-13T17:28:58.872Z,telemetry,boiler_01,12,5,55,647,65,65
,,0,2026-09-13T13:05:28.872Z,2026-09-14T13:05:28.872Z,2026-09-13T17:29:28.872Z,telemetry,boiler_01,12,5,55,648,65,65
,,0,2026-09-13T13:05:28.872Z,2026-09-14T13:05:28.872Z,2026-09-13T17:29:58.872Z,telemetry,boiler_01,12,5,55,649,65,65
,,0,2026-09-13T13:05:28.872Z,2026-09-14T13:05:28.872Z,2026-09-13T17:30:28.872Z,telemetry,boiler_01,12,0,52.95,650,65,62.95
,,0,2026-09-13T13:05:28.872Z,2026-09-14T13:05:28.872Z,2026-09-13T17:30:58.872Z,telemetry,boiler_01,12,0,50.85,651,65,60.85
,,0,2026-09-13T13:05:28.872Z,2026-09-14T13:05:28.872Z,2026-09-13T17:31:28.872Z,telemetry,boiler_01,12,0,48.86,652,65,58.86
,,0,2026-09-13T13:05:28.872Z,2026-09-14T13:05:28.872Z,2026-09-13T17:31:58.872Z,telemetry,boiler_01,12,0,46.97,653,65,56.97
,,0,2026-09-13T13:05:28.872Z,2026-09-14T13:05:28.872Z,2026-09-13T17:32:28.872Z,telemetry,boiler_01,12,0,45.16,654,65,55.16
,,0,2026-09-13T13:05:28.872Z,2026-09-14T13:05:28.872Z,2026-09-13T17:32:58.872Z,telemetry,boiler_01,12,0,43.45,655,65,53.45
,,0,2026-09-13T13:05:28.872Z,2026-09-14T13:05:28.872Z,2026-09-13T17:33:28.872Z,telemetry,boiler_01,12,0,41.82,656,65,51.82
,,0,2026-09-13T13:05:28.872Z,2026-09-14T13:05:28.872Z,2026-09-13T17:33:58.872Z,telemetry,boiler_01,12,0,40.27,657,65,50.27
,,0,2026-09-13T13:05:28.872Z,2026-09-14T13:05:28.872Z,2026-09-13T17:34:28.872Z,telemetry,boiler_01,12,0,38.79,658,65,48.79
,,0,2026-09-13T13:05:28.872Z,2026-09-14T13:05:28.872Z,2026-09-13T17:34:58.872Z,telemetry,boiler_01,12,0,37.39,659,65,47.39
,,0,2026-09-13T13:05:28.872Z,2026-09-14T13:05:28.872Z,2026-09-13T17:35:28.872Z,telemetry,boiler_01,12,0,36.05,660,65,46.05
,,0,2026-09-13T13:05:28.872Z,2026-09-14T13:05:28.872Z,2026-09-13T17:35:58.872Z,telemetry,boiler_01,12,0,34.78,661,65,44.78
,,0,2026-09-13T13:05:28.872Z,2026-09-14T13:05:28.872Z,2026-09-13T17:36:28.872Z,telemetry,boiler_01,12,0,33.57,662,65,43.57
,,0,2026-09-13T13:05:28.872Z,2026-09-14T13:05:28.872Z,2026-09-13T17:36:58.872Z,telemetry,boiler_01,12,0,32.42,663,65,42.42
,,0,2026-09-13T13:05:28.872Z,2026-09-14T13:05:28.872Z,2026-09-13T17:37:28.872Z,telemetry,boiler_01,12,0,31.33,664,65,41.33
,,0,2026-09-13T13:05:28.872Z,2026-09-14T13:05:28.872Z,2026-09-13T17:37:58.872Z,telemetry,boiler_01,12,0,30.29,665,65,40.29
,,0,2026-09-13T13:05:28.872Z,2026-09-14T13:05:28.872Z,2026-09-13T17:38:28.872Z,telemetry,boiler_01,12,0,29.3,666,65,39.3
,,0,2026-09-13T13:05:28.872Z,2026-09-14T13:05:28.872Z,2026-09-13T17:38:58.872Z,telemetry,boiler_01,12,0,28.36,667,65,38.36
,,0,2026-09-13T13:05:28.872Z,2026-09-14T13:05:28.872Z,2026-09-13T17:39:28.872Z,telemetry,boiler_01,12,0,27.46,668,65,37.46
,,0,2026-09-13T13:05:28.872Z,2026-09-14T13:05:28.872Z,2026-09-13T17:39:58.872Z,telemetry,boiler_01,12,0,26.61,669,65,36.61
,,0,2026-09-13T13:05:28.872Z,2026-09-14T13:05:28.872Z,2026-09-13T17:40:28.872Z,telemetry,boiler_01,12,5,45.72,670,65,55.72
,,0,2026-09-13T13:05:28.872Z,2026-09-14T13:05:28.872Z,2026-09-13T17:40:58.872Z,telemetry,boiler_01,12,5,52.2,671,65,62.2
,,0,2026-09-13T13:05:28.872Z,2026-09-14T13:05:28.872Z,2026-09-13T17:41:28.872Z,telemetry,boiler_01,12,5,54.16,672,65,64.16
,,0,2026-09-13T13:05:28.872Z,2026-09-14T13:05:28.872Z,2026-09-13T17:41:58.872Z,telemetry,boiler_01,12,5,54.75,673,65,64.75
,,0,2026-09-13T13:05:28.872Z,2026-09-14T13:05:28.872Z,2026-09-13T17:42:28.872Z,telemetry,boiler_01,12,5,54.92,674,65,64.92
,,0,2026-09-13T13:05:28.872Z,2026-09-14T13:05:28.872Z,2026-09-13T17:42:58.872Z,telemetry,boiler_01,12,5,54.98,675,65,64.98
,,0,2026-09-13T13:05:28.872Z,2026-09-14T13:05:28.872Z,2026-09-13T17:43:28.872Z,telemetry,boiler_01,12,5,54.99,676,65,64.99
,,0,2026-09-13T13:05:28.872Z,2026-09-14T13:05:28.872Z,2026-09-13T17:43:58.872Z,telemetry,boiler_01,12,5,55,677,65,65
,,0,2026-09-13T13:05:28.872Z,2026-09-14T13:05:28.872Z,2026-09-13T17:44:28.872Z,telemetry,boiler_01,12,5,55,678,65,65
,,0,2026-09-13T13:05:28.872Z,2026-09-14T13:05:28.872Z,2026-09-13T17:44:58.872Z,telemetry,boiler_01,12,5,55,679,65,65
,,0,2026-09-13T13:05:28.872Z,2026-09-14T13:05:28.872Z,2026-09-13T17:45:28.873Z,telemetry,boiler_01,12,5,55,680,65,65
,,0,2026-09-13T13:05:28.872Z,2026-09-14T13:05:28.872Z,2026-09-13T17:45:58.872Z,telemetry,boiler_01,12,5,55,681,65,65
,,0,2026-09-13T13:05:28.872Z,2026-09-14T13:05:28.872Z,2026-09-13T17:46:28.872Z,telemetry,boiler_01,12,5,55,682,65,65
,,0,2026-09-13T13:05:28.872Z,2026-09-14T13:05:28.872Z,2026-09-13T17:46:58.872Z,telemetry,boiler_01,12,5,55,683,65,65
,,0,2026-09-13T13:05:28.872Z,2026-09-14T13:05:28.872Z,2026-09-13T17:47:28.872Z,telemetry,boiler_01,12,5,55,684,65,65
,,0,2026-09-13T13:05:28.872Z,2026-09-14T13:05:28.872Z,2026-09-13T17:47:58.872Z,telemetry,boiler_01,12,5,55,685,65,65
,,0,2026-09-13T13:05:28.872Z,2026-09-14T13:05:28.872Z,2026-09-13T17:48:28.872Z,telemetry,boiler_01,12,5,55,686,65,65
,,0,2026-09-13T13:05:28.872Z,2026-09-14T13:05:28.872Z,2026-09-13T17:48:58.872Z,telemetry,boiler_01,12,5,55,687,65,65
,,0,2026-09-13T13:05:28.872Z,2026-09-14T13:05:28.872Z,2026-09-13T17:49:28.872Z,telemetry,boiler_01,12,5,55,688,65,65
,,0,2026-09-13T13:05:28.872Z,2026-09-14T13:05:28.872Z,2026-09-13T17:49:58.872Z,telemetry,boiler_01,12,5,55,689,65,65
,,0,2026-09-13T13:05:28.872Z,2026-09-14T13:05:28.872Z,2026-09-13T17:50:28.872Z,telemetry,boiler_01,12,0,52.95,690,65,62.95
,,0,2026-09-13T13:05:28.872Z,2026-09-14T13:05:28.872Z,2026-09-13T17:50:58.872Z,telemetry,boiler_01,12,0,50.85,691,65,60.85
,,0,2026-09-13T13:05:28.872Z,2026-09-14T13:05:28.872Z,2026-09-13T17:51:28.872Z,telemetry,boiler_01,12,0,48.86,692,65,58.86
,,0,2026-09-13T13:05:28.872Z,2026-09-14T13:05:28.872Z,2026-09-13T17:51:58.872Z,telemetry,boiler_01,12,0,46.97,693,65,56.97
,,0,2026-09-13T13:05:28.872Z,2026-09-14T13:05:28.872Z,2026-09-13T17:52:28.872Z,telemetry,boiler_01,12,0,45.16,694,65,55.16
,,0,2026-09-13T13:05:28.872Z,2026-09-14T13:05:28.872Z,2026-09-13T17:52:58.872Z,telemetry,boiler_01,12,0,43.45,695,65,53.45
,,0,2026-09-13T13:05:28.872Z,2026-09-14T13:05:28.872Z,2026-09-13T17:53:28.872Z,telemetry,boiler_01,12,0,41.82,696,65,51.82
,,0,2026-09-13T13:05:28.872Z,2026-09-14T13:05:28.872Z,2026-09-13T17:53:58.872Z,telemetry,boiler_01,12,0,40.27,697,65,50.27
,,0,2026-09-13T13:05:28.872Z,2026-09-14T13:05:28.872Z,2026-09-13T17:54:28.872Z,telemetry,boiler_01,12,0,38.79,698,65,48.79
,,0,2026-09-13T13:05:28.872Z,2026-09-14T13:05:28.872Z,2026-09-13T17:54:58.872Z,telemetry,boiler_01,12,0,37.39,699,65,47.39
,,0,2026-09-13T13:05:28.872Z,2026-09-14T13:05:28.872Z,2026-09-13T17:55:28.872Z,telemetry,boiler_01,12,0,36.05,700,65,46.05
,,0,2026-09-13T13:05:28.872Z,2026-09-14T13:05:28.872Z,2026-09-13T17:55:58.872Z,telemetry,boiler_01,12,0,34.78,701,65,44.78
,,0,2026-09-13T13:05:28.872Z,2026-09-14T13:05:28.872Z,2026-09-13T17:56:28.872Z,telemetry,boiler_01,12,0,33.57,702,65,43.57
,,0,2026-09-13T13:05:28.872Z,2026-09-14T13:05:28.872Z,2026-09-13T17:56:58.872Z,telemetry,boiler_01,12,0,32.42,703,65,42.42
,,0,2026-09-13T13:05:28.872Z,2026-09-14T13:05:28.872Z,2026-09-13T17:57:28.872Z,telemetry,boiler_01,12,0,31.33,704,65,41.33
,,0,2026-09-13T13:05:28.872Z,2026-09-14T13:05:28.872Z,2026-09-13T17:57:58.872Z,telemetry,boiler_01,12,0,30.29,705,65,40.29
,,0,2026-09-13T13:05:28.872Z,2026-09-14T13:05:28.872Z,2026-09-13T17:58:28.872Z,telemetry,boiler_01,12,0,29.3,706,65,39.3
,,0,2026-09-13T13:05:28.872Z,2026-09-14T13:05:28.872Z,2026-09-13T17:58:58.872Z,telemetry,boiler_01,12,0,28.36,707,65,38.36
,,0,2026-09-13T13:05:28.872Z,2026-09-14T13:05:28.872Z,2026-09-13T17:59:28.872Z,telemetry,boiler_01,12,0,27.46,708,65,37.46
,,0,2026-09-13T13:05:28.872Z,2026-09-14T13:05:28.872Z,2026-09-13T17:59:58.872Z,telemetry,boiler_01,12,0,26.61,709,65,36.61
,,0,2026-09-13T13:05:28.872Z,2026-09-14T13:05:28.872Z,2026-09-13T18:00:28.872Z,telemetry,boiler_01,12,5,45.72,710,65,55.72
,,0,2026-09-13T13:05:28.872Z,2026-09-14T13:05:28.872Z,2026-09-13T18:00:58.872Z,telemetry,boiler_01,12,5,52.2,711,65,62.2
,,0,2026-09-13T13:05:28.872Z,2026-09-14T13:05:28.872Z,2026-09-13T18:01:28.872Z,telemetry,boiler_01,12,5,54.16,712,65,64.16
,,0,2026-09-13T13:05:28.872Z,2026-09-14T13:05:28.872Z,2026-09-13T18:01:58.872Z,telemetry,boiler_01,12,5,54.75,713,65,64.75
,,0,2026-09-13T13:05:28.872Z,2026-09-14T13:05:28.872Z,2026-09-13T18:02:28.872Z,telemetry,boiler_01,12,5,54.92,714,65,64.92
,,0,2026-09-13T13:05:28.872Z,2026-09-14T13:05:28.872Z,2026-09-13T18:02:58.872Z,telemetry,boiler_01,12,5,54.98,715,65,64.98
,,0,2026-09-13T13:05:28.872Z,2026-09-14T13:05:28.872Z,2026-09-13T18:03:28.872Z,telemetry,boiler_01,12,5,54.99,716,65,64.99
,,0,2026-09-13T13:05:28.872Z,2026-09-14T13:05:28.872Z,2026-09-13T18:03:58.872Z,telemetry,boiler_01,12,5,55,717,65,65
,,0,2026-09-13T13:05:28.872Z,2026-09-14T13:05:28.872Z,2026-09-13T18:04:28.872Z,telemetry,boiler_01,12,5,55,718,65,65
,,0,2026-09-13T13:05:28.872Z,2026-09-14T13:05:28.872Z,2026-09-13T18:04:58.872Z,telemetry,boiler_01,12,5,55,719,65,65
,,0,2026-09-13T13:05:28.872Z,2026-09-14T13:05:28.872Z,2026-09-13T18:05:28.873Z,telemetry,boiler_01,12,5,55,720,65,65
,,0,2026-09-13T13:05:28.872Z,2026-09-14T13:05:28.872Z,2026-09-13T18:05:58.872Z,telemetry,boiler_01,12,5,55,721,65,65
,,0,2026-09-13T13:05:28.872Z,2026-09-14T13:05:28.872Z,2026-09-13T18:06:28.872Z,telemetry,boiler_01,12,5,55,722,65,65
,,0,2026-09-13T13:05:28.872Z,2026-09-14T13:05:28.872Z,2026-09-13T18:06:58.872Z,telemetry,boiler_01,12,5,55,723,65,65
,,0,2026-09-13T13:05:28.872Z,2026-09-14T13:05:28.872Z,2026-09-13T18:07:28.872Z,telemetry,boiler_01,12,5,55,724,65,65
,,0,2026-09-13T13:05:28.872Z,2026-09-14T13:05:28.872Z,2026-09-13T18:07:58.872Z,telemetry,boiler_01,12,5,55,725,65,65
,,0,2026-09-13T13:05:28.872Z,2026-09-14T13:05:28.872Z,2026-09-13T18:08:28.872Z,telemetry,boiler_01,12,5,55,726,65,65
,,0,2026-09-13T13:05:28.872Z,2026-09-14T13:05:28.872Z,2026-09-13T18:08:58.872Z,telemetry,boiler_01,12,5,55,727,65,65
,,0,2026-09-13T13:05:28.872Z,2026-09-14T13:05:28.872Z,2026-09-13T18:09:28.872Z,telemetry,boiler_01,12,5,55,728,65,65
,,0,2026-09-13T13:05:28.872Z,2026-09-14T13:05:28.872Z,2026-09-13T18:09:58.872Z,telemetry,boiler_01,12,5,55,729,65,65
,,0,2026-09-13T13:05:28.872Z,2026-09-14T13:05:28.872Z,2026-09-13T18:10:28.872Z,telemetry,boiler_01,12,0,52.95,730,65,62.95
,,0,2026-09-13T13:05:28.872Z,2026-09-14T13:05:28.872Z,2026-09-13T18:10:58.872Z,telemetry,boiler_01,12,0,50.85,731,65,60.85
,,0,2026-09-13T13:05:28.872Z,2026-09-14T13:05:28.872Z,2026-09-13T18:11:28.872Z,telemetry,boiler_01,12,0,48.86,732,65,58.86
,,0,2026-09-13T13:05:28.872Z,2026-09-14T13:05:28.872Z,2026-09-13T18:11:58.872Z,telemetry,boiler_01,12,0,46.97,733,65,56.97
,,0,2026-09-13T13:05:28.872Z,2026-09-14T13:05:28.872Z,2026-09-13T18:12:28.872Z,telemetry,boiler_01,12,0,45.16,734,65,55.16
,,0,2026-09-13T13:05:28.872Z,2026-09-14T13:05:28.872Z,2026-09-13T18:12:58.872Z,telemetry,boiler_01,12,0,43.45,735,65,53.45
,,0,2026-09-13T13:05:28.872Z,2026-09-14T13:05:28.872Z,2026-09-13T18:13:28.872Z,telemetry,boiler_01,12,0,41.82,736,65,51.82
,,0,2026-09-13T13:05:28.872Z,2026-09-14T13:05:28.872Z,2026-09-13T18:13:58.872Z,telemetry,boiler_01,12,0,40.27,737,65,50.27
,,0,2026-09-13T13:05:28.872Z,2026-09-14T13:05:28.872Z,2026-09-13T18:14:28.872Z,telemetry,boiler_01,12,0,38.79,738,65,48.79
,,0,2026-09-13T13:05:28.872Z,2026-09-14T13:05:28.872Z,2026-09-13T18:14:58.872Z,telemetry,boiler_01,12,0,37.39,739,65,47.39
,,0,2026-09-13T13:05:28.872Z,2026-09-14T13:05:28.872Z,2026-09-13T18:15:28.872Z,telemetry,boiler_01,12,0,36.05,740,65,46.05
,,0,2026-09-13T13:05:28.872Z,2026-09-14T13:05:28.872Z,2026-09-13T18:15:58.872Z,telemetry,boiler_01,12,0,34.78,741,65,44.78
,,0,2026-09-13T13:05:28.872Z,2026-09-14T13:05:28.872Z,2026-09-13T18:16:28.872Z,telemetry,boiler_01,12,0,33.57,742,65,43.57
,,0,2026-09-13T13:05:28.872Z,2026-09-14T13:05:28.872Z,2026-09-13T18:16:58.872Z,telemetry,boiler_01,12,0,32.42,743,65,42.42
,,0,2026-09-13T13:05:28.872Z,2026-09-14T13:05:28.872Z,2026-09-13T18:17:28.872Z,telemetry,boiler_01,12,0,31.33,744,65,41.33
,,0,2026-09-13T13:05:28.872Z,2026-09-14T13:05:28.872Z,2026-09-13T18:17:58.872Z,telemetry,boiler_01,12,0,30.29,745,65,40.29
,,0,2026-09-13T13:05:28.872Z,2026-09-14T13:05:28.872Z,2026-09-13T18:18:28.872Z,telemetry,boiler_01,12,0,29.3,746,65,39.3
,,0,2026-09-13T13:05:28.872Z,2026-09-14T13:05:28.872Z,2026-09-13T18:18:58.872Z,telemetry,boiler_01,12,0,28.36,747,65,38.36
,,0,2026-09-13T13:05:28.872Z,2026-09-14T13:05:28.872Z,2026-09-13T18:19:28.872Z,telemetry,boiler_01,12,0,27.46,748,65,37.46
,,0,2026-09-13T13:05:28.872Z,2026-09-14T13:05:28.872Z,2026-09-13T18:19:58.872Z,telemetry,boiler_01,12,0,26.61,749,65,36.61
,,0,2026-09-13T13:05:28.872Z,2026-09-14T13:05:28.872Z,2026-09-13T18:20:28.872Z,telemetry,boiler_01,12,5,45.72,750,65,55.72
,,0,2026-09-13T13:05:28.872Z,2026-09-14T13:05:28.872Z,2026-09-13T18:20:58.872Z,telemetry,boiler_01,12,5,52.2,751,65,62.2
,,0,2026-09-13T13:05:28.872Z,2026-09-14T13:05:28.872Z,2026-09-13T18:21:28.872Z,telemetry,boiler_01,12,5,54.16,752,65,64.16
,,0,2026-09-13T13:05:28.872Z,2026-09-14T13:05:28.872Z,2026-09-13T18:21:58.872Z,telemetry,boiler_01,12,5,54.75,753,65,64.75
,,0,2026-09-13T13:05:28.872Z,2026-09-14T13:05:28.872Z,2026-09-13T18:22:28.872Z,telemetry,boiler_01,12,5,54.92,754,65,64.92
,,0,2026-09-13T13:05:28.872Z,2026-09-14T13:05:28.872Z,2026-09-13T18:22:58.872Z,telemetry,boiler_01,12,5,54.98,755,65,64.98
,,0,2026-09-13T13:05:28.872Z,2026-09-14T13:05:28.872Z,2026-09-13T18:23:28.872Z,telemetry,boiler_01,12,5,54.99,756,65,64.99
,,0,2026-09-13T13:05:28.872Z,2026-09-14T13:05:28.872Z,2026-09-13T18:23:58.872Z,telemetry,boiler_01,12,5,55,757,65,65
,,0,2026-09-13T13:05:28.872Z,2026-09-14T13:05:28.872Z,2026-09-13T18:24:28.872Z,telemetry,boiler_01,12,5,55,758,65,65
,,0,2026-09-13T13:05:28.872Z,2026-09-14T13:05:28.872Z,2026-09-13T18:24:58.872Z,telemetry,boiler_01,12,5,55,759,65,65
,,0,2026-09-13T13:05:28.872Z,2026-09-14T13:05:28.872Z,2026-09-13T18:25:28.872Z,telemetry,boiler_01,12,5,55,760,65,65
,,0,2026-09-13T13:05:28.872Z,2026-09-14T13:05:28.872Z,2026-09-13T18:25:58.872Z,telemetry,boiler_01,12,5,55,761,65,65
,,0,2026-09-13T13:05:28.872Z,2026-09-14T13:05:28.872Z,2026-09-13T18:26:28.872Z,telemetry,boiler_01,12,5,55,762,65,65
,,0,2026-09-13T13:05:28.872Z,2026-09-14T13:05:28.872Z,2026-09-13T18:26:58.872Z,telemetry,boiler_01,12,5,55,763,65,65
,,0,2026-09-13T13:05:28.872Z,2026-09-14T13:05:28.872Z,2026-09-13T18:27:28.872Z,telemetry,boiler_01,12,5,55,764,65,65
,,0,2026-09-13T13:05:28.872Z,2026-09-14T13:05:28.872Z,2026-09-13T18:27:58.872Z,telemetry,boiler_01,12,5,55,765,65,65
,,0,2026-09-13T13:05:28.872Z,2026-09-14T13:05:28.872Z,2026-09-13T18:28:28.872Z,telemetry,boiler_01,12,5,55,766,65,65
,,0,2026-09-13T13:05:28.872Z,2026-09-14T13:05:28.872Z,2026-09-13T18:28:58.872Z,telemetry,boiler_01,12,5,55,767,65,65
,,0,2026-09-13T13:05:28.872Z,2026-09-14T13:05:28.872Z,2026-09-13T18:29:28.872Z,telemetry,boiler_01,12,5,55,768,65,65
,,0,2026-09-13T13:05:28.872Z,2026-09-14T13:05:28.872Z,2026-09-13T18:29:58.872Z,telemetry,boiler_01,12,5,55,769,65,65
,,0,2026-09-13T13:05:28.872Z,2026-09-14T13:05:28.872Z,2026-09-13T18:30:28.872Z,telemetry,boiler_01,12,0,52.95,770,65,62.95
,,0,2026-09-13T13:05:28.872Z,2026-09-14T13:05:28.872Z,2026-09-13T18:30:58.872Z,telemetry,boiler_01,12,0,50.85,771,65,60.85
,,0,2026-09-13T13:05:28.872Z,2026-09-14T13:05:28.872Z,2026-09-13T18:31:28.872Z,telemetry,boiler_01,12,0,48.86,772,65,58.86
,,0,2026-09-13T13:05:28.872Z,2026-09-14T13:05:28.872Z,2026-09-13T18:31:58.872Z,telemetry,boiler_01,12,0,46.97,773,65,56.97
,,0,2026-09-13T13:05:28.872Z,2026-09-14T13:05:28.872Z,2026-09-13T18:32:28.872Z,telemetry,boiler_01,12,0,45.16,774,65,55.16
,,0,2026-09-13T13:05:28.872Z,2026-09-14T13:05:28.872Z,2026-09-13T18:32:58.872Z,telemetry,boiler_01,12,0,43.45,775,65,53.45
,,0,2026-09-13T13:05:28.872Z,2026-09-14T13:05:28.872Z,2026-09-13T18:33:28.872Z,telemetry,boiler_01,12,0,41.82,776,65,51.82
,,0,2026-09-13T13:05:28.872Z,2026-09-14T13:05:28.872Z,2026-09-13T18:33:58.872Z,telemetry,boiler_01,12,0,40.27,777,65,50.27
,,0,2026-09-13T13:05:28.872Z,2026-09-14T13:05:28.872Z,2026-09-13T18:34:28.872Z,telemetry,boiler_01,12,0,38.79,778,65,48.79
,,0,2026-09-13T13:05:28.872Z,2026-09-14T13:05:28.872Z,2026-09-13T18:34:58.872Z,telemetry,boiler_01,12,0,37.39,779,65,47.39
,,0,2026-09-13T13:05:28.872Z,2026-09-14T13:05:28.872Z,2026-09-13T18:35:28.873Z,telemetry,boiler_01,12,0,36.05,780,65,46.05
,,0,2026-09-13T13:05:28.872Z,2026-09-14T13:05:28.872Z,2026-09-13T18:35:58.872Z,telemetry,boiler_01,12,0,34.78,781,65,44.78
,,0,2026-09-13T13:05:28.872Z,2026-09-14T13:05:28.872Z,2026-09-13T18:36:28.872Z,telemetry,boiler_01,12,0,33.57,782,65,43.57
,,0,2026-09-13T13:05:28.872Z,2026-09-14T13:05:28.872Z,2026-09-13T18:36:58.872Z,telemetry,boiler_01,12,0,32.42,783,65,42.42
,,0,2026-09-13T13:05:28.872Z,2026-09-14T13:05:28.872Z,2026-09-13T18:37:28.872Z,telemetry,boiler_01,12,0,31.33,784,65,41.33
,,0,2026-09-13T13:05:28.872Z,2026-09-14T13:05:28.872Z,2026-09-13T18:37:58.872Z,telemetry,boiler_01,12,0,30.29,785,65,40.29
,,0,2026-09-13T13:05:28.872Z,2026-09-14T13:05:28.872Z,2026-09-13T18:38:28.872Z,telemetry,boiler_01,12,0,29.3,786,65,39.3
,,0,2026-09-13T13:05:28.872Z,2026-09-14T13:05:28.872Z,2026-09-13T18:38:58.872Z,telemetry,boiler_01,12,0,28.36,787,65,38.36
,,0,2026-09-13T13:05:28.872Z,2026-09-14T13:05:28.872Z,2026-09-13T18:39:28.872Z,telemetry,boiler_01,12,0,27.46,788,65,37.46
,,0,2026-09-13T13:05:28.872Z,2026-09-14T13:05:28.872Z,2026-09-13T18:39:58.872Z,telemetry,boiler_01,12,0,26.61,789,65,36.61
,,0,2026-09-13T13:05:28.872Z,2026-09-14T13:05:28.872Z,2026-09-13T18:40:28.872Z,telemetry,boiler_01,12,5,45.72,790,65,55.72
,,0,2026-09-13T13:05:28.872Z,2026-09-14T13:05:28.872Z,2026-09-13T18:40:58.872Z,telemetry,boiler_01,12,5,52.2,791,65,62.2
,,0,2026-09-13T13:05:28.872Z,2026-09-14T13:05:28.872Z,2026-09-13T18:41:28.872Z,telemetry,boiler_01,12,5,54.16,792,65,64.16
,,0,2026-09-13T13:05:28.872Z,2026-09-14T13:05:28.872Z,2026-09-13T18:41:58.872Z,telemetry,boiler_01,12,5,54.75,793,65,64.75
,,0,2026-09-13T13:05:28.872Z,2026-09-14T13:05:28.872Z,2026-09-13T18:42:28.872Z,telemetry,boiler_01,12,5,54.92,794,65,64.92
,,0,2026-09-13T13:05:28.872Z,2026-09-14T13:05:28.872Z,2026-09-13T18:42:58.872Z,telemetry,boiler_01,12,5,54.98,795,65,64.98
,,0,2026-09-13T13:05:28.872Z,2026-09-14T13:05:28.872Z,2026-09-13T18:43:28.872Z,telemetry,boiler_01,12,5,54.99,796,65,64.99
,,0,2026-09-13T13:05:28.872Z,2026-09-14T13:05:28.872Z,2026-09-13T18:43:58.872Z,telemetry,boiler_01,12,5,55,797,65,65
,,0,2026-09-13T13:05:28.872Z,2026-09-14T13:05:28.872Z,2026-09-13T18:44:28.872Z,telemetry,boiler_01,12,5,55,798,65,65
,,0,2026-09-13T13:05:28.872Z,2026-09-14T13:05:28.872Z,2026-09-13T18:44:58.872Z,telemetry,boiler_01,12,5,55,799,65,65
,,0,2026-09-13T13:05:28.872Z,2026-09-14T13:05:28.872Z,2026-09-13T18:45:28.872Z,telemetry,boiler_01,12,5,55,800,65,65
,,0,2026-09-13T13:05:28.872Z,2026-09-14T13:05:28.872Z,2026-09-13T18:45:58.872Z,telemetry,boiler_01,12,5,55,801,65,65
,,0,2026-09-13T13:05:28.872Z,2026-09-14T13:05:28.872Z,2026-09-13T18:46:28.872Z,telemetry,boiler_01,12,5,55,802,65,65
,,0,2026-09-13T13:05:28.872Z,2026-09-14T13:05:28.872Z,2026-09-13T18:46:58.872Z,telemetry,boiler_01,12,5,55,803,65,65
,,0,2026-09-13T13:05:28.872Z,2026-09-14T13:05:28.872Z,2026-09-13T18:47:28.872Z,telemetry,boiler_01,12,5,55,804,65,65
,,0,2026-09-13T13:05:28.872Z,2026-09-14T13:05:28.872Z,2026-09-13T18:47:58.872Z,telemetry,boiler_01,12,5,55,805,65,65
,,0,2026-09-13T13:05:28.872Z,2026-09-14T13:05:28.872Z,2026-09-13T18:48:28.872Z,telemetry,boiler_01,12,5,55,806,65,65
,,0,2026-09-13T13:05:28.872Z,2026-09-14T13:05:28.872Z,2026-09-13T18:48:58.872Z,telemetry,boiler_01,12,5,55,807,65,65
,,0,2026-09-13T13:05:28.872Z,2026-09-14T13:05:28.872Z,2026-09-13T18:49:28.872Z,telemetry,boiler_01,12,5,55,808,65,65
,,0,2026-09-13T13:05:28.872Z,2026-09-14T13:05:28.872Z,2026-09-13T18:49:58.872Z,telemetry,boiler_01,12,5,55,809,65,65
,,0,2026-09-13T13:05:28.872Z,2026-09-14T13:05:28.872Z,2026-09-13T18:50:28.872Z,telemetry,boiler_01,12,0,52.95,810,65,62.95
,,0,2026-09-13T13:05:28.872Z,2026-09-14T13:05:28.872Z,2026-09-13T18:50:58.872Z,telemetry,boiler_01,12,0,50.85,811,65,60.85
,,0,2026-09-13T13:05:28.872Z,2026-09-14T13:05:28.872Z,2026-09-13T18:51:28.872Z,telemetry,boiler_01,12,0,48.86,812,65,58.86
,,0,2026-09-13T13:05:28.872Z,2026-09-14T13:05:28.872Z,2026-09-13T18:51:58.872Z,telemetry,boiler_01,12,0,46.97,813,65,56.97
,,0,2026-09-13T13:05:28.872Z,2026-09-14T13:05:28.872Z,2026-09-13T18:52:28.872Z,telemetry,boiler_01,12,0,45.16,814,65,55.16
,,0,2026-09-13T13:05:28.872Z,2026-09-14T13:05:28.872Z,2026-09-13T18:52:58.872Z,telemetry,boiler_01,12,0,43.45,815,65,53.45
,,0,2026-09-13T13:05:28.872Z,2026-09-14T13:05:28.872Z,2026-09-13T18:53:28.872Z,telemetry,boiler_01,12,0,41.82,816,65,51.82
,,0,2026-09-13T13:05:28.872Z,2026-09-14T13:05:28.872Z,2026-09-13T18:53:58.872Z,telemetry,boiler_01,12,0,40.27,817,65,50.27
,,0,2026-09-13T13:05:28.872Z,2026-09-14T13:05:28.872Z,2026-09-13T18:54:28.872Z,telemetry,boiler_01,12,0,38.79,818,65,48.79
,,0,2026-09-13T13:05:28.872Z,2026-09-14T13:05:28.872Z,2026-09-13T18:54:58.872Z,telemetry,boiler_01,12,0,37.39,819,65,47.39
,,0,2026-09-13T13:05:28.872Z,2026-09-14T13:05:28.872Z,2026-09-13T18:55:28.873Z,telemetry,boiler_01,12,0,36.05,820,65,46.05
,,0,2026-09-13T13:05:28.872Z,2026-09-14T13:05:28.872Z,2026-09-13T18:55:58.872Z,telemetry,boiler_01,12,0,34.78,821,65,44.78
,,0,2026-09-13T13:05:28.872Z,2026-09-14T13:05:28.872Z,2026-09-13T18:56:28.872Z,telemetry,boiler_01,12,0,33.57,822,65,43.57
,,0,2026-09-13T13:05:28.872Z,2026-09-14T13:05:28.872Z,2026-09-13T18:56:58.872Z,telemetry,boiler_01,12,0,32.42,823,65,42.42
,,0,2026-09-13T13:05:28.872Z,2026-09-14T13:05:28.872Z,2026-09-13T18:57:28.872Z,telemetry,boiler_01,12,0,31.33,824,65,41.33
,,0,2026-09-13T13:05:28.872Z,2026-09-14T13:05:28.872Z,2026-09-13T18:57:58.872Z,telemetry,boiler_01,12,0,30.29,825,65,40.29
,,0,2026-09-13T13:05:28.872Z,2026-09-14T13:05:28.872Z,2026-09-13T18:58:28.872Z,telemetry,boiler_01,12,0,29.3,826,65,39.3
,,0,2026-09-13T13:05:28.872Z,2026-09-14T13:05:28.872Z,2026-09-13T18:58:58.872Z,telemetry,boiler_01,12,0,28.36,827,65,38.36
,,0,2026-09-13T13:05:28.872Z,2026-09-14T13:05:28.872Z,2026-09-13T18:59:28.872Z,telemetry,boiler_01,12,0,27.46,828,65,37.46
,,0,2026-09-13T13:05:28.872Z,2026-09-14T13:05:28.872Z,2026-09-13T18:59:58.872Z,telemetry,boiler_01,12,0,26.61,829,65,36.61
,,0,2026-09-13T13:05:28.872Z,2026-09-14T13:05:28.872Z,2026-09-13T19:00:28.872Z,telemetry,boiler_01,12,5,45.72,830,65,55.72
,,0,2026-09-13T13:05:28.872Z,2026-09-14T13:05:28.872Z,2026-09-13T19:00:58.872Z,telemetry,boiler_01,12,5,52.2,831,65,62.2
,,0,2026-09-13T13:05:28.872Z,2026-09-14T13:05:28.872Z,2026-09-13T19:01:28.872Z,telemetry,boiler_01,12,5,54.16,832,65,64.16
,,0,2026-09-13T13:05:28.872Z,2026-09-14T13:05:28.872Z,2026-09-13T19:01:58.872Z,telemetry,boiler_01,12,5,54.75,833,65,64.75
,,0,2026-09-13T13:05:28.872Z,2026-09-14T13:05:28.872Z,2026-09-13T19:02:28.872Z,telemetry,boiler_01,12,5,54.92,834,65,64.92
,,0,2026-09-13T13:05:28.872Z,2026-09-14T13:05:28.872Z,2026-09-13T19:02:58.872Z,telemetry,boiler_01,12,5,54.98,835,65,64.98
,,0,2026-09-13T13:05:28.872Z,2026-09-14T13:05:28.872Z,2026-09-13T19:03:28.872Z,telemetry,boiler_01,12,5,54.99,836,65,64.99
,,0,2026-09-13T13:05:28.872Z,2026-09-14T13:05:28.872Z,2026-09-13T19:03:58.872Z,telemetry,boiler_01,12,5,55,837,65,65
,,0,2026-09-13T13:05:28.872Z,2026-09-14T13:05:28.872Z,2026-09-13T19:04:28.872Z,telemetry,boiler_01,12,5,55,838,65,65
,,0,2026-09-13T13:05:28.872Z,2026-09-14T13:05:28.872Z,2026-09-13T19:04:58.872Z,telemetry,boiler_01,12,5,55,839,65,65
,,0,2026-09-13T13:05:28.872Z,2026-09-14T13:05:28.872Z,2026-09-13T19:05:28.872Z,telemetry,boiler_01,12,5,55,840,65,65
,,0,2026-09-13T13:05:28.872Z,2026-09-14T13:05:28.872Z,2026-09-13T19:05:58.872Z,telemetry,boiler_01,12,5,55,841,65,65
,,0,2026-09-13T13:05:28.872Z,2026-09-14T13:05:28.872Z,2026-09-13T19:06:28.872Z,telemetry,boiler_01,12,5,55,842,65,65
,,0,2026-09-13T13:05:28.872Z,2026-09-14T13:05:28.872Z,2026-09-13T19:06:58.872Z,telemetry,boiler_01,12,5,55,843,65,65
,,0,2026-09-13T13:05:28.872Z,2026-09-14T13:05:28.872Z,2026-09-13T19:07:28.872Z,telemetry,boiler_01,12,5,55,844,65,65
,,0,2026-09-13T13:05:28.872Z,2026-09-14T13:05:28.872Z,2026-09-13T19:07:58.872Z,telemetry,boiler_01,12,5,55,845,65,65
,,0,2026-09-13T13:05:28.872Z,2026-09-14T13:05:28.872Z,2026-09-13T19:08:28.872Z,telemetry,boiler_01,12,5,55,846,65,65
,,0,2026-09-13T13:05:28.872Z,2026-09-14T13:05:28.872Z,2026-09-13T19:08:58.872Z,telemetry,boiler_01,12,5,55,847,65,65
,,0,2026-09-13T13:05:28.872Z,2026-09-14T13:05:28.872Z,2026-09-13T19:09:28.872Z,telemetry,boiler_01,12,5,55,848,65,65
,,0,2026-09-13T13:05:28.872Z,2026-09-14T13:05:28.872Z,2026-09-13T19:09:58.872Z,telemetry,boiler_01,12,5,55,849,65,65
,,0,2026-09-13T13:05:28.872Z,2026-09-14T13:05:28.872Z,2026-09-13T19:10:28.872Z,telemetry,boiler_01,12,0,52.95,850,65,62.95
,,0,2026-09-13T13:05:28.872Z,2026-09-14T13:05:28.872Z,2026-09-13T19:10:58.872Z,telemetry,boiler_01,12,0,50.85,851,65,60.85
,,0,2026-09-13T13:05:28.872Z,2026-09-14T13:05:28.872Z,2026-09-13T19:11:28.872Z,telemetry,boiler_01,12,0,48.86,852,65,58.86
,,0,2026-09-13T13:05:28.872Z,2026-09-14T13:05:28.872Z,2026-09-13T19:11:58.872Z,telemetry,boiler_01,12,0,46.97,853,65,56.97
,,0,2026-09-13T13:05:28.872Z,2026-09-14T13:05:28.872Z,2026-09-13T19:12:28.872Z,telemetry,boiler_01,12,0,45.16,854,65,55.16
,,0,2026-09-13T13:05:28.872Z,2026-09-14T13:05:28.872Z,2026-09-13T19:12:58.872Z,telemetry,boiler_01,12,0,43.45,855,65,53.45
,,0,2026-09-13T13:05:28.872Z,2026-09-14T13:05:28.872Z,2026-09-13T19:13:28.872Z,telemetry,boiler_01,12,0,41.82,856,65,51.82
,,0,2026-09-13T13:05:28.872Z,2026-09-14T13:05:28.872Z,2026-09-13T19:13:58.872Z,telemetry,boiler_01,12,0,40.27,857,65,50.27
,,0,2026-09-13T13:05:28.872Z,2026-09-14T13:05:28.872Z,2026-09-13T19:14:28.872Z,telemetry,boiler_01,12,0,38.79,858,65,48.79
,,0,2026-09-13T13:05:28.872Z,2026-09-14T13:05:28.872Z,2026-09-13T19:14:58.872Z,telemetry,boiler_01,12,0,37.39,859,65,47.39
,,0,2026-09-13T13:05:28.872Z,2026-09-14T13:05:28.872Z,2026-09-13T19:15:28.872Z,telemetry,boiler_01,12,0,36.05,860,65,46.05
,,0,2026-09-13T13:05:28.872Z,2026-09-14T13:05:28.872Z,2026-09-13T19:15:58.872Z,telemetry,boiler_01,12,0,34.78,861,65,44.78
,,0,2026-09-13T13:05:28.872Z,2026-09-14T13:05:28.872Z,2026-09-13T19:16:28.872Z,telemetry,boiler_01,12,0,33.57,862,65,43.57
,,0,2026-09-13T13:05:28.872Z,2026-09-14T13:05:28.872Z,2026-09-13T19:16:58.872Z,telemetry,boiler_01,12,0,32.42,863,65,42.42
,,0,2026-09-13T13:05:28.872Z,2026-09-14T13:05:28.872Z,2026-09-13T19:17:28.872Z,telemetry,boiler_01,12,0,31.33,864,65,41.33
,,0,2026-09-13T13:05:28.872Z,2026-09-14T13:05:28.872Z,2026-09-13T19:17:58.872Z,telemetry,boiler_01,12,0,30.29,865,65,40.29
,,0,2026-09-13T13:05:28.872Z,2026-09-14T13:05:28.872Z,2026-09-13T19:18:28.872Z,telemetry,boiler_01,12,0,29.3,866,65,39.3
,,0,2026-09-13T13:05:28.872Z,2026-09-14T13:05:28.872Z,2026-09-13T19:18:58.872Z,telemetry,boiler_01,12,0,28.36,867,65,38.36
,,0,2026-09-13T13:05:28.872Z,2026-09-14T13:05:28.872Z,2026-09-13T19:19:28.872Z,telemetry,boiler_01,12,0,27.46,868,65,37.46
,,0,2026-09-13T13:05:28.872Z,2026-09-14T13:05:28.872Z,2026-09-13T19:19:58.872Z,telemetry,boiler_01,12,0,26.61,869,65,36.61
,,0,2026-09-13T13:05:28.872Z,2026-09-14T13:05:28.872Z,2026-09-13T19:20:28.872Z,telemetry,boiler_01,12,5,45.72,870,65,55.72
,,0,2026-09-13T13:05:28.872Z,2026-09-14T13:05:28.872Z,2026-09-13T19:20:58.872Z,telemetry,boiler_01,12,5,52.2,871,65,62.2
,,0,2026-09-13T13:05:28.872Z,2026-09-14T13:05:28.872Z,2026-09-13T19:21:28.872Z,telemetry,boiler_01,12,5,54.16,872,65,64.16
,,0,2026-09-13T13:05:28.872Z,2026-09-14T13:05:28.872Z,2026-09-13T19:21:58.872Z,telemetry,boiler_01,12,5,54.75,873,65,64.75
,,0,2026-09-13T13:05:28.872Z,2026-09-14T13:05:28.872Z,2026-09-13T19:22:28.872Z,telemetry,boiler_01,12,5,54.92,874,65,64.92
,,0,2026-09-13T13:05:28.872Z,2026-09-14T13:05:28.872Z,2026-09-13T19:22:58.872Z,telemetry,boiler_01,12,5,54.98,875,65,64.98
,,0,2026-09-13T13:05:28.872Z,2026-09-14T13:05:28.872Z,2026-09-13T19:23:28.872Z,telemetry,boiler_01,12,5,54.99,876,65,64.99
,,0,2026-09-13T13:05:28.872Z,2026-09-14T13:05:28.872Z,2026-09-13T19:23:58.872Z,telemetry,boiler_01,12,5,55,877,65,65
,,0,2026-09-13T13:05:28.872Z,2026-09-14T13:05:28.872Z,2026-09-13T19:24:28.872Z,telemetry,boiler_01,12,5,55,878,65,65
,,0,2026-09-13T13:05:28.872Z,2026-09-14T13:05:28.872Z,2026-09-13T19:24:58.872Z,telemetry,boiler_01,12,5,55,879,65,65
,,0,2026-09-13T13:05:28.872Z,2026-09-14T13:05:28.872Z,2026-09-13T19:25:28.872Z,telemetry,boiler_01,12,5,55,880,65,65
,,0,2026-09-13T13:05:28.872Z,2026-09-14T13:05:28.872Z,2026-09-13T19:25:58.872Z,telemetry,boiler_01,12,5,55,881,65,65
,,0,2026-09-13T13:05:28.872Z,2026-09-14T13:05:28.872Z,2026-09-13T19:26:28.872Z,telemetry,boiler_01,12,5,55,882,65,65
,,0,2026-09-13T13:05:28.872Z,2026-09-14T13:05:28.872Z,2026-09-13T19:26:58.872Z,telemetry,boiler_01,12,5,55,883,65,65
,,0,2026-09-13T13:05:28.872Z,2026-09-14T13:05:28.872Z,2026-09-13T19:27:28.872Z,telemetry,boiler_01,12,5,55,884,65,65
,,0,2026-09-13T13:05:28.872Z,2026-09-14T13:05:28.872Z,2026-09-13T19:27:58.872Z,telemetry,boiler_01,12,5,55,885,65,65
,,0,2026-09-13T13:05:28.872Z,2026-09-14T13:05:28.872Z,2026-09-13T19:28:28.872Z,telemetry,boiler_01,12,5,55,886,65,65
,,0,2026-09-13T13:05:28.872Z,2026-09-14T13:05:28.872Z,2026-09-13T19:28:58.872Z,telemetry,boiler_01,12,5,55,887,65,65
,,0,2026-09-13T13:05:28.872Z,2026-09-14T13:05:28.872Z,2026-09-13T19:29:28.872Z,telemetry,boiler_01,12,5,55,888,65,65
,,0,2026-09-13T13:05:28.872Z,2026-09-14T13:05:28.872Z,2026-09-13T19:29:58.872Z,telemetry,boiler_01,12,5,55,889,65,65
,,0,2026-09-13T13:05:28.872Z,2026-09-14T13:05:28.872Z,2026-09-13T19:30:28.872Z,telemetry,boiler_01,12,0,52.95,890,65,62.95
,,0,2026-09-13T13:05:28.872Z,2026-09-14T13:05:28.872Z,2026-09-13T19:30:58.872Z,telemetry,boiler_01,12,0,50.85,891,65,60.85
,,0,2026-09-13T13:05:28.872Z,2026-09-14T13:05:28.872Z,2026-09-13T19:31:28.872Z,telemetry,boiler_01,12,0,48.86,892,65,58.86
,,0,2026-09-13T13:05:28.872Z,2026-09-14T13:05:28.872Z,2026-09-13T19:31:58.872Z,telemetry,boiler_01,12,0,46.97,893,65,56.97
,,0,2026-09-13T13:05:28.872Z,2026-09-14T13:05:28.872Z,2026-09-13T19:32:28.872Z,telemetry,boiler_01,12,0,45.16,894,65,55.16
,,0,2026-09-13T13:05:28.872Z,2026-09-14T13:05:28.872Z,2026-09-13T19:32:58.872Z,telemetry,boiler_01,12,0,43.45,895,65,53.45
,,0,2026-09-13T13:05:28.872Z,2026-09-14T13:05:28.872Z,2026-09-13T19:33:28.872Z,telemetry,boiler_01,12,0,41.82,896,65,51.82
,,0,2026-09-13T13:05:28.872Z,2026-09-14T13:05:28.872Z,2026-09-13T19:33:58.872Z,telemetry,boiler_01,12,0,40.27,897,65,50.27
,,0,2026-09-13T13:05:28.872Z,2026-09-14T13:05:28.872Z,2026-09-13T19:34:28.872Z,telemetry,boiler_01,12,0,38.79,898,65,48.79
,,0,2026-09-13T13:05:28.872Z,2026-09-14T13:05:28.872Z,2026-09-13T19:34:58.872Z,telemetry,boiler_01,12,0,37.39,899,65,47.39
,,0,2026-09-13T13:05:28.872Z,2026-09-14T13:05:28.872Z,2026-09-13T19:35:28.873Z,telemetry,boiler_01,12,0,36.05,900,65,46.05
,,0,2026-09-13T13:05:28.872Z,2026-09-14T13:05:28.872Z,2026-09-13T19:35:58.872Z,telemetry,boiler_01,12,0,34.78,901,65,44.78
,,0,2026-09-13T13:05:28.872Z,2026-09-14T13:05:28.872Z,2026-09-13T19:36:28.872Z,telemetry,boiler_01,12,0,33.57,902,65,43.57
,,0,2026-09-13T13:05:28.872Z,2026-09-14T13:05:28.872Z,2026-09-13T19:36:58.872Z,telemetry,boiler_01,12,0,32.42,903,65,42.42
,,0,2026-09-13T13:05:28.872Z,2026-09-14T13:05:28.872Z,2026-09-13T19:37:28.872Z,telemetry,boiler_01,12,0,31.33,904,65,41.33
,,0,2026-09-13T13:05:28.872Z,2026-09-14T13:05:28.872Z,2026-09-13T19:37:58.872Z,telemetry,boiler_01,12,0,30.29,905,65,40.29
,,0,2026-09-13T13:05:28.872Z,2026-09-14T13:05:28.872Z,2026-09-13T19:38:28.872Z,telemetry,boiler_01,12,0,29.3,906,65,39.3
,,0,2026-09-13T13:05:28.872Z,2026-09-14T13:05:28.872Z,2026-09-13T19:38:58.872Z,telemetry,boiler_01,12,0,28.36,907,65,38.36
,,0,2026-09-13T13:05:28.872Z,2026-09-14T13:05:28.872Z,2026-09-13T19:39:28.872Z,telemetry,boiler_01,12,0,27.46,908,65,37.46
,,0,2026-09-13T13:05:28.872Z,2026-09-14T13:05:28.872Z,2026-09-13T19:39:58.872Z,telemetry,boiler_01,12,0,26.61,909,65,36.61
,,0,2026-09-13T13:05:28.872Z,2026-09-14T13:05:28.872Z,2026-09-13T19:40:28.872Z,telemetry,boiler_01,12,5,45.72,910,65,55.72
,,0,2026-09-13T13:05:28.872Z,2026-09-14T13:05:28.872Z,2026-09-13T19:40:58.872Z,telemetry,boiler_01,12,5,52.2,911,65,62.2
,,0,2026-09-13T13:05:28.872Z,2026-09-14T13:05:28.872Z,2026-09-13T19:41:28.872Z,telemetry,boiler_01,12,5,54.16,912,65,64.16
,,0,2026-09-13T13:05:28.872Z,2026-09-14T13:05:28.872Z,2026-09-13T19:41:58.872Z,telemetry,boiler_01,12,5,54.75,913,65,64.75
,,0,2026-09-13T13:05:28.872Z,2026-09-14T13:05:28.872Z,2026-09-13T19:42:28.872Z,telemetry,boiler_01,12,5,54.92,914,65,64.92
,,0,2026-09-13T13:05:28.872Z,2026-09-14T13:05:28.872Z,2026-09-13T19:42:58.872Z,telemetry,boiler_01,12,5,54.98,915,65,64.98
,,0,2026-09-13T13:05:28.872Z,2026-09-14T13:05:28.872Z,2026-09-13T19:43:28.872Z,telemetry,boiler_01,12,5,54.99,916,65,64.99
,,0,2026-09-13T13:05:28.872Z,2026-09-14T13:05:28.872Z,2026-09-13T19:43:58.872Z,telemetry,boiler_01,12,5,55,917,65,65
,,0,2026-09-13T13:05:28.872Z,2026-09-14T13:05:28.872Z,2026-09-13T19:44:28.872Z,telemetry,boiler_01,12,5,55,918,65,65
,,0,2026-09-13T13:05:28.872Z,2026-09-14T13:05:28.872Z,2026-09-13T19:44:58.872Z,telemetry,boiler_01,12,5,55,919,65,65
,,0,2026-09-13T13:05:28.872Z,2026-09-14T13:05:28.872Z,2026-09-13T19:45:28.873Z,telemetry,boiler_01,12,5,55,920,65,65
,,0,2026-09-13T13:05:28.872Z,2026-09-14T13:05:28.872Z,2026-09-13T19:45:58.872Z,telemetry,boiler_01,12,5,55,921,65,65
,,0,2026-09-13T13:05:28.872Z,2026-09-14T13:05:28.872Z,2026-09-13T19:46:28.872Z,telemetry,boiler_01,12,5,55,922,65,65
,,0,2026-09-13T13:05:28.872Z,2026-09-14T13:05:28.872Z,2026-09-13T19:46:58.872Z,telemetry,boiler_01,12,5,55,923,65,65
,,0,2026-09-13T13:05:28.872Z,2026-09-14T13:05:28.872Z,2026-09-13T19:47:28.872Z,telemetry,boiler_01,12,5,55,924,65,65
,,0,2026-09-13T13:05:28.872Z,2026-09-14T13:05:28.872Z,2026-09-13T19:47:58.872Z,telemetry,boiler_01,12,5,55,925,65,65
,,0,2026-09-13T13:05:28.872Z,2026-09-14T13:05:28.872Z,2026-09-13T19:48:28.872Z,telemetry,boiler_01,12,5,55,926,65,65
,,0,2026-09-13T13:05:28.872Z,2026-09-14T13:05:28.872Z,2026-09-13T19:48:58.872Z,telemetry,boiler_01,12,5,55,927,65,65
,,0,2026-09-13T13:05:28.872Z,2026-09-14T13:05:28.872Z,2026-09-13T19:49:28.872Z,telemetry,boiler_01,12,5,55,928,65,65
,,0,2026-09-13T13:05:28.872Z,2026-09-14T13:05:28.872Z,2026-09-13T19:49:58.872Z,telemetry,boiler_01,12,5,55,929,65,65
,,0,2026-09-13T13:05:28.872Z,2026-09-14T13:05:28.872Z,2026-09-13T19:50:28.872Z,telemetry,boiler_01,12,0,52.95,930,65,62.95
,,0,2026-09-13T13:05:28.872Z,2026-09-14T13:05:28.872Z,2026-09-13T19:50:58.872Z,telemetry,boiler_01,12,0,50.85,931,65,60.85
,,0,2026-09-13T13:05:28.872Z,2026-09-14T13:05:28.872Z,2026-09-13T19:51:28.872Z,telemetry,boiler_01,12,0,48.86,932,65,58.86
,,0,2026-09-13T13:05:28.872Z,2026-09-14T13:05:28.872Z,2026-09-13T19:51:58.872Z,telemetry,boiler_01,12,0,46.97,933,65,56.97
,,0,2026-09-13T13:05:28.872Z,2026-09-14T13:05:28.872Z,2026-09-13T19:52:28.872Z,telemetry,boiler_01,12,0,45.16,934,65,55.16
,,0,2026-09-13T13:05:28.872Z,2026-09-14T13:05:28.872Z,2026-09-13T19:52:58.872Z,telemetry,boiler_01,12,0,43.45,935,65,53.45
,,0,2026-09-13T13:05:28.872Z,2026-09-14T13:05:28.872Z,2026-09-13T19:53:28.872Z,telemetry,boiler_01,12,0,41.82,936,65,51.82
,,0,2026-09-13T13:05:28.872Z,2026-09-14T13:05:28.872Z,2026-09-13T19:53:58.872Z,telemetry,boiler_01,12,0,40.27,937,65,50.27
,,0,2026-09-13T13:05:28.872Z,2026-09-14T13:05:28.872Z,2026-09-13T19:54:28.872Z,telemetry,boiler_01,12,0,38.79,938,65,48.79
,,0,2026-09-13T13:05:28.872Z,2026-09-14T13:05:28.872Z,2026-09-13T19:54:58.872Z,telemetry,boiler_01,12,0,37.39,939,65,47.39
,,0,2026-09-13T13:05:28.872Z,2026-09-14T13:05:28.872Z,2026-09-13T19:55:28.873Z,telemetry,boiler_01,12,0,36.05,940,65,46.05
,,0,2026-09-13T13:05:28.872Z,2026-09-14T13:05:28.872Z,2026-09-13T19:55:58.872Z,telemetry,boiler_01,12,0,34.78,941,65,44.78
,,0,2026-09-13T13:05:28.872Z,2026-09-14T13:05:28.872Z,2026-09-13T19:56:28.872Z,telemetry,boiler_01,12,0,33.57,942,65,43.57
,,0,2026-09-13T13:05:28.872Z,2026-09-14T13:05:28.872Z,2026-09-13T19:56:58.872Z,telemetry,boiler_01,12,0,32.42,943,65,42.42
,,0,2026-09-13T13:05:28.872Z,2026-09-14T13:05:28.872Z,2026-09-13T19:57:28.872Z,telemetry,boiler_01,12,0,31.33,944,65,41.33
,,0,2026-09-13T13:05:28.872Z,2026-09-14T13:05:28.872Z,2026-09-13T19:57:58.872Z,telemetry,boiler_01,12,0,30.29,945,65,40.29
,,0,2026-09-13T13:05:28.872Z,2026-09-14T13:05:28.872Z,2026-09-13T19:58:28.872Z,telemetry,boiler_01,12,0,29.3,946,65,39.3
,,0,2026-09-13T13:05:28.872Z,2026-09-14T13:05:28.872Z,2026-09-13T19:58:58.872Z,telemetry,boiler_01,12,0,28.36,947,65,38.36
,,0,2026-09-13T13:05:28.872Z,2026-09-14T13:05:28.872Z,2026-09-13T19:59:28.872Z,telemetry,boiler_01,12,0,27.46,948,65,37.46
,,0,2026-09-13T13:05:28.872Z,2026-09-14T13:05:28.872Z,2026-09-13T19:59:58.872Z,telemetry,boiler_01,12,0,26.61,949,65,36.61
,,0,2026-09-13T13:05:28.872Z,2026-09-14T13:05:28.872Z,2026-09-13T20:00:28.872Z,telemetry,boiler_01,12,5,45.72,950,65,55.72
,,0,2026-09-13T13:05:28.872Z,2026-09-14T13:05:28.872Z,2026-09-13T20:00:58.872Z,telemetry,boiler_01,12,5,52.2,951,65,62.2
,,0,2026-09-13T13:05:28.872Z,2026-09-14T13:05:28.872Z,2026-09-13T20:01:28.872Z,telemetry,boiler_01,12,5,54.16,952,65,64.16
,,0,2026-09-13T13:05:28.872Z,2026-09-14T13:05:28.872Z,2026-09-13T20:01:58.872Z,telemetry,boiler_01,12,5,54.75,953,65,64.75
,,0,2026-09-13T13:05:28.872Z,2026-09-14T13:05:28.872Z,2026-09-13T20:02:28.872Z,telemetry,boiler_01,12,5,54.92,954,65,64.92
,,0,2026-09-13T13:05:28.872Z,2026-09-14T13:05:28.872Z,2026-09-13T20:02:58.872Z,telemetry,boiler_01,12,5,54.98,955,65,64.98
,,0,2026-09-13T13:05:28.872Z,2026-09-14T13:05:28.872Z,2026-09-13T20:03:28.872Z,telemetry,boiler_01,12,5,54.99,956,65,64.99
,,0,2026-09-13T13:05:28.872Z,2026-09-14T13:05:28.872Z,2026-09-13T20:03:58.872Z,telemetry,boiler_01,12,5,55,957,65,65
,,0,2026-09-13T13:05:28.872Z,2026-09-14T13:05:28.872Z,2026-09-13T20:04:28.872Z,telemetry,boiler_01,12,5,55,958,65,65
,,0,2026-09-13T13:05:28.872Z,2026-09-14T13:05:28.872Z,2026-09-13T20:04:58.872Z,telemetry,boiler_01,12,5,55,959,65,65
,,0,2026-09-13T13:05:28.872Z,2026-09-14T13:05:28.872Z,2026-09-13T20:05:28.872Z,telemetry,boiler_01,12,5,55,960,65,65
,,0,2026-09-13T13:05:28.872Z,2026-09-14T13:05:28.872Z,2026-09-13T20:05:58.872Z,telemetry,boiler_01,12,5,55,961,65,65
,,0,2026-09-13T13:05:28.872Z,2026-09-14T13:05:28.872Z,2026-09-13T20:06:28.872Z,telemetry,boiler_01,12,5,55,962,65,65
,,0,2026-09-13T13:05:28.872Z,2026-09-14T13:05:28.872Z,2026-09-13T20:06:58.872Z,telemetry,boiler_01,12,5,55,963,65,65
,,0,2026-09-13T13:05:28.872Z,2026-09-14T13:05:28.872Z,2026-09-13T20:07:28.872Z,telemetry,boiler_01,12,5,55,964,65,65
,,0,2026-09-13T13:05:28.872Z,2026-09-14T13:05:28.872Z,2026-09-13T20:07:58.872Z,telemetry,boiler_01,12,5,55,965,65,65
,,0,2026-09-13T13:05:28.872Z,2026-09-14T13:05:28.872Z,2026-09-13T20:08:28.872Z,telemetry,boiler_01,12,5,55,966,65,65
,,0,2026-09-13T13:05:28.872Z,2026-09-14T13:05:28.872Z,2026-09-13T20:08:58.872Z,telemetry,boiler_01,12,5,55,967,65,65
,,0,2026-09-13T13:05:28.872Z,2026-09-14T13:05:28.872Z,2026-09-13T20:09:28.872Z,telemetry,boiler_01,12,5,55,968,65,65
,,0,2026-09-13T13:05:28.872Z,2026-09-14T13:05:28.872Z,2026-09-13T20:09:58.872Z,telemetry,boiler_01,12,5,55,969,65,65
,,0,2026-09-13T13:05:28.872Z,2026-09-14T13:05:28.872Z,2026-09-13T20:10:28.872Z,telemetry,boiler_01,12,0,52.95,970,65,62.95
,,0,2026-09-13T13:05:28.872Z,2026-09-14T13:05:28.872Z,2026-09-13T20:10:58.872Z,telemetry,boiler_01,12,0,50.85,971,65,60.85
,,0,2026-09-13T13:05:28.872Z,2026-09-14T13:05:28.872Z,2026-09-13T20:11:28.872Z,telemetry,boiler_01,12,0,48.86,972,65,58.86
,,0,2026-09-13T13:05:28.872Z,2026-09-14T13:05:28.872Z,2026-09-13T20:11:58.872Z,telemetry,boiler_01,12,0,46.97,973,65,56.97
,,0,2026-09-13T13:05:28.872Z,2026-09-14T13:05:28.872Z,2026-09-13T20:12:28.872Z,telemetry,boiler_01,12,0,45.16,974,65,55.16
,,0,2026-09-13T13:05:28.872Z,2026-09-14T13:05:28.872Z,2026-09-13T20:12:58.872Z,telemetry,boiler_01,12,0,43.45,975,65,53.45
,,0,2026-09-13T13:05:28.872Z,2026-09-14T13:05:28.872Z,2026-09-13T20:13:28.872Z,telemetry,boiler_01,12,0,41.82,976,65,51.82
,,0,2026-09-13T13:05:28.872Z,2026-09-14T13:05:28.872Z,2026-09-13T20:13:58.872Z,telemetry,boiler_01,12,0,40.27,977,65,50.27
,,0,2026-09-13T13:05:28.872Z,2026-09-14T13:05:28.872Z,2026-09-13T20:14:28.872Z,telemetry,boiler_01,12,0,38.79,978,65,48.79
,,0,2026-09-13T13:05:28.872Z,2026-09-14T13:05:28.872Z,2026-09-13T20:14:58.872Z,telemetry,boiler_01,12,0,37.39,979,65,47.39
,,0,2026-09-13T13:05:28.872Z,2026-09-14T13:05:28.872Z,2026-09-13T20:15:28.872Z,telemetry,boiler_01,12,0,36.05,980,65,46.05
,,0,2026-09-13T13:05:28.872Z,2026-09-14T13:05:28.872Z,2026-09-13T20:15:58.872Z,telemetry,boiler_01,12,0,34.78,981,65,44.78
,,0,2026-09-13T13:05:28.872Z,2026-09-14T13:05:28.872Z,2026-09-13T20:16:28.872Z,telemetry,boiler_01,12,0,33.57,982,65,43.57
,,0,2026-09-13T13:05:28.872Z,2026-09-14T13:05:28.872Z,2026-09-13T20:16:58.872Z,telemetry,boiler_01,12,0,32.42,983,65,42.42
,,0,2026-09-13T13:05:28.872Z,2026-09-14T13:05:28.872Z,2026-09-13T20:17:28.872Z,telemetry,boiler_01,12,0,31.33,984,65,41.33
,,0,2026-09-13T13:05:28.872Z,2026-09-14T13:05:28.872Z,2026-09-13T20:17:58.872Z,telemetry,boiler_01,12,0,30.29,985,65,40.29
,,0,2026-09-13T13:05:28.872Z,2026-09-14T13:05:28.872Z,2026-09-13T20:18:28.872Z,telemetry,boiler_01,12,0,29.3,986,65,39.3
,,0,2026-09-13T13:05:28.872Z,2026-09-14T13:05:28.872Z,2026-09-13T20:18:58.872Z,telemetry,boiler_01,12,0,28.36,987,65,38.36
,,0,2026-09-13T13:05:28.872Z,2026-09-14T13:05:28.872Z,2026-09-13T20:19:28.872Z,telemetry,boiler_01,12,0,27.46,988,65,37.46
,,0,2026-09-13T13:05:28.872Z,2026-09-14T13:05:28.872Z,2026-09-13T20:19:58.872Z,telemetry,boiler_01,12,0,26.61,989,65,36.61
,,0,2026-09-13T13:05:28.872Z,2026-09-14T13:05:28.872Z,2026-09-13T20:20:28.872Z,telemetry,boiler_01,12,5,45.72,990,65,55.72
,,0,2026-09-13T13:05:28.872Z,2026-09-14T13:05:28.872Z,2026-09-13T20:20:58.872Z,telemetry,boiler_01,12,5,52.2,991,65,62.2
,,0,2026-09-13T13:05:28.872Z,2026-09-14T13:05:28.872Z,2026-09-13T20:21:28.872Z,telemetry,boiler_01,12,5,54.16,992,65,64.16
,,0,2026-09-13T13:05:28.872Z,2026-09-14T13:05:28.872Z,2026-09-13T20:21:58.872Z,telemetry,boiler_01,12,5,54.75,993,65,64.75
,,0,2026-09-13T13:05:28.872Z,2026-09-14T13:05:28.872Z,2026-09-13T20:22:28.872Z,telemetry,boiler_01,12,5,54.92,994,65,64.92
,,0,2026-09-13T13:05:28.872Z,2026-09-14T13:05:28.872Z,2026-09-13T20:22:58.872Z,telemetry,boiler_01,12,5,54.98,995,65,64.98
,,0,2026-09-13T13:05:28.872Z,2026-09-14T13:05:28.872Z,2026-09-13T20:23:28.872Z,telemetry,boiler_01,12,5,54.99,996,65,64.99
,,0,2026-09-13T13:05:28.872Z,2026-09-14T13:05:28.872Z,2026-09-13T20:23:58.872Z,telemetry,boiler_01,12,5,55,997,65,65
,,0,2026-09-13T13:05:28.872Z,2026-09-14T13:05:28.872Z,2026-09-13T20:24:28.872Z,telemetry,boiler_01,12,5,55,998,65,65
,,0,2026-09-13T13:05:28.872Z,2026-09-14T13:05:28.872Z,2026-09-13T20:24:58.872Z,telemetry,boiler_01,12,5,55,999,65,65
,,0,2026-09-13T13:05:28.872Z,2026-09-14T13:05:28.872Z,2026-09-13T20:25:28.872Z,telemetry,boiler_01,12,5,55,1000,65,65
,,0,2026-09-13T13:05:28.872Z,2026-09-14T13:05:28.872Z,2026-09-13T20:25:58.872Z,telemetry,boiler_01,12,5,55,1001,65,65
,,0,2026-09-13T13:05:28.872Z,2026-09-14T13:05:28.872Z,2026-09-13T20:26:28.872Z,telemetry,boiler_01,12,5,55,1002,65,65
,,0,2026-09-13T13:05:28.872Z,2026-09-14T13:05:28.872Z,2026-09-13T20:26:58.872Z,telemetry,boiler_01,12,5,55,1003,65,65
,,0,2026-09-13T13:05:28.872Z,2026-09-14T13:05:28.872Z,2026-09-13T20:27:28.872Z,telemetry,boiler_01,12,5,55,1004,65,65
,,0,2026-09-13T13:05:28.872Z,2026-09-14T13:05:28.872Z,2026-09-13T20:27:58.872Z,telemetry,boiler_01,12,5,55,1005,65,65
,,0,2026-09-13T13:05:28.872Z,2026-09-14T13:05:28.872Z,2026-09-13T20:28:28.872Z,telemetry,boiler_01,12,5,55,1006,65,65
,,0,2026-09-13T13:05:28.872Z,2026-09-14T13:05:28.872Z,2026-09-13T20:28:58.872Z,telemetry,boiler_01,12,5,55,1007,65,65
,,0,2026-09-13T13:05:28.872Z,2026-09-14T13:05:28.872Z,2026-09-13T20:29:28.872Z,telemetry,boiler_01,12,5,55,1008,65,65
,,0,2026-09-13T13:05:28.872Z,2026-09-14T13:05:28.872Z,2026-09-13T20:29:58.872Z,telemetry,boiler_01,12,5,55,1009,65,65
,,0,2026-09-13T13:05:28.872Z,2026-09-14T13:05:28.872Z,2026-09-13T20:30:28.872Z,telemetry,boiler_01,12,0,52.95,1010,65,62.95
,,0,2026-09-13T13:05:28.872Z,2026-09-14T13:05:28.872Z,2026-09-13T20:30:58.872Z,telemetry,boiler_01,12,0,50.85,1011,65,60.85
,,0,2026-09-13T13:05:28.872Z,2026-09-14T13:05:28.872Z,2026-09-13T20:31:28.872Z,telemetry,boiler_01,12,0,48.86,1012,65,58.86
,,0,2026-09-13T13:05:28.872Z,2026-09-14T13:05:28.872Z,2026-09-13T20:31:58.872Z,telemetry,boiler_01,12,0,46.97,1013,65,56.97
,,0,2026-09-13T13:05:28.872Z,2026-09-14T13:05:28.872Z,2026-09-13T20:32:28.872Z,telemetry,boiler_01,12,0,45.16,1014,65,55.16
,,0,2026-09-13T13:05:28.872Z,2026-09-14T13:05:28.872Z,2026-09-13T20:32:58.872Z,telemetry,boiler_01,12,0,43.45,1015,65,53.45
,,0,2026-09-13T13:05:28.872Z,2026-09-14T13:05:28.872Z,2026-09-13T20:33:28.872Z,telemetry,boiler_01,12,0,41.82,1016,65,51.82
,,0,2026-09-13T13:05:28.872Z,2026-09-14T13:05:28.872Z,2026-09-13T20:33:58.872Z,telemetry,boiler_01,12,0,40.27,1017,65,50.27
,,0,2026-09-13T13:05:28.872Z,2026-09-14T13:05:28.872Z,2026-09-13T20:34:28.872Z,telemetry,boiler_01,12,0,38.79,1018,65,48.79
,,0,2026-09-13T13:05:28.872Z,2026-09-14T13:05:28.872Z,2026-09-13T20:34:58.872Z,telemetry,boiler_01,12,0,37.39,1019,65,47.39
,,0,2026-09-13T13:05:28.872Z,2026-09-14T13:05:28.872Z,2026-09-13T20:35:28.873Z,telemetry,boiler_01,12,0,36.05,1020,65,46.05
,,0,2026-09-13T13:05:28.872Z,2026-09-14T13:05:28.872Z,2026-09-13T20:35:58.872Z,telemetry,boiler_01,12,0,34.78,1021,65,44.78
,,0,2026-09-13T13:05:28.872Z,2026-09-14T13:05:28.872Z,2026-09-13T20:36:28.872Z,telemetry,boiler_01,12,0,33.57,1022,65,43.57
,,0,2026-09-13T13:05:28.872Z,2026-09-14T13:05:28.872Z,2026-09-13T20:36:58.872Z,telemetry,boiler_01,12,0,32.42,1023,65,42.42
,,0,2026-09-13T13:05:28.872Z,2026-09-14T13:05:28.872Z,2026-09-13T20:37:28.872Z,telemetry,boiler_01,12,0,31.33,1024,65,41.33
,,0,2026-09-13T13:05:28.872Z,2026-09-14T13:05:28.872Z,2026-09-13T20:37:58.872Z,telemetry,boiler_01,12,0,30.29,1025,65,40.29
,,0,2026-09-13T13:05:28.872Z,2026-09-14T13:05:28.872Z,2026-09-13T20:38:28.872Z,telemetry,boiler_01,12,0,29.3,1026,65,39.3
,,0,2026-09-13T13:05:28.872Z,2026-09-14T13:05:28.872Z,2026-09-13T20:38:58.872Z,telemetry,boiler_01,12,0,28.36,1027,65,38.36
,,0,2026-09-13T13:05:28.872Z,2026-09-14T13:05:28.872Z,2026-09-13T20:39:28.872Z,telemetry,boiler_01,12,0,27.46,1028,65,37.46
,,0,2026-09-13T13:05:28.872Z,2026-09-14T13:05:28.872Z,2026-09-13T20:39:58.872Z,telemetry,boiler_01,12,0,26.61,1029,65,36.61
,,0,2026-09-13T13:05:28.872Z,2026-09-14T13:05:28.872Z,2026-09-13T20:40:28.872Z,telemetry,boiler_01,12,5,45.72,1030,65,55.72
,,0,2026-09-13T13:05:28.872Z,2026-09-14T13:05:28.872Z,2026-09-13T20:40:58.872Z,telemetry,boiler_01,12,5,52.2,1031,65,62.2
,,0,2026-09-13T13:05:28.872Z,2026-09-14T13:05:28.872Z,2026-09-13T20:41:28.872Z,telemetry,boiler_01,12,5,54.16,1032,65,64.16
,,0,2026-09-13T13:05:28.872Z,2026-09-14T13:05:28.872Z,2026-09-13T20:41:58.872Z,telemetry,boiler_01,12,5,54.75,1033,65,64.75
,,0,2026-09-13T13:05:28.872Z,2026-09-14T13:05:28.872Z,2026-09-13T20:42:28.872Z,telemetry,boiler_01,12,5,54.92,1034,65,64.92
,,0,2026-09-13T13:05:28.872Z,2026-09-14T13:05:28.872Z,2026-09-13T20:42:58.872Z,telemetry,boiler_01,12,5,54.98,1035,65,64.98
,,0,2026-09-13T13:05:28.872Z,2026-09-14T13:05:28.872Z,2026-09-13T20:43:28.872Z,telemetry,boiler_01,12,5,54.99,1036,65,64.99
,,0,2026-09-13T13:05:28.872Z,2026-09-14T13:05:28.872Z,2026-09-13T20:43:58.872Z,telemetry,boiler_01,12,5,55,1037,65,65
,,0,2026-09-13T13:05:28.872Z,2026-09-14T13:05:28.872Z,2026-09-13T20:44:28.872Z,telemetry,boiler_01,12,5,55,1038,65,65
,,0,2026-09-13T13:05:28.872Z,2026-09-14T13:05:28.872Z,2026-09-13T20:44:58.872Z,telemetry,boiler_01,12,5,55,1039,65,65
,,0,2026-09-13T13:05:28.872Z,2026-09-14T13:05:28.872Z,2026-09-13T20:45:28.872Z,telemetry,boiler_01,12,5,55,1040,65,65
,,0,2026-09-13T13:05:28.872Z,2026-09-14T13:05:28.872Z,2026-09-13T20:45:58.872Z,telemetry,boiler_01,12,5,55,1041,65,65
,,0,2026-09-13T13:05:28.872Z,2026-09-14T13:05:28.872Z,2026-09-13T20:46:28.872Z,telemetry,boiler_01,12,5,55,1042,65,65
,,0,2026-09-13T13:05:28.872Z,2026-09-14T13:05:28.872Z,2026-09-13T20:46:58.872Z,telemetry,boiler_01,12,5,55,1043,65,65
,,0,2026-09-13T13:05:28.872Z,2026-09-14T13:05:28.872Z,2026-09-13T20:47:28.872Z,telemetry,boiler_01,12,5,55,1044,65,65
,,0,2026-09-13T13:05:28.872Z,2026-09-14T13:05:28.872Z,2026-09-13T20:47:58.872Z,telemetry,boiler_01,12,5,55,1045,65,65
,,0,2026-09-13T13:05:28.872Z,2026-09-14T13:05:28.872Z,2026-09-13T20:48:28.872Z,telemetry,boiler_01,12,5,55,1046,65,65
,,0,2026-09-13T13:05:28.872Z,2026-09-14T13:05:28.872Z,2026-09-13T20:48:58.872Z,telemetry,boiler_01,12,5,55,1047,65,65
,,0,2026-09-13T13:05:28.872Z,2026-09-14T13:05:28.872Z,2026-09-13T20:49:28.872Z,telemetry,boiler_01,12,5,55,1048,65,65
,,0,2026-09-13T13:05:28.872Z,2026-09-14T13:05:28.872Z,2026-09-13T20:49:58.872Z,telemetry,boiler_01,12,5,55,1049,65,65
,,0,2026-09-13T13:05:28.872Z,2026-09-14T13:05:28.872Z,2026-09-13T20:50:28.872Z,telemetry,boiler_01,12,0,52.95,1050,65,62.95
,,0,2026-09-13T13:05:28.872Z,2026-09-14T13:05:28.872Z,2026-09-13T20:50:58.872Z,telemetry,boiler_01,12,0,50.85,1051,65,60.85
,,0,2026-09-13T13:05:28.872Z,2026-09-14T13:05:28.872Z,2026-09-13T20:51:28.872Z,telemetry,boiler_01,12,0,48.86,1052,65,58.86
,,0,2026-09-13T13:05:28.872Z,2026-09-14T13:05:28.872Z,2026-09-13T20:51:58.872Z,telemetry,boiler_01,12,0,46.97,1053,65,56.97
,,0,2026-09-13T13:05:28.872Z,2026-09-14T13:05:28.872Z,2026-09-13T20:52:28.872Z,telemetry,boiler_01,12,0,45.16,1054,65,55.16
,,0,2026-09-13T13:05:28.872Z,2026-09-14T13:05:28.872Z,2026-09-13T20:52:58.872Z,telemetry,boiler_01,12,0,43.45,1055,65,53.45
,,0,2026-09-13T13:05:28.872Z,2026-09-14T13:05:28.872Z,2026-09-13T20:53:28.872Z,telemetry,boiler_01,12,0,41.82,1056,65,51.82
,,0,2026-09-13T13:05:28.872Z,2026-09-14T13:05:28.872Z,2026-09-13T20:53:58.872Z,telemetry,boiler_01,12,0,40.27,1057,65,50.27
,,0,2026-09-13T13:05:28.872Z,2026-09-14T13:05:28.872Z,2026-09-13T20:54:28.872Z,telemetry,boiler_01,12,0,38.79,1058,65,48.79
,,0,2026-09-13T13:05:28.872Z,2026-09-14T13:05:28.872Z,2026-09-13T20:54:58.872Z,telemetry,boiler_01,12,0,37.39,1059,65,47.39
,,0,2026-09-13T13:05:28.872Z,2026-09-14T13:05:28.872Z,2026-09-13T20:55:28.872Z,telemetry,boiler_01,12,0,36.05,1060,65,46.05
,,0,2026-09-13T13:05:28.872Z,2026-09-14T13:05:28.872Z,2026-09-13T20:55:58.872Z,telemetry,boiler_01,12,0,34.78,1061,65,44.78
,,0,2026-09-13T13:05:28.872Z,2026-09-14T13:05:28.872Z,2026-09-13T20:56:28.872Z,telemetry,boiler_01,12,0,33.57,1062,65,43.57
,,0,2026-09-13T13:05:28.872Z,2026-09-14T13:05:28.872Z,2026-09-13T20:56:58.872Z,telemetry,boiler_01,12,0,32.42,1063,65,42.42
,,0,2026-09-13T13:05:28.872Z,2026-09-14T13:05:28.872Z,2026-09-13T20:57:28.872Z,telemetry,boiler_01,12,0,31.33,1064,65,41.33
,,0,2026-09-13T13:05:28.872Z,2026-09-14T13:05:28.872Z,2026-09-13T20:57:58.872Z,telemetry,boiler_01,12,0,30.29,1065,65,40.29
,,0,2026-09-13T13:05:28.872Z,2026-09-14T13:05:28.872Z,2026-09-13T20:58:28.872Z,telemetry,boiler_01,12,0,29.3,1066,65,39.3
,,0,2026-09-13T13:05:28.872Z,2026-09-14T13:05:28.872Z,2026-09-13T20:58:58.872Z,telemetry,boiler_01,12,0,28.36,1067,65,38.36
,,0,2026-09-13T13:05:28.872Z,2026-09-14T13:05:28.872Z,2026-09-13T20:59:28.872Z,telemetry,boiler_01,12,0,27.46,1068,65,37.46
,,0,2026-09-13T13:05:28.872Z,2026-09-14T13:05:28.872Z,2026-09-13T20:59:58.872Z,telemetry,boiler_01,12,0,26.61,1069,65,36.61
,,0,2026-09-13T13:05:28.872Z,2026-09-14T13:05:28.872Z,2026-09-13T21:00:28.872Z,telemetry,boiler_01,12,5,45.72,1070,65,55.72
,,0,2026-09-13T13:05:28.872Z,2026-09-14T13:05:28.872Z,2026-09-13T21:00:58.872Z,telemetry,boiler_01,12,5,52.2,1071,65,62.2
,,0,2026-09-13T13:05:28.872Z,2026-09-14T13:05:28.872Z,2026-09-13T21:01:28.872Z,telemetry,boiler_01,12,5,54.16,1072,65,64.16
,,0,2026-09-13T13:05:28.872Z,2026-09-14T13:05:28.872Z,2026-09-13T21:01:58.872Z,telemetry,boiler_01,12,5,54.75,1073,65,64.75
,,0,2026-09-13T13:05:28.872Z,2026-09-14T13:05:28.872Z,2026-09-13T21:02:28.872Z,telemetry,boiler_01,12,5,54.92,1074,65,64.92
,,0,2026-09-13T13:05:28.872Z,2026-09-14T13:05:28.872Z,2026-09-13T21:02:58.872Z,telemetry,boiler_01,12,5,54.98,1075,65,64.98
,,0,2026-09-13T13:05:28.872Z,2026-09-14T13:05:28.872Z,2026-09-13T21:03:28.872Z,telemetry,boiler_01,12,5,54.99,1076,65,64.99
,,0,2026-09-13T13:05:28.872Z,2026-09-14T13:05:28.872Z,2026-09-13T21:03:58.872Z,telemetry,boiler_01,12,5,55,1077,65,65
,,0,2026-09-13T13:05:28.872Z,2026-09-14T13:05:28.872Z,2026-09-13T21:04:28.872Z,telemetry,boiler_01,12,5,55,1078,65,65
,,0,2026-09-13T13:05:28.872Z,2026-09-14T13:05:28.872Z,2026-09-13T21:04:58.872Z,telemetry,boiler_01,12,5,55,1079,65,65
,,0,2026-09-13T13:05:28.872Z,2026-09-14T13:05:28.872Z,2026-09-13T21:05:28.872Z,telemetry,boiler_01,12,5,55,1080,65,65
,,0,2026-09-13T13:05:28.872Z,2026-09-14T13:05:28.872Z,2026-09-13T21:05:58.872Z,telemetry,boiler_01,12,5,55,1081,65,65
,,0,2026-09-13T13:05:28.872Z,2026-09-14T13:05:28.872Z,2026-09-13T21:06:28.872Z,telemetry,boiler_01,12,5,55,1082,65,65
,,0,2026-09-13T13:05:28.872Z,2026-09-14T13:05:28.872Z,2026-09-13T21:06:58.872Z,telemetry,boiler_01,12,5,55,1083,65,65
,,0,2026-09-13T13:05:28.872Z,2026-09-14T13:05:28.872Z,2026-09-13T21:07:28.872Z,telemetry,boiler_01,12,5,55,1084,65,65
,,0,2026-09-13T13:05:28.872Z,2026-09-14T13:05:28.872Z,2026-09-13T21:07:58.872Z,telemetry,boiler_01,12,5,55,1085,65,65
,,0,2026-09-13T13:05:28.872Z,2026-09-14T13:05:28.872Z,2026-09-13T21:08:28.872Z,telemetry,boiler_01,12,5,55,1086,65,65
,,0,2026-09-13T13:05:28.872Z,2026-09-14T13:05:28.872Z,2026-09-13T21:08:58.872Z,telemetry,boiler_01,12,5,55,1087,65,65
,,0,2026-09-13T13:05:28.872Z,2026-09-14T13:05:28.872Z,2026-09-13T21:09:28.872Z,telemetry,boiler_01,12,5,55,1088,65,65
,,0,2026-09-13T13:05:28.872Z,2026-09-14T13:05:28.872Z,2026-09-13T21:09:58.872Z,telemetry,boiler_01,12,5,55,1089,65,65
,,0,2026-09-13T13:05:28.872Z,2026-09-14T13:05:28.872Z,2026-09-13T21:10:28.872Z,telemetry,boiler_01,12,0,52.95,1090,65,62.95
,,0,2026-09-13T13:05:28.872Z,2026-09-14T13:05:28.872Z,2026-09-13T21:10:58.872Z,telemetry,boiler_01,12,0,50.85,1091,65,60.85
,,0,2026-09-13T13:05:28.872Z,2026-09-14T13:05:28.872Z,2026-09-13T21:11:28.872Z,telemetry,boiler_01,12,0,48.86,1092,65,58.86
,,0,2026-09-13T13:05:28.872Z,2026-09-14T13:05:28.872Z,2026-09-13T21:11:58.872Z,telemetry,boiler_01,12,0,46.97,1093,65,56.97
,,0,2026-09-13T13:05:28.872Z,2026-09-14T13:05:28.872Z,2026-09-13T21:12:28.872Z,telemetry,boiler_01,12,0,45.16,1094,65,55.16
,,0,2026-09-13T13:05:28.872Z,2026-09-14T13:05:28.872Z,2026-09-13T21:12:58.872Z,telemetry,boiler_01,12,0,43.45,1095,65,53.45
,,0,2026-09-13T13:05:28.872Z,2026-09-14T13:05:28.872Z,2026-09-13T21:13:28.872Z,telemetry,boiler_01,12,0,41.82,1096,65,51.82
,,0,2026-09-13T13:05:28.872Z,2026-09-14T13:05:28.872Z,2026-09-13T21:13:58.872Z,telemetry,boiler_01,12,0,40.27,1097,65,50.27
,,0,2026-09-13T13:05:28.872Z,2026-09-14T13:05:28.872Z,2026-09-13T21:14:28.872Z,telemetry,boiler_01,12,0,38.79,1098,65,48.79
,,0,2026-09-13T13:05:28.872Z,2026-09-14T13:05:28.872Z,2026-09-13T21:14:58.872Z,telemetry,boiler_01,12,0,37.39,1099,65,47.39
,,0,2026-09-13T13:05:28.872Z,2026-09-14T13:05:28.872Z,2026-09-13T21:15:28.872Z,telemetry,boiler_01,12,0,36.05,1100,65,46.05
,,0,2026-09-13T13:05:28.872Z,2026-09-14T13:05:28.872Z,2026-09-13T21:15:58.872Z,telemetry,boiler_01,12,0,34.78,1101,65,44.78
,,0,2026-09-13T13:05:28.872Z,2026-09-14T13:05:28.872Z,2026-09-13T21:16:28.872Z,telemetry,boiler_01,12,0,33.57,1102,65,43.57
,,0,2026-09-13T13:05:28.872Z,2026-09-14T13:05:28.872Z,2026-09-13T21:16:58.872Z,telemetry,boiler_01,12,0,32.42,1103,65,42.42
,,0,2026-09-13T13:05:28.872Z,2026-09-14T13:05:28.872Z,2026-09-13T21:17:28.872Z,telemetry,boiler_01,12,0,31.33,1104,65,41.33
,,0,2026-09-13T13:05:28.872Z,2026-09-14T13:05:28.872Z,2026-09-13T21:17:58.872Z,telemetry,boiler_01,12,0,30.29,1105,65,40.29
,,0,2026-09-13T13:05:28.872Z,2026-09-14T13:05:28.872Z,2026-09-13T21:18:28.872Z,telemetry,boiler_01,12,0,29.3,1106,65,39.3
,,0,2026-09-13T13:05:28.872Z,2026-09-14T13:05:28.872Z,2026-09-13T21:18:58.872Z,telemetry,boiler_01,12,0,28.36,1107,65,38.36
,,0,2026-09-13T13:05:28.872Z,2026-09-14T13:05:28.872Z,2026-09-13T21:19:28.872Z,telemetry,boiler_01,12,0,27.46,1108,65,37.46
,,0,2026-09-13T13:05:28.872Z,2026-09-14T13:05:28.872Z,2026-09-13T21:19:58.872Z,telemetry,boiler_01,12,0,26.61,1109,65,36.61
,,0,2026-09-13T13:05:28.872Z,2026-09-14T13:05:28.872Z,2026-09-13T21:20:28.872Z,telemetry,boiler_01,12,5,45.72,1110,65,55.72
,,0,2026-09-13T13:05:28.872Z,2026-09-14T13:05:28.872Z,2026-09-13T21:20:58.872Z,telemetry,boiler_01,12,5,52.2,1111,65,62.2
,,0,2026-09-13T13:05:28.872Z,2026-09-14T13:05:28.872Z,2026-09-13T21:21:28.872Z,telemetry,boiler_01,12,5,54.16,1112,65,64.16
,,0,2026-09-13T13:05:28.872Z,2026-09-14T13:05:28.872Z,2026-09-13T21:21:58.872Z,telemetry,boiler_01,12,5,54.75,1113,65,64.75
,,0,2026-09-13T13:05:28.872Z,2026-09-14T13:05:28.872Z,2026-09-13T21:22:28.872Z,telemetry,boiler_01,12,5,54.92,1114,65,64.92
,,0,2026-09-13T13:05:28.872Z,2026-09-14T13:05:28.872Z,2026-09-13T21:22:58.872Z,telemetry,boiler_01,12,5,54.98,1115,65,64.98
,,0,2026-09-13T13:05:28.872Z,2026-09-14T13:05:28.872Z,2026-09-13T21:23:28.872Z,telemetry,boiler_01,12,5,54.99,1116,65,64.99
,,0,2026-09-13T13:05:28.872Z,2026-09-14T13:05:28.872Z,2026-09-13T21:23:58.872Z,telemetry,boiler_01,12,5,55,1117,65,65
,,0,2026-09-13T13:05:28.872Z,2026-09-14T13:05:28.872Z,2026-09-13T21:24:28.872Z,telemetry,boiler_01,12,5,55,1118,65,65
,,0,2026-09-13T13:05:28.872Z,2026-09-14T13:05:28.872Z,2026-09-13T21:24:58.872Z,telemetry,boiler_01,12,5,55,1119,65,65
,,0,2026-09-13T13:05:28.872Z,2026-09-14T13:05:28.872Z,2026-09-13T21:25:28.872Z,telemetry,boiler_01,12,5,55,1120,65,65
,,0,2026-09-13T13:05:28.872Z,2026-09-14T13:05:28.872Z,2026-09-13T21:25:58.872Z,telemetry,boiler_01,12,5,55,1121,65,65
,,0,2026-09-13T13:05:28.872Z,2026-09-14T13:05:28.872Z,2026-09-13T21:26:28.872Z,telemetry,boiler_01,12,5,55,1122,65,65
,,0,2026-09-13T13:05:28.872Z,2026-09-14T13:05:28.872Z,2026-09-13T21:26:58.872Z,telemetry,boiler_01,12,5,55,1123,65,65
,,0,2026-09-13T13:05:28.872Z,2026-09-14T13:05:28.872Z,2026-09-13T21:27:28.872Z,telemetry,boiler_01,12,5,55,1124,65,65
,,0,2026-09-13T13:05:28.872Z,2026-09-14T13:05:28.872Z,2026-09-13T21:27:58.872Z,telemetry,boiler_01,12,5,55,1125,65,65
,,0,2026-09-13T13:05:28.872Z,2026-09-14T13:05:28.872Z,2026-09-13T21:28:28.872Z,telemetry,boiler_01,12,5,55,1126,65,65
,,0,2026-09-13T13:05:28.872Z,2026-09-14T13:05:28.872Z,2026-09-13T21:28:58.872Z,telemetry,boiler_01,12,5,55,1127,65,65
,,0,2026-09-13T13:05:28.872Z,2026-09-14T13:05:28.872Z,2026-09-13T21:29:28.872Z,telemetry,boiler_01,12,5,55,1128,65,65
,,0,2026-09-13T13:05:28.872Z,2026-09-14T13:05:28.872Z,2026-09-13T21:29:58.872Z,telemetry,boiler_01,12,5,55,1129,65,65
,,0,2026-09-13T13:05:28.872Z,2026-09-14T13:05:28.872Z,2026-09-13T21:30:28.872Z,telemetry,boiler_01,12,0,52.95,1130,65,62.95
,,0,2026-09-13T13:05:28.872Z,2026-09-14T13:05:28.872Z,2026-09-13T21:30:58.872Z,telemetry,boiler_01,12,0,50.85,1131,65,60.85
,,0,2026-09-13T13:05:28.872Z,2026-09-14T13:05:28.872Z,2026-09-13T21:31:28.872Z,telemetry,boiler_01,12,0,48.86,1132,65,58.86
,,0,2026-09-13T13:05:28.872Z,2026-09-14T13:05:28.872Z,2026-09-13T21:31:58.872Z,telemetry,boiler_01,12,0,46.97,1133,65,56.97
,,0,2026-09-13T13:05:28.872Z,2026-09-14T13:05:28.872Z,2026-09-13T21:32:28.872Z,telemetry,boiler_01,12,0,45.16,1134,65,55.16
,,0,2026-09-13T13:05:28.872Z,2026-09-14T13:05:28.872Z,2026-09-13T21:32:58.872Z,telemetry,boiler_01,12,0,43.45,1135,65,53.45
,,0,2026-09-13T13:05:28.872Z,2026-09-14T13:05:28.872Z,2026-09-13T21:33:28.872Z,telemetry,boiler_01,12,0,41.82,1136,65,51.82
,,0,2026-09-13T13:05:28.872Z,2026-09-14T13:05:28.872Z,2026-09-13T21:33:58.872Z,telemetry,boiler_01,12,0,40.27,1137,65,50.27
,,0,2026-09-13T13:05:28.872Z,2026-09-14T13:05:28.872Z,2026-09-13T21:34:28.872Z,telemetry,boiler_01,12,0,38.79,1138,65,48.79
,,0,2026-09-13T13:05:28.872Z,2026-09-14T13:05:28.872Z,2026-09-13T21:34:58.872Z,telemetry,boiler_01,12,0,37.39,1139,65,47.39
,,0,2026-09-13T13:05:28.872Z,2026-09-14T13:05:28.872Z,2026-09-13T21:35:28.873Z,telemetry,boiler_01,12,0,36.05,1140,65,46.05
,,0,2026-09-13T13:05:28.872Z,2026-09-14T13:05:28.872Z,2026-09-13T21:35:58.872Z,telemetry,boiler_01,12,0,34.78,1141,65,44.78
,,0,2026-09-13T13:05:28.872Z,2026-09-14T13:05:28.872Z,2026-09-13T21:36:28.872Z,telemetry,boiler_01,12,0,33.57,1142,65,43.57
,,0,2026-09-13T13:05:28.872Z,2026-09-14T13:05:28.872Z,2026-09-13T21:36:58.872Z,telemetry,boiler_01,12,0,32.42,1143,65,42.42
,,0,2026-09-13T13:05:28.872Z,2026-09-14T13:05:28.872Z,2026-09-13T21:37:28.872Z,telemetry,boiler_01,12,0,31.33,1144,65,41.33
,,0,2026-09-13T13:05:28.872Z,2026-09-14T13:05:28.872Z,2026-09-13T21:37:58.872Z,telemetry,boiler_01,12,0,30.29,1145,65,40.29
,,0,2026-09-13T13:05:28.872Z,2026-09-14T13:05:28.872Z,2026-09-13T21:38:28.872Z,telemetry,boiler_01,12,0,29.3,1146,65,39.3
,,0,2026-09-13T13:05:28.872Z,2026-09-14T13:05:28.872Z,2026-09-13T21:38:58.872Z,telemetry,boiler_01,12,0,28.36,1147,65,38.36
,,0,2026-09-13T13:05:28.872Z,2026-09-14T13:05:28.872Z,2026-09-13T21:39:28.872Z,telemetry,boiler_01,12,0,27.46,1148,65,37.46
,,0,2026-09-13T13:05:28.872Z,2026-09-14T13:05:28.872Z,2026-09-13T21:39:58.872Z,telemetry,boiler_01,12,0,26.61,1149,65,36.61
,,0,2026-09-13T13:05:28.872Z,2026-09-14T13:05:28.872Z,2026-09-13T21:40:28.872Z,telemetry,boiler_01,12,5,45.72,1150,65,55.72
,,0,2026-09-13T13:05:28.872Z,2026-09-14T13:05:28.872Z,2026-09-13T21:40:58.872Z,telemetry,boiler_01,12,5,52.2,1151,65,62.2
,,0,2026-09-13T13:05:28.872Z,2026-09-14T13:05:28.872Z,2026-09-13T21:41:28.872Z,telemetry,boiler_01,12,5,54.16,1152,65,64.16
,,0,2026-09-13T13:05:28.872Z,2026-09-14T13:05:28.872Z,2026-09-13T21:41:58.872Z,telemetry,boiler_01,12,5,54.75,1153,65,64.75
,,0,2026-09-13T13:05:28.872Z,2026-09-14T13:05:28.872Z,2026-09-13T21:42:28.872Z,telemetry,boiler_01,12,5,54.92,1154,65,64.92
,,0,2026-09-13T13:05:28.872Z,2026-09-14T13:05:28.872Z,2026-09-13T21:42:58.872Z,telemetry,boiler_01,12,5,54.98,1155,65,64.98
,,0,2026-09-13T13:05:28.872Z,2026-09-14T13:05:28.872Z,2026-09-13T21:43:28.872Z,telemetry,boiler_01,12,5,54.99,1156,65,64.99
,,0,2026-09-13T13:05:28.872Z,2026-09-14T13:05:28.872Z,2026-09-13T21:43:58.872Z,telemetry,boiler_01,12,5,55,1157,65,65
,,0,2026-09-13T13:05:28.872Z,2026-09-14T13:05:28.872Z,2026-09-13T21:44:28.872Z,telemetry,boiler_01,12,5,55,1158,65,65
,,0,2026-09-13T13:05:28.872Z,2026-09-14T13:05:28.872Z,2026-09-13T21:44:58.872Z,telemetry,boiler_01,12,5,55,1159,65,65
,,0,2026-09-13T13:05:28.872Z,2026-09-14T13:05:28.872Z,2026-09-13T21:45:28.872Z,telemetry,boiler_01,12,5,55,1160,65,65
,,0,2026-09-13T13:05:28.872Z,2026-09-14T13:05:28.872Z,2026-09-13T21:45:58.872Z,telemetry,boiler_01,12,5,55,1161,65,65
,,0,2026-09-13T13:05:28.872Z,2026-09-14T13:05:28.872Z,2026-09-13T21:46:28.872Z,telemetry,boiler_01,12,5,55,1162,65,65
,,0,2026-09-13T13:05:28.872Z,2026-09-14T13:05:28.872Z,2026-09-13T21:46:58.872Z,telemetry,boiler_01,12,5,55,1163,65,65
,,0,2026-09-13T13:05:28.872Z,2026-09-14T13:05:28.872Z,2026-09-13T21:47:28.872Z,telemetry,boiler_01,12,5,55,1164,65,65
,,0,2026-09-13T13:05:28.872Z,2026-09-14T13:05:28.872Z,2026-09-13T21:47:58.872Z,telemetry,boiler_01,12,5,55,1165,65,65
,,0,2026-09-13T13:05:28.872Z,2026-09-14T13:05:28.872Z,2026-09-13T21:48:28.872Z,telemetry,boiler_01,12,5,55,1166,65,65
,,0,2026-09-13T13:05:28.872Z,2026-09-14T13:05:28.872Z,2026-09-13T21:48:58.872Z,telemetry,boiler_01,12,5,55,1167,65,65
,,0,2026-09-13T13:05:28.872Z,2026-09-14T13:05:28.872Z,2026-09-13T21:49:28.872Z,telemetry,boiler_01,12,5,55,1168,65,65
,,0,2026-09-13T13:05:28.872Z,2026-09-14T13:05:28.872Z,2026-09-13T21:49:58.872Z,telemetry,boiler_01,12,5,55,1169,65,65
,,0,2026-09-13T13:05:28.872Z,2026-09-14T13:05:28.872Z,2026-09-13T21:50:28.872Z,telemetry,boiler_01,12,0,52.95,1170,65,62.95
,,0,2026-09-13T13:05:28.872Z,2026-09-14T13:05:28.872Z,2026-09-13T21:50:58.872Z,telemetry,boiler_01,12,0,50.85,1171,65,60.85
,,0,2026-09-13T13:05:28.872Z,2026-09-14T13:05:28.872Z,2026-09-13T21:51:28.872Z,telemetry,boiler_01,12,0,48.86,1172,65,58.86
,,0,2026-09-13T13:05:28.872Z,2026-09-14T13:05:28.872Z,2026-09-13T21:51:58.872Z,telemetry,boiler_01,12,0,46.97,1173,65,56.97
,,0,2026-09-13T13:05:28.872Z,2026-09-14T13:05:28.872Z,2026-09-13T21:52:28.872Z,telemetry,boiler_01,12,0,45.16,1174,65,55.16
,,0,2026-09-13T13:05:28.872Z,2026-09-14T13:05:28.872Z,2026-09-13T21:52:58.872Z,telemetry,boiler_01,12,0,43.45,1175,65,53.45
,,0,2026-09-13T13:05:28.872Z,2026-09-14T13:05:28.872Z,2026-09-13T21:53:28.872Z,telemetry,boiler_01,12,0,41.82,1176,65,51.82
,,0,2026-09-13T13:05:28.872Z,2026-09-14T13:05:28.872Z,2026-09-13T21:53:58.872Z,telemetry,boiler_01,12,0,40.27,1177,65,50.27
,,0,2026-09-13T13:05:28.872Z,2026-09-14T13:05:28.872Z,2026-09-13T21:54:28.872Z,telemetry,boiler_01,12,0,38.79,1178,65,48.79
,,0,2026-09-13T13:05:28.872Z,2026-09-14T13:05:28.872Z,2026-09-13T21:54:58.872Z,telemetry,boiler_01,12,0,37.39,1179,65,47.39
,,0,2026-09-13T13:05:28.872Z,2026-09-14T13:05:28.872Z,2026-09-13T21:55:28.872Z,telemetry,boiler_01,12,0,36.05,1180,65,46.05
,,0,2026-09-13T13:05:28.872Z,2026-09-14T13:05:28.872Z,2026-09-13T21:55:58.872Z,telemetry,boiler_01,12,0,34.78,1181,65,44.78
,,0,2026-09-13T13:05:28.872Z,2026-09-14T13:05:28.872Z,2026-09-13T21:56:28.872Z,telemetry,boiler_01,12,0,33.57,1182,65,43.57
,,0,2026-09-13T13:05:28.872Z,2026-09-14T13:05:28.872Z,2026-09-13T21:56:58.872Z,telemetry,boiler_01,12,0,32.42,1183,65,42.42
,,0,2026-09-13T13:05:28.872Z,2026-09-14T13:05:28.872Z,2026-09-13T21:57:28.872Z,telemetry,boiler_01,12,0,31.33,1184,65,41.33
,,0,2026-09-13T13:05:28.872Z,2026-09-14T13:05:28.872Z,2026-09-13T21:57:58.872Z,telemetry,boiler_01,12,0,30.29,1185,65,40.29
,,0,2026-09-13T13:05:28.872Z,2026-09-14T13:05:28.872Z,2026-09-13T21:58:28.872Z,telemetry,boiler_01,12,0,29.3,1186,65,39.3
,,0,2026-09-13T13:05:28.872Z,2026-09-14T13:05:28.872Z,2026-09-13T21:58:58.872Z,telemetry,boiler_01,12,0,28.36,1187,65,38.36
,,0,2026-09-13T13:05:28.872Z,2026-09-14T13:05:28.872Z,2026-09-13T21:59:28.872Z,telemetry,boiler_01,12,0,27.46,1188,65,37.46
,,0,2026-09-13T13:05:28.872Z,2026-09-14T13:05:28.872Z,2026-09-13T21:59:58.872Z,telemetry,boiler_01,12,0,26.61,1189,65,36.61
,,0,2026-09-13T13:05:28.872Z,2026-09-14T13:05:28.872Z,2026-09-13T22:00:28.872Z,telemetry,boiler_01,12,0,20,1190,65,20
,,0,2026-09-13T13:05:28.872Z,2026-09-14T13:05:28.872Z,2026-09-13T22:00:58.872Z,telemetry,boiler_01,12,0,20,1191,65,20
,,0,2026-09-13T13:05:28.872Z,2026-09-14T13:05:28.872Z,2026-09-13T22:01:28.872Z,telemetry,boiler_01,12,0,20,1192,65,20
,,0,2026-09-13T13:05:28.872Z,2026-09-14T13:05:28.872Z,2026-09-13T22:01:58.872Z,telemetry,boiler_01,12,0,20,1193,65,20
,,0,2026-09-13T13:05:28.872Z,2026-09-14T13:05:28.872Z,2026-09-13T22:02:28.872Z,telemetry,boiler_01,12,0,20,1194,65,20
,,0,2026-09-13T13:05:28.872Z,2026-09-14T13:05:28.872Z,2026-09-13T22:02:58.872Z,telemetry,boiler_01,12,0,20,1195,65,20
,,0,2026-09-13T13:05:28.872Z,2026-09-14T13:05:28.872Z,2026-09-13T22:03:28.872Z,telemetry,boiler_01,12,0,20,1196,65,20
,,0,2026-09-13T13:05:28.872Z,2026-09-14T13:05:28.872Z,2026-09-13T22:03:58.872Z,telemetry,boiler_01,12,0,20,1197,65,20
,,0,2026-09-13T13:05:28.872Z,2026-09-14T13:05:28.872Z,2026-09-13T22:04:28.872Z,telemetry,boiler_01,12,0,20,1198,65,20
,,0,2026-09-13T13:05:28.872Z,2026-09-14T13:05:28.872Z,2026-09-13T22:04:58.872Z,telemetry,boiler_01,12,0,20,1199,65,20
,,0,2026-09-13T13:05:28.872Z,2026-09-14T13:05:28.872Z,2026-09-13T22:05:28.872Z,telemetry,boiler_01,12,0,20,1200,65,20
,,0,2026-09-13T13:05:28.872Z,2026-09-14T13:05:28.872Z,2026-09-13T22:05:58.872Z,telemetry,boiler_01,12,0,20,1201,65,20
,,0,2026-09-13T13:05:28.872Z,2026-09-14T13:05:28.872Z,2026-09-13T22:06:28.872Z,telemetry,boiler_01,12,0,20,1202,65,20
,,0,2026-09-13T13:05:28.872Z,2026-09-14T13:05:28.872Z,2026-09-13T22:06:58.872Z,telemetry,boiler_01,12,0,20,1203,65,20
,,0,2026-09-13T13:05:28.872Z,2026-09-14T13:05:28.872Z,2026-09-13T22:07:28.872Z,telemetry,boiler_01,12,0,20,1204,65,20
,,0,2026-09-13T13:05:28.872Z,2026-09-14T13:05:28.872Z,2026-09-13T22:07:58.872Z,telemetry,boiler_01,12,0,20,1205,65,20
,,0,2026-09-13T13:05:28.872Z,2026-09-14T13:05:28.872Z,2026-09-13T22:08:28.872Z,telemetry,boiler_01,12,0,20,1206,65,20
,,0,2026-09-13T13:05:28.872Z,2026-09-14T13:05:28.872Z,2026-09-13T22:08:58.872Z,telemetry,boiler_01,12,0,20,1207,65,20
,,0,2026-09-13T13:05:28.872Z,2026-09-14T13:05:28.872Z,2026-09-13T22:09:28.872Z,telemetry,boiler_01,12,0,20,1208,65,20
,,0,2026-09-13T13:05:28.872Z,2026-09-14T13:05:28.872Z,2026-09-13T22:09:58.872Z,telemetry,boiler_01,12,0,20,1209,65,20
,,0,2026-09-13T13:05:28.872Z,2026-09-14T13:05:28.872Z,2026-09-13T22:10:28.872Z,telemetry,boiler_01,12,0,20,1210,65,20
,,0,2026-09-13T13:05:28.872Z,2026-09-14T13:05:28.872Z,2026-09-13T22:10:58.872Z,telemetry,boiler_01,12,0,20,1211,65,20
,,0,2026-09-13T13:05:28.872Z,2026-09-14T13:05:28.872Z,2026-09-13T22:11:28.872Z,telemetry,boiler_01,12,0,20,1212,65,20
,,0,2026-09-13T13:05:28.872Z,2026-09-14T13:05:28.872Z,2026-09-13T22:11:58.872Z,telemetry,boiler_01,12,0,20,1213,65,20
,,0,2026-09-13T13:05:28.872Z,2026-09-14T13:05:28.872Z,2026-09-13T22:12:28.872Z,telemetry,boiler_01,12,0,20,1214,65,20
,,0,2026-09-13T13:05:28.872Z,2026-09-14T13:05:28.872Z,2026-09-13T22:12:58.872Z,telemetry,boiler_01,12,0,20,1215,65,20
,,0,2026-09-13T13:05:28.872Z,2026-09-14T13:05:28.872Z,2026-09-13T22:13:28.872Z,telemetry,boiler_01,12,0,20,1216,65,20
,,0,2026-09-13T13:05:28.872Z,2026-09-14T13:05:28.872Z,2026-09-13T22:13:58.872Z,telemetry,boiler_01,12,0,20,1217,65,20
,,0,2026-09-13T13:05:28.872Z,2026-09-14T13:05:28.872Z,2026-09-13T22:14:28.872Z,telemetry,boiler_01,12,0,20,1218,65,20
,,0,2026-09-13T13:05:28.872Z,2026-09-14T13:05:28.872Z,2026-09-13T22:14:58.872Z,telemetry,boiler_01,12,0,20,1219,65,20
,,0,2026-09-13T13:05:28.872Z,2026-09-14T13:05:28.872Z,2026-09-13T22:15:28.873Z,telemetry,boiler_01,12,0,20,1220,65,20
,,0,2026-09-13T13:05:28.872Z,2026-09-14T13:05:28.872Z,2026-09-13T22:15:58.872Z,telemetry,boiler_01,12,0,20,1221,65,20
,,0,2026-09-13T13:05:28.872Z,2026-09-14T13:05:28.872Z,2026-09-13T22:16:28.872Z,telemetry,boiler_01,12,0,20,1222,65,20
,,0,2026-09-13T13:05:28.872Z,2026-09-14T13:05:28.872Z,2026-09-13T22:16:58.872Z,telemetry,boiler_01,12,0,20,1223,65,20
,,0,2026-09-13T13:05:28.872Z,2026-09-14T13:05:28.872Z,2026-09-13T22:17:28.872Z,telemetry,boiler_01,12,0,20,1224,65,20
,,0,2026-09-13T13:05:28.872Z,2026-09-14T13:05:28.872Z,2026-09-13T22:17:58.872Z,telemetry,boiler_01,12,0,20,1225,65,20
,,0,2026-09-13T13:05:28.872Z,2026-09-14T13:05:28.872Z,2026-09-13T22:18:28.872Z,telemetry,boiler_01,12,0,20,1226,65,20
,,0,2026-09-13T13:05:28.872Z,2026-09-14T13:05:28.872Z,2026-09-13T22:18:58.872Z,telemetry,boiler_01,12,0,20,1227,65,20
,,0,2026-09-13T13:05:28.872Z,2026-09-14T13:05:28.872Z,2026-09-13T22:19:28.872Z,telemetry,boiler_01,12,0,20,1228,65,20
,,0,2026-09-13T13:05:28.872Z,2026-09-14T13:05:28.872Z,2026-09-13T22:19:58.872Z,telemetry,boiler_01,12,0,20,1229,65,20
,,0,2026-09-13T13:05:28.872Z,2026-09-14T13:05:28.872Z,2026-09-13T22:20:28.872Z,telemetry,boiler_01,12,0,20,1230,65,20
,,0,2026-09-13T13:05:28.872Z,2026-09-14T13:05:28.872Z,2026-09-13T22:20:58.872Z,telemetry,boiler_01,12,0,20,1231,65,20
,,0,2026-09-13T13:05:28.872Z,2026-09-14T13:05:28.872Z,2026-09-13T22:21:28.872Z,telemetry,boiler_01,12,0,20,1232,65,20
,,0,2026-09-13T13:05:28.872Z,2026-09-14T13:05:28.872Z,2026-09-13T22:21:58.872Z,telemetry,boiler_01,12,0,20,1233,65,20
,,0,2026-09-13T13:05:28.872Z,2026-09-14T13:05:28.872Z,2026-09-13T22:22:28.872Z,telemetry,boiler_01,12,0,20,1234,65,20
,,0,2026-09-13T13:05:28.872Z,2026-09-14T13:05:28.872Z,2026-09-13T22:22:58.872Z,telemetry,boiler_01,12,0,20,1235,65,20
,,0,2026-09-13T13:05:28.872Z,2026-09-14T13:05:28.872Z,2026-09-13T22:23:28.872Z,telemetry,boiler_01,12,0,20,1236,65,20
,,0,2026-09-13T13:05:28.872Z,2026-09-14T13:05:28.872Z,2026-09-13T22:23:58.872Z,telemetry,boiler_01,12,0,20,1237,65,20
,,0,2026-09-13T13:05:28.872Z,2026-09-14T13:05:28.872Z,2026-09-13T22:24:28.872Z,telemetry,boiler_01,12,0,20,1238,65,20
,,0,2026-09-13T13:05:28.872Z,2026-09-14T13:05:28.872Z,2026-09-13T22:24:58.872Z,telemetry,boiler_01,12,0,20,1239,65,20
,,0,2026-09-13T13:05:28.872Z,2026-09-14T13:05:28.872Z,2026-09-13T22:25:28.872Z,telemetry,boiler_01,12,0,20,1240,65,20
,,0,2026-09-13T13:05:28.872Z,2026-09-14T13:05:28.872Z,2026-09-13T22:25:58.872Z,telemetry,boiler_01,12,0,20,1241,65,20
,,0,2026-09-13T13:05:28.872Z,2026-09-14T13:05:28.872Z,2026-09-13T22:26:28.872Z,telemetry,boiler_01,12,0,20,1242,65,20
,,0,2026-09-13T13:05:28.872Z,2026-09-14T13:05:28.872Z,2026-09-13T22:26:58.872Z,telemetry,boiler_01,12,0,20,1243,65,20
,,0,2026-09-13T13:05:28.872Z,2026-09-14T13:05:28.872Z,2026-09-13T22:27:28.872Z,telemetry,boiler_01,12,0,20,1244,65,20
,,0,2026-09-13T13:05:28.872Z,2026-09-14T13:05:28.872Z,2026-09-13T22:27:58.872Z,telemetry,boiler_01,12,0,20,1245,65,20
,,0,2026-09-13T13:05:28.872Z,2026-09-14T13:05:28.872Z,2026-09-13T22:28:28.872Z,telemetry,boiler_01,12,0,20,1246,65,20
,,0,2026-09-13T13:05:28.872Z,2026-09-14T13:05:28.872Z,2026-09-13T22:28:58.872Z,telemetry,boiler_01,12,0,20,1247,65,20
,,0,2026-09-13T13:05:28.872Z,2026-09-14T13:05:28.872Z,2026-09-13T22:29:28.872Z,telemetry,boiler_01,12,0,20,1248,65,20
,,0,2026-09-13T13:05:28.872Z,2026-09-14T13:05:28.872Z,2026-09-13T22:29:58.872Z,telemetry,boiler_01,12,0,20,1249,65,20
,,0,2026-09-13T13:05:28.872Z,2026-09-14T13:05:28.872Z,2026-09-13T22:30:28.872Z,telemetry,boiler_01,12,0,20,1250,65,20
,,0,2026-09-13T13:05:28.872Z,2026-09-14T13:05:28.872Z,2026-09-13T22:30:58.872Z,telemetry,boiler_01,12,0,20,1251,65,20
,,0,2026-09-13T13:05:28.872Z,2026-09-14T13:05:28.872Z,2026-09-13T22:31:28.872Z,telemetry,boiler_01,12,0,20,1252,65,20
,,0,2026-09-13T13:05:28.872Z,2026-09-14T13:05:28.872Z,2026-09-13T22:31:58.872Z,telemetry,boiler_01,12,0,20,1253,65,20
,,0,2026-09-13T13:05:28.872Z,2026-09-14T13:05:28.872Z,2026-09-13T22:32:28.872Z,telemetry,boiler_01,12,0,20,1254,65,20
,,0,2026-09-13T13:05:28.872Z,2026-09-14T13:05:28.872Z,2026-09-13T22:32:58.872Z,telemetry,boiler_01,12,0,20,1255,65,20
,,0,2026-09-13T13:05:28.872Z,2026-09-14T13:05:28.872Z,2026-09-13T22:33:28.872Z,telemetry,boiler_01,12,0,20,1256,65,20
,,0,2026-09-13T13:05:28.872Z,2026-09-14T13:05:28.872Z,2026-09-13T22:33:58.872Z,telemetry,boiler_01,12,0,20,1257,65,20
,,0,2026-09-13T13:05:28.872Z,2026-09-14T13:05:28.872Z,2026-09-13T22:34:28.872Z,telemetry,boiler_01,12,0,20,1258,65,20
,,0,2026-09-13T13:05:28.872Z,2026-09-14T13:05:28.872Z,2026-09-13T22:34:58.872Z,telemetry,boiler_01,12,0,20,1259,65,20
,,0,2026-09-13T13:05:28.872Z,2026-09-14T13:05:28.872Z,2026-09-13T22:35:28.873Z,telemetry,boiler_01,12,0,20,1260,65,20
,,0,2026-09-13T13:05:28.872Z,2026-09-14T13:05:28.872Z,2026-09-13T22:35:58.872Z,telemetry,boiler_01,12,0,20,1261,65,20
,,0,2026-09-13T13:05:28.872Z,2026-09-14T13:05:28.872Z,2026-09-13T22:36:28.872Z,telemetry,boiler_01,12,0,20,1262,65,20
,,0,2026-09-13T13:05:28.872Z,2026-09-14T13:05:28.872Z,2026-09-13T22:36:58.872Z,telemetry,boiler_01,12,0,20,1263,65,20
,,0,2026-09-13T13:05:28.872Z,2026-09-14T13:05:28.872Z,2026-09-13T22:37:28.872Z,telemetry,boiler_01,12,0,20,1264,65,20
,,0,2026-09-13T13:05:28.872Z,2026-09-14T13:05:28.872Z,2026-09-13T22:37:58.872Z,telemetry,boiler_01,12,0,20,1265,65,20
,,0,2026-09-13T13:05:28.872Z,2026-09-14T13:05:28.872Z,2026-09-13T22:38:28.872Z,telemetry,boiler_01,12,0,20,1266,65,20
,,0,2026-09-13T13:05:28.872Z,2026-09-14T13:05:28.872Z,2026-09-13T22:38:58.872Z,telemetry,boiler_01,12,0,20,1267,65,20
,,0,2026-09-13T13:05:28.872Z,2026-09-14T13:05:28.872Z,2026-09-13T22:39:28.872Z,telemetry,boiler_01,12,0,20,1268,65,20
,,0,2026-09-13T13:05:28.872Z,2026-09-14T13:05:28.872Z,2026-09-13T22:39:58.872Z,telemetry,boiler_01,12,0,20,1269,65,20
,,0,2026-09-13T13:05:28.872Z,2026-09-14T13:05:28.872Z,2026-09-13T22:40:28.872Z,telemetry,boiler_01,12,0,20,1270,65,20
,,0,2026-09-13T13:05:28.872Z,2026-09-14T13:05:28.872Z,2026-09-13T22:40:58.872Z,telemetry,boiler_01,12,0,20,1271,65,20
,,0,2026-09-13T13:05:28.872Z,2026-09-14T13:05:28.872Z,2026-09-13T22:41:28.872Z,telemetry,boiler_01,12,0,20,1272,65,20
,,0,2026-09-13T13:05:28.872Z,2026-09-14T13:05:28.872Z,2026-09-13T22:41:58.872Z,telemetry,boiler_01,12,0,20,1273,65,20
,,0,2026-09-13T13:05:28.872Z,2026-09-14T13:05:28.872Z,2026-09-13T22:42:28.872Z,telemetry,boiler_01,12,0,20,1274,65,20
,,0,2026-09-13T13:05:28.872Z,2026-09-14T13:05:28.872Z,2026-09-13T22:42:58.872Z,telemetry,boiler_01,12,0,20,1275,65,20
,,0,2026-09-13T13:05:28.872Z,2026-09-14T13:05:28.872Z,2026-09-13T22:43:28.872Z,telemetry,boiler_01,12,0,20,1276,65,20
,,0,2026-09-13T13:05:28.872Z,2026-09-14T13:05:28.872Z,2026-09-13T22:43:58.872Z,telemetry,boiler_01,12,0,20,1277,65,20
,,0,2026-09-13T13:05:28.872Z,2026-09-14T13:05:28.872Z,2026-09-13T22:44:28.872Z,telemetry,boiler_01,12,0,20,1278,65,20
,,0,2026-09-13T13:05:28.872Z,2026-09-14T13:05:28.872Z,2026-09-13T22:44:58.872Z,telemetry,boiler_01,12,0,20,1279,65,20
,,0,2026-09-13T13:05:28.872Z,2026-09-14T13:05:28.872Z,2026-09-13T22:45:28.872Z,telemetry,boiler_01,12,0,20,1280,65,20
,,0,2026-09-13T13:05:28.872Z,2026-09-14T13:05:28.872Z,2026-09-13T22:45:58.872Z,telemetry,boiler_01,12,0,20,1281,65,20
,,0,2026-09-13T13:05:28.872Z,2026-09-14T13:05:28.872Z,2026-09-13T22:46:28.872Z,telemetry,boiler_01,12,0,20,1282,65,20
,,0,2026-09-13T13:05:28.872Z,2026-09-14T13:05:28.872Z,2026-09-13T22:46:58.872Z,telemetry,boiler_01,12,0,20,1283,65,20
,,0,2026-09-13T13:05:28.872Z,2026-09-14T13:05:28.872Z,2026-09-13T22:47:28.872Z,telemetry,boiler_01,12,0,20,1284,65,20
,,0,2026-09-13T13:05:28.872Z,2026-09-14T13:05:28.872Z,2026-09-13T22:47:58.872Z,telemetry,boiler_01,12,0,20,1285,65,20
,,0,2026-09-13T13:05:28.872Z,2026-09-14T13:05:28.872Z,2026-09-13T22:48:28.872Z,telemetry,boiler_01,12,0,20,1286,65,20
,,0,2026-09-13T13:05:28.872Z,2026-09-14T13:05:28.872Z,2026-09-13T22:48:58.872Z,telemetry,boiler_01,12,0,20,1287,65,20
,,0,2026-09-13T13:05:28.872Z,2026-09-14T13:05:28.872Z,2026-09-13T22:49:28.872Z,telemetry,boiler_01,12,0,20,1288,65,20
,,0,2026-09-13T13:05:28.872Z,2026-09-14T13:05:28.872Z,2026-09-13T22:49:58.872Z,telemetry,boiler_01,12,0,20,1289,65,20
,,0,2026-09-13T13:05:28.872Z,2026-09-14T13:05:28.872Z,2026-09-13T22:50:28.872Z,telemetry,boiler_01,12,0,20,1290,65,20
,,0,2026-09-13T13:05:28.872Z,2026-09-14T13:05:28.872Z,2026-09-13T22:50:58.872Z,telemetry,boiler_01,12,0,20,1291,65,20
,,0,2026-09-13T13:05:28.872Z,2026-09-14T13:05:28.872Z,2026-09-13T22:51:28.872Z,telemetry,boiler_01,12,0,20,1292,65,20
,,0,2026-09-13T13:05:28.872Z,2026-09-14T13:05:28.872Z,2026-09-13T22:51:58.872Z,telemetry,boiler_01,12,0,20,1293,65,20
,,0,2026-09-13T13:05:28.872Z,2026-09-14T13:05:28.872Z,2026-09-13T22:52:28.872Z,telemetry,boiler_01,12,0,20,1294,65,20
,,0,2026-09-13T13:05:28.872Z,2026-09-14T13:05:28.872Z,2026-09-13T22:52:58.872Z,telemetry,boiler_01,12,0,20,1295,65,20
,,0,2026-09-13T13:05:28.872Z,2026-09-14T13:05:28.872Z,2026-09-13T22:53:28.872Z,telemetry,boiler_01,12,0,20,1296,65,20
,,0,2026-09-13T13:05:28.872Z,2026-09-14T13:05:28.872Z,2026-09-13T22:53:58.872Z,telemetry,boiler_01,12,0,20,1297,65,20
,,0,2026-09-13T13:05:28.872Z,2026-09-14T13:05:28.872Z,2026-09-13T22:54:28.872Z,telemetry,boiler_01,12,0,20,1298,65,20
,,0,2026-09-13T13:05:28.872Z,2026-09-14T13:05:28.872Z,2026-09-13T22:54:58.872Z,telemetry,boiler_01,12,0,20,1299,65,20
,,0,2026-09-13T13:05:28.872Z,2026-09-14T13:05:28.872Z,2026-09-13T22:55:28.873Z,telemetry,boiler_01,12,0,20,1300,65,20
,,0,2026-09-13T13:05:28.872Z,2026-09-14T13:05:28.872Z,2026-09-13T22:55:58.872Z,telemetry,boiler_01,12,0,20,1301,65,20
,,0,2026-09-13T13:05:28.872Z,2026-09-14T13:05:28.872Z,2026-09-13T22:56:28.872Z,telemetry,boiler_01,12,0,20,1302,65,20
,,0,2026-09-13T13:05:28.872Z,2026-09-14T13:05:28.872Z,2026-09-13T22:56:58.872Z,telemetry,boiler_01,12,0,20,1303,65,20
,,0,2026-09-13T13:05:28.872Z,2026-09-14T13:05:28.872Z,2026-09-13T22:57:28.872Z,telemetry,boiler_01,12,0,20,1304,65,20
,,0,2026-09-13T13:05:28.872Z,2026-09-14T13:05:28.872Z,2026-09-13T22:57:58.872Z,telemetry,boiler_01,12,0,20,1305,65,20
,,0,2026-09-13T13:05:28.872Z,2026-09-14T13:05:28.872Z,2026-09-13T22:58:28.872Z,telemetry,boiler_01,12,0,20,1306,65,20
,,0,2026-09-13T13:05:28.872Z,2026-09-14T13:05:28.872Z,2026-09-13T22:58:58.872Z,telemetry,boiler_01,12,0,20,1307,65,20
,,0,2026-09-13T13:05:28.872Z,2026-09-14T13:05:28.872Z,2026-09-13T22:59:28.872Z,telemetry,boiler_01,12,0,20,1308,65,20
,,0,2026-09-13T13:05:28.872Z,2026-09-14T13:05:28.872Z,2026-09-13T22:59:58.872Z,telemetry,boiler_01,12,0,20,1309,65,20
,,0,2026-09-13T13:05:28.872Z,2026-09-14T13:05:28.872Z,2026-09-13T23:00:28.872Z,telemetry,boiler_01,12,0,20,1310,65,20
,,0,2026-09-13T13:05:28.872Z,2026-09-14T13:05:28.872Z,2026-09-13T23:00:58.872Z,telemetry,boiler_01,12,0,20,1311,65,20
,,0,2026-09-13T13:05:28.872Z,2026-09-14T13:05:28.872Z,2026-09-13T23:01:28.872Z,telemetry,boiler_01,12,0,20,1312,65,20
,,0,2026-09-13T13:05:28.872Z,2026-09-14T13:05:28.872Z,2026-09-13T23:01:58.872Z,telemetry,boiler_01,12,0,20,1313,65,20
,,0,2026-09-13T13:05:28.872Z,2026-09-14T13:05:28.872Z,2026-09-13T23:02:28.872Z,telemetry,boiler_01,12,0,20,1314,65,20
,,0,2026-09-13T13:05:28.872Z,2026-09-14T13:05:28.872Z,2026-09-13T23:02:58.872Z,telemetry,boiler_01,12,0,20,1315,65,20
,,0,2026-09-13T13:05:28.872Z,2026-09-14T13:05:28.872Z,2026-09-13T23:03:28.872Z,telemetry,boiler_01,12,0,20,1316,65,20
,,0,2026-09-13T13:05:28.872Z,2026-09-14T13:05:28.872Z,2026-09-13T23:03:58.872Z,telemetry,boiler_01,12,0,20,1317,65,20
,,0,2026-09-13T13:05:28.872Z,2026-09-14T13:05:28.872Z,2026-09-13T23:04:28.872Z,telemetry,boiler_01,12,0,20,1318,65,20
,,0,2026-09-13T13:05:28.872Z,2026-09-14T13:05:28.872Z,2026-09-13T23:04:58.872Z,telemetry,boiler_01,12,0,20,1319,65,20
,,0,2026-09-13T13:05:28.872Z,2026-09-14T13:05:28.872Z,2026-09-13T23:05:28.872Z,telemetry,boiler_01,12,0,20,1320,65,20
,,0,2026-09-13T13:05:28.872Z,2026-09-14T13:05:28.872Z,2026-09-13T23:05:58.872Z,telemetry,boiler_01,12,0,20,1321,65,20
,,0,2026-09-13T13:05:28.872Z,2026-09-14T13:05:28.872Z,2026-09-13T23:06:28.872Z,telemetry,boiler_01,12,0,20,1322,65,20
,,0,2026-09-13T13:05:28.872Z,2026-09-14T13:05:28.872Z,2026-09-13T23:06:58.872Z,telemetry,boiler_01,12,0,20,1323,65,20
,,0,2026-09-13T13:05:28.872Z,2026-09-14T13:05:28.872Z,2026-09-13T23:07:28.872Z,telemetry,boiler_01,12,0,20,1324,65,20
,,0,2026-09-13T13:05:28.872Z,2026-09-14T13:05:28.872Z,2026-09-13T23:07:58.872Z,telemetry,boiler_01,12,0,20,1325,65,20
,,0,2026-09-13T13:05:28.872Z,2026-09-14T13:05:28.872Z,2026-09-13T23:08:28.872Z,telemetry,boiler_01,12,0,20,1326,65,20
,,0,2026-09-13T13:05:28.872Z,2026-09-14T13:05:28.872Z,2026-09-13T23:08:58.872Z,telemetry,boiler_01,12,0,20,1327,65,20
,,0,2026-09-13T13:05:28.872Z,2026-09-14T13:05:28.872Z,2026-09-13T23:09:28.872Z,telemetry,boiler_01,12,0,20,1328,65,20
,,0,2026-09-13T13:05:28.872Z,2026-09-14T13:05:28.872Z,2026-09-13T23:09:58.872Z,telemetry,boiler_01,12,0,20,1329,65,20
,,0,2026-09-13T13:05:28.872Z,2026-09-14T13:05:28.872Z,2026-09-13T23:10:28.872Z,telemetry,boiler_01,12,0,20,1330,65,20
,,0,2026-09-13T13:05:28.872Z,2026-09-14T13:05:28.872Z,2026-09-13T23:10:58.872Z,telemetry,boiler_01,12,0,20,1331,65,20
,,0,2026-09-13T13:05:28.872Z,2026-09-14T13:05:28.872Z,2026-09-13T23:11:28.872Z,telemetry,boiler_01,12,0,20,1332,65,20
,,0,2026-09-13T13:05:28.872Z,2026-09-14T13:05:28.872Z,2026-09-13T23:11:58.872Z,telemetry,boiler_01,12,0,20,1333,65,20
,,0,2026-09-13T13:05:28.872Z,2026-09-14T13:05:28.872Z,2026-09-13T23:12:28.872Z,telemetry,boiler_01,12,0,20,1334,65,20
,,0,2026-09-13T13:05:28.872Z,2026-09-14T13:05:28.872Z,2026-09-13T23:12:58.872Z,telemetry,boiler_01,12,0,20,1335,65,20
,,0,2026-09-13T13:05:28.872Z,2026-09-14T13:05:28.872Z,2026-09-13T23:13:28.872Z,telemetry,boiler_01,12,0,20,1336,65,20
,,0,2026-09-13T13:05:28.872Z,2026-09-14T13:05:28.872Z,2026-09-13T23:13:58.872Z,telemetry,boiler_01,12,0,20,1337,65,20
,,0,2026-09-13T13:05:28.872Z,2026-09-14T13:05:28.872Z,2026-09-13T23:14:28.872Z,telemetry,boiler_01,12,0,20,1338,65,20
,,0,2026-09-13T13:05:28.872Z,2026-09-14T13:05:28.872Z,2026-09-13T23:14:58.872Z,telemetry,boiler_01,12,0,20,1339,65,20
,,0,2026-09-13T13:05:28.872Z,2026-09-14T13:05:28.872Z,2026-09-13T23:15:28.873Z,telemetry,boiler_01,12,0,20,1340,65,20
,,0,2026-09-13T13:05:28.872Z,2026-09-14T13:05:28.872Z,2026-09-13T23:15:58.872Z,telemetry,boiler_01,12,0,20,1341,65,20
,,0,2026-09-13T13:05:28.872Z,2026-09-14T13:05:28.872Z,2026-09-13T23:16:28.872Z,telemetry,boiler_01,12,0,20,1342,65,20
,,0,2026-09-13T13:05:28.872Z,2026-09-14T13:05:28.872Z,2026-09-13T23:16:58.872Z,telemetry,boiler_01,12,0,20,1343,65,20
,,0,2026-09-13T13:05:28.872Z,2026-09-14T13:05:28.872Z,2026-09-13T23:17:28.872Z,telemetry,boiler_01,12,0,20,1344,65,20
,,0,2026-09-13T13:05:28.872Z,2026-09-14T13:05:28.872Z,2026-09-13T23:17:58.872Z,telemetry,boiler_01,12,0,20,1345,65,20
,,0,2026-09-13T13:05:28.872Z,2026-09-14T13:05:28.872Z,2026-09-13T23:18:28.872Z,telemetry,boiler_01,12,0,20,1346,65,20
,,0,2026-09-13T13:05:28.872Z,2026-09-14T13:05:28.872Z,2026-09-13T23:18:58.872Z,telemetry,boiler_01,12,0,20,1347,65,20
,,0,2026-09-13T13:05:28.872Z,2026-09-14T13:05:28.872Z,2026-09-13T23:19:28.872Z,telemetry,boiler_01,12,0,20,1348,65,20
,,0,2026-09-13T13:05:28.872Z,2026-09-14T13:05:28.872Z,2026-09-13T23:19:58.872Z,telemetry,boiler_01,12,0,20,1349,65,20
,,0,2026-09-13T13:05:28.872Z,2026-09-14T13:05:28.872Z,2026-09-13T23:20:28.872Z,telemetry,boiler_01,12,0,20,1350,65,20
,,0,2026-09-13T13:05:28.872Z,2026-09-14T13:05:28.872Z,2026-09-13T23:20:58.872Z,telemetry,boiler_01,12,0,20,1351,65,20
,,0,2026-09-13T13:05:28.872Z,2026-09-14T13:05:28.872Z,2026-09-13T23:21:28.872Z,telemetry,boiler_01,12,0,20,1352,65,20
,,0,2026-09-13T13:05:28.872Z,2026-09-14T13:05:28.872Z,2026-09-13T23:21:58.872Z,telemetry,boiler_01,12,0,20,1353,65,20
,,0,2026-09-13T13:05:28.872Z,2026-09-14T13:05:28.872Z,2026-09-13T23:22:28.872Z,telemetry,boiler_01,12,0,20,1354,65,20
,,0,2026-09-13T13:05:28.872Z,2026-09-14T13:05:28.872Z,2026-09-13T23:22:58.872Z,telemetry,boiler_01,12,0,20,1355,65,20
,,0,2026-09-13T13:05:28.872Z,2026-09-14T13:05:28.872Z,2026-09-13T23:23:28.872Z,telemetry,boiler_01,12,0,20,1356,65,20
,,0,2026-09-13T13:05:28.872Z,2026-09-14T13:05:28.872Z,2026-09-13T23:23:58.872Z,telemetry,boiler_01,12,0,20,1357,65,20
,,0,2026-09-13T13:05:28.872Z,2026-09-14T13:05:28.872Z,2026-09-13T23:24:28.872Z,telemetry,boiler_01,12,0,20,1358,65,20
,,0,2026-09-13T13:05:28.872Z,2026-09-14T13:05:28.872Z,2026-09-13T23:24:58.872Z,telemetry,boiler_01,12,0,20,1359,65,20
,,0,2026-09-13T13:05:28.872Z,2026-09-14T13:05:28.872Z,2026-09-13T23:25:28.873Z,telemetry,boiler_01,12,0,20,1360,65,20
,,0,2026-09-13T13:05:28.872Z,2026-09-14T13:05:28.872Z,2026-09-13T23:25:58.872Z,telemetry,boiler_01,12,0,20,1361,65,20
,,0,2026-09-13T13:05:28.872Z,2026-09-14T13:05:28.872Z,2026-09-13T23:26:28.872Z,telemetry,boiler_01,12,0,20,1362,65,20
,,0,2026-09-13T13:05:28.872Z,2026-09-14T13:05:28.872Z,2026-09-13T23:26:58.872Z,telemetry,boiler_01,12,0,20,1363,65,20
,,0,2026-09-13T13:05:28.872Z,2026-09-14T13:05:28.872Z,2026-09-13T23:27:28.872Z,telemetry,boiler_01,12,0,20,1364,65,20
,,0,2026-09-13T13:05:28.872Z,2026-09-14T13:05:28.872Z,2026-09-13T23:27:58.872Z,telemetry,boiler_01,12,0,20,1365,65,20
,,0,2026-09-13T13:05:28.872Z,2026-09-14T13:05:28.872Z,2026-09-13T23:28:28.872Z,telemetry,boiler_01,12,0,20,1366,65,20
,,0,2026-09-13T13:05:28.872Z,2026-09-14T13:05:28.872Z,2026-09-13T23:28:58.872Z,telemetry,boiler_01,12,0,20,1367,65,20
,,0,2026-09-13T13:05:28.872Z,2026-09-14T13:05:28.872Z,2026-09-13T23:29:28.872Z,telemetry,boiler_01,12,0,20,1368,65,20
,,0,2026-09-13T13:05:28.872Z,2026-09-14T13:05:28.872Z,2026-09-13T23:29:58.872Z,telemetry,boiler_01,12,0,20,1369,65,20
,,0,2026-09-13T13:05:28.872Z,2026-09-14T13:05:28.872Z,2026-09-13T23:30:28.872Z,telemetry,boiler_01,12,0,20,1370,65,20
,,0,2026-09-13T13:05:28.872Z,2026-09-14T13:05:28.872Z,2026-09-13T23:30:58.872Z,telemetry,boiler_01,12,0,20,1371,65,20
,,0,2026-09-13T13:05:28.872Z,2026-09-14T13:05:28.872Z,2026-09-13T23:31:28.872Z,telemetry,boiler_01,12,0,20,1372,65,20
,,0,2026-09-13T13:05:28.872Z,2026-09-14T13:05:28.872Z,2026-09-13T23:31:58.872Z,telemetry,boiler_01,12,0,20,1373,65,20
,,0,2026-09-13T13:05:28.872Z,2026-09-14T13:05:28.872Z,2026-09-13T23:32:28.872Z,telemetry,boiler_01,12,0,20,1374,65,20
,,0,2026-09-13T13:05:28.872Z,2026-09-14T13:05:28.872Z,2026-09-13T23:32:58.872Z,telemetry,boiler_01,12,0,20,1375,65,20
,,0,2026-09-13T13:05:28.872Z,2026-09-14T13:05:28.872Z,2026-09-13T23:33:28.872Z,telemetry,boiler_01,12,0,20,1376,65,20
,,0,2026-09-13T13:05:28.872Z,2026-09-14T13:05:28.872Z,2026-09-13T23:33:58.872Z,telemetry,boiler_01,12,0,20,1377,65,20
,,0,2026-09-13T13:05:28.872Z,2026-09-14T13:05:28.872Z,2026-09-13T23:34:28.872Z,telemetry,boiler_01,12,0,20,1378,65,20
,,0,2026-09-13T13:05:28.872Z,2026-09-14T13:05:28.872Z,2026-09-13T23:34:58.872Z,telemetry,boiler_01,12,0,20,1379,65,20
,,0,2026-09-13T13:05:28.872Z,2026-09-14T13:05:28.872Z,2026-09-13T23:35:28.872Z,telemetry,boiler_01,12,0,20,1380,65,20
,,0,2026-09-13T13:05:28.872Z,2026-09-14T13:05:28.872Z,2026-09-13T23:35:58.872Z,telemetry,boiler_01,12,0,20,1381,65,20
,,0,2026-09-13T13:05:28.872Z,2026-09-14T13:05:28.872Z,2026-09-13T23:36:28.872Z,telemetry,boiler_01,12,0,20,1382,65,20
,,0,2026-09-13T13:05:28.872Z,2026-09-14T13:05:28.872Z,2026-09-13T23:36:58.872Z,telemetry,boiler_01,12,0,20,1383,65,20
,,0,2026-09-13T13:05:28.872Z,2026-09-14T13:05:28.872Z,2026-09-13T23:37:28.872Z,telemetry,boiler_01,12,0,20,1384,65,20
,,0,2026-09-13T13:05:28.872Z,2026-09-14T13:05:28.872Z,2026-09-13T23:37:58.872Z,telemetry,boiler_01,12,0,20,1385,65,20
,,0,2026-09-13T13:05:28.872Z,2026-09-14T13:05:28.872Z,2026-09-13T23:38:28.872Z,telemetry,boiler_01,12,0,20,1386,65,20
,,0,2026-09-13T13:05:28.872Z,2026-09-14T13:05:28.872Z,2026-09-13T23:38:58.872Z,telemetry,boiler_01,12,0,20,1387,65,20
,,0,2026-09-13T13:05:28.872Z,2026-09-14T13:05:28.872Z,2026-09-13T23:39:28.872Z,telemetry,boiler_01,12,0,20,1388,65,20
,,0,2026-09-13T13:05:28.872Z,2026-09-14T13:05:28.872Z,2026-09-13T23:39:58.872Z,telemetry,boiler_01,12,0,20,1389,65,20
,,0,2026-09-13T13:05:28.872Z,2026-09-14T13:05:28.872Z,2026-09-13T23:40:28.872Z,telemetry,boiler_01,12,0,20,1390,65,20
,,0,2026-09-13T13:05:28.872Z,2026-09-14T13:05:28.872Z,2026-09-13T23:40:58.872Z,telemetry,boiler_01,12,0,20,1391,65,20
,,0,2026-09-13T13:05:28.872Z,2026-09-14T13:05:28.872Z,2026-09-13T23:41:28.872Z,telemetry,boiler_01,12,0,20,1392,65,20
,,0,2026-09-13T13:05:28.872Z,2026-09-14T13:05:28.872Z,2026-09-13T23:41:58.872Z,telemetry,boiler_01,12,0,20,1393,65,20
,,0,2026-09-13T13:05:28.872Z,2026-09-14T13:05:28.872Z,2026-09-13T23:42:28.872Z,telemetry,boiler_01,12,0,20,1394,65,20
,,0,2026-09-13T13:05:28.872Z,2026-09-14T13:05:28.872Z,2026-09-13T23:42:58.872Z,telemetry,boiler_01,12,0,20,1395,65,20
,,0,2026-09-13T13:05:28.872Z,2026-09-14T13:05:28.872Z,2026-09-13T23:43:28.872Z,telemetry,boiler_01,12,0,20,1396,65,20
,,0,2026-09-13T13:05:28.872Z,2026-09-14T13:05:28.872Z,2026-09-13T23:43:58.872Z,telemetry,boiler_01,12,0,20,1397,65,20
,,0,2026-09-13T13:05:28.872Z,2026-09-14T13:05:28.872Z,2026-09-13T23:44:28.872Z,telemetry,boiler_01,12,0,20,1398,65,20
,,0,2026-09-13T13:05:28.872Z,2026-09-14T13:05:28.872Z,2026-09-13T23:44:58.872Z,telemetry,boiler_01,12,0,20,1399,65,20
,,0,2026-09-13T13:05:28.872Z,2026-09-14T13:05:28.872Z,2026-09-13T23:45:28.873Z,telemetry,boiler_01,12,0,20,1400,65,20
,,0,2026-09-13T13:05:28.872Z,2026-09-14T13:05:28.872Z,2026-09-13T23:45:58.872Z,telemetry,boiler_01,12,0,20,1401,65,20
,,0,2026-09-13T13:05:28.872Z,2026-09-14T13:05:28.872Z,2026-09-13T23:46:28.872Z,telemetry,boiler_01,12,0,20,1402,65,20
,,0,2026-09-13T13:05:28.872Z,2026-09-14T13:05:28.872Z,2026-09-13T23:46:58.872Z,telemetry,boiler_01,12,0,20,1403,65,20
,,0,2026-09-13T13:05:28.872Z,2026-09-14T13:05:28.872Z,2026-09-13T23:47:28.872Z,telemetry,boiler_01,12,0,20,1404,65,20
,,0,2026-09-13T13:05:28.872Z,2026-09-14T13:05:28.872Z,2026-09-13T23:47:58.872Z,telemetry,boiler_01,12,0,20,1405,65,20
,,0,2026-09-13T13:05:28.872Z,2026-09-14T13:05:28.872Z,2026-09-13T23:48:28.872Z,telemetry,boiler_01,12,0,20,1406,65,20
,,0,2026-09-13T13:05:28.872Z,2026-09-14T13:05:28.872Z,2026-09-13T23:48:58.872Z,telemetry,boiler_01,12,0,20,1407,65,20
,,0,2026-09-13T13:05:28.872Z,2026-09-14T13:05:28.872Z,2026-09-13T23:49:28.872Z,telemetry,boiler_01,12,0,20,1408,65,20
,,0,2026-09-13T13:05:28.872Z,2026-09-14T13:05:28.872Z,2026-09-13T23:49:58.872Z,telemetry,boiler_01,12,0,20,1409,65,20
,,0,2026-09-13T13:05:28.872Z,2026-09-14T13:05:28.872Z,2026-09-13T23:50:28.872Z,telemetry,boiler_01,12,0,20,1410,65,20
,,0,2026-09-13T13:05:28.872Z,2026-09-14T13:05:28.872Z,2026-09-13T23:50:58.872Z,telemetry,boiler_01,12,0,20,1411,65,20
,,0,2026-09-13T13:05:28.872Z,2026-09-14T13:05:28.872Z,2026-09-13T23:51:28.872Z,telemetry,boiler_01,12,0,20,1412,65,20
,,0,2026-09-13T13:05:28.872Z,2026-09-14T13:05:28.872Z,2026-09-13T23:51:58.872Z,telemetry,boiler_01,12,0,20,1413,65,20
,,0,2026-09-13T13:05:28.872Z,2026-09-14T13:05:28.872Z,2026-09-13T23:52:28.872Z,telemetry,boiler_01,12,0,20,1414,65,20
,,0,2026-09-13T13:05:28.872Z,2026-09-14T13:05:28.872Z,2026-09-13T23:52:58.872Z,telemetry,boiler_01,12,0,20,1415,65,20
,,0,2026-09-13T13:05:28.872Z,2026-09-14T13:05:28.872Z,2026-09-13T23:53:28.872Z,telemetry,boiler_01,12,0,20,1416,65,20
,,0,2026-09-13T13:05:28.872Z,2026-09-14T13:05:28.872Z,2026-09-13T23:53:58.872Z,telemetry,boiler_01,12,0,20,1417,65,20
,,0,2026-09-13T13:05:28.872Z,2026-09-14T13:05:28.872Z,2026-09-13T23:54:28.872Z,telemetry,boiler_01,12,0,20,1418,65,20
,,0,2026-09-13T13:05:28.872Z,2026-09-14T13:05:28.872Z,2026-09-13T23:54:58.872Z,telemetry,boiler_01,12,0,20,1419,65,20
,,0,2026-09-13T13:05:28.872Z,2026-09-14T13:05:28.872Z,2026-09-13T23:55:28.872Z,telemetry,boiler_01,12,0,20,1420,65,20
,,0,2026-09-13T13:05:28.872Z,2026-09-14T13:05:28.872Z,2026-09-13T23:55:58.872Z,telemetry,boiler_01,12,0,20,1421,65,20
,,0,2026-09-13T13:05:28.872Z,2026-09-14T13:05:28.872Z,2026-09-13T23:56:28.872Z,telemetry,boiler_01,12,0,20,1422,65,20
,,0,2026-09-13T13:05:28.872Z,2026-09-14T13:05:28.872Z,2026-09-13T23:56:58.872Z,telemetry,boiler_01,12,0,20,1423,65,20
,,0,2026-09-13T13:05:28.872Z,2026-09-14T13:05:28.872Z,2026-09-13T23:57:28.872Z,telemetry,boiler_01,12,0,20,1424,65,20
,,0,2026-09-13T13:05:28.872Z,2026-09-14T13:05:28.872Z,2026-09-13T23:57:58.872Z,telemetry,boiler_01,12,0,20,1425,65,20
,,0,2026-09-13T13:05:28.872Z,2026-09-14T13:05:28.872Z,2026-09-13T23:58:28.872Z,telemetry,boiler_01,12,0,20,1426,65,20
,,0,2026-09-13T13:05:28.872Z,2026-09-14T13:05:28.872Z,2026-09-13T23:58:58.872Z,telemetry,boiler_01,12,0,20,1427,65,20
,,0,2026-09-13T13:05:28.872Z,2026-09-14T13:05:28.872Z,2026-09-13T23:59:28.872Z,telemetry,boiler_01,12,0,20,1428,65,20
,,0,2026-09-13T13:05:28.872Z,2026-09-14T13:05:28.872Z,2026-09-13T23:59:58.872Z,telemetry,boiler_01,12,0,20,1429,65,20
,,0,2026-09-13T13:05:28.872Z,2026-09-14T13:05:28.872Z,2026-09-14T00:00:28.872Z,telemetry,boiler_01,12,0,20,1430,65,20
,,0,2026-09-13T13:05:28.872Z,2026-09-14T13:05:28.872Z,2026-09-14T00:00:58.872Z,telemetry,boiler_01,12,0,20,1431,65,20
,,0,2026-09-13T13:05:28.872Z,2026-09-14T13:05:28.872Z,2026-09-14T00:01:28.872Z,telemetry,boiler_01,12,0,20,1432,65,20
,,0,2026-09-13T13:05:28.872Z,2026-09-14T13:05:28.872Z,2026-09-14T00:01:58.872Z,telemetry,boiler_01,12,0,20,1433,65,20
,,0,2026-09-13T13:05:28.872Z,2026-09-14T13:05:28.872Z,2026-09-14T00:02:28.872Z,telemetry,boiler_01,12,0,20,1434,65,20
,,0,2026-09-13T13:05:28.872Z,2026-09-14T13:05:28.872Z,2026-09-14T00:02:58.872Z,telemetry,boiler_01,12,0,20,1435,65,20
,,0,2026-09-13T13:05:28.872Z,2026-09-14T13:05:28.872Z,2026-09-14T00:03:28.872Z,telemetry,boiler_01,12,0,20,1436,65,20
,,0,2026-09-13T13:05:28.872Z,2026-09-14T13:05:28.872Z,2026-09-14T00:03:58.872Z,telemetry,boiler_01,12,0,20,1437,65,20
,,0,2026-09-13T13:05:28.872Z,2026-09-14T13:05:28.872Z,2026-09-14T00:04:28.872Z,telemetry,boiler_01,12,0,20,1438,65,20
,,0,2026-09-13T13:05:28.872Z,2026-09-14T13:05:28.872Z,2026-09-14T00:04:58.872Z,telemetry,boiler_01,12,0,20,1439,65,20
,,0,2026-09-13T13:05:28.872Z,2026-09-14T13:05:28.872Z,2026-09-14T00:05:28.872Z,telemetry,boiler_01,12,0,20,1440,65,20
,,0,2026-09-13T13:05:28.872Z,2026-09-14T13:05:28.872Z,2026-09-14T00:05:58.872Z,telemetry,boiler_01,12,0,20,1441,65,20
,,0,2026-09-13T13:05:28.872Z,2026-09-14T13:05:28.872Z,2026-09-14T00:06:28.872Z,telemetry,boiler_01,12,0,20,1442,65,20
,,0,2026-09-13T13:05:28.872Z,2026-09-14T13:05:28.872Z,2026-09-14T00:06:58.872Z,telemetry,boiler_01,12,0,20,1443,65,20
,,0,2026-09-13T13:05:28.872Z,2026-09-14T13:05:28.872Z,2026-09-14T00:07:28.872Z,telemetry,boiler_01,12,0,20,1444,65,20
,,0,2026-09-13T13:05:28.872Z,2026-09-14T13:05:28.872Z,2026-09-14T00:07:58.872Z,telemetry,boiler_01,12,0,20,1445,65,20
,,0,2026-09-13T13:05:28.872Z,2026-09-14T13:05:28.872Z,2026-09-14T00:08:28.872Z,telemetry,boiler_01,12,0,20,1446,65,20
,,0,2026-09-13T13:05:28.872Z,2026-09-14T13:05:28.872Z,2026-09-14T00:08:58.872Z,telemetry,boiler_01,12,0,20,1447,65,20
,,0,2026-09-13T13:05:28.872Z,2026-09-14T13:05:28.872Z,2026-09-14T00:09:28.872Z,telemetry,boiler_01,12,0,20,1448,65,20
,,0,2026-09-13T13:05:28.872Z,2026-09-14T13:05:28.872Z,2026-09-14T00:09:58.872Z,telemetry,boiler_01,12,0,20,1449,65,20
,,0,2026-09-13T13:05:28.872Z,2026-09-14T13:05:28.872Z,2026-09-14T00:10:28.872Z,telemetry,boiler_01,12,0,20,1450,65,20
,,0,2026-09-13T13:05:28.872Z,2026-09-14T13:05:28.872Z,2026-09-14T00:10:58.872Z,telemetry,boiler_01,12,0,20,1451,65,20
,,0,2026-09-13T13:05:28.872Z,2026-09-14T13:05:28.872Z,2026-09-14T00:11:28.872Z,telemetry,boiler_01,12,0,20,1452,65,20
,,0,2026-09-13T13:05:28.872Z,2026-09-14T13:05:28.872Z,2026-09-14T00:11:58.872Z,telemetry,boiler_01,12,0,20,1453,65,20
,,0,2026-09-13T13:05:28.872Z,2026-09-14T13:05:28.872Z,2026-09-14T00:12:28.872Z,telemetry,boiler_01,12,0,20,1454,65,20
,,0,2026-09-13T13:05:28.872Z,2026-09-14T13:05:28.872Z,2026-09-14T00:12:58.872Z,telemetry,boiler_01,12,0,20,1455,65,20
,,0,2026-09-13T13:05:28.872Z,2026-09-14T13:05:28.872Z,2026-09-14T00:13:28.872Z,telemetry,boiler_01,12,0,20,1456,65,20
,,0,2026-09-13T13:05:28.872Z,2026-09-14T13:05:28.872Z,2026-09-14T00:13:58.872Z,telemetry,boiler_01,12,0,20,1457,65,20
,,0,2026-09-13T13:05:28.872Z,2026-09-14T13:05:28.872Z,2026-09-14T00:14:28.872Z,telemetry,boiler_01,12,0,20,1458,65,20
,,0,2026-09-13T13:05:28.872Z,2026-09-14T13:05:28.872Z,2026-09-14T00:14:58.872Z,telemetry,boiler_01,12,0,20,1459,65,20
,,0,2026-09-13T13:05:28.872Z,2026-09-14T13:05:28.872Z,2026-09-14T00:15:28.873Z,telemetry,boiler_01,12,0,20,1460,65,20
,,0,2026-09-13T13:05:28.872Z,2026-09-14T13:05:28.872Z,2026-09-14T00:15:58.872Z,telemetry,boiler_01,12,0,20,1461,65,20
,,0,2026-09-13T13:05:28.872Z,2026-09-14T13:05:28.872Z,2026-09-14T00:16:28.872Z,telemetry,boiler_01,12,0,20,1462,65,20
,,0,2026-09-13T13:05:28.872Z,2026-09-14T13:05:28.872Z,2026-09-14T00:16:58.872Z,telemetry,boiler_01,12,0,20,1463,65,20
,,0,2026-09-13T13:05:28.872Z,2026-09-14T13:05:28.872Z,2026-09-14T00:17:28.872Z,telemetry,boiler_01,12,0,20,1464,65,20
,,0,2026-09-13T13:05:28.872Z,2026-09-14T13:05:28.872Z,2026-09-14T00:17:58.872Z,telemetry,boiler_01,12,0,20,1465,65,20
,,0,2026-09-13T13:05:28.872Z,2026-09-14T13:05:28.872Z,2026-09-14T00:18:28.872Z,telemetry,boiler_01,12,0,20,1466,65,20
,,0,2026-09-13T13:05:28.872Z,2026-09-14T13:05:28.872Z,2026-09-14T00:18:58.872Z,telemetry,boiler_01,12,0,20,1467,65,20
,,0,2026-09-13T13:05:28.872Z,2026-09-14T13:05:28.872Z,2026-09-14T00:19:28.872Z,telemetry,boiler_01,12,0,20,1468,65,20
,,0,2026-09-13T13:05:28.872Z,2026-09-14T13:05:28.872Z,2026-09-14T00:19:58.872Z,telemetry,boiler_01,12,0,20,1469,65,20
,,0,2026-09-13T13:05:28.872Z,2026-09-14T13:05:28.872Z,2026-09-14T00:20:28.872Z,telemetry,boiler_01,12,0,20,1470,65,20
,,0,2026-09-13T13:05:28.872Z,2026-09-14T13:05:28.872Z,2026-09-14T00:20:58.872Z,telemetry,boiler_01,12,0,20,1471,65,20
,,0,2026-09-13T13:05:28.872Z,2026-09-14T13:05:28.872Z,2026-09-14T00:21:28.872Z,telemetry,boiler_01,12,0,20,1472,65,20
,,0,2026-09-13T13:05:28.872Z,2026-09-14T13:05:28.872Z,2026-09-14T00:21:58.872Z,telemetry,boiler_01,12,0,20,1473,65,20
,,0,2026-09-13T13:05:28.872Z,2026-09-14T13:05:28.872Z,2026-09-14T00:22:28.872Z,telemetry,boiler_01,12,0,20,1474,65,20
,,0,2026-09-13T13:05:28.872Z,2026-09-14T13:05:28.872Z,2026-09-14T00:22:58.872Z,telemetry,boiler_01,12,0,20,1475,65,20
,,0,2026-09-13T13:05:28.872Z,2026-09-14T13:05:28.872Z,2026-09-14T00:23:28.872Z,telemetry,boiler_01,12,0,20,1476,65,20
,,0,2026-09-13T13:05:28.872Z,2026-09-14T13:05:28.872Z,2026-09-14T00:23:58.872Z,telemetry,boiler_01,12,0,20,1477,65,20
,,0,2026-09-13T13:05:28.872Z,2026-09-14T13:05:28.872Z,2026-09-14T00:24:28.872Z,telemetry,boiler_01,12,0,20,1478,65,20
,,0,2026-09-13T13:05:28.872Z,2026-09-14T13:05:28.872Z,2026-09-14T00:24:58.872Z,telemetry,boiler_01,12,0,20,1479,65,20
,,0,2026-09-13T13:05:28.872Z,2026-09-14T13:05:28.872Z,2026-09-14T00:25:28.872Z,telemetry,boiler_01,12,0,20,1480,65,20
,,0,2026-09-13T13:05:28.872Z,2026-09-14T13:05:28.872Z,2026-09-14T00:25:58.872Z,telemetry,boiler_01,12,0,20,1481,65,20
,,0,2026-09-13T13:05:28.872Z,2026-09-14T13:05:28.872Z,2026-09-14T00:26:28.872Z,telemetry,boiler_01,12,0,20,1482,65,20
,,0,2026-09-13T13:05:28.872Z,2026-09-14T13:05:28.872Z,2026-09-14T00:26:58.872Z,telemetry,boiler_01,12,0,20,1483,65,20
,,0,2026-09-13T13:05:28.872Z,2026-09-14T13:05:28.872Z,2026-09-14T00:27:28.872Z,telemetry,boiler_01,12,0,20,1484,65,20
,,0,2026-09-13T13:05:28.872Z,2026-09-14T13:05:28.872Z,2026-09-14T00:27:58.872Z,telemetry,boiler_01,12,0,20,1485,65,20
,,0,2026-09-13T13:05:28.872Z,2026-09-14T13:05:28.872Z,2026-09-14T00:28:28.872Z,telemetry,boiler_01,12,0,20,1486,65,20
,,0,2026-09-13T13:05:28.872Z,2026-09-14T13:05:28.872Z,2026-09-14T00:28:58.872Z,telemetry,boiler_01,12,0,20,1487,65,20
,,0,2026-09-13T13:05:28.872Z,2026-09-14T13:05:28.872Z,2026-09-14T00:29:28.872Z,telemetry,boiler_01,12,0,20,1488,65,20
,,0,2026-09-13T13:05:28.872Z,2026-09-14T13:05:28.872Z,2026-09-14T00:29:58.872Z,telemetry,boiler_01,12,0,20,1489,65,20
,,0,2026-09-13T13:05:28.872Z,2026-09-14T13:05:28.872Z,2026-09-14T00:30:28.872Z,telemetry,boiler_01,12,0,20,1490,65,20
,,0,2026-09-13T13:05:28.872Z,2026-09-14T13:05:28.872Z,2026-09-14T00:30:58.872Z,telemetry,boiler_01,12,0,20,1491,65,20
,,0,2026-09-13T13:05:28.872Z,2026-09-14T13:05:28.872Z,2026-09-14T00:31:28.872Z,telemetry,boiler_01,12,0,20,1492,65,20
,,0,2026-09-13T13:05:28.872Z,2026-09-14T13:05:28.872Z,2026-09-14T00:31:58.872Z,telemetry,boiler_01,12,0,20,1493,65,20
,,0,2026-09-13T13:05:28.872Z,2026-09-14T13:05:28.872Z,2026-09-14T00:32:28.872Z,telemetry,boiler_01,12,0,20,1494,65,20
,,0,2026-09-13T13:05:28.872Z,2026-09-14T13:05:28.872Z,2026-09-14T00:32:58.872Z,telemetry,boiler_01,12,0,20,1495,65,20
,,0,2026-09-13T13:05:28.872Z,2026-09-14T13:05:28.872Z,2026-09-14T00:33:28.872Z,telemetry,boiler_01,12,0,20,1496,65,20
,,0,2026-09-13T13:05:28.872Z,2026-09-14T13:05:28.872Z,2026-09-14T00:33:58.872Z,telemetry,boiler_01,12,0,20,1497,65,20
,,0,2026-09-13T13:05:28.872Z,2026-09-14T13:05:28.872Z,2026-09-14T00:34:28.872Z,telemetry,boiler_01,12,0,20,1498,65,20
,,0,2026-09-13T13:05:28.872Z,2026-09-14T13:05:28.872Z,2026-09-14T00:34:58.872Z,telemetry,boiler_01,12,0,20,1499,65,20
,,0,2026-09-13T13:05:28.872Z,2026-09-14T13:05:28.872Z,2026-09-14T00:35:28.872Z,telemetry,boiler_01,12,0,20,1500,65,20
,,0,2026-09-13T13:05:28.872Z,2026-09-14T13:05:28.872Z,2026-09-14T00:35:58.872Z,telemetry,boiler_01,12,0,20,1501,65,20
,,0,2026-09-13T13:05:28.872Z,2026-09-14T13:05:28.872Z,2026-09-14T00:36:28.872Z,telemetry,boiler_01,12,0,20,1502,65,20
,,0,2026-09-13T13:05:28.872Z,2026-09-14T13:05:28.872Z,2026-09-14T00:36:58.872Z,telemetry,boiler_01,12,0,20,1503,65,20
,,0,2026-09-13T13:05:28.872Z,2026-09-14T13:05:28.872Z,2026-09-14T00:37:28.872Z,telemetry,boiler_01,12,0,20,1504,65,20
,,0,2026-09-13T13:05:28.872Z,2026-09-14T13:05:28.872Z,2026-09-14T00:37:58.872Z,telemetry,boiler_01,12,0,20,1505,65,20
,,0,2026-09-13T13:05:28.872Z,2026-09-14T13:05:28.872Z,2026-09-14T00:38:28.872Z,telemetry,boiler_01,12,0,20,1506,65,20
,,0,2026-09-13T13:05:28.872Z,2026-09-14T13:05:28.872Z,2026-09-14T00:38:58.872Z,telemetry,boiler_01,12,0,20,1507,65,20
,,0,2026-09-13T13:05:28.872Z,2026-09-14T13:05:28.872Z,2026-09-14T00:39:28.872Z,telemetry,boiler_01,12,0,20,1508,65,20
,,0,2026-09-13T13:05:28.872Z,2026-09-14T13:05:28.872Z,2026-09-14T00:39:58.872Z,telemetry,boiler_01,12,0,20,1509,65,20
,,0,2026-09-13T13:05:28.872Z,2026-09-14T13:05:28.872Z,2026-09-14T00:40:28.872Z,telemetry,boiler_01,12,0,20,1510,65,20
,,0,2026-09-13T13:05:28.872Z,2026-09-14T13:05:28.872Z,2026-09-14T00:40:58.872Z,telemetry,boiler_01,12,0,20,1511,65,20
,,0,2026-09-13T13:05:28.872Z,2026-09-14T13:05:28.872Z,2026-09-14T00:41:28.872Z,telemetry,boiler_01,12,0,20,1512,65,20
,,0,2026-09-13T13:05:28.872Z,2026-09-14T13:05:28.872Z,2026-09-14T00:41:58.872Z,telemetry,boiler_01,12,0,20,1513,65,20
,,0,2026-09-13T13:05:28.872Z,2026-09-14T13:05:28.872Z,2026-09-14T00:42:28.872Z,telemetry,boiler_01,12,0,20,1514,65,20
,,0,2026-09-13T13:05:28.872Z,2026-09-14T13:05:28.872Z,2026-09-14T00:42:58.872Z,telemetry,boiler_01,12,0,20,1515,65,20
,,0,2026-09-13T13:05:28.872Z,2026-09-14T13:05:28.872Z,2026-09-14T00:43:28.872Z,telemetry,boiler_01,12,0,20,1516,65,20
,,0,2026-09-13T13:05:28.872Z,2026-09-14T13:05:28.872Z,2026-09-14T00:43:58.872Z,telemetry,boiler_01,12,0,20,1517,65,20
,,0,2026-09-13T13:05:28.872Z,2026-09-14T13:05:28.872Z,2026-09-14T00:44:28.872Z,telemetry,boiler_01,12,0,20,1518,65,20
,,0,2026-09-13T13:05:28.872Z,2026-09-14T13:05:28.872Z,2026-09-14T00:44:58.872Z,telemetry,boiler_01,12,0,20,1519,65,20
,,0,2026-09-13T13:05:28.872Z,2026-09-14T13:05:28.872Z,2026-09-14T00:45:28.872Z,telemetry,boiler_01,12,0,20,1520,65,20
,,0,2026-09-13T13:05:28.872Z,2026-09-14T13:05:28.872Z,2026-09-14T00:45:58.872Z,telemetry,boiler_01,12,0,20,1521,65,20
,,0,2026-09-13T13:05:28.872Z,2026-09-14T13:05:28.872Z,2026-09-14T00:46:28.872Z,telemetry,boiler_01,12,0,20,1522,65,20
,,0,2026-09-13T13:05:28.872Z,2026-09-14T13:05:28.872Z,2026-09-14T00:46:58.872Z,telemetry,boiler_01,12,0,20,1523,65,20
,,0,2026-09-13T13:05:28.872Z,2026-09-14T13:05:28.872Z,2026-09-14T00:47:28.872Z,telemetry,boiler_01,12,0,20,1524,65,20
,,0,2026-09-13T13:05:28.872Z,2026-09-14T13:05:28.872Z,2026-09-14T00:47:58.872Z,telemetry,boiler_01,12,0,20,1525,65,20
,,0,2026-09-13T13:05:28.872Z,2026-09-14T13:05:28.872Z,2026-09-14T00:48:28.872Z,telemetry,boiler_01,12,0,20,1526,65,20
,,0,2026-09-13T13:05:28.872Z,2026-09-14T13:05:28.872Z,2026-09-14T00:48:58.872Z,telemetry,boiler_01,12,0,20,1527,65,20
,,0,2026-09-13T13:05:28.872Z,2026-09-14T13:05:28.872Z,2026-09-14T00:49:28.872Z,telemetry,boiler_01,12,0,20,1528,65,20
,,0,2026-09-13T13:05:28.872Z,2026-09-14T13:05:28.872Z,2026-09-14T00:49:58.872Z,telemetry,boiler_01,12,0,20,1529,65,20
,,0,2026-09-13T13:05:28.872Z,2026-09-14T13:05:28.872Z,2026-09-14T00:50:28.872Z,telemetry,boiler_01,12,0,20,1530,65,20
,,0,2026-09-13T13:05:28.872Z,2026-09-14T13:05:28.872Z,2026-09-14T00:50:58.872Z,telemetry,boiler_01,12,0,20,1531,65,20
,,0,2026-09-13T13:05:28.872Z,2026-09-14T13:05:28.872Z,2026-09-14T00:51:28.872Z,telemetry,boiler_01,12,0,20,1532,65,20
,,0,2026-09-13T13:05:28.872Z,2026-09-14T13:05:28.872Z,2026-09-14T00:51:58.872Z,telemetry,boiler_01,12,0,20,1533,65,20
,,0,2026-09-13T13:05:28.872Z,2026-09-14T13:05:28.872Z,2026-09-14T00:52:28.872Z,telemetry,boiler_01,12,0,20,1534,65,20
,,0,2026-09-13T13:05:28.872Z,2026-09-14T13:05:28.872Z,2026-09-14T00:52:58.872Z,telemetry,boiler_01,12,0,20,1535,65,20
,,0,2026-09-13T13:05:28.872Z,2026-09-14T13:05:28.872Z,2026-09-14T00:53:28.872Z,telemetry,boiler_01,12,0,20,1536,65,20
,,0,2026-09-13T13:05:28.872Z,2026-09-14T13:05:28.872Z,2026-09-14T00:53:58.872Z,telemetry,boiler_01,12,0,20,1537,65,20
,,0,2026-09-13T13:05:28.872Z,2026-09-14T13:05:28.872Z,2026-09-14T00:54:28.872Z,telemetry,boiler_01,12,0,20,1538,65,20
,,0,2026-09-13T13:05:28.872Z,2026-09-14T13:05:28.872Z,2026-09-14T00:54:58.872Z,telemetry,boiler_01,12,0,20,1539,65,20
,,0,2026-09-13T13:05:28.872Z,2026-09-14T13:05:28.872Z,2026-09-14T00:55:28.873Z,telemetry,boiler_01,12,0,20,1540,65,20
,,0,2026-09-13T13:05:28.872Z,2026-09-14T13:05:28.872Z,2026-09-14T00:55:58.872Z,telemetry,boiler_01,12,0,20,1541,65,20
,,0,2026-09-13T13:05:28.872Z,2026-09-14T13:05:28.872Z,2026-09-14T00:56:28.872Z,telemetry,boiler_01,12,0,20,1542,65,20
,,0,2026-09-13T13:05:28.872Z,2026-09-14T13:05:28.872Z,2026-09-14T00:56:58.872Z,telemetry,boiler_01,12,0,20,1543,65,20
,,0,2026-09-13T13:05:28.872Z,2026-09-14T13:05:28.872Z,2026-09-14T00:57:28.872Z,telemetry,boiler_01,12,0,20,1544,65,20
,,0,2026-09-13T13:05:28.872Z,2026-09-14T13:05:28.872Z,2026-09-14T00:57:58.872Z,telemetry,boiler_01,12,0,20,1545,65,20
,,0,2026-09-13T13:05:28.872Z,2026-09-14T13:05:28.872Z,2026-09-14T00:58:28.872Z,telemetry,boiler_01,12,0,20,1546,65,20
,,0,2026-09-13T13:05:28.872Z,2026-09-14T13:05:28.872Z,2026-09-14T00:58:58.872Z,telemetry,boiler_01,12,0,20,1547,65,20
,,0,2026-09-13T13:05:28.872Z,2026-09-14T13:05:28.872Z,2026-09-14T00:59:28.872Z,telemetry,boiler_01,12,0,20,1548,65,20
,,0,2026-09-13T13:05:28.872Z,2026-09-14T13:05:28.872Z,2026-09-14T00:59:58.872Z,telemetry,boiler_01,12,0,20,1549,65,20
,,0,2026-09-13T13:05:28.872Z,2026-09-14T13:05:28.872Z,2026-09-14T01:00:28.872Z,telemetry,boiler_01,12,0,20,1550,65,20
,,0,2026-09-13T13:05:28.872Z,2026-09-14T13:05:28.872Z,2026-09-14T01:00:58.872Z,telemetry,boiler_01,12,0,20,1551,65,20
,,0,2026-09-13T13:05:28.872Z,2026-09-14T13:05:28.872Z,2026-09-14T01:01:28.872Z,telemetry,boiler_01,12,0,20,1552,65,20
,,0,2026-09-13T13:05:28.872Z,2026-09-14T13:05:28.872Z,2026-09-14T01:01:58.872Z,telemetry,boiler_01,12,0,20,1553,65,20
,,0,2026-09-13T13:05:28.872Z,2026-09-14T13:05:28.872Z,2026-09-14T01:02:28.872Z,telemetry,boiler_01,12,0,20,1554,65,20
,,0,2026-09-13T13:05:28.872Z,2026-09-14T13:05:28.872Z,2026-09-14T01:02:58.872Z,telemetry,boiler_01,12,0,20,1555,65,20
,,0,2026-09-13T13:05:28.872Z,2026-09-14T13:05:28.872Z,2026-09-14T01:03:28.872Z,telemetry,boiler_01,12,0,20,1556,65,20
,,0,2026-09-13T13:05:28.872Z,2026-09-14T13:05:28.872Z,2026-09-14T01:03:58.872Z,telemetry,boiler_01,12,0,20,1557,65,20
,,0,2026-09-13T13:05:28.872Z,2026-09-14T13:05:28.872Z,2026-09-14T01:04:28.872Z,telemetry,boiler_01,12,0,20,1558,65,20
,,0,2026-09-13T13:05:28.872Z,2026-09-14T13:05:28.872Z,2026-09-14T01:04:58.872Z,telemetry,boiler_01,12,0,20,1559,65,20
,,0,2026-09-13T13:05:28.872Z,2026-09-14T13:05:28.872Z,2026-09-14T01:05:28.873Z,telemetry,boiler_01,12,0,20,1560,65,20
,,0,2026-09-13T13:05:28.872Z,2026-09-14T13:05:28.872Z,2026-09-14T01:05:58.872Z,telemetry,boiler_01,12,0,20,1561,65,20
,,0,2026-09-13T13:05:28.872Z,2026-09-14T13:05:28.872Z,2026-09-14T01:06:28.872Z,telemetry,boiler_01,12,0,20,1562,65,20
,,0,2026-09-13T13:05:28.872Z,2026-09-14T13:05:28.872Z,2026-09-14T01:06:58.872Z,telemetry,boiler_01,12,0,20,1563,65,20
,,0,2026-09-13T13:05:28.872Z,2026-09-14T13:05:28.872Z,2026-09-14T01:07:28.872Z,telemetry,boiler_01,12,0,20,1564,65,20
,,0,2026-09-13T13:05:28.872Z,2026-09-14T13:05:28.872Z,2026-09-14T01:07:58.872Z,telemetry,boiler_01,12,0,20,1565,65,20
,,0,2026-09-13T13:05:28.872Z,2026-09-14T13:05:28.872Z,2026-09-14T01:08:28.872Z,telemetry,boiler_01,12,0,20,1566,65,20
,,0,2026-09-13T13:05:28.872Z,2026-09-14T13:05:28.872Z,2026-09-14T01:08:58.872Z,telemetry,boiler_01,12,0,20,1567,65,20
,,0,2026-09-13T13:05:28.872Z,2026-09-14T13:05:28.872Z,2026-09-14T01:09:28.872Z,telemetry,boiler_01,12,0,20,1568,65,20
,,0,2026-09-13T13:05:28.872Z,2026-09-14T13:05:28.872Z,2026-09-14T01:09:58.872Z,telemetry,boiler_01,12,0,20,1569,65,20
,,0,2026-09-13T13:05:28.872Z,2026-09-14T13:05:28.872Z,2026-09-14T01:10:28.872Z,telemetry,boiler_01,12,0,20,1570,65,20
,,0,2026-09-13T13:05:28.872Z,2026-09-14T13:05:28.872Z,2026-09-14T01:10:58.872Z,telemetry,boiler_01,12,0,20,1571,65,20
,,0,2026-09-13T13:05:28.872Z,2026-09-14T13:05:28.872Z,2026-09-14T01:11:28.872Z,telemetry,boiler_01,12,0,20,1572,65,20
,,0,2026-09-13T13:05:28.872Z,2026-09-14T13:05:28.872Z,2026-09-14T01:11:58.872Z,telemetry,boiler_01,12,0,20,1573,65,20
,,0,2026-09-13T13:05:28.872Z,2026-09-14T13:05:28.872Z,2026-09-14T01:12:28.872Z,telemetry,boiler_01,12,0,20,1574,65,20
,,0,2026-09-13T13:05:28.872Z,2026-09-14T13:05:28.872Z,2026-09-14T01:12:58.872Z,telemetry,boiler_01,12,0,20,1575,65,20
,,0,2026-09-13T13:05:28.872Z,2026-09-14T13:05:28.872Z,2026-09-14T01:13:28.872Z,telemetry,boiler_01,12,0,20,1576,65,20
,,0,2026-09-13T13:05:28.872Z,2026-09-14T13:05:28.872Z,2026-09-14T01:13:58.872Z,telemetry,boiler_01,12,0,20,1577,65,20
,,0,2026-09-13T13:05:28.872Z,2026-09-14T13:05:28.872Z,2026-09-14T01:14:28.872Z,telemetry,boiler_01,12,0,20,1578,65,20
,,0,2026-09-13T13:05:28.872Z,2026-09-14T13:05:28.872Z,2026-09-14T01:14:58.872Z,telemetry,boiler_01,12,0,20,1579,65,20
,,0,2026-09-13T13:05:28.872Z,2026-09-14T13:05:28.872Z,2026-09-14T01:15:28.872Z,telemetry,boiler_01,12,0,20,1580,65,20
,,0,2026-09-13T13:05:28.872Z,2026-09-14T13:05:28.872Z,2026-09-14T01:15:58.872Z,telemetry,boiler_01,12,0,20,1581,65,20
,,0,2026-09-13T13:05:28.872Z,2026-09-14T13:05:28.872Z,2026-09-14T01:16:28.872Z,telemetry,boiler_01,12,0,20,1582,65,20
,,0,2026-09-13T13:05:28.872Z,2026-09-14T13:05:28.872Z,2026-09-14T01:16:58.872Z,telemetry,boiler_01,12,0,20,1583,65,20
,,0,2026-09-13T13:05:28.872Z,2026-09-14T13:05:28.872Z,2026-09-14T01:17:28.872Z,telemetry,boiler_01,12,0,20,1584,65,20
,,0,2026-09-13T13:05:28.872Z,2026-09-14T13:05:28.872Z,2026-09-14T01:17:58.872Z,telemetry,boiler_01,12,0,20,1585,65,20
,,0,2026-09-13T13:05:28.872Z,2026-09-14T13:05:28.872Z,2026-09-14T01:18:28.872Z,telemetry,boiler_01,12,0,20,1586,65,20
,,0,2026-09-13T13:05:28.872Z,2026-09-14T13:05:28.872Z,2026-09-14T01:18:58.872Z,telemetry,boiler_01,12,0,20,1587,65,20
,,0,2026-09-13T13:05:28.872Z,2026-09-14T13:05:28.872Z,2026-09-14T01:19:28.872Z,telemetry,boiler_01,12,0,20,1588,65,20
,,0,2026-09-13T13:05:28.872Z,2026-09-14T13:05:28.872Z,2026-09-14T01:19:58.872Z,telemetry,boiler_01,12,0,20,1589,65,20
,,0,2026-09-13T13:05:28.872Z,2026-09-14T13:05:28.872Z,2026-09-14T01:20:28.872Z,telemetry,boiler_01,12,0,20,1590,65,20
,,0,2026-09-13T13:05:28.872Z,2026-09-14T13:05:28.872Z,2026-09-14T01:20:58.872Z,telemetry,boiler_01,12,0,20,1591,65,20
,,0,2026-09-13T13:05:28.872Z,2026-09-14T13:05:28.872Z,2026-09-14T01:21:28.872Z,telemetry,boiler_01,12,0,20,1592,65,20
,,0,2026-09-13T13:05:28.872Z,2026-09-14T13:05:28.872Z,2026-09-14T01:21:58.872Z,telemetry,boiler_01,12,0,20,1593,65,20
,,0,2026-09-13T13:05:28.872Z,2026-09-14T13:05:28.872Z,2026-09-14T01:22:28.872Z,telemetry,boiler_01,12,0,20,1594,65,20
,,0,2026-09-13T13:05:28.872Z,2026-09-14T13:05:28.872Z,2026-09-14T01:22:58.872Z,telemetry,boiler_01,12,0,20,1595,65,20
,,0,2026-09-13T13:05:28.872Z,2026-09-14T13:05:28.872Z,2026-09-14T01:23:28.872Z,telemetry,boiler_01,12,0,20,1596,65,20
,,0,2026-09-13T13:05:28.872Z,2026-09-14T13:05:28.872Z,2026-09-14T01:23:58.872Z,telemetry,boiler_01,12,0,20,1597,65,20
,,0,2026-09-13T13:05:28.872Z,2026-09-14T13:05:28.872Z,2026-09-14T01:24:28.872Z,telemetry,boiler_01,12,0,20,1598,65,20
,,0,2026-09-13T13:05:28.872Z,2026-09-14T13:05:28.872Z,2026-09-14T01:24:58.872Z,telemetry,boiler_01,12,0,20,1599,65,20
,,0,2026-09-13T13:05:28.872Z,2026-09-14T13:05:28.872Z,2026-09-14T01:25:28.873Z,telemetry,boiler_01,12,0,20,1600,65,20
,,0,2026-09-13T13:05:28.872Z,2026-09-14T13:05:28.872Z,2026-09-14T01:25:58.872Z,telemetry,boiler_01,12,0,20,1601,65,20
,,0,2026-09-13T13:05:28.872Z,2026-09-14T13:05:28.872Z,2026-09-14T01:26:28.872Z,telemetry,boiler_01,12,0,20,1602,65,20
,,0,2026-09-13T13:05:28.872Z,2026-09-14T13:05:28.872Z,2026-09-14T01:26:58.872Z,telemetry,boiler_01,12,0,20,1603,65,20
,,0,2026-09-13T13:05:28.872Z,2026-09-14T13:05:28.872Z,2026-09-14T01:27:28.872Z,telemetry,boiler_01,12,0,20,1604,65,20
,,0,2026-09-13T13:05:28.872Z,2026-09-14T13:05:28.872Z,2026-09-14T01:27:58.872Z,telemetry,boiler_01,12,0,20,1605,65,20
,,0,2026-09-13T13:05:28.872Z,2026-09-14T13:05:28.872Z,2026-09-14T01:28:28.872Z,telemetry,boiler_01,12,0,20,1606,65,20
,,0,2026-09-13T13:05:28.872Z,2026-09-14T13:05:28.872Z,2026-09-14T01:28:58.872Z,telemetry,boiler_01,12,0,20,1607,65,20
,,0,2026-09-13T13:05:28.872Z,2026-09-14T13:05:28.872Z,2026-09-14T01:29:28.872Z,telemetry,boiler_01,12,0,20,1608,65,20
,,0,2026-09-13T13:05:28.872Z,2026-09-14T13:05:28.872Z,2026-09-14T01:29:58.872Z,telemetry,boiler_01,12,0,20,1609,65,20
,,0,2026-09-13T13:05:28.872Z,2026-09-14T13:05:28.872Z,2026-09-14T01:30:28.872Z,telemetry,boiler_01,12,0,20,1610,65,20
,,0,2026-09-13T13:05:28.872Z,2026-09-14T13:05:28.872Z,2026-09-14T01:30:58.872Z,telemetry,boiler_01,12,0,20,1611,65,20
,,0,2026-09-13T13:05:28.872Z,2026-09-14T13:05:28.872Z,2026-09-14T01:31:28.872Z,telemetry,boiler_01,12,0,20,1612,65,20
,,0,2026-09-13T13:05:28.872Z,2026-09-14T13:05:28.872Z,2026-09-14T01:31:58.872Z,telemetry,boiler_01,12,0,20,1613,65,20
,,0,2026-09-13T13:05:28.872Z,2026-09-14T13:05:28.872Z,2026-09-14T01:32:28.872Z,telemetry,boiler_01,12,0,20,1614,65,20
,,0,2026-09-13T13:05:28.872Z,2026-09-14T13:05:28.872Z,2026-09-14T01:32:58.872Z,telemetry,boiler_01,12,0,20,1615,65,20
,,0,2026-09-13T13:05:28.872Z,2026-09-14T13:05:28.872Z,2026-09-14T01:33:28.872Z,telemetry,boiler_01,12,0,20,1616,65,20
,,0,2026-09-13T13:05:28.872Z,2026-09-14T13:05:28.872Z,2026-09-14T01:33:58.872Z,telemetry,boiler_01,12,0,20,1617,65,20
,,0,2026-09-13T13:05:28.872Z,2026-09-14T13:05:28.872Z,2026-09-14T01:34:28.872Z,telemetry,boiler_01,12,0,20,1618,65,20
,,0,2026-09-13T13:05:28.872Z,2026-09-14T13:05:28.872Z,2026-09-14T01:34:58.872Z,telemetry,boiler_01,12,0,20,1619,65,20
,,0,2026-09-13T13:05:28.872Z,2026-09-14T13:05:28.872Z,2026-09-14T01:35:28.872Z,telemetry,boiler_01,12,0,20,1620,65,20
,,0,2026-09-13T13:05:28.872Z,2026-09-14T13:05:28.872Z,2026-09-14T01:35:58.872Z,telemetry,boiler_01,12,0,20,1621,65,20
,,0,2026-09-13T13:05:28.872Z,2026-09-14T13:05:28.872Z,2026-09-14T01:36:28.872Z,telemetry,boiler_01,12,0,20,1622,65,20
,,0,2026-09-13T13:05:28.872Z,2026-09-14T13:05:28.872Z,2026-09-14T01:36:58.872Z,telemetry,boiler_01,12,0,20,1623,65,20
,,0,2026-09-13T13:05:28.872Z,2026-09-14T13:05:28.872Z,2026-09-14T01:37:28.872Z,telemetry,boiler_01,12,0,20,1624,65,20
,,0,2026-09-13T13:05:28.872Z,2026-09-14T13:05:28.872Z,2026-09-14T01:37:58.872Z,telemetry,boiler_01,12,0,20,1625,65,20
,,0,2026-09-13T13:05:28.872Z,2026-09-14T13:05:28.872Z,2026-09-14T01:38:28.872Z,telemetry,boiler_01,12,0,20,1626,65,20
,,0,2026-09-13T13:05:28.872Z,2026-09-14T13:05:28.872Z,2026-09-14T01:38:58.872Z,telemetry,boiler_01,12,0,20,1627,65,20
,,0,2026-09-13T13:05:28.872Z,2026-09-14T13:05:28.872Z,2026-09-14T01:39:28.872Z,telemetry,boiler_01,12,0,20,1628,65,20
,,0,2026-09-13T13:05:28.872Z,2026-09-14T13:05:28.872Z,2026-09-14T01:39:58.872Z,telemetry,boiler_01,12,0,20,1629,65,20
,,0,2026-09-13T13:05:28.872Z,2026-09-14T13:05:28.872Z,2026-09-14T01:40:28.872Z,telemetry,boiler_01,12,0,20,1630,65,20
,,0,2026-09-13T13:05:28.872Z,2026-09-14T13:05:28.872Z,2026-09-14T01:40:58.872Z,telemetry,boiler_01,12,0,20,1631,65,20
,,0,2026-09-13T13:05:28.872Z,2026-09-14T13:05:28.872Z,2026-09-14T01:41:28.872Z,telemetry,boiler_01,12,0,20,1632,65,20
,,0,2026-09-13T13:05:28.872Z,2026-09-14T13:05:28.872Z,2026-09-14T01:41:58.872Z,telemetry,boiler_01,12,0,20,1633,65,20
,,0,2026-09-13T13:05:28.872Z,2026-09-14T13:05:28.872Z,2026-09-14T01:42:28.872Z,telemetry,boiler_01,12,0,20,1634,65,20
,,0,2026-09-13T13:05:28.872Z,2026-09-14T13:05:28.872Z,2026-09-14T01:42:58.872Z,telemetry,boiler_01,12,0,20,1635,65,20
,,0,2026-09-13T13:05:28.872Z,2026-09-14T13:05:28.872Z,2026-09-14T01:43:28.872Z,telemetry,boiler_01,12,0,20,1636,65,20
,,0,2026-09-13T13:05:28.872Z,2026-09-14T13:05:28.872Z,2026-09-14T01:43:58.872Z,telemetry,boiler_01,12,0,20,1637,65,20
,,0,2026-09-13T13:05:28.872Z,2026-09-14T13:05:28.872Z,2026-09-14T01:44:28.872Z,telemetry,boiler_01,12,0,20,1638,65,20
,,0,2026-09-13T13:05:28.872Z,2026-09-14T13:05:28.872Z,2026-09-14T01:44:58.872Z,telemetry,boiler_01,12,0,20,1639,65,20
,,0,2026-09-13T13:05:28.872Z,2026-09-14T13:05:28.872Z,2026-09-14T01:45:28.873Z,telemetry,boiler_01,12,0,20,1640,65,20
,,0,2026-09-13T13:05:28.872Z,2026-09-14T13:05:28.872Z,2026-09-14T01:45:58.872Z,telemetry,boiler_01,12,0,20,1641,65,20
,,0,2026-09-13T13:05:28.872Z,2026-09-14T13:05:28.872Z,2026-09-14T01:46:28.872Z,telemetry,boiler_01,12,0,20,1642,65,20
,,0,2026-09-13T13:05:28.872Z,2026-09-14T13:05:28.872Z,2026-09-14T01:46:58.872Z,telemetry,boiler_01,12,0,20,1643,65,20
,,0,2026-09-13T13:05:28.872Z,2026-09-14T13:05:28.872Z,2026-09-14T01:47:28.872Z,telemetry,boiler_01,12,0,20,1644,65,20
,,0,2026-09-13T13:05:28.872Z,2026-09-14T13:05:28.872Z,2026-09-14T01:47:58.872Z,telemetry,boiler_01,12,0,20,1645,65,20
,,0,2026-09-13T13:05:28.872Z,2026-09-14T13:05:28.872Z,2026-09-14T01:48:28.872Z,telemetry,boiler_01,12,0,20,1646,65,20
,,0,2026-09-13T13:05:28.872Z,2026-09-14T13:05:28.872Z,2026-09-14T01:48:58.872Z,telemetry,boiler_01,12,0,20,1647,65,20
,,0,2026-09-13T13:05:28.872Z,2026-09-14T13:05:28.872Z,2026-09-14T01:49:28.872Z,telemetry,boiler_01,12,0,20,1648,65,20
,,0,2026-09-13T13:05:28.872Z,2026-09-14T13:05:28.872Z,2026-09-14T01:49:58.872Z,telemetry,boiler_01,12,0,20,1649,65,20
,,0,2026-09-13T13:05:28.872Z,2026-09-14T13:05:28.872Z,2026-09-14T01:50:28.872Z,telemetry,boiler_01,12,0,20,1650,65,20
,,0,2026-09-13T13:05:28.872Z,2026-09-14T13:05:28.872Z,2026-09-14T01:50:58.872Z,telemetry,boiler_01,12,0,20,1651,65,20
,,0,2026-09-13T13:05:28.872Z,2026-09-14T13:05:28.872Z,2026-09-14T01:51:28.872Z,telemetry,boiler_01,12,0,20,1652,65,20
,,0,2026-09-13T13:05:28.872Z,2026-09-14T13:05:28.872Z,2026-09-14T01:51:58.872Z,telemetry,boiler_01,12,0,20,1653,65,20
,,0,2026-09-13T13:05:28.872Z,2026-09-14T13:05:28.872Z,2026-09-14T01:52:28.872Z,telemetry,boiler_01,12,0,20,1654,65,20
,,0,2026-09-13T13:05:28.872Z,2026-09-14T13:05:28.872Z,2026-09-14T01:52:58.872Z,telemetry,boiler_01,12,0,20,1655,65,20
,,0,2026-09-13T13:05:28.872Z,2026-09-14T13:05:28.872Z,2026-09-14T01:53:28.872Z,telemetry,boiler_01,12,0,20,1656,65,20
,,0,2026-09-13T13:05:28.872Z,2026-09-14T13:05:28.872Z,2026-09-14T01:53:58.872Z,telemetry,boiler_01,12,0,20,1657,65,20
,,0,2026-09-13T13:05:28.872Z,2026-09-14T13:05:28.872Z,2026-09-14T01:54:28.872Z,telemetry,boiler_01,12,0,20,1658,65,20
,,0,2026-09-13T13:05:28.872Z,2026-09-14T13:05:28.872Z,2026-09-14T01:54:58.872Z,telemetry,boiler_01,12,0,20,1659,65,20
,,0,2026-09-13T13:05:28.872Z,2026-09-14T13:05:28.872Z,2026-09-14T01:55:28.872Z,telemetry,boiler_01,12,0,20,1660,65,20
,,0,2026-09-13T13:05:28.872Z,2026-09-14T13:05:28.872Z,2026-09-14T01:55:58.872Z,telemetry,boiler_01,12,0,20,1661,65,20
,,0,2026-09-13T13:05:28.872Z,2026-09-14T13:05:28.872Z,2026-09-14T01:56:28.872Z,telemetry,boiler_01,12,0,20,1662,65,20
,,0,2026-09-13T13:05:28.872Z,2026-09-14T13:05:28.872Z,2026-09-14T01:56:58.872Z,telemetry,boiler_01,12,0,20,1663,65,20
,,0,2026-09-13T13:05:28.872Z,2026-09-14T13:05:28.872Z,2026-09-14T01:57:28.872Z,telemetry,boiler_01,12,0,20,1664,65,20
,,0,2026-09-13T13:05:28.872Z,2026-09-14T13:05:28.872Z,2026-09-14T01:57:58.872Z,telemetry,boiler_01,12,0,20,1665,65,20
,,0,2026-09-13T13:05:28.872Z,2026-09-14T13:05:28.872Z,2026-09-14T01:58:28.872Z,telemetry,boiler_01,12,0,20,1666,65,20
,,0,2026-09-13T13:05:28.872Z,2026-09-14T13:05:28.872Z,2026-09-14T01:58:58.872Z,telemetry,boiler_01,12,0,20,1667,65,20
,,0,2026-09-13T13:05:28.872Z,2026-09-14T13:05:28.872Z,2026-09-14T01:59:28.872Z,telemetry,boiler_01,12,0,20,1668,65,20
,,0,2026-09-13T13:05:28.872Z,2026-09-14T13:05:28.872Z,2026-09-14T01:59:58.872Z,telemetry,boiler_01,12,0,20,1669,65,20
,,0,2026-09-13T13:05:28.872Z,2026-09-14T13:05:28.872Z,2026-09-14T02:00:28.872Z,telemetry,boiler_01,12,0,20,1670,65,20
,,0,2026-09-13T13:05:28.872Z,2026-09-14T13:05:28.872Z,2026-09-14T02:00:58.872Z,telemetry,boiler_01,12,0,20,1671,65,20
,,0,2026-09-13T13:05:28.872Z,2026-09-14T13:05:28.872Z,2026-09-14T02:01:28.872Z,telemetry,boiler_01,12,0,20,1672,65,20
,,0,2026-09-13T13:05:28.872Z,2026-09-14T13:05:28.872Z,2026-09-14T02:01:58.872Z,telemetry,boiler_01,12,0,20,1673,65,20
,,0,2026-09-13T13:05:28.872Z,2026-09-14T13:05:28.872Z,2026-09-14T02:02:28.872Z,telemetry,boiler_01,12,0,20,1674,65,20
,,0,2026-09-13T13:05:28.872Z,2026-09-14T13:05:28.872Z,2026-09-14T02:02:58.872Z,telemetry,boiler_01,12,0,20,1675,65,20
,,0,2026-09-13T13:05:28.872Z,2026-09-14T13:05:28.872Z,2026-09-14T02:03:28.872Z,telemetry,boiler_01,12,0,20,1676,65,20
,,0,2026-09-13T13:05:28.872Z,2026-09-14T13:05:28.872Z,2026-09-14T02:03:58.872Z,telemetry,boiler_01,12,0,20,1677,65,20
,,0,2026-09-13T13:05:28.872Z,2026-09-14T13:05:28.872Z,2026-09-14T02:04:28.872Z,telemetry,boiler_01,12,0,20,1678,65,20
,,0,2026-09-13T13:05:28.872Z,2026-09-14T13:05:28.872Z,2026-09-14T02:04:58.872Z,telemetry,boiler_01,12,0,20,1679,65,20
,,0,2026-09-13T13:05:28.872Z,2026-09-14T13:05:28.872Z,2026-09-14T02:05:28.872Z,telemetry,boiler_01,12,0,20,1680,65,20
,,0,2026-09-13T13:05:28.872Z,2026-09-14T13:05:28.872Z,2026-09-14T02:05:58.872Z,telemetry,boiler_01,12,0,20,1681,65,20
,,0,2026-09-13T13:05:28.872Z,2026-09-14T13:05:28.872Z,2026-09-14T02:06:28.872Z,telemetry,boiler_01,12,0,20,1682,65,20
,,0,2026-09-13T13:05:28.872Z,2026-09-14T13:05:28.872Z,2026-09-14T02:06:58.872Z,telemetry,boiler_01,12,0,20,1683,65,20
,,0,2026-09-13T13:05:28.872Z,2026-09-14T13:05:28.872Z,2026-09-14T02:07:28.872Z,telemetry,boiler_01,12,0,20,1684,65,20
,,0,2026-09-13T13:05:28.872Z,2026-09-14T13:05:28.872Z,2026-09-14T02:07:58.872Z,telemetry,boiler_01,12,0,20,1685,65,20
,,0,2026-09-13T13:05:28.872Z,2026-09-14T13:05:28.872Z,2026-09-14T02:08:28.872Z,telemetry,boiler_01,12,0,20,1686,65,20
,,0,2026-09-13T13:05:28.872Z,2026-09-14T13:05:28.872Z,2026-09-14T02:08:58.872Z,telemetry,boiler_01,12,0,20,1687,65,20
,,0,2026-09-13T13:05:28.872Z,2026-09-14T13:05:28.872Z,2026-09-14T02:09:28.872Z,telemetry,boiler_01,12,0,20,1688,65,20
,,0,2026-09-13T13:05:28.872Z,2026-09-14T13:05:28.872Z,2026-09-14T02:09:58.872Z,telemetry,boiler_01,12,0,20,1689,65,20
,,0,2026-09-13T13:05:28.872Z,2026-09-14T13:05:28.872Z,2026-09-14T02:10:28.872Z,telemetry,boiler_01,12,0,20,1690,65,20
,,0,2026-09-13T13:05:28.872Z,2026-09-14T13:05:28.872Z,2026-09-14T02:10:58.872Z,telemetry,boiler_01,12,0,20,1691,65,20
,,0,2026-09-13T13:05:28.872Z,2026-09-14T13:05:28.872Z,2026-09-14T02:11:28.872Z,telemetry,boiler_01,12,0,20,1692,65,20
,,0,2026-09-13T13:05:28.872Z,2026-09-14T13:05:28.872Z,2026-09-14T02:11:58.872Z,telemetry,boiler_01,12,0,20,1693,65,20
,,0,2026-09-13T13:05:28.872Z,2026-09-14T13:05:28.872Z,2026-09-14T02:12:28.872Z,telemetry,boiler_01,12,0,20,1694,65,20
,,0,2026-09-13T13:05:28.872Z,2026-09-14T13:05:28.872Z,2026-09-14T02:12:58.872Z,telemetry,boiler_01,12,0,20,1695,65,20
,,0,2026-09-13T13:05:28.872Z,2026-09-14T13:05:28.872Z,2026-09-14T02:13:28.872Z,telemetry,boiler_01,12,0,20,1696,65,20
,,0,2026-09-13T13:05:28.872Z,2026-09-14T13:05:28.872Z,2026-09-14T02:13:58.872Z,telemetry,boiler_01,12,0,20,1697,65,20
,,0,2026-09-13T13:05:28.872Z,2026-09-14T13:05:28.872Z,2026-09-14T02:14:28.872Z,telemetry,boiler_01,12,0,20,1698,65,20
,,0,2026-09-13T13:05:28.872Z,2026-09-14T13:05:28.872Z,2026-09-14T02:14:58.872Z,telemetry,boiler_01,12,0,20,1699,65,20
,,0,2026-09-13T13:05:28.872Z,2026-09-14T13:05:28.872Z,2026-09-14T02:15:28.872Z,telemetry,boiler_01,12,0,20,1700,65,20
,,0,2026-09-13T13:05:28.872Z,2026-09-14T13:05:28.872Z,2026-09-14T02:15:58.872Z,telemetry,boiler_01,12,0,20,1701,65,20
,,0,2026-09-13T13:05:28.872Z,2026-09-14T13:05:28.872Z,2026-09-14T02:16:28.872Z,telemetry,boiler_01,12,0,20,1702,65,20
,,0,2026-09-13T13:05:28.872Z,2026-09-14T13:05:28.872Z,2026-09-14T02:16:58.872Z,telemetry,boiler_01,12,0,20,1703,65,20
,,0,2026-09-13T13:05:28.872Z,2026-09-14T13:05:28.872Z,2026-09-14T02:17:28.872Z,telemetry,boiler_01,12,0,20,1704,65,20
,,0,2026-09-13T13:05:28.872Z,2026-09-14T13:05:28.872Z,2026-09-14T02:17:58.872Z,telemetry,boiler_01,12,0,20,1705,65,20
,,0,2026-09-13T13:05:28.872Z,2026-09-14T13:05:28.872Z,2026-09-14T02:18:28.872Z,telemetry,boiler_01,12,0,20,1706,65,20
,,0,2026-09-13T13:05:28.872Z,2026-09-14T13:05:28.872Z,2026-09-14T02:18:58.872Z,telemetry,boiler_01,12,0,20,1707,65,20
,,0,2026-09-13T13:05:28.872Z,2026-09-14T13:05:28.872Z,2026-09-14T02:19:28.872Z,telemetry,boiler_01,12,0,20,1708,65,20
,,0,2026-09-13T13:05:28.872Z,2026-09-14T13:05:28.872Z,2026-09-14T02:19:58.872Z,telemetry,boiler_01,12,0,20,1709,65,20
,,0,2026-09-13T13:05:28.872Z,2026-09-14T13:05:28.872Z,2026-09-14T02:20:28.872Z,telemetry,boiler_01,12,0,20,1710,65,20
,,0,2026-09-13T13:05:28.872Z,2026-09-14T13:05:28.872Z,2026-09-14T02:20:58.872Z,telemetry,boiler_01,12,0,20,1711,65,20
,,0,2026-09-13T13:05:28.872Z,2026-09-14T13:05:28.872Z,2026-09-14T02:21:28.872Z,telemetry,boiler_01,12,0,20,1712,65,20
,,0,2026-09-13T13:05:28.872Z,2026-09-14T13:05:28.872Z,2026-09-14T02:21:58.872Z,telemetry,boiler_01,12,0,20,1713,65,20
,,0,2026-09-13T13:05:28.872Z,2026-09-14T13:05:28.872Z,2026-09-14T02:22:28.872Z,telemetry,boiler_01,12,0,20,1714,65,20
,,0,2026-09-13T13:05:28.872Z,2026-09-14T13:05:28.872Z,2026-09-14T02:22:58.872Z,telemetry,boiler_01,12,0,20,1715,65,20
,,0,2026-09-13T13:05:28.872Z,2026-09-14T13:05:28.872Z,2026-09-14T02:23:28.872Z,telemetry,boiler_01,12,0,20,1716,65,20
,,0,2026-09-13T13:05:28.872Z,2026-09-14T13:05:28.872Z,2026-09-14T02:23:58.872Z,telemetry,boiler_01,12,0,20,1717,65,20
,,0,2026-09-13T13:05:28.872Z,2026-09-14T13:05:28.872Z,2026-09-14T02:24:28.872Z,telemetry,boiler_01,12,0,20,1718,65,20
,,0,2026-09-13T13:05:28.872Z,2026-09-14T13:05:28.872Z,2026-09-14T02:24:58.872Z,telemetry,boiler_01,12,0,20,1719,65,20
,,0,2026-09-13T13:05:28.872Z,2026-09-14T13:05:28.872Z,2026-09-14T02:25:28.872Z,telemetry,boiler_01,12,0,20,1720,65,20
,,0,2026-09-13T13:05:28.872Z,2026-09-14T13:05:28.872Z,2026-09-14T02:25:58.872Z,telemetry,boiler_01,12,0,20,1721,65,20
,,0,2026-09-13T13:05:28.872Z,2026-09-14T13:05:28.872Z,2026-09-14T02:26:28.872Z,telemetry,boiler_01,12,0,20,1722,65,20
,,0,2026-09-13T13:05:28.872Z,2026-09-14T13:05:28.872Z,2026-09-14T02:26:58.872Z,telemetry,boiler_01,12,0,20,1723,65,20
,,0,2026-09-13T13:05:28.872Z,2026-09-14T13:05:28.872Z,2026-09-14T02:27:28.872Z,telemetry,boiler_01,12,0,20,1724,65,20
,,0,2026-09-13T13:05:28.872Z,2026-09-14T13:05:28.872Z,2026-09-14T02:27:58.872Z,telemetry,boiler_01,12,0,20,1725,65,20
,,0,2026-09-13T13:05:28.872Z,2026-09-14T13:05:28.872Z,2026-09-14T02:28:28.872Z,telemetry,boiler_01,12,0,20,1726,65,20
,,0,2026-09-13T13:05:28.872Z,2026-09-14T13:05:28.872Z,2026-09-14T02:28:58.872Z,telemetry,boiler_01,12,0,20,1727,65,20
,,0,2026-09-13T13:05:28.872Z,2026-09-14T13:05:28.872Z,2026-09-14T02:29:28.872Z,telemetry,boiler_01,12,0,20,1728,65,20
,,0,2026-09-13T13:05:28.872Z,2026-09-14T13:05:28.872Z,2026-09-14T02:29:58.872Z,telemetry,boiler_01,12,0,20,1729,65,20
,,0,2026-09-13T13:05:28.872Z,2026-09-14T13:05:28.872Z,2026-09-14T02:30:28.872Z,telemetry,boiler_01,12,0,20,1730,65,20
,,0,2026-09-13T13:05:28.872Z,2026-09-14T13:05:28.872Z,2026-09-14T02:30:58.872Z,telemetry,boiler_01,12,0,20,1731,65,20
,,0,2026-09-13T13:05:28.872Z,2026-09-14T13:05:28.872Z,2026-09-14T02:31:28.872Z,telemetry,boiler_01,12,0,20,1732,65,20
,,0,2026-09-13T13:05:28.872Z,2026-09-14T13:05:28.872Z,2026-09-14T02:31:58.872Z,telemetry,boiler_01,12,0,20,1733,65,20
,,0,2026-09-13T13:05:28.872Z,2026-09-14T13:05:28.872Z,2026-09-14T02:32:28.872Z,telemetry,boiler_01,12,0,20,1734,65,20
,,0,2026-09-13T13:05:28.872Z,2026-09-14T13:05:28.872Z,2026-09-14T02:32:58.872Z,telemetry,boiler_01,12,0,20,1735,65,20
,,0,2026-09-13T13:05:28.872Z,2026-09-14T13:05:28.872Z,2026-09-14T02:33:28.872Z,telemetry,boiler_01,12,0,20,1736,65,20
,,0,2026-09-13T13:05:28.872Z,2026-09-14T13:05:28.872Z,2026-09-14T02:33:58.872Z,telemetry,boiler_01,12,0,20,1737,65,20
,,0,2026-09-13T13:05:28.872Z,2026-09-14T13:05:28.872Z,2026-09-14T02:34:28.872Z,telemetry,boiler_01,12,0,20,1738,65,20
,,0,2026-09-13T13:05:28.872Z,2026-09-14T13:05:28.872Z,2026-09-14T02:34:58.872Z,telemetry,boiler_01,12,0,20,1739,65,20
,,0,2026-09-13T13:05:28.872Z,2026-09-14T13:05:28.872Z,2026-09-14T02:35:28.873Z,telemetry,boiler_01,12,0,20,1740,65,20
,,0,2026-09-13T13:05:28.872Z,2026-09-14T13:05:28.872Z,2026-09-14T02:35:58.872Z,telemetry,boiler_01,12,0,20,1741,65,20
,,0,2026-09-13T13:05:28.872Z,2026-09-14T13:05:28.872Z,2026-09-14T02:36:28.872Z,telemetry,boiler_01,12,0,20,1742,65,20
,,0,2026-09-13T13:05:28.872Z,2026-09-14T13:05:28.872Z,2026-09-14T02:36:58.872Z,telemetry,boiler_01,12,0,20,1743,65,20
,,0,2026-09-13T13:05:28.872Z,2026-09-14T13:05:28.872Z,2026-09-14T02:37:28.872Z,telemetry,boiler_01,12,0,20,1744,65,20
,,0,2026-09-13T13:05:28.872Z,2026-09-14T13:05:28.872Z,2026-09-14T02:37:58.872Z,telemetry,boiler_01,12,0,20,1745,65,20
,,0,2026-09-13T13:05:28.872Z,2026-09-14T13:05:28.872Z,2026-09-14T02:38:28.872Z,telemetry,boiler_01,12,0,20,1746,65,20
,,0,2026-09-13T13:05:28.872Z,2026-09-14T13:05:28.872Z,2026-09-14T02:38:58.872Z,telemetry,boiler_01,12,0,20,1747,65,20
,,0,2026-09-13T13:05:28.872Z,2026-09-14T13:05:28.872Z,2026-09-14T02:39:28.872Z,telemetry,boiler_01,12,0,20,1748,65,20
,,0,2026-09-13T13:05:28.872Z,2026-09-14T13:05:28.872Z,2026-09-14T02:39:58.872Z,telemetry,boiler_01,12,0,20,1749,65,20
,,0,2026-09-13T13:05:28.872Z,2026-09-14T13:05:28.872Z,2026-09-14T02:40:28.872Z,telemetry,boiler_01,12,0,20,1750,65,20
,,0,2026-09-13T13:05:28.872Z,2026-09-14T13:05:28.872Z,2026-09-14T02:40:58.872Z,telemetry,boiler_01,12,0,20,1751,65,20
,,0,2026-09-13T13:05:28.872Z,2026-09-14T13:05:28.872Z,2026-09-14T02:41:28.872Z,telemetry,boiler_01,12,0,20,1752,65,20
,,0,2026-09-13T13:05:28.872Z,2026-09-14T13:05:28.872Z,2026-09-14T02:41:58.872Z,telemetry,boiler_01,12,0,20,1753,65,20
,,0,2026-09-13T13:05:28.872Z,2026-09-14T13:05:28.872Z,2026-09-14T02:42:28.872Z,telemetry,boiler_01,12,0,20,1754,65,20
,,0,2026-09-13T13:05:28.872Z,2026-09-14T13:05:28.872Z,2026-09-14T02:42:58.872Z,telemetry,boiler_01,12,0,20,1755,65,20
,,0,2026-09-13T13:05:28.872Z,2026-09-14T13:05:28.872Z,2026-09-14T02:43:28.872Z,telemetry,boiler_01,12,0,20,1756,65,20
,,0,2026-09-13T13:05:28.872Z,2026-09-14T13:05:28.872Z,2026-09-14T02:43:58.872Z,telemetry,boiler_01,12,0,20,1757,65,20
,,0,2026-09-13T13:05:28.872Z,2026-09-14T13:05:28.872Z,2026-09-14T02:44:28.872Z,telemetry,boiler_01,12,0,20,1758,65,20
,,0,2026-09-13T13:05:28.872Z,2026-09-14T13:05:28.872Z,2026-09-14T02:44:58.872Z,telemetry,boiler_01,12,0,20,1759,65,20
,,0,2026-09-13T13:05:28.872Z,2026-09-14T13:05:28.872Z,2026-09-14T02:45:28.872Z,telemetry,boiler_01,12,0,20,1760,65,20
,,0,2026-09-13T13:05:28.872Z,2026-09-14T13:05:28.872Z,2026-09-14T02:45:58.872Z,telemetry,boiler_01,12,0,20,1761,65,20
,,0,2026-09-13T13:05:28.872Z,2026-09-14T13:05:28.872Z,2026-09-14T02:46:28.872Z,telemetry,boiler_01,12,0,20,1762,65,20
,,0,2026-09-13T13:05:28.872Z,2026-09-14T13:05:28.872Z,2026-09-14T02:46:58.872Z,telemetry,boiler_01,12,0,20,1763,65,20
,,0,2026-09-13T13:05:28.872Z,2026-09-14T13:05:28.872Z,2026-09-14T02:47:28.872Z,telemetry,boiler_01,12,0,20,1764,65,20
,,0,2026-09-13T13:05:28.872Z,2026-09-14T13:05:28.872Z,2026-09-14T02:47:58.872Z,telemetry,boiler_01,12,0,20,1765,65,20
,,0,2026-09-13T13:05:28.872Z,2026-09-14T13:05:28.872Z,2026-09-14T02:48:28.872Z,telemetry,boiler_01,12,0,20,1766,65,20
,,0,2026-09-13T13:05:28.872Z,2026-09-14T13:05:28.872Z,2026-09-14T02:48:58.872Z,telemetry,boiler_01,12,0,20,1767,65,20
,,0,2026-09-13T13:05:28.872Z,2026-09-14T13:05:28.872Z,2026-09-14T02:49:28.872Z,telemetry,boiler_01,12,0,20,1768,65,20
,,0,2026-09-13T13:05:28.872Z,2026-09-14T13:05:28.872Z,2026-09-14T02:49:58.872Z,telemetry,boiler_01,12,0,20,1769,65,20
,,0,2026-09-13T13:05:28.872Z,2026-09-14T13:05:28.872Z,2026-09-14T02:50:28.872Z,telemetry,boiler_01,12,0,20,1770,65,20
,,0,2026-09-13T13:05:28.872Z,2026-09-14T13:05:28.872Z,2026-09-14T02:50:58.872Z,telemetry,boiler_01,12,0,20,1771,65,20
,,0,2026-09-13T13:05:28.872Z,2026-09-14T13:05:28.872Z,2026-09-14T02:51:28.872Z,telemetry,boiler_01,12,0,20,1772,65,20
,,0,2026-09-13T13:05:28.872Z,2026-09-14T13:05:28.872Z,2026-09-14T02:51:58.872Z,telemetry,boiler_01,12,0,20,1773,65,20
,,0,2026-09-13T13:05:28.872Z,2026-09-14T13:05:28.872Z,2026-09-14T02:52:28.872Z,telemetry,boiler_01,12,0,20,1774,65,20
,,0,2026-09-13T13:05:28.872Z,2026-09-14T13:05:28.872Z,2026-09-14T02:52:58.872Z,telemetry,boiler_01,12,0,20,1775,65,20
,,0,2026-09-13T13:05:28.872Z,2026-09-14T13:05:28.872Z,2026-09-14T02:53:28.872Z,telemetry,boiler_01,12,0,20,1776,65,20
,,0,2026-09-13T13:05:28.872Z,2026-09-14T13:05:28.872Z,2026-09-14T02:53:58.872Z,telemetry,boiler_01,12,0,20,1777,65,20
,,0,2026-09-13T13:05:28.872Z,2026-09-14T13:05:28.872Z,2026-09-14T02:54:28.872Z,telemetry,boiler_01,12,0,20,1778,65,20
,,0,2026-09-13T13:05:28.872Z,2026-09-14T13:05:28.872Z,2026-09-14T02:54:58.872Z,telemetry,boiler_01,12,0,20,1779,65,20
,,0,2026-09-13T13:05:28.872Z,2026-09-14T13:05:28.872Z,2026-09-14T02:55:28.872Z,telemetry,boiler_01,12,0,20,1780,65,20
,,0,2026-09-13T13:05:28.872Z,2026-09-14T13:05:28.872Z,2026-09-14T02:55:58.872Z,telemetry,boiler_01,12,0,20,1781,65,20
,,0,2026-09-13T13:05:28.872Z,2026-09-14T13:05:28.872Z,2026-09-14T02:56:28.872Z,telemetry,boiler_01,12,0,20,1782,65,20
,,0,2026-09-13T13:05:28.872Z,2026-09-14T13:05:28.872Z,2026-09-14T02:56:58.872Z,telemetry,boiler_01,12,0,20,1783,65,20
,,0,2026-09-13T13:05:28.872Z,2026-09-14T13:05:28.872Z,2026-09-14T02:57:28.872Z,telemetry,boiler_01,12,0,20,1784,65,20
,,0,2026-09-13T13:05:28.872Z,2026-09-14T13:05:28.872Z,2026-09-14T02:57:58.872Z,telemetry,boiler_01,12,0,20,1785,65,20
,,0,2026-09-13T13:05:28.872Z,2026-09-14T13:05:28.872Z,2026-09-14T02:58:28.872Z,telemetry,boiler_01,12,0,20,1786,65,20
,,0,2026-09-13T13:05:28.872Z,2026-09-14T13:05:28.872Z,2026-09-14T02:58:58.872Z,telemetry,boiler_01,12,0,20,1787,65,20
,,0,2026-09-13T13:05:28.872Z,2026-09-14T13:05:28.872Z,2026-09-14T02:59:28.872Z,telemetry,boiler_01,12,0,20,1788,65,20
,,0,2026-09-13T13:05:28.872Z,2026-09-14T13:05:28.872Z,2026-09-14T02:59:58.872Z,telemetry,boiler_01,12,0,20,1789,65,20
,,0,2026-09-13T13:05:28.872Z,2026-09-14T13:05:28.872Z,2026-09-14T03:00:28.872Z,telemetry,boiler_01,12,0,20,1790,65,20
,,0,2026-09-13T13:05:28.872Z,2026-09-14T13:05:28.872Z,2026-09-14T03:00:58.872Z,telemetry,boiler_01,12,0,20,1791,65,20
,,0,2026-09-13T13:05:28.872Z,2026-09-14T13:05:28.872Z,2026-09-14T03:01:28.872Z,telemetry,boiler_01,12,0,20,1792,65,20
,,0,2026-09-13T13:05:28.872Z,2026-09-14T13:05:28.872Z,2026-09-14T03:01:58.872Z,telemetry,boiler_01,12,0,20,1793,65,20
,,0,2026-09-13T13:05:28.872Z,2026-09-14T13:05:28.872Z,2026-09-14T03:02:28.872Z,telemetry,boiler_01,12,0,20,1794,65,20
,,0,2026-09-13T13:05:28.872Z,2026-09-14T13:05:28.872Z,2026-09-14T03:02:58.872Z,telemetry,boiler_01,12,0,20,1795,65,20
,,0,2026-09-13T13:05:28.872Z,2026-09-14T13:05:28.872Z,2026-09-14T03:03:28.872Z,telemetry,boiler_01,12,0,20,1796,65,20
,,0,2026-09-13T13:05:28.872Z,2026-09-14T13:05:28.872Z,2026-09-14T03:03:58.872Z,telemetry,boiler_01,12,0,20,1797,65,20
,,0,2026-09-13T13:05:28.872Z,2026-09-14T13:05:28.872Z,2026-09-14T03:04:28.872Z,telemetry,boiler_01,12,0,20,1798,65,20
,,0,2026-09-13T13:05:28.872Z,2026-09-14T13:05:28.872Z,2026-09-14T03:04:58.872Z,telemetry,boiler_01,12,0,20,1799,65,20
,,0,2026-09-13T13:05:28.872Z,2026-09-14T13:05:28.872Z,2026-09-14T03:05:28.873Z,telemetry,boiler_01,12,0,20,1800,65,20
,,0,2026-09-13T13:05:28.872Z,2026-09-14T13:05:28.872Z,2026-09-14T03:05:58.872Z,telemetry,boiler_01,12,0,20,1801,65,20
,,0,2026-09-13T13:05:28.872Z,2026-09-14T13:05:28.872Z,2026-09-14T03:06:28.872Z,telemetry,boiler_01,12,0,20,1802,65,20
,,0,2026-09-13T13:05:28.872Z,2026-09-14T13:05:28.872Z,2026-09-14T03:06:58.872Z,telemetry,boiler_01,12,0,20,1803,65,20
,,0,2026-09-13T13:05:28.872Z,2026-09-14T13:05:28.872Z,2026-09-14T03:07:28.872Z,telemetry,boiler_01,12,0,20,1804,65,20
,,0,2026-09-13T13:05:28.872Z,2026-09-14T13:05:28.872Z,2026-09-14T03:07:58.872Z,telemetry,boiler_01,12,0,20,1805,65,20
,,0,2026-09-13T13:05:28.872Z,2026-09-14T13:05:28.872Z,2026-09-14T03:08:28.872Z,telemetry,boiler_01,12,0,20,1806,65,20
,,0,2026-09-13T13:05:28.872Z,2026-09-14T13:05:28.872Z,2026-09-14T03:08:58.872Z,telemetry,boiler_01,12,0,20,1807,65,20
,,0,2026-09-13T13:05:28.872Z,2026-09-14T13:05:28.872Z,2026-09-14T03:09:28.872Z,telemetry,boiler_01,12,0,20,1808,65,20
,,0,2026-09-13T13:05:28.872Z,2026-09-14T13:05:28.872Z,2026-09-14T03:09:58.872Z,telemetry,boiler_01,12,0,20,1809,65,20
,,0,2026-09-13T13:05:28.872Z,2026-09-14T13:05:28.872Z,2026-09-14T03:10:28.872Z,telemetry,boiler_01,12,0,20,1810,65,20
,,0,2026-09-13T13:05:28.872Z,2026-09-14T13:05:28.872Z,2026-09-14T03:10:58.872Z,telemetry,boiler_01,12,0,20,1811,65,20
,,0,2026-09-13T13:05:28.872Z,2026-09-14T13:05:28.872Z,2026-09-14T03:11:28.872Z,telemetry,boiler_01,12,0,20,1812,65,20
,,0,2026-09-13T13:05:28.872Z,2026-09-14T13:05:28.872Z,2026-09-14T03:11:58.872Z,telemetry,boiler_01,12,0,20,1813,65,20
,,0,2026-09-13T13:05:28.872Z,2026-09-14T13:05:28.872Z,2026-09-14T03:12:28.872Z,telemetry,boiler_01,12,0,20,1814,65,20
,,0,2026-09-13T13:05:28.872Z,2026-09-14T13:05:28.872Z,2026-09-14T03:12:58.872Z,telemetry,boiler_01,12,0,20,1815,65,20
,,0,2026-09-13T13:05:28.872Z,2026-09-14T13:05:28.872Z,2026-09-14T03:13:28.872Z,telemetry,boiler_01,12,0,20,1816,65,20
,,0,2026-09-13T13:05:28.872Z,2026-09-14T13:05:28.872Z,2026-09-14T03:13:58.872Z,telemetry,boiler_01,12,0,20,1817,65,20
,,0,2026-09-13T13:05:28.872Z,2026-09-14T13:05:28.872Z,2026-09-14T03:14:28.872Z,telemetry,boiler_01,12,0,20,1818,65,20
,,0,2026-09-13T13:05:28.872Z,2026-09-14T13:05:28.872Z,2026-09-14T03:14:58.872Z,telemetry,boiler_01,12,0,20,1819,65,20
,,0,2026-09-13T13:05:28.872Z,2026-09-14T13:05:28.872Z,2026-09-14T03:15:28.872Z,telemetry,boiler_01,12,0,20,1820,65,20
,,0,2026-09-13T13:05:28.872Z,2026-09-14T13:05:28.872Z,2026-09-14T03:15:58.872Z,telemetry,boiler_01,12,0,20,1821,65,20
,,0,2026-09-13T13:05:28.872Z,2026-09-14T13:05:28.872Z,2026-09-14T03:16:28.872Z,telemetry,boiler_01,12,0,20,1822,65,20
,,0,2026-09-13T13:05:28.872Z,2026-09-14T13:05:28.872Z,2026-09-14T03:16:58.872Z,telemetry,boiler_01,12,0,20,1823,65,20
,,0,2026-09-13T13:05:28.872Z,2026-09-14T13:05:28.872Z,2026-09-14T03:17:28.872Z,telemetry,boiler_01,12,0,20,1824,65,20
,,0,2026-09-13T13:05:28.872Z,2026-09-14T13:05:28.872Z,2026-09-14T03:17:58.872Z,telemetry,boiler_01,12,0,20,1825,65,20
,,0,2026-09-13T13:05:28.872Z,2026-09-14T13:05:28.872Z,2026-09-14T03:18:28.872Z,telemetry,boiler_01,12,0,20,1826,65,20
,,0,2026-09-13T13:05:28.872Z,2026-09-14T13:05:28.872Z,2026-09-14T03:18:58.872Z,telemetry,boiler_01,12,0,20,1827,65,20
,,0,2026-09-13T13:05:28.872Z,2026-09-14T13:05:28.872Z,2026-09-14T03:19:28.872Z,telemetry,boiler_01,12,0,20,1828,65,20
,,0,2026-09-13T13:05:28.872Z,2026-09-14T13:05:28.872Z,2026-09-14T03:19:58.872Z,telemetry,boiler_01,12,0,20,1829,65,20
,,0,2026-09-13T13:05:28.872Z,2026-09-14T13:05:28.872Z,2026-09-14T03:20:28.872Z,telemetry,boiler_01,12,0,20,1830,65,20
,,0,2026-09-13T13:05:28.872Z,2026-09-14T13:05:28.872Z,2026-09-14T03:20:58.872Z,telemetry,boiler_01,12,0,20,1831,65,20
,,0,2026-09-13T13:05:28.872Z,2026-09-14T13:05:28.872Z,2026-09-14T03:21:28.872Z,telemetry,boiler_01,12,0,20,1832,65,20
,,0,2026-09-13T13:05:28.872Z,2026-09-14T13:05:28.872Z,2026-09-14T03:21:58.872Z,telemetry,boiler_01,12,0,20,1833,65,20
,,0,2026-09-13T13:05:28.872Z,2026-09-14T13:05:28.872Z,2026-09-14T03:22:28.872Z,telemetry,boiler_01,12,0,20,1834,65,20
,,0,2026-09-13T13:05:28.872Z,2026-09-14T13:05:28.872Z,2026-09-14T03:22:58.872Z,telemetry,boiler_01,12,0,20,1835,65,20
,,0,2026-09-13T13:05:28.872Z,2026-09-14T13:05:28.872Z,2026-09-14T03:23:28.872Z,telemetry,boiler_01,12,0,20,1836,65,20
,,0,2026-09-13T13:05:28.872Z,2026-09-14T13:05:28.872Z,2026-09-14T03:23:58.872Z,telemetry,boiler_01,12,0,20,1837,65,20
,,0,2026-09-13T13:05:28.872Z,2026-09-14T13:05:28.872Z,2026-09-14T03:24:28.872Z,telemetry,boiler_01,12,0,20,1838,65,20
,,0,2026-09-13T13:05:28.872Z,2026-09-14T13:05:28.872Z,2026-09-14T03:24:58.872Z,telemetry,boiler_01,12,0,20,1839,65,20
,,0,2026-09-13T13:05:28.872Z,2026-09-14T13:05:28.872Z,2026-09-14T03:25:28.872Z,telemetry,boiler_01,12,0,20,1840,65,20
,,0,2026-09-13T13:05:28.872Z,2026-09-14T13:05:28.872Z,2026-09-14T03:25:58.872Z,telemetry,boiler_01,12,0,20,1841,65,20
,,0,2026-09-13T13:05:28.872Z,2026-09-14T13:05:28.872Z,2026-09-14T03:26:28.872Z,telemetry,boiler_01,12,0,20,1842,65,20
,,0,2026-09-13T13:05:28.872Z,2026-09-14T13:05:28.872Z,2026-09-14T03:26:58.872Z,telemetry,boiler_01,12,0,20,1843,65,20
,,0,2026-09-13T13:05:28.872Z,2026-09-14T13:05:28.872Z,2026-09-14T03:27:28.872Z,telemetry,boiler_01,12,0,20,1844,65,20
,,0,2026-09-13T13:05:28.872Z,2026-09-14T13:05:28.872Z,2026-09-14T03:27:58.872Z,telemetry,boiler_01,12,0,20,1845,65,20
,,0,2026-09-13T13:05:28.872Z,2026-09-14T13:05:28.872Z,2026-09-14T03:28:28.872Z,telemetry,boiler_01,12,0,20,1846,65,20
,,0,2026-09-13T13:05:28.872Z,2026-09-14T13:05:28.872Z,2026-09-14T03:28:58.872Z,telemetry,boiler_01,12,0,20,1847,65,20
,,0,2026-09-13T13:05:28.872Z,2026-09-14T13:05:28.872Z,2026-09-14T03:29:28.872Z,telemetry,boiler_01,12,0,20,1848,65,20
,,0,2026-09-13T13:05:28.872Z,2026-09-14T13:05:28.872Z,2026-09-14T03:29:58.872Z,telemetry,boiler_01,12,0,20,1849,65,20
,,0,2026-09-13T13:05:28.872Z,2026-09-14T13:05:28.872Z,2026-09-14T03:30:28.872Z,telemetry,boiler_01,12,0,20,1850,65,20
,,0,2026-09-13T13:05:28.872Z,2026-09-14T13:05:28.872Z,2026-09-14T03:30:58.872Z,telemetry,boiler_01,12,0,20,1851,65,20
,,0,2026-09-13T13:05:28.872Z,2026-09-14T13:05:28.872Z,2026-09-14T03:31:28.872Z,telemetry,boiler_01,12,0,20,1852,65,20
,,0,2026-09-13T13:05:28.872Z,2026-09-14T13:05:28.872Z,2026-09-14T03:31:58.872Z,telemetry,boiler_01,12,0,20,1853,65,20
,,0,2026-09-13T13:05:28.872Z,2026-09-14T13:05:28.872Z,2026-09-14T03:32:28.872Z,telemetry,boiler_01,12,0,20,1854,65,20
,,0,2026-09-13T13:05:28.872Z,2026-09-14T13:05:28.872Z,2026-09-14T03:32:58.872Z,telemetry,boiler_01,12,0,20,1855,65,20
,,0,2026-09-13T13:05:28.872Z,2026-09-14T13:05:28.872Z,2026-09-14T03:33:28.872Z,telemetry,boiler_01,12,0,20,1856,65,20
,,0,2026-09-13T13:05:28.872Z,2026-09-14T13:05:28.872Z,2026-09-14T03:33:58.872Z,telemetry,boiler_01,12,0,20,1857,65,20
,,0,2026-09-13T13:05:28.872Z,2026-09-14T13:05:28.872Z,2026-09-14T03:34:28.872Z,telemetry,boiler_01,12,0,20,1858,65,20
,,0,2026-09-13T13:05:28.872Z,2026-09-14T13:05:28.872Z,2026-09-14T03:34:58.872Z,telemetry,boiler_01,12,0,20,1859,65,20
,,0,2026-09-13T13:05:28.872Z,2026-09-14T13:05:28.872Z,2026-09-14T03:35:28.873Z,telemetry,boiler_01,12,0,20,1860,65,20
,,0,2026-09-13T13:05:28.872Z,2026-09-14T13:05:28.872Z,2026-09-14T03:35:58.872Z,telemetry,boiler_01,12,0,20,1861,65,20
,,0,2026-09-13T13:05:28.872Z,2026-09-14T13:05:28.872Z,2026-09-14T03:36:28.872Z,telemetry,boiler_01,12,0,20,1862,65,20
,,0,2026-09-13T13:05:28.872Z,2026-09-14T13:05:28.872Z,2026-09-14T03:36:58.872Z,telemetry,boiler_01,12,0,20,1863,65,20
,,0,2026-09-13T13:05:28.872Z,2026-09-14T13:05:28.872Z,2026-09-14T03:37:28.872Z,telemetry,boiler_01,12,0,20,1864,65,20
,,0,2026-09-13T13:05:28.872Z,2026-09-14T13:05:28.872Z,2026-09-14T03:37:58.872Z,telemetry,boiler_01,12,0,20,1865,65,20
,,0,2026-09-13T13:05:28.872Z,2026-09-14T13:05:28.872Z,2026-09-14T03:38:28.872Z,telemetry,boiler_01,12,0,20,1866,65,20
,,0,2026-09-13T13:05:28.872Z,2026-09-14T13:05:28.872Z,2026-09-14T03:38:58.872Z,telemetry,boiler_01,12,0,20,1867,65,20
,,0,2026-09-13T13:05:28.872Z,2026-09-14T13:05:28.872Z,2026-09-14T03:39:28.872Z,telemetry,boiler_01,12,0,20,1868,65,20
,,0,2026-09-13T13:05:28.872Z,2026-09-14T13:05:28.872Z,2026-09-14T03:39:58.872Z,telemetry,boiler_01,12,0,20,1869,65,20
,,0,2026-09-13T13:05:28.872Z,2026-09-14T13:05:28.872Z,2026-09-14T03:40:28.872Z,telemetry,boiler_01,12,0,20,1870,65,20
,,0,2026-09-13T13:05:28.872Z,2026-09-14T13:05:28.872Z,2026-09-14T03:40:58.872Z,telemetry,boiler_01,12,0,20,1871,65,20
,,0,2026-09-13T13:05:28.872Z,2026-09-14T13:05:28.872Z,2026-09-14T03:41:28.872Z,telemetry,boiler_01,12,0,20,1872,65,20
,,0,2026-09-13T13:05:28.872Z,2026-09-14T13:05:28.872Z,2026-09-14T03:41:58.872Z,telemetry,boiler_01,12,0,20,1873,65,20
,,0,2026-09-13T13:05:28.872Z,2026-09-14T13:05:28.872Z,2026-09-14T03:42:28.872Z,telemetry,boiler_01,12,0,20,1874,65,20
,,0,2026-09-13T13:05:28.872Z,2026-09-14T13:05:28.872Z,2026-09-14T03:42:58.872Z,telemetry,boiler_01,12,0,20,1875,65,20
,,0,2026-09-13T13:05:28.872Z,2026-09-14T13:05:28.872Z,2026-09-14T03:43:28.872Z,telemetry,boiler_01,12,0,20,1876,65,20
,,0,2026-09-13T13:05:28.872Z,2026-09-14T13:05:28.872Z,2026-09-14T03:43:58.872Z,telemetry,boiler_01,12,0,20,1877,65,20
,,0,2026-09-13T13:05:28.872Z,2026-09-14T13:05:28.872Z,2026-09-14T03:44:28.872Z,telemetry,boiler_01,12,0,20,1878,65,20
,,0,2026-09-13T13:05:28.872Z,2026-09-14T13:05:28.872Z,2026-09-14T03:44:58.872Z,telemetry,boiler_01,12,0,20,1879,65,20
,,0,2026-09-13T13:05:28.872Z,2026-09-14T13:05:28.872Z,2026-09-14T03:45:28.873Z,telemetry,boiler_01,12,0,20,1880,65,20
,,0,2026-09-13T13:05:28.872Z,2026-09-14T13:05:28.872Z,2026-09-14T03:45:58.872Z,telemetry,boiler_01,12,0,20,1881,65,20
,,0,2026-09-13T13:05:28.872Z,2026-09-14T13:05:28.872Z,2026-09-14T03:46:28.872Z,telemetry,boiler_01,12,0,20,1882,65,20
,,0,2026-09-13T13:05:28.872Z,2026-09-14T13:05:28.872Z,2026-09-14T03:46:58.872Z,telemetry,boiler_01,12,0,20,1883,65,20
,,0,2026-09-13T13:05:28.872Z,2026-09-14T13:05:28.872Z,2026-09-14T03:47:28.872Z,telemetry,boiler_01,12,0,20,1884,65,20
,,0,2026-09-13T13:05:28.872Z,2026-09-14T13:05:28.872Z,2026-09-14T03:47:58.872Z,telemetry,boiler_01,12,0,20,1885,65,20
,,0,2026-09-13T13:05:28.872Z,2026-09-14T13:05:28.872Z,2026-09-14T03:48:28.872Z,telemetry,boiler_01,12,0,20,1886,65,20
,,0,2026-09-13T13:05:28.872Z,2026-09-14T13:05:28.872Z,2026-09-14T03:48:58.872Z,telemetry,boiler_01,12,0,20,1887,65,20
,,0,2026-09-13T13:05:28.872Z,2026-09-14T13:05:28.872Z,2026-09-14T03:49:28.872Z,telemetry,boiler_01,12,0,20,1888,65,20
,,0,2026-09-13T13:05:28.872Z,2026-09-14T13:05:28.872Z,2026-09-14T03:49:58.872Z,telemetry,boiler_01,12,0,20,1889,65,20
,,0,2026-09-13T13:05:28.872Z,2026-09-14T13:05:28.872Z,2026-09-14T03:50:28.872Z,telemetry,boiler_01,12,0,20,1890,65,20
,,0,2026-09-13T13:05:28.872Z,2026-09-14T13:05:28.872Z,2026-09-14T03:50:58.872Z,telemetry,boiler_01,12,0,20,1891,65,20
,,0,2026-09-13T13:05:28.872Z,2026-09-14T13:05:28.872Z,2026-09-14T03:51:28.872Z,telemetry,boiler_01,12,0,20,1892,65,20
,,0,2026-09-13T13:05:28.872Z,2026-09-14T13:05:28.872Z,2026-09-14T03:51:58.872Z,telemetry,boiler_01,12,0,20,1893,65,20
,,0,2026-09-13T13:05:28.872Z,2026-09-14T13:05:28.872Z,2026-09-14T03:52:28.872Z,telemetry,boiler_01,12,0,20,1894,65,20
,,0,2026-09-13T13:05:28.872Z,2026-09-14T13:05:28.872Z,2026-09-14T03:52:58.872Z,telemetry,boiler_01,12,0,20,1895,65,20
,,0,2026-09-13T13:05:28.872Z,2026-09-14T13:05:28.872Z,2026-09-14T03:53:28.872Z,telemetry,boiler_01,12,0,20,1896,65,20
,,0,2026-09-13T13:05:28.872Z,2026-09-14T13:05:28.872Z,2026-09-14T03:53:58.872Z,telemetry,boiler_01,12,0,20,1897,65,20
,,0,2026-09-13T13:05:28.872Z,2026-09-14T13:05:28.872Z,2026-09-14T03:54:28.872Z,telemetry,boiler_01,12,0,20,1898,65,20
,,0,2026-09-13T13:05:28.872Z,2026-09-14T13:05:28.872Z,2026-09-14T03:54:58.872Z,telemetry,boiler_01,12,0,20,1899,65,20
,,0,2026-09-13T13:05:28.872Z,2026-09-14T13:05:28.872Z,2026-09-14T03:55:28.872Z,telemetry,boiler_01,12,0,20,1900,65,20
,,0,2026-09-13T13:05:28.872Z,2026-09-14T13:05:28.872Z,2026-09-14T03:55:58.872Z,telemetry,boiler_01,12,0,20,1901,65,20
,,0,2026-09-13T13:05:28.872Z,2026-09-14T13:05:28.872Z,2026-09-14T03:56:28.872Z,telemetry,boiler_01,12,0,20,1902,65,20
,,0,2026-09-13T13:05:28.872Z,2026-09-14T13:05:28.872Z,2026-09-14T03:56:58.872Z,telemetry,boiler_01,12,0,20,1903,65,20
,,0,2026-09-13T13:05:28.872Z,2026-09-14T13:05:28.872Z,2026-09-14T03:57:28.872Z,telemetry,boiler_01,12,0,20,1904,65,20
,,0,2026-09-13T13:05:28.872Z,2026-09-14T13:05:28.872Z,2026-09-14T03:57:58.872Z,telemetry,boiler_01,12,0,20,1905,65,20
,,0,2026-09-13T13:05:28.872Z,2026-09-14T13:05:28.872Z,2026-09-14T03:58:28.872Z,telemetry,boiler_01,12,0,20,1906,65,20
,,0,2026-09-13T13:05:28.872Z,2026-09-14T13:05:28.872Z,2026-09-14T03:58:58.872Z,telemetry,boiler_01,12,0,20,1907,65,20
,,0,2026-09-13T13:05:28.872Z,2026-09-14T13:05:28.872Z,2026-09-14T03:59:28.872Z,telemetry,boiler_01,12,0,20,1908,65,20
,,0,2026-09-13T13:05:28.872Z,2026-09-14T13:05:28.872Z,2026-09-14T03:59:58.872Z,telemetry,boiler_01,12,0,20,1909,65,20
,,0,2026-09-13T13:05:28.872Z,2026-09-14T13:05:28.872Z,2026-09-14T04:00:28.872Z,telemetry,boiler_01,12,0,20,1910,65,20
,,0,2026-09-13T13:05:28.872Z,2026-09-14T13:05:28.872Z,2026-09-14T04:00:58.872Z,telemetry,boiler_01,12,0,20,1911,65,20
,,0,2026-09-13T13:05:28.872Z,2026-09-14T13:05:28.872Z,2026-09-14T04:01:28.872Z,telemetry,boiler_01,12,0,20,1912,65,20
,,0,2026-09-13T13:05:28.872Z,2026-09-14T13:05:28.872Z,2026-09-14T04:01:58.872Z,telemetry,boiler_01,12,0,20,1913,65,20
,,0,2026-09-13T13:05:28.872Z,2026-09-14T13:05:28.872Z,2026-09-14T04:02:28.872Z,telemetry,boiler_01,12,0,20,1914,65,20
,,0,2026-09-13T13:05:28.872Z,2026-09-14T13:05:28.872Z,2026-09-14T04:02:58.872Z,telemetry,boiler_01,12,0,20,1915,65,20
,,0,2026-09-13T13:05:28.872Z,2026-09-14T13:05:28.872Z,2026-09-14T04:03:28.872Z,telemetry,boiler_01,12,0,20,1916,65,20
,,0,2026-09-13T13:05:28.872Z,2026-09-14T13:05:28.872Z,2026-09-14T04:03:58.872Z,telemetry,boiler_01,12,0,20,1917,65,20
,,0,2026-09-13T13:05:28.872Z,2026-09-14T13:05:28.872Z,2026-09-14T04:04:28.872Z,telemetry,boiler_01,12,0,20,1918,65,20
,,0,2026-09-13T13:05:28.872Z,2026-09-14T13:05:28.872Z,2026-09-14T04:04:58.872Z,telemetry,boiler_01,12,0,20,1919,65,20
,,0,2026-09-13T13:05:28.872Z,2026-09-14T13:05:28.872Z,2026-09-14T04:05:28.872Z,telemetry,boiler_01,12,0,20,1920,65,20
,,0,2026-09-13T13:05:28.872Z,2026-09-14T13:05:28.872Z,2026-09-14T04:05:58.872Z,telemetry,boiler_01,12,0,20,1921,65,20
,,0,2026-09-13T13:05:28.872Z,2026-09-14T13:05:28.872Z,2026-09-14T04:06:28.872Z,telemetry,boiler_01,12,0,20,1922,65,20
,,0,2026-09-13T13:05:28.872Z,2026-09-14T13:05:28.872Z,2026-09-14T04:06:58.872Z,telemetry,boiler_01,12,0,20,1923,65,20
,,0,2026-09-13T13:05:28.872Z,2026-09-14T13:05:28.872Z,2026-09-14T04:07:28.872Z,telemetry,boiler_01,12,0,20,1924,65,20
,,0,2026-09-13T13:05:28.872Z,2026-09-14T13:05:28.872Z,2026-09-14T04:07:58.872Z,telemetry,boiler_01,12,0,20,1925,65,20
,,0,2026-09-13T13:05:28.872Z,2026-09-14T13:05:28.872Z,2026-09-14T04:08:28.872Z,telemetry,boiler_01,12,0,20,1926,65,20
,,0,2026-09-13T13:05:28.872Z,2026-09-14T13:05:28.872Z,2026-09-14T04:08:58.872Z,telemetry,boiler_01,12,0,20,1927,65,20
,,0,2026-09-13T13:05:28.872Z,2026-09-14T13:05:28.872Z,2026-09-14T04:09:28.872Z,telemetry,boiler_01,12,0,20,1928,65,20
,,0,2026-09-13T13:05:28.872Z,2026-09-14T13:05:28.872Z,2026-09-14T04:09:58.872Z,telemetry,boiler_01,12,0,20,1929,65,20
,,0,2026-09-13T13:05:28.872Z,2026-09-14T13:05:28.872Z,2026-09-14T04:10:28.872Z,telemetry,boiler_01,12,0,20,1930,65,20
,,0,2026-09-13T13:05:28.872Z,2026-09-14T13:05:28.872Z,2026-09-14T04:10:58.872Z,telemetry,boiler_01,12,0,20,1931,65,20
,,0,2026-09-13T13:05:28.872Z,2026-09-14T13:05:28.872Z,2026-09-14T04:11:28.872Z,telemetry,boiler_01,12,0,20,1932,65,20
,,0,2026-09-13T13:05:28.872Z,2026-09-14T13:05:28.872Z,2026-09-14T04:11:58.872Z,telemetry,boiler_01,12,0,20,1933,65,20
,,0,2026-09-13T13:05:28.872Z,2026-09-14T13:05:28.872Z,2026-09-14T04:12:28.872Z,telemetry,boiler_01,12,0,20,1934,65,20
,,0,2026-09-13T13:05:28.872Z,2026-09-14T13:05:28.872Z,2026-09-14T04:12:58.872Z,telemetry,boiler_01,12,0,20,1935,65,20
,,0,2026-09-13T13:05:28.872Z,2026-09-14T13:05:28.872Z,2026-09-14T04:13:28.872Z,telemetry,boiler_01,12,0,20,1936,65,20
,,0,2026-09-13T13:05:28.872Z,2026-09-14T13:05:28.872Z,2026-09-14T04:13:58.872Z,telemetry,boiler_01,12,0,20,1937,65,20
,,0,2026-09-13T13:05:28.872Z,2026-09-14T13:05:28.872Z,2026-09-14T04:14:28.872Z,telemetry,boiler_01,12,0,20,1938,65,20
,,0,2026-09-13T13:05:28.872Z,2026-09-14T13:05:28.872Z,2026-09-14T04:14:58.872Z,telemetry,boiler_01,12,0,20,1939,65,20
,,0,2026-09-13T13:05:28.872Z,2026-09-14T13:05:28.872Z,2026-09-14T04:15:28.872Z,telemetry,boiler_01,12,0,20,1940,65,20
,,0,2026-09-13T13:05:28.872Z,2026-09-14T13:05:28.872Z,2026-09-14T04:15:58.872Z,telemetry,boiler_01,12,0,20,1941,65,20
,,0,2026-09-13T13:05:28.872Z,2026-09-14T13:05:28.872Z,2026-09-14T04:16:28.872Z,telemetry,boiler_01,12,0,20,1942,65,20
,,0,2026-09-13T13:05:28.872Z,2026-09-14T13:05:28.872Z,2026-09-14T04:16:58.872Z,telemetry,boiler_01,12,0,20,1943,65,20
,,0,2026-09-13T13:05:28.872Z,2026-09-14T13:05:28.872Z,2026-09-14T04:17:28.872Z,telemetry,boiler_01,12,0,20,1944,65,20
,,0,2026-09-13T13:05:28.872Z,2026-09-14T13:05:28.872Z,2026-09-14T04:17:58.872Z,telemetry,boiler_01,12,0,20,1945,65,20
,,0,2026-09-13T13:05:28.872Z,2026-09-14T13:05:28.872Z,2026-09-14T04:18:28.872Z,telemetry,boiler_01,12,0,20,1946,65,20
,,0,2026-09-13T13:05:28.872Z,2026-09-14T13:05:28.872Z,2026-09-14T04:18:58.872Z,telemetry,boiler_01,12,0,20,1947,65,20
,,0,2026-09-13T13:05:28.872Z,2026-09-14T13:05:28.872Z,2026-09-14T04:19:28.872Z,telemetry,boiler_01,12,0,20,1948,65,20
,,0,2026-09-13T13:05:28.872Z,2026-09-14T13:05:28.872Z,2026-09-14T04:19:58.872Z,telemetry,boiler_01,12,0,20,1949,65,20
,,0,2026-09-13T13:05:28.872Z,2026-09-14T13:05:28.872Z,2026-09-14T04:20:28.872Z,telemetry,boiler_01,12,0,20,1950,65,20
,,0,2026-09-13T13:05:28.872Z,2026-09-14T13:05:28.872Z,2026-09-14T04:20:58.872Z,telemetry,boiler_01,12,0,20,1951,65,20
,,0,2026-09-13T13:05:28.872Z,2026-09-14T13:05:28.872Z,2026-09-14T04:21:28.872Z,telemetry,boiler_01,12,0,20,1952,65,20
,,0,2026-09-13T13:05:28.872Z,2026-09-14T13:05:28.872Z,2026-09-14T04:21:58.872Z,telemetry,boiler_01,12,0,20,1953,65,20
,,0,2026-09-13T13:05:28.872Z,2026-09-14T13:05:28.872Z,2026-09-14T04:22:28.872Z,telemetry,boiler_01,12,0,20,1954,65,20
,,0,2026-09-13T13:05:28.872Z,2026-09-14T13:05:28.872Z,2026-09-14T04:22:58.872Z,telemetry,boiler_01,12,0,20,1955,65,20
,,0,2026-09-13T13:05:28.872Z,2026-09-14T13:05:28.872Z,2026-09-14T04:23:28.872Z,telemetry,boiler_01,12,0,20,1956,65,20
,,0,2026-09-13T13:05:28.872Z,2026-09-14T13:05:28.872Z,2026-09-14T04:23:58.872Z,telemetry,boiler_01,12,0,20,1957,65,20
,,0,2026-09-13T13:05:28.872Z,2026-09-14T13:05:28.872Z,2026-09-14T04:24:28.872Z,telemetry,boiler_01,12,0,20,1958,65,20
,,0,2026-09-13T13:05:28.872Z,2026-09-14T13:05:28.872Z,2026-09-14T04:24:58.872Z,telemetry,boiler_01,12,0,20,1959,65,20
,,0,2026-09-13T13:05:28.872Z,2026-09-14T13:05:28.872Z,2026-09-14T04:25:28.873Z,telemetry,boiler_01,12,0,20,1960,65,20
,,0,2026-09-13T13:05:28.872Z,2026-09-14T13:05:28.872Z,2026-09-14T04:25:58.872Z,telemetry,boiler_01,12,0,20,1961,65,20
,,0,2026-09-13T13:05:28.872Z,2026-09-14T13:05:28.872Z,2026-09-14T04:26:28.872Z,telemetry,boiler_01,12,0,20,1962,65,20
,,0,2026-09-13T13:05:28.872Z,2026-09-14T13:05:28.872Z,2026-09-14T04:26:58.872Z,telemetry,boiler_01,12,0,20,1963,65,20
,,0,2026-09-13T13:05:28.872Z,2026-09-14T13:05:28.872Z,2026-09-14T04:27:28.872Z,telemetry,boiler_01,12,0,20,1964,65,20
,,0,2026-09-13T13:05:28.872Z,2026-09-14T13:05:28.872Z,2026-09-14T04:27:58.872Z,telemetry,boiler_01,12,0,20,1965,65,20
,,0,2026-09-13T13:05:28.872Z,2026-09-14T13:05:28.872Z,2026-09-14T04:28:28.872Z,telemetry,boiler_01,12,0,20,1966,65,20
,,0,2026-09-13T13:05:28.872Z,2026-09-14T13:05:28.872Z,2026-09-14T04:28:58.872Z,telemetry,boiler_01,12,0,20,1967,65,20
,,0,2026-09-13T13:05:28.872Z,2026-09-14T13:05:28.872Z,2026-09-14T04:29:28.872Z,telemetry,boiler_01,12,0,20,1968,65,20
,,0,2026-09-13T13:05:28.872Z,2026-09-14T13:05:28.872Z,2026-09-14T04:29:58.872Z,telemetry,boiler_01,12,0,20,1969,65,20
,,0,2026-09-13T13:05:28.872Z,2026-09-14T13:05:28.872Z,2026-09-14T04:30:28.872Z,telemetry,boiler_01,12,0,20,1970,65,20
,,0,2026-09-13T13:05:28.872Z,2026-09-14T13:05:28.872Z,2026-09-14T04:30:58.872Z,telemetry,boiler_01,12,0,20,1971,65,20
,,0,2026-09-13T13:05:28.872Z,2026-09-14T13:05:28.872Z,2026-09-14T04:31:28.872Z,telemetry,boiler_01,12,0,20,1972,65,20
,,0,2026-09-13T13:05:28.872Z,2026-09-14T13:05:28.872Z,2026-09-14T04:31:58.872Z,telemetry,boiler_01,12,0,20,1973,65,20
,,0,2026-09-13T13:05:28.872Z,2026-09-14T13:05:28.872Z,2026-09-14T04:32:28.872Z,telemetry,boiler_01,12,0,20,1974,65,20
,,0,2026-09-13T13:05:28.872Z,2026-09-14T13:05:28.872Z,2026-09-14T04:32:58.872Z,telemetry,boiler_01,12,0,20,1975,65,20
,,0,2026-09-13T13:05:28.872Z,2026-09-14T13:05:28.872Z,2026-09-14T04:33:28.872Z,telemetry,boiler_01,12,0,20,1976,65,20
,,0,2026-09-13T13:05:28.872Z,2026-09-14T13:05:28.872Z,2026-09-14T04:33:58.872Z,telemetry,boiler_01,12,0,20,1977,65,20
,,0,2026-09-13T13:05:28.872Z,2026-09-14T13:05:28.872Z,2026-09-14T04:34:28.872Z,telemetry,boiler_01,12,0,20,1978,65,20
,,0,2026-09-13T13:05:28.872Z,2026-09-14T13:05:28.872Z,2026-09-14T04:34:58.872Z,telemetry,boiler_01,12,0,20,1979,65,20
,,0,2026-09-13T13:05:28.872Z,2026-09-14T13:05:28.872Z,2026-09-14T04:35:28.873Z,telemetry,boiler_01,12,0,20,1980,65,20
,,0,2026-09-13T13:05:28.872Z,2026-09-14T13:05:28.872Z,2026-09-14T04:35:58.872Z,telemetry,boiler_01,12,0,20,1981,65,20
,,0,2026-09-13T13:05:28.872Z,2026-09-14T13:05:28.872Z,2026-09-14T04:36:28.872Z,telemetry,boiler_01,12,0,20,1982,65,20
,,0,2026-09-13T13:05:28.872Z,2026-09-14T13:05:28.872Z,2026-09-14T04:36:58.872Z,telemetry,boiler_01,12,0,20,1983,65,20
,,0,2026-09-13T13:05:28.872Z,2026-09-14T13:05:28.872Z,2026-09-14T04:37:28.872Z,telemetry,boiler_01,12,0,20,1984,65,20
,,0,2026-09-13T13:05:28.872Z,2026-09-14T13:05:28.872Z,2026-09-14T04:37:58.872Z,telemetry,boiler_01,12,0,20,1985,65,20
,,0,2026-09-13T13:05:28.872Z,2026-09-14T13:05:28.872Z,2026-09-14T04:38:28.872Z,telemetry,boiler_01,12,0,20,1986,65,20
,,0,2026-09-13T13:05:28.872Z,2026-09-14T13:05:28.872Z,2026-09-14T04:38:58.872Z,telemetry,boiler_01,12,0,20,1987,65,20
,,0,2026-09-13T13:05:28.872Z,2026-09-14T13:05:28.872Z,2026-09-14T04:39:28.872Z,telemetry,boiler_01,12,0,20,1988,65,20
,,0,2026-09-13T13:05:28.872Z,2026-09-14T13:05:28.872Z,2026-09-14T04:39:58.872Z,telemetry,boiler_01,12,0,20,1989,65,20
,,0,2026-09-13T13:05:28.872Z,2026-09-14T13:05:28.872Z,2026-09-14T04:40:28.872Z,telemetry,boiler_01,12,0,20,1990,65,20
,,0,2026-09-13T13:05:28.872Z,2026-09-14T13:05:28.872Z,2026-09-14T04:40:58.872Z,telemetry,boiler_01,12,0,20,1991,65,20
,,0,2026-09-13T13:05:28.872Z,2026-09-14T13:05:28.872Z,2026-09-14T04:41:28.872Z,telemetry,boiler_01,12,0,20,1992,65,20
,,0,2026-09-13T13:05:28.872Z,2026-09-14T13:05:28.872Z,2026-09-14T04:41:58.872Z,telemetry,boiler_01,12,0,20,1993,65,20
,,0,2026-09-13T13:05:28.872Z,2026-09-14T13:05:28.872Z,2026-09-14T04:42:28.872Z,telemetry,boiler_01,12,0,20,1994,65,20
,,0,2026-09-13T13:05:28.872Z,2026-09-14T13:05:28.872Z,2026-09-14T04:42:58.872Z,telemetry,boiler_01,12,0,20,1995,65,20
,,0,2026-09-13T13:05:28.872Z,2026-09-14T13:05:28.872Z,2026-09-14T04:43:28.872Z,telemetry,boiler_01,12,0,20,1996,65,20
,,0,2026-09-13T13:05:28.872Z,2026-09-14T13:05:28.872Z,2026-09-14T04:43:58.872Z,telemetry,boiler_01,12,0,20,1997,65,20
,,0,2026-09-13T13:05:28.872Z,2026-09-14T13:05:28.872Z,2026-09-14T04:44:28.872Z,telemetry,boiler_01,12,0,20,1998,65,20
,,0,2026-09-13T13:05:28.872Z,2026-09-14T13:05:28.872Z,2026-09-14T04:44:58.872Z,telemetry,boiler_01,12,0,20,1999,65,20
,,0,2026-09-13T13:05:28.872Z,2026-09-14T13:05:28.872Z,2026-09-14T04:45:28.873Z,telemetry,boiler_01,12,0,20,2000,65,20
,,0,2026-09-13T13:05:28.872Z,2026-09-14T13:05:28.872Z,2026-09-14T04:45:58.872Z,telemetry,boiler_01,12,0,20,2001,65,20
,,0,2026-09-13T13:05:28.872Z,2026-09-14T13:05:28.872Z,2026-09-14T04:46:28.872Z,telemetry,boiler_01,12,0,20,2002,65,20
,,0,2026-09-13T13:05:28.872Z,2026-09-14T13:05:28.872Z,2026-09-14T04:46:58.872Z,telemetry,boiler_01,12,0,20,2003,65,20
,,0,2026-09-13T13:05:28.872Z,2026-09-14T13:05:28.872Z,2026-09-14T04:47:28.872Z,telemetry,boiler_01,12,0,20,2004,65,20
,,0,2026-09-13T13:05:28.872Z,2026-09-14T13:05:28.872Z,2026-09-14T04:47:58.872Z,telemetry,boiler_01,12,0,20,2005,65,20
,,0,2026-09-13T13:05:28.872Z,2026-09-14T13:05:28.872Z,2026-09-14T04:48:28.872Z,telemetry,boiler_01,12,0,20,2006,65,20
,,0,2026-09-13T13:05:28.872Z,2026-09-14T13:05:28.872Z,2026-09-14T04:48:58.872Z,telemetry,boiler_01,12,0,20,2007,65,20
,,0,2026-09-13T13:05:28.872Z,2026-09-14T13:05:28.872Z,2026-09-14T04:49:28.872Z,telemetry,boiler_01,12,0,20,2008,65,20
,,0,2026-09-13T13:05:28.872Z,2026-09-14T13:05:28.872Z,2026-09-14T04:49:58.872Z,telemetry,boiler_01,12,0,20,2009,65,20
,,0,2026-09-13T13:05:28.872Z,2026-09-14T13:05:28.872Z,2026-09-14T04:50:28.872Z,telemetry,boiler_01,12,0,20,2010,65,20
,,0,2026-09-13T13:05:28.872Z,2026-09-14T13:05:28.872Z,2026-09-14T04:50:58.872Z,telemetry,boiler_01,12,0,20,2011,65,20
,,0,2026-09-13T13:05:28.872Z,2026-09-14T13:05:28.872Z,2026-09-14T04:51:28.872Z,telemetry,boiler_01,12,0,20,2012,65,20
,,0,2026-09-13T13:05:28.872Z,2026-09-14T13:05:28.872Z,2026-09-14T04:51:58.872Z,telemetry,boiler_01,12,0,20,2013,65,20
,,0,2026-09-13T13:05:28.872Z,2026-09-14T13:05:28.872Z,2026-09-14T04:52:28.872Z,telemetry,boiler_01,12,0,20,2014,65,20
,,0,2026-09-13T13:05:28.872Z,2026-09-14T13:05:28.872Z,2026-09-14T04:52:58.872Z,telemetry,boiler_01,12,0,20,2015,65,20
,,0,2026-09-13T13:05:28.872Z,2026-09-14T13:05:28.872Z,2026-09-14T04:53:28.872Z,telemetry,boiler_01,12,0,20,2016,65,20
,,0,2026-09-13T13:05:28.872Z,2026-09-14T13:05:28.872Z,2026-09-14T04:53:58.872Z,telemetry,boiler_01,12,0,20,2017,65,20
,,0,2026-09-13T13:05:28.872Z,2026-09-14T13:05:28.872Z,2026-09-14T04:54:28.872Z,telemetry,boiler_01,12,0,20,2018,65,20
,,0,2026-09-13T13:05:28.872Z,2026-09-14T13:05:28.872Z,2026-09-14T04:54:58.872Z,telemetry,boiler_01,12,0,20,2019,65,20
,,0,2026-09-13T13:05:28.872Z,2026-09-14T13:05:28.872Z,2026-09-14T04:55:28.873Z,telemetry,boiler_01,12,0,20,2020,65,20
,,0,2026-09-13T13:05:28.872Z,2026-09-14T13:05:28.872Z,2026-09-14T04:55:58.872Z,telemetry,boiler_01,12,0,20,2021,65,20
,,0,2026-09-13T13:05:28.872Z,2026-09-14T13:05:28.872Z,2026-09-14T04:56:28.872Z,telemetry,boiler_01,12,0,20,2022,65,20
,,0,2026-09-13T13:05:28.872Z,2026-09-14T13:05:28.872Z,2026-09-14T04:56:58.872Z,telemetry,boiler_01,12,0,20,2023,65,20
,,0,2026-09-13T13:05:28.872Z,2026-09-14T13:05:28.872Z,2026-09-14T04:57:28.872Z,telemetry,boiler_01,12,0,20,2024,65,20
,,0,2026-09-13T13:05:28.872Z,2026-09-14T13:05:28.872Z,2026-09-14T04:57:58.872Z,telemetry,boiler_01,12,0,20,2025,65,20
,,0,2026-09-13T13:05:28.872Z,2026-09-14T13:05:28.872Z,2026-09-14T04:58:28.872Z,telemetry,boiler_01,12,0,20,2026,65,20
,,0,2026-09-13T13:05:28.872Z,2026-09-14T13:05:28.872Z,2026-09-14T04:58:58.872Z,telemetry,boiler_01,12,0,20,2027,65,20
,,0,2026-09-13T13:05:28.872Z,2026-09-14T13:05:28.872Z,2026-09-14T04:59:28.872Z,telemetry,boiler_01,12,0,20,2028,65,20
,,0,2026-09-13T13:05:28.872Z,2026-09-14T13:05:28.872Z,2026-09-14T04:59:58.872Z,telemetry,boiler_01,12,0,20,2029,65,20
,,0,2026-09-13T13:05:28.872Z,2026-09-14T13:05:28.872Z,2026-09-14T05:00:28.872Z,telemetry,boiler_01,12,0,20,2030,65,20
,,0,2026-09-13T13:05:28.872Z,2026-09-14T13:05:28.872Z,2026-09-14T05:00:58.872Z,telemetry,boiler_01,12,0,20,2031,65,20
,,0,2026-09-13T13:05:28.872Z,2026-09-14T13:05:28.872Z,2026-09-14T05:01:28.872Z,telemetry,boiler_01,12,0,20,2032,65,20
,,0,2026-09-13T13:05:28.872Z,2026-09-14T13:05:28.872Z,2026-09-14T05:01:58.872Z,telemetry,boiler_01,12,0,20,2033,65,20
,,0,2026-09-13T13:05:28.872Z,2026-09-14T13:05:28.872Z,2026-09-14T05:02:28.872Z,telemetry,boiler_01,12,0,20,2034,65,20
,,0,2026-09-13T13:05:28.872Z,2026-09-14T13:05:28.872Z,2026-09-14T05:02:58.872Z,telemetry,boiler_01,12,0,20,2035,65,20
,,0,2026-09-13T13:05:28.872Z,2026-09-14T13:05:28.872Z,2026-09-14T05:03:28.872Z,telemetry,boiler_01,12,0,20,2036,65,20
,,0,2026-09-13T13:05:28.872Z,2026-09-14T13:05:28.872Z,2026-09-14T05:03:58.872Z,telemetry,boiler_01,12,0,20,2037,65,20
,,0,2026-09-13T13:05:28.872Z,2026-09-14T13:05:28.872Z,2026-09-14T05:04:28.872Z,telemetry,boiler_01,12,0,20,2038,65,20
,,0,2026-09-13T13:05:28.872Z,2026-09-14T13:05:28.872Z,2026-09-14T05:04:58.872Z,telemetry,boiler_01,12,0,20,2039,65,20
,,0,2026-09-13T13:05:28.872Z,2026-09-14T13:05:28.872Z,2026-09-14T05:05:28.872Z,telemetry,boiler_01,12,0,20,2040,65,20
,,0,2026-09-13T13:05:28.872Z,2026-09-14T13:05:28.872Z,2026-09-14T05:05:58.872Z,telemetry,boiler_01,12,0,20,2041,65,20
,,0,2026-09-13T13:05:28.872Z,2026-09-14T13:05:28.872Z,2026-09-14T05:06:28.872Z,telemetry,boiler_01,12,0,20,2042,65,20
,,0,2026-09-13T13:05:28.872Z,2026-09-14T13:05:28.872Z,2026-09-14T05:06:58.872Z,telemetry,boiler_01,12,0,20,2043,65,20
,,0,2026-09-13T13:05:28.872Z,2026-09-14T13:05:28.872Z,2026-09-14T05:07:28.872Z,telemetry,boiler_01,12,0,20,2044,65,20
,,0,2026-09-13T13:05:28.872Z,2026-09-14T13:05:28.872Z,2026-09-14T05:07:58.872Z,telemetry,boiler_01,12,0,20,2045,65,20
,,0,2026-09-13T13:05:28.872Z,2026-09-14T13:05:28.872Z,2026-09-14T05:08:28.872Z,telemetry,boiler_01,12,0,20,2046,65,20
,,0,2026-09-13T13:05:28.872Z,2026-09-14T13:05:28.872Z,2026-09-14T05:08:58.872Z,telemetry,boiler_01,12,0,20,2047,65,20
,,0,2026-09-13T13:05:28.872Z,2026-09-14T13:05:28.872Z,2026-09-14T05:09:28.872Z,telemetry,boiler_01,12,0,20,2048,65,20
,,0,2026-09-13T13:05:28.872Z,2026-09-14T13:05:28.872Z,2026-09-14T05:09:58.872Z,telemetry,boiler_01,12,0,20,2049,65,20
,,0,2026-09-13T13:05:28.872Z,2026-09-14T13:05:28.872Z,2026-09-14T05:10:28.872Z,telemetry,boiler_01,12,0,20,2050,65,20
,,0,2026-09-13T13:05:28.872Z,2026-09-14T13:05:28.872Z,2026-09-14T05:10:58.872Z,telemetry,boiler_01,12,0,20,2051,65,20
,,0,2026-09-13T13:05:28.872Z,2026-09-14T13:05:28.872Z,2026-09-14T05:11:28.872Z,telemetry,boiler_01,12,0,20,2052,65,20
,,0,2026-09-13T13:05:28.872Z,2026-09-14T13:05:28.872Z,2026-09-14T05:11:58.872Z,telemetry,boiler_01,12,0,20,2053,65,20
,,0,2026-09-13T13:05:28.872Z,2026-09-14T13:05:28.872Z,2026-09-14T05:12:28.872Z,telemetry,boiler_01,12,0,20,2054,65,20
,,0,2026-09-13T13:05:28.872Z,2026-09-14T13:05:28.872Z,2026-09-14T05:12:58.872Z,telemetry,boiler_01,12,0,20,2055,65,20
,,0,2026-09-13T13:05:28.872Z,2026-09-14T13:05:28.872Z,2026-09-14T05:13:28.872Z,telemetry,boiler_01,12,0,20,2056,65,20
,,0,2026-09-13T13:05:28.872Z,2026-09-14T13:05:28.872Z,2026-09-14T05:13:58.872Z,telemetry,boiler_01,12,0,20,2057,65,20
,,0,2026-09-13T13:05:28.872Z,2026-09-14T13:05:28.872Z,2026-09-14T05:14:28.872Z,telemetry,boiler_01,12,0,20,2058,65,20
,,0,2026-09-13T13:05:28.872Z,2026-09-14T13:05:28.872Z,2026-09-14T05:14:58.872Z,telemetry,boiler_01,12,0,20,2059,65,20
,,0,2026-09-13T13:05:28.872Z,2026-09-14T13:05:28.872Z,2026-09-14T05:15:28.873Z,telemetry,boiler_01,12,0,20,2060,65,20
,,0,2026-09-13T13:05:28.872Z,2026-09-14T13:05:28.872Z,2026-09-14T05:15:58.872Z,telemetry,boiler_01,12,0,20,2061,65,20
,,0,2026-09-13T13:05:28.872Z,2026-09-14T13:05:28.872Z,2026-09-14T05:16:28.872Z,telemetry,boiler_01,12,0,20,2062,65,20
,,0,2026-09-13T13:05:28.872Z,2026-09-14T13:05:28.872Z,2026-09-14T05:16:58.872Z,telemetry,boiler_01,12,0,20,2063,65,20
,,0,2026-09-13T13:05:28.872Z,2026-09-14T13:05:28.872Z,2026-09-14T05:17:28.872Z,telemetry,boiler_01,12,0,20,2064,65,20
,,0,2026-09-13T13:05:28.872Z,2026-09-14T13:05:28.872Z,2026-09-14T05:17:58.872Z,telemetry,boiler_01,12,0,20,2065,65,20
,,0,2026-09-13T13:05:28.872Z,2026-09-14T13:05:28.872Z,2026-09-14T05:18:28.872Z,telemetry,boiler_01,12,0,20,2066,65,20
,,0,2026-09-13T13:05:28.872Z,2026-09-14T13:05:28.872Z,2026-09-14T05:18:58.872Z,telemetry,boiler_01,12,0,20,2067,65,20
,,0,2026-09-13T13:05:28.872Z,2026-09-14T13:05:28.872Z,2026-09-14T05:19:28.872Z,telemetry,boiler_01,12,0,20,2068,65,20
,,0,2026-09-13T13:05:28.872Z,2026-09-14T13:05:28.872Z,2026-09-14T05:19:58.872Z,telemetry,boiler_01,12,0,20,2069,65,20
,,0,2026-09-13T13:05:28.872Z,2026-09-14T13:05:28.872Z,2026-09-14T05:20:28.872Z,telemetry,boiler_01,12,0,20,2070,65,20
,,0,2026-09-13T13:05:28.872Z,2026-09-14T13:05:28.872Z,2026-09-14T05:20:58.872Z,telemetry,boiler_01,12,0,20,2071,65,20
,,0,2026-09-13T13:05:28.872Z,2026-09-14T13:05:28.872Z,2026-09-14T05:21:28.872Z,telemetry,boiler_01,12,0,20,2072,65,20
,,0,2026-09-13T13:05:28.872Z,2026-09-14T13:05:28.872Z,2026-09-14T05:21:58.872Z,telemetry,boiler_01,12,0,20,2073,65,20
,,0,2026-09-13T13:05:28.872Z,2026-09-14T13:05:28.872Z,2026-09-14T05:22:28.872Z,telemetry,boiler_01,12,0,20,2074,65,20
,,0,2026-09-13T13:05:28.872Z,2026-09-14T13:05:28.872Z,2026-09-14T05:22:58.872Z,telemetry,boiler_01,12,0,20,2075,65,20
,,0,2026-09-13T13:05:28.872Z,2026-09-14T13:05:28.872Z,2026-09-14T05:23:28.872Z,telemetry,boiler_01,12,0,20,2076,65,20
,,0,2026-09-13T13:05:28.872Z,2026-09-14T13:05:28.872Z,2026-09-14T05:23:58.872Z,telemetry,boiler_01,12,0,20,2077,65,20
,,0,2026-09-13T13:05:28.872Z,2026-09-14T13:05:28.872Z,2026-09-14T05:24:28.872Z,telemetry,boiler_01,12,0,20,2078,65,20
,,0,2026-09-13T13:05:28.872Z,2026-09-14T13:05:28.872Z,2026-09-14T05:24:58.872Z,telemetry,boiler_01,12,0,20,2079,65,20
,,0,2026-09-13T13:05:28.872Z,2026-09-14T13:05:28.872Z,2026-09-14T05:25:28.872Z,telemetry,boiler_01,12,0,20,2080,65,20
,,0,2026-09-13T13:05:28.872Z,2026-09-14T13:05:28.872Z,2026-09-14T05:25:58.872Z,telemetry,boiler_01,12,0,20,2081,65,20
,,0,2026-09-13T13:05:28.872Z,2026-09-14T13:05:28.872Z,2026-09-14T05:26:28.872Z,telemetry,boiler_01,12,0,20,2082,65,20
,,0,2026-09-13T13:05:28.872Z,2026-09-14T13:05:28.872Z,2026-09-14T05:26:58.872Z,telemetry,boiler_01,12,0,20,2083,65,20
,,0,2026-09-13T13:05:28.872Z,2026-09-14T13:05:28.872Z,2026-09-14T05:27:28.872Z,telemetry,boiler_01,12,0,20,2084,65,20
,,0,2026-09-13T13:05:28.872Z,2026-09-14T13:05:28.872Z,2026-09-14T05:27:58.872Z,telemetry,boiler_01,12,0,20,2085,65,20
,,0,2026-09-13T13:05:28.872Z,2026-09-14T13:05:28.872Z,2026-09-14T05:28:28.872Z,telemetry,boiler_01,12,0,20,2086,65,20
,,0,2026-09-13T13:05:28.872Z,2026-09-14T13:05:28.872Z,2026-09-14T05:28:58.872Z,telemetry,boiler_01,12,0,20,2087,65,20
,,0,2026-09-13T13:05:28.872Z,2026-09-14T13:05:28.872Z,2026-09-14T05:29:28.872Z,telemetry,boiler_01,12,0,20,2088,65,20
,,0,2026-09-13T13:05:28.872Z,2026-09-14T13:05:28.872Z,2026-09-14T05:29:58.872Z,telemetry,boiler_01,12,0,20,2089,65,20
,,0,2026-09-13T13:05:28.872Z,2026-09-14T13:05:28.872Z,2026-09-14T05:30:28.872Z,telemetry,boiler_01,12,0,20,2090,65,20
,,0,2026-09-13T13:05:28.872Z,2026-09-14T13:05:28.872Z,2026-09-14T05:30:58.872Z,telemetry,boiler_01,12,0,20,2091,65,20
,,0,2026-09-13T13:05:28.872Z,2026-09-14T13:05:28.872Z,2026-09-14T05:31:28.872Z,telemetry,boiler_01,12,0,20,2092,65,20
,,0,2026-09-13T13:05:28.872Z,2026-09-14T13:05:28.872Z,2026-09-14T05:31:58.872Z,telemetry,boiler_01,12,0,20,2093,65,20
,,0,2026-09-13T13:05:28.872Z,2026-09-14T13:05:28.872Z,2026-09-14T05:32:28.872Z,telemetry,boiler_01,12,0,20,2094,65,20
,,0,2026-09-13T13:05:28.872Z,2026-09-14T13:05:28.872Z,2026-09-14T05:32:58.872Z,telemetry,boiler_01,12,0,20,2095,65,20
,,0,2026-09-13T13:05:28.872Z,2026-09-14T13:05:28.872Z,2026-09-14T05:33:28.872Z,telemetry,boiler_01,12,0,20,2096,65,20
,,0,2026-09-13T13:05:28.872Z,2026-09-14T13:05:28.872Z,2026-09-14T05:33:58.872Z,telemetry,boiler_01,12,0,20,2097,65,20
,,0,2026-09-13T13:05:28.872Z,2026-09-14T13:05:28.872Z,2026-09-14T05:34:28.872Z,telemetry,boiler_01,12,0,20,2098,65,20
,,0,2026-09-13T13:05:28.872Z,2026-09-14T13:05:28.872Z,2026-09-14T05:34:58.872Z,telemetry,boiler_01,12,0,20,2099,65,20
,,0,2026-09-13T13:05:28.872Z,2026-09-14T13:05:28.872Z,2026-09-14T05:35:28.873Z,telemetry,boiler_01,12,0,20,2100,65,20
,,0,2026-09-13T13:05:28.872Z,2026-09-14T13:05:28.872Z,2026-09-14T05:35:58.872Z,telemetry,boiler_01,12,0,20,2101,65,20
,,0,2026-09-13T13:05:28.872Z,2026-09-14T13:05:28.872Z,2026-09-14T05:36:28.872Z,telemetry,boiler_01,12,0,20,2102,65,20
,,0,2026-09-13T13:05:28.872Z,2026-09-14T13:05:28.872Z,2026-09-14T05:36:58.872Z,telemetry,boiler_01,12,0,20,2103,65,20
,,0,2026-09-13T13:05:28.872Z,2026-09-14T13:05:28.872Z,2026-09-14T05:37:28.872Z,telemetry,boiler_01,12,0,20,2104,65,20
,,0,2026-09-13T13:05:28.872Z,2026-09-14T13:05:28.872Z,2026-09-14T05:37:58.872Z,telemetry,boiler_01,12,0,20,2105,65,20
,,0,2026-09-13T13:05:28.872Z,2026-09-14T13:05:28.872Z,2026-09-14T05:38:28.872Z,telemetry,boiler_01,12,0,20,2106,65,20
,,0,2026-09-13T13:05:28.872Z,2026-09-14T13:05:28.872Z,2026-09-14T05:38:58.872Z,telemetry,boiler_01,12,0,20,2107,65,20
,,0,2026-09-13T13:05:28.872Z,2026-09-14T13:05:28.872Z,2026-09-14T05:39:28.872Z,telemetry,boiler_01,12,0,20,2108,65,20
,,0,2026-09-13T13:05:28.872Z,2026-09-14T13:05:28.872Z,2026-09-14T05:39:58.872Z,telemetry,boiler_01,12,0,20,2109,65,20
,,0,2026-09-13T13:05:28.872Z,2026-09-14T13:05:28.872Z,2026-09-14T05:40:28.872Z,telemetry,boiler_01,12,0,20,2110,65,20
,,0,2026-09-13T13:05:28.872Z,2026-09-14T13:05:28.872Z,2026-09-14T05:40:58.872Z,telemetry,boiler_01,12,0,20,2111,65,20
,,0,2026-09-13T13:05:28.872Z,2026-09-14T13:05:28.872Z,2026-09-14T05:41:28.872Z,telemetry,boiler_01,12,0,20,2112,65,20
,,0,2026-09-13T13:05:28.872Z,2026-09-14T13:05:28.872Z,2026-09-14T05:41:58.872Z,telemetry,boiler_01,12,0,20,2113,65,20
,,0,2026-09-13T13:05:28.872Z,2026-09-14T13:05:28.872Z,2026-09-14T05:42:28.872Z,telemetry,boiler_01,12,0,20,2114,65,20
,,0,2026-09-13T13:05:28.872Z,2026-09-14T13:05:28.872Z,2026-09-14T05:42:58.872Z,telemetry,boiler_01,12,0,20,2115,65,20
,,0,2026-09-13T13:05:28.872Z,2026-09-14T13:05:28.872Z,2026-09-14T05:43:28.872Z,telemetry,boiler_01,12,0,20,2116,65,20
,,0,2026-09-13T13:05:28.872Z,2026-09-14T13:05:28.872Z,2026-09-14T05:43:58.872Z,telemetry,boiler_01,12,0,20,2117,65,20
,,0,2026-09-13T13:05:28.872Z,2026-09-14T13:05:28.872Z,2026-09-14T05:44:28.872Z,telemetry,boiler_01,12,0,20,2118,65,20
,,0,2026-09-13T13:05:28.872Z,2026-09-14T13:05:28.872Z,2026-09-14T05:44:58.872Z,telemetry,boiler_01,12,0,20,2119,65,20
,,0,2026-09-13T13:05:28.872Z,2026-09-14T13:05:28.872Z,2026-09-14T05:45:28.872Z,telemetry,boiler_01,12,0,20,2120,65,20
,,0,2026-09-13T13:05:28.872Z,2026-09-14T13:05:28.872Z,2026-09-14T05:45:58.872Z,telemetry,boiler_01,12,0,20,2121,65,20
,,0,2026-09-13T13:05:28.872Z,2026-09-14T13:05:28.872Z,2026-09-14T05:46:28.872Z,telemetry,boiler_01,12,0,20,2122,65,20
,,0,2026-09-13T13:05:28.872Z,2026-09-14T13:05:28.872Z,2026-09-14T05:46:58.872Z,telemetry,boiler_01,12,0,20,2123,65,20
,,0,2026-09-13T13:05:28.872Z,2026-09-14T13:05:28.872Z,2026-09-14T05:47:28.872Z,telemetry,boiler_01,12,0,20,2124,65,20
,,0,2026-09-13T13:05:28.872Z,2026-09-14T13:05:28.872Z,2026-09-14T05:47:58.872Z,telemetry,boiler_01,12,0,20,2125,65,20
,,0,2026-09-13T13:05:28.872Z,2026-09-14T13:05:28.872Z,2026-09-14T05:48:28.872Z,telemetry,boiler_01,12,0,20,2126,65,20
,,0,2026-09-13T13:05:28.872Z,2026-09-14T13:05:28.872Z,2026-09-14T05:48:58.872Z,telemetry,boiler_01,12,0,20,2127,65,20
,,0,2026-09-13T13:05:28.872Z,2026-09-14T13:05:28.872Z,2026-09-14T05:49:28.872Z,telemetry,boiler_01,12,0,20,2128,65,20
,,0,2026-09-13T13:05:28.872Z,2026-09-14T13:05:28.872Z,2026-09-14T05:49:58.872Z,telemetry,boiler_01,12,0,20,2129,65,20
,,0,2026-09-13T13:05:28.872Z,2026-09-14T13:05:28.872Z,2026-09-14T05:50:28.872Z,telemetry,boiler_01,12,0,20,2130,65,20
,,0,2026-09-13T13:05:28.872Z,2026-09-14T13:05:28.872Z,2026-09-14T05:50:58.872Z,telemetry,boiler_01,12,0,20,2131,65,20
,,0,2026-09-13T13:05:28.872Z,2026-09-14T13:05:28.872Z,2026-09-14T05:51:28.872Z,telemetry,boiler_01,12,0,20,2132,65,20
,,0,2026-09-13T13:05:28.872Z,2026-09-14T13:05:28.872Z,2026-09-14T05:51:58.872Z,telemetry,boiler_01,12,0,20,2133,65,20
,,0,2026-09-13T13:05:28.872Z,2026-09-14T13:05:28.872Z,2026-09-14T05:52:28.872Z,telemetry,boiler_01,12,0,20,2134,65,20
,,0,2026-09-13T13:05:28.872Z,2026-09-14T13:05:28.872Z,2026-09-14T05:52:58.872Z,telemetry,boiler_01,12,0,20,2135,65,20
,,0,2026-09-13T13:05:28.872Z,2026-09-14T13:05:28.872Z,2026-09-14T05:53:28.872Z,telemetry,boiler_01,12,0,20,2136,65,20
,,0,2026-09-13T13:05:28.872Z,2026-09-14T13:05:28.872Z,2026-09-14T05:53:58.872Z,telemetry,boiler_01,12,0,20,2137,65,20
,,0,2026-09-13T13:05:28.872Z,2026-09-14T13:05:28.872Z,2026-09-14T05:54:28.872Z,telemetry,boiler_01,12,0,20,2138,65,20
,,0,2026-09-13T13:05:28.872Z,2026-09-14T13:05:28.872Z,2026-09-14T05:54:58.872Z,telemetry,boiler_01,12,0,20,2139,65,20
,,0,2026-09-13T13:05:28.872Z,2026-09-14T13:05:28.872Z,2026-09-14T05:55:28.872Z,telemetry,boiler_01,12,0,20,2140,65,20
,,0,2026-09-13T13:05:28.872Z,2026-09-14T13:05:28.872Z,2026-09-14T05:55:58.872Z,telemetry,boiler_01,12,0,20,2141,65,20
,,0,2026-09-13T13:05:28.872Z,2026-09-14T13:05:28.872Z,2026-09-14T05:56:28.872Z,telemetry,boiler_01,12,0,20,2142,65,20
,,0,2026-09-13T13:05:28.872Z,2026-09-14T13:05:28.872Z,2026-09-14T05:56:58.872Z,telemetry,boiler_01,12,0,20,2143,65,20
,,0,2026-09-13T13:05:28.872Z,2026-09-14T13:05:28.872Z,2026-09-14T05:57:28.872Z,telemetry,boiler_01,12,0,20,2144,65,20
,,0,2026-09-13T13:05:28.872Z,2026-09-14T13:05:28.872Z,2026-09-14T05:57:58.872Z,telemetry,boiler_01,12,0,20,2145,65,20
,,0,2026-09-13T13:05:28.872Z,2026-09-14T13:05:28.872Z,2026-09-14T05:58:28.872Z,telemetry,boiler_01,12,0,20,2146,65,20
,,0,2026-09-13T13:05:28.872Z,2026-09-14T13:05:28.872Z,2026-09-14T05:58:58.872Z,telemetry,boiler_01,12,0,20,2147,65,20
,,0,2026-09-13T13:05:28.872Z,2026-09-14T13:05:28.872Z,2026-09-14T05:59:28.872Z,telemetry,boiler_01,12,0,20,2148,65,20
,,0,2026-09-13T13:05:28.872Z,2026-09-14T13:05:28.872Z,2026-09-14T05:59:58.872Z,telemetry,boiler_01,12,0,20,2149,65,20
,,0,2026-09-13T13:05:28.872Z,2026-09-14T13:05:28.872Z,2026-09-14T06:00:28.872Z,telemetry,boiler_01,12,5,40.32,2150,65,50.32
,,0,2026-09-13T13:05:28.872Z,2026-09-14T13:05:28.872Z,2026-09-14T06:00:58.872Z,telemetry,boiler_01,12,5,50.58,2151,65,60.58
,,0,2026-09-13T13:05:28.872Z,2026-09-14T13:05:28.872Z,2026-09-14T06:01:28.872Z,telemetry,boiler_01,12,5,53.67,2152,65,63.67
,,0,2026-09-13T13:05:28.872Z,2026-09-14T13:05:28.872Z,2026-09-14T06:01:58.872Z,telemetry,boiler_01,12,5,54.6,2153,65,64.6
,,0,2026-09-13T13:05:28.872Z,2026-09-14T13:05:28.872Z,2026-09-14T06:02:28.872Z,telemetry,boiler_01,12,5,54.88,2154,65,64.88
,,0,2026-09-13T13:05:28.872Z,2026-09-14T13:05:28.872Z,2026-09-14T06:02:58.872Z,telemetry,boiler_01,12,5,54.96,2155,65,64.96
,,0,2026-09-13T13:05:28.872Z,2026-09-14T13:05:28.872Z,2026-09-14T06:03:28.872Z,telemetry,boiler_01,12,5,54.99,2156,65,64.99
,,0,2026-09-13T13:05:28.872Z,2026-09-14T13:05:28.872Z,2026-09-14T06:03:58.872Z,telemetry,boiler_01,12,5,55,2157,65,65
,,0,2026-09-13T13:05:28.872Z,2026-09-14T13:05:28.872Z,2026-09-14T06:04:28.872Z,telemetry,boiler_01,12,5,55,2158,65,65
,,0,2026-09-13T13:05:28.872Z,2026-09-14T13:05:28.872Z,2026-09-14T06:04:58.872Z,telemetry,boiler_01,12,5,55,2159,65,65
,,0,2026-09-13T13:05:28.872Z,2026-09-14T13:05:28.872Z,2026-09-14T06:05:28.873Z,telemetry,boiler_01,12,5,55,2160,65,65
,,0,2026-09-13T13:05:28.872Z,2026-09-14T13:05:28.872Z,2026-09-14T06:05:58.872Z,telemetry,boiler_01,12,5,55,2161,65,65
,,0,2026-09-13T13:05:28.872Z,2026-09-14T13:05:28.872Z,2026-09-14T06:06:28.872Z,telemetry,boiler_01,12,5,55,2162,65,65
,,0,2026-09-13T13:05:28.872Z,2026-09-14T13:05:28.872Z,2026-09-14T06:06:58.872Z,telemetry,boiler_01,12,5,55,2163,65,65
,,0,2026-09-13T13:05:28.872Z,2026-09-14T13:05:28.872Z,2026-09-14T06:07:28.872Z,telemetry,boiler_01,12,5,55,2164,65,65
,,0,2026-09-13T13:05:28.872Z,2026-09-14T13:05:28.872Z,2026-09-14T06:07:58.872Z,telemetry,boiler_01,12,5,55,2165,65,65
,,0,2026-09-13T13:05:28.872Z,2026-09-14T13:05:28.872Z,2026-09-14T06:08:28.872Z,telemetry,boiler_01,12,5,55,2166,65,65
,,0,2026-09-13T13:05:28.872Z,2026-09-14T13:05:28.872Z,2026-09-14T06:08:58.872Z,telemetry,boiler_01,12,5,55,2167,65,65
,,0,2026-09-13T13:05:28.872Z,2026-09-14T13:05:28.872Z,2026-09-14T06:09:28.872Z,telemetry,boiler_01,12,5,55,2168,65,65
,,0,2026-09-13T13:05:28.872Z,2026-09-14T13:05:28.872Z,2026-09-14T06:09:58.872Z,telemetry,boiler_01,12,5,55,2169,65,65
,,0,2026-09-13T13:05:28.872Z,2026-09-14T13:05:28.872Z,2026-09-14T06:10:28.872Z,telemetry,boiler_01,12,0,52.95,2170,65,62.95
,,0,2026-09-13T13:05:28.872Z,2026-09-14T13:05:28.872Z,2026-09-14T06:10:58.872Z,telemetry,boiler_01,12,0,50.85,2171,65,60.85
,,0,2026-09-13T13:05:28.872Z,2026-09-14T13:05:28.872Z,2026-09-14T06:11:28.872Z,telemetry,boiler_01,12,0,48.86,2172,65,58.86
,,0,2026-09-13T13:05:28.872Z,2026-09-14T13:05:28.872Z,2026-09-14T06:11:58.872Z,telemetry,boiler_01,12,0,46.97,2173,65,56.97
,,0,2026-09-13T13:05:28.872Z,2026-09-14T13:05:28.872Z,2026-09-14T06:12:28.872Z,telemetry,boiler_01,12,0,45.16,2174,65,55.16
,,0,2026-09-13T13:05:28.872Z,2026-09-14T13:05:28.872Z,2026-09-14T06:12:58.872Z,telemetry,boiler_01,12,0,43.45,2175,65,53.45
,,0,2026-09-13T13:05:28.872Z,2026-09-14T13:05:28.872Z,2026-09-14T06:13:28.872Z,telemetry,boiler_01,12,0,41.82,2176,65,51.82
,,0,2026-09-13T13:05:28.872Z,2026-09-14T13:05:28.872Z,2026-09-14T06:13:58.872Z,telemetry,boiler_01,12,0,40.27,2177,65,50.27
,,0,2026-09-13T13:05:28.872Z,2026-09-14T13:05:28.872Z,2026-09-14T06:14:28.872Z,telemetry,boiler_01,12,0,38.79,2178,65,48.79
,,0,2026-09-13T13:05:28.872Z,2026-09-14T13:05:28.872Z,2026-09-14T06:14:58.872Z,telemetry,boiler_01,12,0,37.39,2179,65,47.39
,,0,2026-09-13T13:05:28.872Z,2026-09-14T13:05:28.872Z,2026-09-14T06:15:28.872Z,telemetry,boiler_01,12,0,36.05,2180,65,46.05
,,0,2026-09-13T13:05:28.872Z,2026-09-14T13:05:28.872Z,2026-09-14T06:15:58.872Z,telemetry,boiler_01,12,0,34.78,2181,65,44.78
,,0,2026-09-13T13:05:28.872Z,2026-09-14T13:05:28.872Z,2026-09-14T06:16:28.872Z,telemetry,boiler_01,12,0,33.57,2182,65,43.57
,,0,2026-09-13T13:05:28.872Z,2026-09-14T13:05:28.872Z,2026-09-14T06:16:58.872Z,telemetry,boiler_01,12,0,32.42,2183,65,42.42
,,0,2026-09-13T13:05:28.872Z,2026-09-14T13:05:28.872Z,2026-09-14T06:17:28.872Z,telemetry,boiler_01,12,0,31.33,2184,65,41.33
,,0,2026-09-13T13:05:28.872Z,2026-09-14T13:05:28.872Z,2026-09-14T06:17:58.872Z,telemetry,boiler_01,12,0,30.29,2185,65,40.29
,,0,2026-09-13T13:05:28.872Z,2026-09-14T13:05:28.872Z,2026-09-14T06:18:28.872Z,telemetry,boiler_01,12,0,29.3,2186,65,39.3
,,0,2026-09-13T13:05:28.872Z,2026-09-14T13:05:28.872Z,2026-09-14T06:18:58.872Z,telemetry,boiler_01,12,0,28.36,2187,65,38.36
,,0,2026-09-13T13:05:28.872Z,2026-09-14T13:05:28.872Z,2026-09-14T06:19:28.872Z,telemetry,boiler_01,12,0,27.46,2188,65,37.46
,,0,2026-09-13T13:05:28.872Z,2026-09-14T13:05:28.872Z,2026-09-14T06:19:58.872Z,telemetry,boiler_01,12,0,26.61,2189,65,36.61
,,0,2026-09-13T13:05:28.872Z,2026-09-14T13:05:28.872Z,2026-09-14T06:20:28.872Z,telemetry,boiler_01,12,5,45.72,2190,65,55.72
,,0,2026-09-13T13:05:28.872Z,2026-09-14T13:05:28.872Z,2026-09-14T06:20:58.872Z,telemetry,boiler_01,12,5,52.2,2191,65,62.2
,,0,2026-09-13T13:05:28.872Z,2026-09-14T13:05:28.872Z,2026-09-14T06:21:28.872Z,telemetry,boiler_01,12,5,54.16,2192,65,64.16
,,0,2026-09-13T13:05:28.872Z,2026-09-14T13:05:28.872Z,2026-09-14T06:21:58.872Z,telemetry,boiler_01,12,5,54.75,2193,65,64.75
,,0,2026-09-13T13:05:28.872Z,2026-09-14T13:05:28.872Z,2026-09-14T06:22:28.872Z,telemetry,boiler_01,12,5,54.92,2194,65,64.92
,,0,2026-09-13T13:05:28.872Z,2026-09-14T13:05:28.872Z,2026-09-14T06:22:58.872Z,telemetry,boiler_01,12,5,54.98,2195,65,64.98
,,0,2026-09-13T13:05:28.872Z,2026-09-14T13:05:28.872Z,2026-09-14T06:23:28.872Z,telemetry,boiler_01,12,5,54.99,2196,65,64.99
,,0,2026-09-13T13:05:28.872Z,2026-09-14T13:05:28.872Z,2026-09-14T06:23:58.872Z,telemetry,boiler_01,12,5,55,2197,65,65
,,0,2026-09-13T13:05:28.872Z,2026-09-14T13:05:28.872Z,2026-09-14T06:24:28.872Z,telemetry,boiler_01,12,5,55,2198,65,65
,,0,2026-09-13T13:05:28.872Z,2026-09-14T13:05:28.872Z,2026-09-14T06:24:58.872Z,telemetry,boiler_01,12,5,55,2199,65,65
,,0,2026-09-13T13:05:28.872Z,2026-09-14T13:05:28.872Z,2026-09-14T06:25:28.872Z,telemetry,boiler_01,12,5,55,2200,65,65
,,0,2026-09-13T13:05:28.872Z,2026-09-14T13:05:28.872Z,2026-09-14T06:25:58.872Z,telemetry,boiler_01,12,5,55,2201,65,65
,,0,2026-09-13T13:05:28.872Z,2026-09-14T13:05:28.872Z,2026-09-14T06:26:28.872Z,telemetry,boiler_01,12,5,55,2202,65,65
,,0,2026-09-13T13:05:28.872Z,2026-09-14T13:05:28.872Z,2026-09-14T06:26:58.872Z,telemetry,boiler_01,12,5,55,2203,65,65
,,0,2026-09-13T13:05:28.872Z,2026-09-14T13:05:28.872Z,2026-09-14T06:27:28.872Z,telemetry,boiler_01,12,5,55,2204,65,65
,,0,2026-09-13T13:05:28.872Z,2026-09-14T13:05:28.872Z,2026-09-14T06:27:58.872Z,telemetry,boiler_01,12,5,55,2205,65,65
,,0,2026-09-13T13:05:28.872Z,2026-09-14T13:05:28.872Z,2026-09-14T06:28:28.872Z,telemetry,boiler_01,12,5,55,2206,65,65
,,0,2026-09-13T13:05:28.872Z,2026-09-14T13:05:28.872Z,2026-09-14T06:28:58.872Z,telemetry,boiler_01,12,5,55,2207,65,65
,,0,2026-09-13T13:05:28.872Z,2026-09-14T13:05:28.872Z,2026-09-14T06:29:28.872Z,telemetry,boiler_01,12,5,55,2208,65,65
,,0,2026-09-13T13:05:28.872Z,2026-09-14T13:05:28.872Z,2026-09-14T06:29:58.872Z,telemetry,boiler_01,12,5,55,2209,65,65
,,0,2026-09-13T13:05:28.872Z,2026-09-14T13:05:28.872Z,2026-09-14T06:30:28.872Z,telemetry,boiler_01,12,0,52.95,2210,65,62.95
,,0,2026-09-13T13:05:28.872Z,2026-09-14T13:05:28.872Z,2026-09-14T06:30:58.872Z,telemetry,boiler_01,12,0,50.85,2211,65,60.85
,,0,2026-09-13T13:05:28.872Z,2026-09-14T13:05:28.872Z,2026-09-14T06:31:28.872Z,telemetry,boiler_01,12,0,48.86,2212,65,58.86
,,0,2026-09-13T13:05:28.872Z,2026-09-14T13:05:28.872Z,2026-09-14T06:31:58.872Z,telemetry,boiler_01,12,0,46.97,2213,65,56.97
,,0,2026-09-13T13:05:28.872Z,2026-09-14T13:05:28.872Z,2026-09-14T06:32:28.872Z,telemetry,boiler_01,12,0,45.16,2214,65,55.16
,,0,2026-09-13T13:05:28.872Z,2026-09-14T13:05:28.872Z,2026-09-14T06:32:58.872Z,telemetry,boiler_01,12,0,43.45,2215,65,53.45
,,0,2026-09-13T13:05:28.872Z,2026-09-14T13:05:28.872Z,2026-09-14T06:33:28.872Z,telemetry,boiler_01,12,0,41.82,2216,65,51.82
,,0,2026-09-13T13:05:28.872Z,2026-09-14T13:05:28.872Z,2026-09-14T06:33:58.872Z,telemetry,boiler_01,12,0,40.27,2217,65,50.27
,,0,2026-09-13T13:05:28.872Z,2026-09-14T13:05:28.872Z,2026-09-14T06:34:28.872Z,telemetry,boiler_01,12,0,38.79,2218,65,48.79
,,0,2026-09-13T13:05:28.872Z,2026-09-14T13:05:28.872Z,2026-09-14T06:34:58.872Z,telemetry,boiler_01,12,0,37.39,2219,65,47.39
,,0,2026-09-13T13:05:28.872Z,2026-09-14T13:05:28.872Z,2026-09-14T06:35:28.873Z,telemetry,boiler_01,12,0,36.05,2220,65,46.05
,,0,2026-09-13T13:05:28.872Z,2026-09-14T13:05:28.872Z,2026-09-14T06:35:58.872Z,telemetry,boiler_01,12,0,34.78,2221,65,44.78
,,0,2026-09-13T13:05:28.872Z,2026-09-14T13:05:28.872Z,2026-09-14T06:36:28.872Z,telemetry,boiler_01,12,0,33.57,2222,65,43.57
,,0,2026-09-13T13:05:28.872Z,2026-09-14T13:05:28.872Z,2026-09-14T06:36:58.872Z,telemetry,boiler_01,12,0,32.42,2223,65,42.42
,,0,2026-09-13T13:05:28.872Z,2026-09-14T13:05:28.872Z,2026-09-14T06:37:28.872Z,telemetry,boiler_01,12,0,31.33,2224,65,41.33
,,0,2026-09-13T13:05:28.872Z,2026-09-14T13:05:28.872Z,2026-09-14T06:37:58.872Z,telemetry,boiler_01,12,0,30.29,2225,65,40.29
,,0,2026-09-13T13:05:28.872Z,2026-09-14T13:05:28.872Z,2026-09-14T06:38:28.872Z,telemetry,boiler_01,12,0,29.3,2226,65,39.3
,,0,2026-09-13T13:05:28.872Z,2026-09-14T13:05:28.872Z,2026-09-14T06:38:58.872Z,telemetry,boiler_01,12,0,28.36,2227,65,38.36
,,0,2026-09-13T13:05:28.872Z,2026-09-14T13:05:28.872Z,2026-09-14T06:39:28.872Z,telemetry,boiler_01,12,0,27.46,2228,65,37.46
,,0,2026-09-13T13:05:28.872Z,2026-09-14T13:05:28.872Z,2026-09-14T06:39:58.872Z,telemetry,boiler_01,12,0,26.61,2229,65,36.61
,,0,2026-09-13T13:05:28.872Z,2026-09-14T13:05:28.872Z,2026-09-14T06:40:28.872Z,telemetry,boiler_01,12,5,45.72,2230,65,55.72
,,0,2026-09-13T13:05:28.872Z,2026-09-14T13:05:28.872Z,2026-09-14T06:40:58.872Z,telemetry,boiler_01,12,5,52.2,2231,65,62.2
,,0,2026-09-13T13:05:28.872Z,2026-09-14T13:05:28.872Z,2026-09-14T06:41:28.872Z,telemetry,boiler_01,12,5,54.16,2232,65,64.16
,,0,2026-09-13T13:05:28.872Z,2026-09-14T13:05:28.872Z,2026-09-14T06:41:58.872Z,telemetry,boiler_01,12,5,54.75,2233,65,64.75
,,0,2026-09-13T13:05:28.872Z,2026-09-14T13:05:28.872Z,2026-09-14T06:42:28.872Z,telemetry,boiler_01,12,5,54.92,2234,65,64.92
,,0,2026-09-13T13:05:28.872Z,2026-09-14T13:05:28.872Z,2026-09-14T06:42:58.872Z,telemetry,boiler_01,12,5,54.98,2235,65,64.98
,,0,2026-09-13T13:05:28.872Z,2026-09-14T13:05:28.872Z,2026-09-14T06:43:28.872Z,telemetry,boiler_01,12,5,54.99,2236,65,64.99
,,0,2026-09-13T13:05:28.872Z,2026-09-14T13:05:28.872Z,2026-09-14T06:43:58.872Z,telemetry,boiler_01,12,5,55,2237,65,65
,,0,2026-09-13T13:05:28.872Z,2026-09-14T13:05:28.872Z,2026-09-14T06:44:28.872Z,telemetry,boiler_01,12,5,55,2238,65,65
,,0,2026-09-13T13:05:28.872Z,2026-09-14T13:05:28.872Z,2026-09-14T06:44:58.872Z,telemetry,boiler_01,12,5,55,2239,65,65
,,0,2026-09-13T13:05:28.872Z,2026-09-14T13:05:28.872Z,2026-09-14T06:45:28.872Z,telemetry,boiler_01,12,5,55,2240,65,65
,,0,2026-09-13T13:05:28.872Z,2026-09-14T13:05:28.872Z,2026-09-14T06:45:58.872Z,telemetry,boiler_01,12,5,55,2241,65,65
,,0,2026-09-13T13:05:28.872Z,2026-09-14T13:05:28.872Z,2026-09-14T06:46:28.872Z,telemetry,boiler_01,12,5,55,2242,65,65
,,0,2026-09-13T13:05:28.872Z,2026-09-14T13:05:28.872Z,2026-09-14T06:46:58.872Z,telemetry,boiler_01,12,5,55,2243,65,65
,,0,2026-09-13T13:05:28.872Z,2026-09-14T13:05:28.872Z,2026-09-14T06:47:28.872Z,telemetry,boiler_01,12,5,55,2244,65,65
,,0,2026-09-13T13:05:28.872Z,2026-09-14T13:05:28.872Z,2026-09-14T06:47:58.872Z,telemetry,boiler_01,12,5,55,2245,65,65
,,0,2026-09-13T13:05:28.872Z,2026-09-14T13:05:28.872Z,2026-09-14T06:48:28.872Z,telemetry,boiler_01,12,5,55,2246,65,65
,,0,2026-09-13T13:05:28.872Z,2026-09-14T13:05:28.872Z,2026-09-14T06:48:58.872Z,telemetry,boiler_01,12,5,55,2247,65,65
,,0,2026-09-13T13:05:28.872Z,2026-09-14T13:05:28.872Z,2026-09-14T06:49:28.872Z,telemetry,boiler_01,12,5,55,2248,65,65
,,0,2026-09-13T13:05:28.872Z,2026-09-14T13:05:28.872Z,2026-09-14T06:49:58.872Z,telemetry,boiler_01,12,5,55,2249,65,65
,,0,2026-09-13T13:05:28.872Z,2026-09-14T13:05:28.872Z,2026-09-14T06:50:28.872Z,telemetry,boiler_01,12,0,52.95,2250,65,62.95
,,0,2026-09-13T13:05:28.872Z,2026-09-14T13:05:28.872Z,2026-09-14T06:50:58.872Z,telemetry,boiler_01,12,0,50.85,2251,65,60.85
,,0,2026-09-13T13:05:28.872Z,2026-09-14T13:05:28.872Z,2026-09-14T06:51:28.872Z,telemetry,boiler_01,12,0,48.86,2252,65,58.86
,,0,2026-09-13T13:05:28.872Z,2026-09-14T13:05:28.872Z,2026-09-14T06:51:58.872Z,telemetry,boiler_01,12,0,46.97,2253,65,56.97
,,0,2026-09-13T13:05:28.872Z,2026-09-14T13:05:28.872Z,2026-09-14T06:52:28.872Z,telemetry,boiler_01,12,0,45.16,2254,65,55.16
,,0,2026-09-13T13:05:28.872Z,2026-09-14T13:05:28.872Z,2026-09-14T06:52:58.872Z,telemetry,boiler_01,12,0,43.45,2255,65,53.45
,,0,2026-09-13T13:05:28.872Z,2026-09-14T13:05:28.872Z,2026-09-14T06:53:28.872Z,telemetry,boiler_01,12,0,41.82,2256,65,51.82
,,0,2026-09-13T13:05:28.872Z,2026-09-14T13:05:28.872Z,2026-09-14T06:53:58.872Z,telemetry,boiler_01,12,0,40.27,2257,65,50.27
,,0,2026-09-13T13:05:28.872Z,2026-09-14T13:05:28.872Z,2026-09-14T06:54:28.872Z,telemetry,boiler_01,12,0,38.79,2258,65,48.79
,,0,2026-09-13T13:05:28.872Z,2026-09-14T13:05:28.872Z,2026-09-14T06:54:58.872Z,telemetry,boiler_01,12,0,37.39,2259,65,47.39
,,0,2026-09-13T13:05:28.872Z,2026-09-14T13:05:28.872Z,2026-09-14T06:55:28.872Z,telemetry,boiler_01,12,0,36.05,2260,65,46.05
,,0,2026-09-13T13:05:28.872Z,2026-09-14T13:05:28.872Z,2026-09-14T06:55:58.872Z,telemetry,boiler_01,12,0,34.78,2261,65,44.78
,,0,2026-09-13T13:05:28.872Z,2026-09-14T13:05:28.872Z,2026-09-14T06:56:28.872Z,telemetry,boiler_01,12,0,33.57,2262,65,43.57
,,0,2026-09-13T13:05:28.872Z,2026-09-14T13:05:28.872Z,2026-09-14T06:56:58.872Z,telemetry,boiler_01,12,0,32.42,2263,65,42.42
,,0,2026-09-13T13:05:28.872Z,2026-09-14T13:05:28.872Z,2026-09-14T06:57:28.872Z,telemetry,boiler_01,12,0,31.33,2264,65,41.33
,,0,2026-09-13T13:05:28.872Z,2026-09-14T13:05:28.872Z,2026-09-14T06:57:58.872Z,telemetry,boiler_01,12,0,30.29,2265,65,40.29
,,0,2026-09-13T13:05:28.872Z,2026-09-14T13:05:28.872Z,2026-09-14T06:58:28.872Z,telemetry,boiler_01,12,0,29.3,2266,65,39.3
,,0,2026-09-13T13:05:28.872Z,2026-09-14T13:05:28.872Z,2026-09-14T06:58:58.872Z,telemetry,boiler_01,12,0,28.36,2267,65,38.36
,,0,2026-09-13T13:05:28.872Z,2026-09-14T13:05:28.872Z,2026-09-14T06:59:28.872Z,telemetry,boiler_01,12,0,27.46,2268,65,37.46
,,0,2026-09-13T13:05:28.872Z,2026-09-14T13:05:28.872Z,2026-09-14T06:59:58.872Z,telemetry,boiler_01,12,0,26.61,2269,65,36.61
,,0,2026-09-13T13:05:28.872Z,2026-09-14T13:05:28.872Z,2026-09-14T07:00:28.872Z,telemetry,boiler_01,12,5,45.72,2270,65,55.72
,,0,2026-09-13T13:05:28.872Z,2026-09-14T13:05:28.872Z,2026-09-14T07:00:58.872Z,telemetry,boiler_01,12,5,52.2,2271,65,62.2
,,0,2026-09-13T13:05:28.872Z,2026-09-14T13:05:28.872Z,2026-09-14T07:01:28.872Z,telemetry,boiler_01,12,5,54.16,2272,65,64.16
,,0,2026-09-13T13:05:28.872Z,2026-09-14T13:05:28.872Z,2026-09-14T07:01:58.872Z,telemetry,boiler_01,12,5,54.75,2273,65,64.75
,,0,2026-09-13T13:05:28.872Z,2026-09-14T13:05:28.872Z,2026-09-14T07:02:28.872Z,telemetry,boiler_01,12,5,54.92,2274,65,64.92
,,0,2026-09-13T13:05:28.872Z,2026-09-14T13:05:28.872Z,2026-09-14T07:02:58.872Z,telemetry,boiler_01,12,5,54.98,2275,65,64.98
,,0,2026-09-13T13:05:28.872Z,2026-09-14T13:05:28.872Z,2026-09-14T07:03:28.872Z,telemetry,boiler_01,12,5,54.99,2276,65,64.99
,,0,2026-09-13T13:05:28.872Z,2026-09-14T13:05:28.872Z,2026-09-14T07:03:58.872Z,telemetry,boiler_01,12,5,55,2277,65,65
,,0,2026-09-13T13:05:28.872Z,2026-09-14T13:05:28.872Z,2026-09-14T07:04:28.872Z,telemetry,boiler_01,12,5,55,2278,65,65
,,0,2026-09-13T13:05:28.872Z,2026-09-14T13:05:28.872Z,2026-09-14T07:04:58.872Z,telemetry,boiler_01,12,5,55,2279,65,65
,,0,2026-09-13T13:05:28.872Z,2026-09-14T13:05:28.872Z,2026-09-14T07:05:28.872Z,telemetry,boiler_01,12,5,55,2280,65,65
,,0,2026-09-13T13:05:28.872Z,2026-09-14T13:05:28.872Z,2026-09-14T07:05:58.872Z,telemetry,boiler_01,12,5,55,2281,65,65
,,0,2026-09-13T13:05:28.872Z,2026-09-14T13:05:28.872Z,2026-09-14T07:06:28.872Z,telemetry,boiler_01,12,5,55,2282,65,65
,,0,2026-09-13T13:05:28.872Z,2026-09-14T13:05:28.872Z,2026-09-14T07:06:58.872Z,telemetry,boiler_01,12,5,55,2283,65,65
,,0,2026-09-13T13:05:28.872Z,2026-09-14T13:05:28.872Z,2026-09-14T07:07:28.872Z,telemetry,boiler_01,12,5,55,2284,65,65
,,0,2026-09-13T13:05:28.872Z,2026-09-14T13:05:28.872Z,2026-09-14T07:07:58.872Z,telemetry,boiler_01,12,5,55,2285,65,65
,,0,2026-09-13T13:05:28.872Z,2026-09-14T13:05:28.872Z,2026-09-14T07:08:28.872Z,telemetry,boiler_01,12,5,55,2286,65,65
,,0,2026-09-13T13:05:28.872Z,2026-09-14T13:05:28.872Z,2026-09-14T07:08:58.872Z,telemetry,boiler_01,12,5,55,2287,65,65
,,0,2026-09-13T13:05:28.872Z,2026-09-14T13:05:28.872Z,2026-09-14T07:09:28.872Z,telemetry,boiler_01,12,5,55,2288,65,65
,,0,2026-09-13T13:05:28.872Z,2026-09-14T13:05:28.872Z,2026-09-14T07:09:58.872Z,telemetry,boiler_01,12,5,55,2289,65,65
,,0,2026-09-13T13:05:28.872Z,2026-09-14T13:05:28.872Z,2026-09-14T07:10:28.872Z,telemetry,boiler_01,12,0,52.95,2290,65,62.95
,,0,2026-09-13T13:05:28.872Z,2026-09-14T13:05:28.872Z,2026-09-14T07:10:58.872Z,telemetry,boiler_01,12,0,50.85,2291,65,60.85
,,0,2026-09-13T13:05:28.872Z,2026-09-14T13:05:28.872Z,2026-09-14T07:11:28.872Z,telemetry,boiler_01,12,0,48.86,2292,65,58.86
,,0,2026-09-13T13:05:28.872Z,2026-09-14T13:05:28.872Z,2026-09-14T07:11:58.872Z,telemetry,boiler_01,12,0,46.97,2293,65,56.97
,,0,2026-09-13T13:05:28.872Z,2026-09-14T13:05:28.872Z,2026-09-14T07:12:28.872Z,telemetry,boiler_01,12,0,45.16,2294,65,55.16
,,0,2026-09-13T13:05:28.872Z,2026-09-14T13:05:28.872Z,2026-09-14T07:12:58.872Z,telemetry,boiler_01,12,0,43.45,2295,65,53.45
,,0,2026-09-13T13:05:28.872Z,2026-09-14T13:05:28.872Z,2026-09-14T07:13:28.872Z,telemetry,boiler_01,12,0,41.82,2296,65,51.82
,,0,2026-09-13T13:05:28.872Z,2026-09-14T13:05:28.872Z,2026-09-14T07:13:58.872Z,telemetry,boiler_01,12,0,40.27,2297,65,50.27
,,0,2026-09-13T13:05:28.872Z,2026-09-14T13:05:28.872Z,2026-09-14T07:14:28.872Z,telemetry,boiler_01,12,0,38.79,2298,65,48.79
,,0,2026-09-13T13:05:28.872Z,2026-09-14T13:05:28.872Z,2026-09-14T07:14:58.872Z,telemetry,boiler_01,12,0,37.39,2299,65,47.39
,,0,2026-09-13T13:05:28.872Z,2026-09-14T13:05:28.872Z,2026-09-14T07:15:28.872Z,telemetry,boiler_01,12,0,36.05,2300,65,46.05
,,0,2026-09-13T13:05:28.872Z,2026-09-14T13:05:28.872Z,2026-09-14T07:15:58.872Z,telemetry,boiler_01,12,0,34.78,2301,65,44.78
,,0,2026-09-13T13:05:28.872Z,2026-09-14T13:05:28.872Z,2026-09-14T07:16:28.872Z,telemetry,boiler_01,12,0,33.57,2302,65,43.57
,,0,2026-09-13T13:05:28.872Z,2026-09-14T13:05:28.872Z,2026-09-14T07:16:58.872Z,telemetry,boiler_01,12,0,32.42,2303,65,42.42
,,0,2026-09-13T13:05:28.872Z,2026-09-14T13:05:28.872Z,2026-09-14T07:17:28.872Z,telemetry,boiler_01,12,0,31.33,2304,65,41.33
,,0,2026-09-13T13:05:28.872Z,2026-09-14T13:05:28.872Z,2026-09-14T07:17:58.872Z,telemetry,boiler_01,12,0,30.29,2305,65,40.29
,,0,2026-09-13T13:05:28.872Z,2026-09-14T13:05:28.872Z,2026-09-14T07:18:28.872Z,telemetry,boiler_01,12,0,29.3,2306,65,39.3
,,0,2026-09-13T13:05:28.872Z,2026-09-14T13:05:28.872Z,2026-09-14T07:18:58.872Z,telemetry,boiler_01,12,0,28.36,2307,65,38.36
,,0,2026-09-13T13:05:28.872Z,2026-09-14T13:05:28.872Z,2026-09-14T07:19:28.872Z,telemetry,boiler_01,12,0,27.46,2308,65,37.46
,,0,2026-09-13T13:05:28.872Z,2026-09-14T13:05:28.872Z,2026-09-14T07:19:58.872Z,telemetry,boiler_01,12,0,26.61,2309,65,36.61
,,0,2026-09-13T13:05:28.872Z,2026-09-14T13:05:28.872Z,2026-09-14T07:20:28.872Z,telemetry,boiler_01,12,5,45.72,2310,65,55.72
,,0,2026-09-13T13:05:28.872Z,2026-09-14T13:05:28.872Z,2026-09-14T07:20:58.872Z,telemetry,boiler_01,12,5,52.2,2311,65,62.2
,,0,2026-09-13T13:05:28.872Z,2026-09-14T13:05:28.872Z,2026-09-14T07:21:28.872Z,telemetry,boiler_01,12,5,54.16,2312,65,64.16
,,0,2026-09-13T13:05:28.872Z,2026-09-14T13:05:28.872Z,2026-09-14T07:21:58.872Z,telemetry,boiler_01,12,5,54.75,2313,65,64.75
,,0,2026-09-13T13:05:28.872Z,2026-09-14T13:05:28.872Z,2026-09-14T07:22:28.872Z,telemetry,boiler_01,12,5,54.92,2314,65,64.92
,,0,2026-09-13T13:05:28.872Z,2026-09-14T13:05:28.872Z,2026-09-14T07:22:58.872Z,telemetry,boiler_01,12,5,54.98,2315,65,64.98
,,0,2026-09-13T13:05:28.872Z,2026-09-14T13:05:28.872Z,2026-09-14T07:23:28.872Z,telemetry,boiler_01,12,5,54.99,2316,65,64.99
,,0,2026-09-13T13:05:28.872Z,2026-09-14T13:05:28.872Z,2026-09-14T07:23:58.872Z,telemetry,boiler_01,12,5,55,2317,65,65
,,0,2026-09-13T13:05:28.872Z,2026-09-14T13:05:28.872Z,2026-09-14T07:24:28.872Z,telemetry,boiler_01,12,5,55,2318,65,65
,,0,2026-09-13T13:05:28.872Z,2026-09-14T13:05:28.872Z,2026-09-14T07:24:58.872Z,telemetry,boiler_01,12,5,55,2319,65,65
,,0,2026-09-13T13:05:28.872Z,2026-09-14T13:05:28.872Z,2026-09-14T07:25:28.872Z,telemetry,boiler_01,12,5,55,2320,65,65
,,0,2026-09-13T13:05:28.872Z,2026-09-14T13:05:28.872Z,2026-09-14T07:25:58.872Z,telemetry,boiler_01,12,5,55,2321,65,65
,,0,2026-09-13T13:05:28.872Z,2026-09-14T13:05:28.872Z,2026-09-14T07:26:28.872Z,telemetry,boiler_01,12,5,55,2322,65,65
,,0,2026-09-13T13:05:28.872Z,2026-09-14T13:05:28.872Z,2026-09-14T07:26:58.872Z,telemetry,boiler_01,12,5,55,2323,65,65
,,0,2026-09-13T13:05:28.872Z,2026-09-14T13:05:28.872Z,2026-09-14T07:27:28.872Z,telemetry,boiler_01,12,5,55,2324,65,65
,,0,2026-09-13T13:05:28.872Z,2026-09-14T13:05:28.872Z,2026-09-14T07:27:58.872Z,telemetry,boiler_01,12,5,55,2325,65,65
,,0,2026-09-13T13:05:28.872Z,2026-09-14T13:05:28.872Z,2026-09-14T07:28:28.872Z,telemetry,boiler_01,12,5,55,2326,65,65
,,0,2026-09-13T13:05:28.872Z,2026-09-14T13:05:28.872Z,2026-09-14T07:28:58.872Z,telemetry,boiler_01,12,5,55,2327,65,65
,,0,2026-09-13T13:05:28.872Z,2026-09-14T13:05:28.872Z,2026-09-14T07:29:28.872Z,telemetry,boiler_01,12,5,55,2328,65,65
,,0,2026-09-13T13:05:28.872Z,2026-09-14T13:05:28.872Z,2026-09-14T07:29:58.872Z,telemetry,boiler_01,12,5,55,2329,65,65
,,0,2026-09-13T13:05:28.872Z,2026-09-14T13:05:28.872Z,2026-09-14T07:30:28.872Z,telemetry,boiler_01,12,0,52.95,2330,65,62.95
,,0,2026-09-13T13:05:28.872Z,2026-09-14T13:05:28.872Z,2026-09-14T07:30:58.872Z,telemetry,boiler_01,12,0,50.85,2331,65,60.85
,,0,2026-09-13T13:05:28.872Z,2026-09-14T13:05:28.872Z,2026-09-14T07:31:28.872Z,telemetry,boiler_01,12,0,48.86,2332,65,58.86
,,0,2026-09-13T13:05:28.872Z,2026-09-14T13:05:28.872Z,2026-09-14T07:31:58.872Z,telemetry,boiler_01,12,0,46.97,2333,65,56.97
,,0,2026-09-13T13:05:28.872Z,2026-09-14T13:05:28.872Z,2026-09-14T07:32:28.872Z,telemetry,boiler_01,12,0,45.16,2334,65,55.16
,,0,2026-09-13T13:05:28.872Z,2026-09-14T13:05:28.872Z,2026-09-14T07:32:58.872Z,telemetry,boiler_01,12,0,43.45,2335,65,53.45
,,0,2026-09-13T13:05:28.872Z,2026-09-14T13:05:28.872Z,2026-09-14T07:33:28.872Z,telemetry,boiler_01,12,0,41.82,2336,65,51.82
,,0,2026-09-13T13:05:28.872Z,2026-09-14T13:05:28.872Z,2026-09-14T07:33:58.872Z,telemetry,boiler_01,12,0,40.27,2337,65,50.27
,,0,2026-09-13T13:05:28.872Z,2026-09-14T13:05:28.872Z,2026-09-14T07:34:28.872Z,telemetry,boiler_01,12,0,38.79,2338,65,48.79
,,0,2026-09-13T13:05:28.872Z,2026-09-14T13:05:28.872Z,2026-09-14T07:34:58.872Z,telemetry,boiler_01,12,0,37.39,2339,65,47.39
,,0,2026-09-13T13:05:28.872Z,2026-09-14T13:05:28.872Z,2026-09-14T07:35:28.872Z,telemetry,boiler_01,12,0,36.05,2340,65,46.05
,,0,2026-09-13T13:05:28.872Z,2026-09-14T13:05:28.872Z,2026-09-14T07:35:58.872Z,telemetry,boiler_01,12,0,34.78,2341,65,44.78
,,0,2026-09-13T13:05:28.872Z,2026-09-14T13:05:28.872Z,2026-09-14T07:36:28.872Z,telemetry,boiler_01,12,0,33.57,2342,65,43.57
,,0,2026-09-13T13:05:28.872Z,2026-09-14T13:05:28.872Z,2026-09-14T07:36:58.872Z,telemetry,boiler_01,12,0,32.42,2343,65,42.42
,,0,2026-09-13T13:05:28.872Z,2026-09-14T13:05:28.872Z,2026-09-14T07:37:28.872Z,telemetry,boiler_01,12,0,31.33,2344,65,41.33
,,0,2026-09-13T13:05:28.872Z,2026-09-14T13:05:28.872Z,2026-09-14T07:37:58.872Z,telemetry,boiler_01,12,0,30.29,2345,65,40.29
,,0,2026-09-13T13:05:28.872Z,2026-09-14T13:05:28.872Z,2026-09-14T07:38:28.872Z,telemetry,boiler_01,12,0,29.3,2346,65,39.3
,,0,2026-09-13T13:05:28.872Z,2026-09-14T13:05:28.872Z,2026-09-14T07:38:58.872Z,telemetry,boiler_01,12,0,28.36,2347,65,38.36
,,0,2026-09-13T13:05:28.872Z,2026-09-14T13:05:28.872Z,2026-09-14T07:39:28.872Z,telemetry,boiler_01,12,0,27.46,2348,65,37.46
,,0,2026-09-13T13:05:28.872Z,2026-09-14T13:05:28.872Z,2026-09-14T07:39:58.872Z,telemetry,boiler_01,12,0,26.61,2349,65,36.61
,,0,2026-09-13T13:05:28.872Z,2026-09-14T13:05:28.872Z,2026-09-14T07:40:28.872Z,telemetry,boiler_01,12,5,45.72,2350,65,55.72
,,0,2026-09-13T13:05:28.872Z,2026-09-14T13:05:28.872Z,2026-09-14T07:40:58.872Z,telemetry,boiler_01,12,5,52.2,2351,65,62.2
,,0,2026-09-13T13:05:28.872Z,2026-09-14T13:05:28.872Z,2026-09-14T07:41:28.872Z,telemetry,boiler_01,12,5,54.16,2352,65,64.16
,,0,2026-09-13T13:05:28.872Z,2026-09-14T13:05:28.872Z,2026-09-14T07:41:58.872Z,telemetry,boiler_01,12,5,54.75,2353,65,64.75
,,0,2026-09-13T13:05:28.872Z,2026-09-14T13:05:28.872Z,2026-09-14T07:42:28.872Z,telemetry,boiler_01,12,5,54.92,2354,65,64.92
,,0,2026-09-13T13:05:28.872Z,2026-09-14T13:05:28.872Z,2026-09-14T07:42:58.872Z,telemetry,boiler_01,12,5,54.98,2355,65,64.98
,,0,2026-09-13T13:05:28.872Z,2026-09-14T13:05:28.872Z,2026-09-14T07:43:28.872Z,telemetry,boiler_01,12,5,54.99,2356,65,64.99
,,0,2026-09-13T13:05:28.872Z,2026-09-14T13:05:28.872Z,2026-09-14T07:43:58.872Z,telemetry,boiler_01,12,5,55,2357,65,65
,,0,2026-09-13T13:05:28.872Z,2026-09-14T13:05:28.872Z,2026-09-14T07:44:28.872Z,telemetry,boiler_01,12,5,55,2358,65,65
,,0,2026-09-13T13:05:28.872Z,2026-09-14T13:05:28.872Z,2026-09-14T07:44:58.872Z,telemetry,boiler_01,12,5,55,2359,65,65
,,0,2026-09-13T13:05:28.872Z,2026-09-14T13:05:28.872Z,2026-09-14T07:45:28.873Z,telemetry,boiler_01,12,5,55,2360,65,65
,,0,2026-09-13T13:05:28.872Z,2026-09-14T13:05:28.872Z,2026-09-14T07:45:58.872Z,telemetry,boiler_01,12,5,55,2361,65,65
,,0,2026-09-13T13:05:28.872Z,2026-09-14T13:05:28.872Z,2026-09-14T07:46:28.872Z,telemetry,boiler_01,12,5,55,2362,65,65
,,0,2026-09-13T13:05:28.872Z,2026-09-14T13:05:28.872Z,2026-09-14T07:46:58.872Z,telemetry,boiler_01,12,5,55,2363,65,65
,,0,2026-09-13T13:05:28.872Z,2026-09-14T13:05:28.872Z,2026-09-14T07:47:28.872Z,telemetry,boiler_01,12,5,55,2364,65,65
,,0,2026-09-13T13:05:28.872Z,2026-09-14T13:05:28.872Z,2026-09-14T07:47:58.872Z,telemetry,boiler_01,12,5,55,2365,65,65
,,0,2026-09-13T13:05:28.872Z,2026-09-14T13:05:28.872Z,2026-09-14T07:48:28.872Z,telemetry,boiler_01,12,5,55,2366,65,65
,,0,2026-09-13T13:05:28.872Z,2026-09-14T13:05:28.872Z,2026-09-14T07:48:58.872Z,telemetry,boiler_01,12,5,55,2367,65,65
,,0,2026-09-13T13:05:28.872Z,2026-09-14T13:05:28.872Z,2026-09-14T07:49:28.872Z,telemetry,boiler_01,12,5,55,2368,65,65
,,0,2026-09-13T13:05:28.872Z,2026-09-14T13:05:28.872Z,2026-09-14T07:49:58.872Z,telemetry,boiler_01,12,5,55,2369,65,65
,,0,2026-09-13T13:05:28.872Z,2026-09-14T13:05:28.872Z,2026-09-14T07:50:28.872Z,telemetry,boiler_01,12,0,52.95,2370,65,62.95
,,0,2026-09-13T13:05:28.872Z,2026-09-14T13:05:28.872Z,2026-09-14T07:50:58.872Z,telemetry,boiler_01,12,0,50.85,2371,65,60.85
,,0,2026-09-13T13:05:28.872Z,2026-09-14T13:05:28.872Z,2026-09-14T07:51:28.872Z,telemetry,boiler_01,12,0,48.86,2372,65,58.86
,,0,2026-09-13T13:05:28.872Z,2026-09-14T13:05:28.872Z,2026-09-14T07:51:58.872Z,telemetry,boiler_01,12,0,46.97,2373,65,56.97
,,0,2026-09-13T13:05:28.872Z,2026-09-14T13:05:28.872Z,2026-09-14T07:52:28.872Z,telemetry,boiler_01,12,0,45.16,2374,65,55.16
,,0,2026-09-13T13:05:28.872Z,2026-09-14T13:05:28.872Z,2026-09-14T07:52:58.872Z,telemetry,boiler_01,12,0,43.45,2375,65,53.45
,,0,2026-09-13T13:05:28.872Z,2026-09-14T13:05:28.872Z,2026-09-14T07:53:28.872Z,telemetry,boiler_01,12,0,41.82,2376,65,51.82
,,0,2026-09-13T13:05:28.872Z,2026-09-14T13:05:28.872Z,2026-09-14T07:53:58.872Z,telemetry,boiler_01,12,0,40.27,2377,65,50.27
,,0,2026-09-13T13:05:28.872Z,2026-09-14T13:05:28.872Z,2026-09-14T07:54:28.872Z,telemetry,boiler_01,12,0,38.79,2378,65,48.79
,,0,2026-09-13T13:05:28.872Z,2026-09-14T13:05:28.872Z,2026-09-14T07:54:58.872Z,telemetry,boiler_01,12,0,37.39,2379,65,47.39
,,0,2026-09-13T13:05:28.872Z,2026-09-14T13:05:28.872Z,2026-09-14T07:55:28.872Z,telemetry,boiler_01,12,0,36.05,2380,65,46.05
,,0,2026-09-13T13:05:28.872Z,2026-09-14T13:05:28.872Z,2026-09-14T07:55:58.872Z,telemetry,boiler_01,12,0,34.78,2381,65,44.78
,,0,2026-09-13T13:05:28.872Z,2026-09-14T13:05:28.872Z,2026-09-14T07:56:28.872Z,telemetry,boiler_01,12,0,33.57,2382,65,43.57
,,0,2026-09-13T13:05:28.872Z,2026-09-14T13:05:28.872Z,2026-09-14T07:56:58.872Z,telemetry,boiler_01,12,0,32.42,2383,65,42.42
,,0,2026-09-13T13:05:28.872Z,2026-09-14T13:05:28.872Z,2026-09-14T07:57:28.872Z,telemetry,boiler_01,12,0,31.33,2384,65,41.33
,,0,2026-09-13T13:05:28.872Z,2026-09-14T13:05:28.872Z,2026-09-14T07:57:58.872Z,telemetry,boiler_01,12,0,30.29,2385,65,40.29
,,0,2026-09-13T13:05:28.872Z,2026-09-14T13:05:28.872Z,2026-09-14T07:58:28.872Z,telemetry,boiler_01,12,0,29.3,2386,65,39.3
,,0,2026-09-13T13:05:28.872Z,2026-09-14T13:05:28.872Z,2026-09-14T07:58:58.872Z,telemetry,boiler_01,12,0,28.36,2387,65,38.36
,,0,2026-09-13T13:05:28.872Z,2026-09-14T13:05:28.872Z,2026-09-14T07:59:28.872Z,telemetry,boiler_01,12,0,27.46,2388,65,37.46
,,0,2026-09-13T13:05:28.872Z,2026-09-14T13:05:28.872Z,2026-09-14T07:59:58.872Z,telemetry,boiler_01,12,0,26.61,2389,65,36.61
,,0,2026-09-13T13:05:28.872Z,2026-09-14T13:05:28.872Z,2026-09-14T08:00:28.872Z,telemetry,boiler_01,12,5,45.72,2390,65,55.72
,,0,2026-09-13T13:05:28.872Z,2026-09-14T13:05:28.872Z,2026-09-14T08:00:58.872Z,telemetry,boiler_01,12,5,52.2,2391,65,62.2
,,0,2026-09-13T13:05:28.872Z,2026-09-14T13:05:28.872Z,2026-09-14T08:01:28.872Z,telemetry,boiler_01,12,5,54.16,2392,65,64.16
,,0,2026-09-13T13:05:28.872Z,2026-09-14T13:05:28.872Z,2026-09-14T08:01:58.872Z,telemetry,boiler_01,12,5,54.75,2393,65,64.75
,,0,2026-09-13T13:05:28.872Z,2026-09-14T13:05:28.872Z,2026-09-14T08:02:28.872Z,telemetry,boiler_01,12,5,54.92,2394,65,64.92
,,0,2026-09-13T13:05:28.872Z,2026-09-14T13:05:28.872Z,2026-09-14T08:02:58.872Z,telemetry,boiler_01,12,5,54.98,2395,65,64.98
,,0,2026-09-13T13:05:28.872Z,2026-09-14T13:05:28.872Z,2026-09-14T08:03:28.872Z,telemetry,boiler_01,12,5,54.99,2396,65,64.99
,,0,2026-09-13T13:05:28.872Z,2026-09-14T13:05:28.872Z,2026-09-14T08:03:58.872Z,telemetry,boiler_01,12,5,55,2397,65,65
,,0,2026-09-13T13:05:28.872Z,2026-09-14T13:05:28.872Z,2026-09-14T08:04:28.872Z,telemetry,boiler_01,12,5,55,2398,65,65
,,0,2026-09-13T13:05:28.872Z,2026-09-14T13:05:28.872Z,2026-09-14T08:04:58.872Z,telemetry,boiler_01,12,5,55,2399,65,65
,,0,2026-09-13T13:05:28.872Z,2026-09-14T13:05:28.872Z,2026-09-14T08:05:28.873Z,telemetry,boiler_01,12,5,55,2400,65,65
,,0,2026-09-13T13:05:28.872Z,2026-09-14T13:05:28.872Z,2026-09-14T08:05:58.872Z,telemetry,boiler_01,12,5,55,2401,65,65
,,0,2026-09-13T13:05:28.872Z,2026-09-14T13:05:28.872Z,2026-09-14T08:06:28.872Z,telemetry,boiler_01,12,5,55,2402,65,65
,,0,2026-09-13T13:05:28.872Z,2026-09-14T13:05:28.872Z,2026-09-14T08:06:58.872Z,telemetry,boiler_01,12,5,55,2403,65,65
,,0,2026-09-13T13:05:28.872Z,2026-09-14T13:05:28.872Z,2026-09-14T08:07:28.872Z,telemetry,boiler_01,12,5,55,2404,65,65
,,0,2026-09-13T13:05:28.872Z,2026-09-14T13:05:28.872Z,2026-09-14T08:07:58.872Z,telemetry,boiler_01,12,5,55,2405,65,65
,,0,2026-09-13T13:05:28.872Z,2026-09-14T13:05:28.872Z,2026-09-14T08:08:28.872Z,telemetry,boiler_01,12,5,55,2406,65,65
,,0,2026-09-13T13:05:28.872Z,2026-09-14T13:05:28.872Z,2026-09-14T08:08:58.872Z,telemetry,boiler_01,12,5,55,2407,65,65
,,0,2026-09-13T13:05:28.872Z,2026-09-14T13:05:28.872Z,2026-09-14T08:09:28.872Z,telemetry,boiler_01,12,5,55,2408,65,65
,,0,2026-09-13T13:05:28.872Z,2026-09-14T13:05:28.872Z,2026-09-14T08:09:58.872Z,telemetry,boiler_01,12,5,55,2409,65,65
,,0,2026-09-13T13:05:28.872Z,2026-09-14T13:05:28.872Z,2026-09-14T08:10:28.872Z,telemetry,boiler_01,12,0,52.95,2410,65,62.95
,,0,2026-09-13T13:05:28.872Z,2026-09-14T13:05:28.872Z,2026-09-14T08:10:58.872Z,telemetry,boiler_01,12,0,50.85,2411,65,60.85
,,0,2026-09-13T13:05:28.872Z,2026-09-14T13:05:28.872Z,2026-09-14T08:11:28.872Z,telemetry,boiler_01,12,0,48.86,2412,65,58.86
,,0,2026-09-13T13:05:28.872Z,2026-09-14T13:05:28.872Z,2026-09-14T08:11:58.872Z,telemetry,boiler_01,12,0,46.97,2413,65,56.97
,,0,2026-09-13T13:05:28.872Z,2026-09-14T13:05:28.872Z,2026-09-14T08:12:28.872Z,telemetry,boiler_01,12,0,45.16,2414,65,55.16
,,0,2026-09-13T13:05:28.872Z,2026-09-14T13:05:28.872Z,2026-09-14T08:12:58.872Z,telemetry,boiler_01,12,0,43.45,2415,65,53.45
,,0,2026-09-13T13:05:28.872Z,2026-09-14T13:05:28.872Z,2026-09-14T08:13:28.872Z,telemetry,boiler_01,12,0,41.82,2416,65,51.82
,,0,2026-09-13T13:05:28.872Z,2026-09-14T13:05:28.872Z,2026-09-14T08:13:58.872Z,telemetry,boiler_01,12,0,40.27,2417,65,50.27
,,0,2026-09-13T13:05:28.872Z,2026-09-14T13:05:28.872Z,2026-09-14T08:14:28.872Z,telemetry,boiler_01,12,0,38.79,2418,65,48.79
,,0,2026-09-13T13:05:28.872Z,2026-09-14T13:05:28.872Z,2026-09-14T08:14:58.872Z,telemetry,boiler_01,12,0,37.39,2419,65,47.39
,,0,2026-09-13T13:05:28.872Z,2026-09-14T13:05:28.872Z,2026-09-14T08:15:28.872Z,telemetry,boiler_01,12,0,36.05,2420,65,46.05
,,0,2026-09-13T13:05:28.872Z,2026-09-14T13:05:28.872Z,2026-09-14T08:15:58.872Z,telemetry,boiler_01,12,0,34.78,2421,65,44.78
,,0,2026-09-13T13:05:28.872Z,2026-09-14T13:05:28.872Z,2026-09-14T08:16:28.872Z,telemetry,boiler_01,12,0,33.57,2422,65,43.57
,,0,2026-09-13T13:05:28.872Z,2026-09-14T13:05:28.872Z,2026-09-14T08:16:58.872Z,telemetry,boiler_01,12,0,32.42,2423,65,42.42
,,0,2026-09-13T13:05:28.872Z,2026-09-14T13:05:28.872Z,2026-09-14T08:17:28.872Z,telemetry,boiler_01,12,0,31.33,2424,65,41.33
,,0,2026-09-13T13:05:28.872Z,2026-09-14T13:05:28.872Z,2026-09-14T08:17:58.872Z,telemetry,boiler_01,12,0,30.29,2425,65,40.29
,,0,2026-09-13T13:05:28.872Z,2026-09-14T13:05:28.872Z,2026-09-14T08:18:28.872Z,telemetry,boiler_01,12,0,29.3,2426,65,39.3
,,0,2026-09-13T13:05:28.872Z,2026-09-14T13:05:28.872Z,2026-09-14T08:18:58.872Z,telemetry,boiler_01,12,0,28.36,2427,65,38.36
,,0,2026-09-13T13:05:28.872Z,2026-09-14T13:05:28.872Z,2026-09-14T08:19:28.872Z,telemetry,boiler_01,12,0,27.46,2428,65,37.46
,,0,2026-09-13T13:05:28.872Z,2026-09-14T13:05:28.872Z,2026-09-14T08:19:58.872Z,telemetry,boiler_01,12,0,26.61,2429,65,36.61
,,0,2026-09-13T13:05:28.872Z,2026-09-14T13:05:28.872Z,2026-09-14T08:20:28.872Z,telemetry,boiler_01,12,5,45.72,2430,65,55.72
,,0,2026-09-13T13:05:28.872Z,2026-09-14T13:05:28.872Z,2026-09-14T08:20:58.872Z,telemetry,boiler_01,12,5,52.2,2431,65,62.2
,,0,2026-09-13T13:05:28.872Z,2026-09-14T13:05:28.872Z,2026-09-14T08:21:28.872Z,telemetry,boiler_01,12,5,54.16,2432,65,64.16
,,0,2026-09-13T13:05:28.872Z,2026-09-14T13:05:28.872Z,2026-09-14T08:21:58.872Z,telemetry,boiler_01,12,5,54.75,2433,65,64.75
,,0,2026-09-13T13:05:28.872Z,2026-09-14T13:05:28.872Z,2026-09-14T08:22:28.872Z,telemetry,boiler_01,12,5,54.92,2434,65,64.92
,,0,2026-09-13T13:05:28.872Z,2026-09-14T13:05:28.872Z,2026-09-14T08:22:58.872Z,telemetry,boiler_01,12,5,54.98,2435,65,64.98
,,0,2026-09-13T13:05:28.872Z,2026-09-14T13:05:28.872Z,2026-09-14T08:23:28.872Z,telemetry,boiler_01,12,5,54.99,2436,65,64.99
,,0,2026-09-13T13:05:28.872Z,2026-09-14T13:05:28.872Z,2026-09-14T08:23:58.872Z,telemetry,boiler_01,12,5,55,2437,65,65
,,0,2026-09-13T13:05:28.872Z,2026-09-14T13:05:28.872Z,2026-09-14T08:24:28.872Z,telemetry,boiler_01,12,5,55,2438,65,65
,,0,2026-09-13T13:05:28.872Z,2026-09-14T13:05:28.872Z,2026-09-14T08:24:58.872Z,telemetry,boiler_01,12,5,55,2439,65,65
,,0,2026-09-13T13:05:28.872Z,2026-09-14T13:05:28.872Z,2026-09-14T08:25:28.872Z,telemetry,boiler_01,12,5,55,2440,65,65
,,0,2026-09-13T13:05:28.872Z,2026-09-14T13:05:28.872Z,2026-09-14T08:25:58.872Z,telemetry,boiler_01,12,5,55,2441,65,65
,,0,2026-09-13T13:05:28.872Z,2026-09-14T13:05:28.872Z,2026-09-14T08:26:28.872Z,telemetry,boiler_01,12,5,55,2442,65,65
,,0,2026-09-13T13:05:28.872Z,2026-09-14T13:05:28.872Z,2026-09-14T08:26:58.872Z,telemetry,boiler_01,12,5,55,2443,65,65
,,0,2026-09-13T13:05:28.872Z,2026-09-14T13:05:28.872Z,2026-09-14T08:27:28.872Z,telemetry,boiler_01,12,5,55,2444,65,65
,,0,2026-09-13T13:05:28.872Z,2026-09-14T13:05:28.872Z,2026-09-14T08:27:58.872Z,telemetry,boiler_01,12,5,55,2445,65,65
,,0,2026-09-13T13:05:28.872Z,2026-09-14T13:05:28.872Z,2026-09-14T08:28:28.872Z,telemetry,boiler_01,12,5,55,2446,65,65
,,0,2026-09-13T13:05:28.872Z,2026-09-14T13:05:28.872Z,2026-09-14T08:28:58.872Z,telemetry,boiler_01,12,5,55,2447,65,65
,,0,2026-09-13T13:05:28.872Z,2026-09-14T13:05:28.872Z,2026-09-14T08:29:28.872Z,telemetry,boiler_01,12,5,55,2448,65,65
,,0,2026-09-13T13:05:28.872Z,2026-09-14T13:05:28.872Z,2026-09-14T08:29:58.872Z,telemetry,boiler_01,12,5,55,2449,65,65
,,0,2026-09-13T13:05:28.872Z,2026-09-14T13:05:28.872Z,2026-09-14T08:30:28.872Z,telemetry,boiler_01,12,0,52.95,2450,65,62.95
,,0,2026-09-13T13:05:28.872Z,2026-09-14T13:05:28.872Z,2026-09-14T08:30:58.872Z,telemetry,boiler_01,12,0,50.85,2451,65,60.85
,,0,2026-09-13T13:05:28.872Z,2026-09-14T13:05:28.872Z,2026-09-14T08:31:28.872Z,telemetry,boiler_01,12,0,48.86,2452,65,58.86
,,0,2026-09-13T13:05:28.872Z,2026-09-14T13:05:28.872Z,2026-09-14T08:31:58.872Z,telemetry,boiler_01,12,0,46.97,2453,65,56.97
,,0,2026-09-13T13:05:28.872Z,2026-09-14T13:05:28.872Z,2026-09-14T08:32:28.872Z,telemetry,boiler_01,12,0,45.16,2454,65,55.16
,,0,2026-09-13T13:05:28.872Z,2026-09-14T13:05:28.872Z,2026-09-14T08:32:58.872Z,telemetry,boiler_01,12,0,43.45,2455,65,53.45
,,0,2026-09-13T13:05:28.872Z,2026-09-14T13:05:28.872Z,2026-09-14T08:33:28.872Z,telemetry,boiler_01,12,0,41.82,2456,65,51.82
,,0,2026-09-13T13:05:28.872Z,2026-09-14T13:05:28.872Z,2026-09-14T08:33:58.872Z,telemetry,boiler_01,12,0,40.27,2457,65,50.27
,,0,2026-09-13T13:05:28.872Z,2026-09-14T13:05:28.872Z,2026-09-14T08:34:28.872Z,telemetry,boiler_01,12,0,38.79,2458,65,48.79
,,0,2026-09-13T13:05:28.872Z,2026-09-14T13:05:28.872Z,2026-09-14T08:34:58.872Z,telemetry,boiler_01,12,0,37.39,2459,65,47.39
,,0,2026-09-13T13:05:28.872Z,2026-09-14T13:05:28.872Z,2026-09-14T08:35:28.873Z,telemetry,boiler_01,12,0,36.05,2460,65,46.05
,,0,2026-09-13T13:05:28.872Z,2026-09-14T13:05:28.872Z,2026-09-14T08:35:58.872Z,telemetry,boiler_01,12,0,34.78,2461,65,44.78
,,0,2026-09-13T13:05:28.872Z,2026-09-14T13:05:28.872Z,2026-09-14T08:36:28.872Z,telemetry,boiler_01,12,0,33.57,2462,65,43.57
,,0,2026-09-13T13:05:28.872Z,2026-09-14T13:05:28.872Z,2026-09-14T08:36:58.872Z,telemetry,boiler_01,12,0,32.42,2463,65,42.42
,,0,2026-09-13T13:05:28.872Z,2026-09-14T13:05:28.872Z,2026-09-14T08:37:28.872Z,telemetry,boiler_01,12,0,31.33,2464,65,41.33
,,0,2026-09-13T13:05:28.872Z,2026-09-14T13:05:28.872Z,2026-09-14T08:37:58.872Z,telemetry,boiler_01,12,0,30.29,2465,65,40.29
,,0,2026-09-13T13:05:28.872Z,2026-09-14T13:05:28.872Z,2026-09-14T08:38:28.872Z,telemetry,boiler_01,12,0,29.3,2466,65,39.3
,,0,2026-09-13T13:05:28.872Z,2026-09-14T13:05:28.872Z,2026-09-14T08:38:58.872Z,telemetry,boiler_01,12,0,28.36,2467,65,38.36
,,0,2026-09-13T13:05:28.872Z,2026-09-14T13:05:28.872Z,2026-09-14T08:39:28.872Z,telemetry,boiler_01,12,0,27.46,2468,65,37.46
,,0,2026-09-13T13:05:28.872Z,2026-09-14T13:05:28.872Z,2026-09-14T08:39:58.872Z,telemetry,boiler_01,12,0,26.61,2469,65,36.61
,,0,2026-09-13T13:05:28.872Z,2026-09-14T13:05:28.872Z,2026-09-14T08:40:28.872Z,telemetry,boiler_01,12,5,45.72,2470,65,55.72
,,0,2026-09-13T13:05:28.872Z,2026-09-14T13:05:28.872Z,2026-09-14T08:40:58.872Z,telemetry,boiler_01,12,5,52.2,2471,65,62.2
,,0,2026-09-13T13:05:28.872Z,2026-09-14T13:05:28.872Z,2026-09-14T08:41:28.872Z,telemetry,boiler_01,12,5,54.16,2472,65,64.16
,,0,2026-09-13T13:05:28.872Z,2026-09-14T13:05:28.872Z,2026-09-14T08:41:58.872Z,telemetry,boiler_01,12,5,54.75,2473,65,64.75
,,0,2026-09-13T13:05:28.872Z,2026-09-14T13:05:28.872Z,2026-09-14T08:42:28.872Z,telemetry,boiler_01,12,5,54.92,2474,65,64.92
,,0,2026-09-13T13:05:28.872Z,2026-09-14T13:05:28.872Z,2026-09-14T08:42:58.872Z,telemetry,boiler_01,12,5,54.98,2475,65,64.98
,,0,2026-09-13T13:05:28.872Z,2026-09-14T13:05:28.872Z,2026-09-14T08:43:28.872Z,telemetry,boiler_01,12,5,54.99,2476,65,64.99
,,0,2026-09-13T13:05:28.872Z,2026-09-14T13:05:28.872Z,2026-09-14T08:43:58.872Z,telemetry,boiler_01,12,5,55,2477,65,65
,,0,2026-09-13T13:05:28.872Z,2026-09-14T13:05:28.872Z,2026-09-14T08:44:28.872Z,telemetry,boiler_01,12,5,55,2478,65,65
,,0,2026-09-13T13:05:28.872Z,2026-09-14T13:05:28.872Z,2026-09-14T08:44:58.872Z,telemetry,boiler_01,12,5,55,2479,65,65
,,0,2026-09-13T13:05:28.872Z,2026-09-14T13:05:28.872Z,2026-09-14T08:45:28.872Z,telemetry,boiler_01,12,5,55,2480,65,65
,,0,2026-09-13T13:05:28.872Z,2026-09-14T13:05:28.872Z,2026-09-14T08:45:58.872Z,telemetry,boiler_01,12,5,55,2481,65,65
,,0,2026-09-13T13:05:28.872Z,2026-09-14T13:05:28.872Z,2026-09-14T08:46:28.872Z,telemetry,boiler_01,12,5,55,2482,65,65
,,0,2026-09-13T13:05:28.872Z,2026-09-14T13:05:28.872Z,2026-09-14T08:46:58.872Z,telemetry,boiler_01,12,5,55,2483,65,65
,,0,2026-09-13T13:05:28.872Z,2026-09-14T13:05:28.872Z,2026-09-14T08:47:28.872Z,telemetry,boiler_01,12,5,55,2484,65,65
,,0,2026-09-13T13:05:28.872Z,2026-09-14T13:05:28.872Z,2026-09-14T08:47:58.872Z,telemetry,boiler_01,12,5,55,2485,65,65
,,0,2026-09-13T13:05:28.872Z,2026-09-14T13:05:28.872Z,2026-09-14T08:48:28.872Z,telemetry,boiler_01,12,5,55,2486,65,65
,,0,2026-09-13T13:05:28.872Z,2026-09-14T13:05:28.872Z,2026-09-14T08:48:58.872Z,telemetry,boiler_01,12,5,55,2487,65,65
,,0,2026-09-13T13:05:28.872Z,2026-09-14T13:05:28.872Z,2026-09-14T08:49:28.872Z,telemetry,boiler_01,12,5,55,2488,65,65
,,0,2026-09-13T13:05:28.872Z,2026-09-14T13:05:28.872Z,2026-09-14T08:49:58.872Z,telemetry,boiler_01,12,5,55,2489,65,65
,,0,2026-09-13T13:05:28.872Z,2026-09-14T13:05:28.872Z,2026-09-14T08:50:28.872Z,telemetry,boiler_01,12,0,52.95,2490,65,62.95
,,0,2026-09-13T13:05:28.872Z,2026-09-14T13:05:28.872Z,2026-09-14T08:50:58.872Z,telemetry,boiler_01,12,0,50.85,2491,65,60.85
,,0,2026-09-13T13:05:28.872Z,2026-09-14T13:05:28.872Z,2026-09-14T08:51:28.872Z,telemetry,boiler_01,12,0,48.86,2492,65,58.86
,,0,2026-09-13T13:05:28.872Z,2026-09-14T13:05:28.872Z,2026-09-14T08:51:58.872Z,telemetry,boiler_01,12,0,46.97,2493,65,56.97
,,0,2026-09-13T13:05:28.872Z,2026-09-14T13:05:28.872Z,2026-09-14T08:52:28.872Z,telemetry,boiler_01,12,0,45.16,2494,65,55.16
,,0,2026-09-13T13:05:28.872Z,2026-09-14T13:05:28.872Z,2026-09-14T08:52:58.872Z,telemetry,boiler_01,12,0,43.45,2495,65,53.45
,,0,2026-09-13T13:05:28.872Z,2026-09-14T13:05:28.872Z,2026-09-14T08:53:28.872Z,telemetry,boiler_01,12,0,41.82,2496,65,51.82
,,0,2026-09-13T13:05:28.872Z,2026-09-14T13:05:28.872Z,2026-09-14T08:53:58.872Z,telemetry,boiler_01,12,0,40.27,2497,65,50.27
,,0,2026-09-13T13:05:28.872Z,2026-09-14T13:05:28.872Z,2026-09-14T08:54:28.872Z,telemetry,boiler_01,12,0,38.79,2498,65,48.79
,,0,2026-09-13T13:05:28.872Z,2026-09-14T13:05:28.872Z,2026-09-14T08:54:58.872Z,telemetry,boiler_01,12,0,37.39,2499,65,47.39
,,0,2026-09-13T13:05:28.872Z,2026-09-14T13:05:28.872Z,2026-09-14T08:55:28.873Z,telemetry,boiler_01,12,0,36.05,2500,65,46.05
,,0,2026-09-13T13:05:28.872Z,2026-09-14T13:05:28.872Z,2026-09-14T08:55:58.872Z,telemetry,boiler_01,12,0,34.78,2501,65,44.78
,,0,2026-09-13T13:05:28.872Z,2026-09-14T13:05:28.872Z,2026-09-14T08:56:28.872Z,telemetry,boiler_01,12,0,33.57,2502,65,43.57
,,0,2026-09-13T13:05:28.872Z,2026-09-14T13:05:28.872Z,2026-09-14T08:56:58.872Z,telemetry,boiler_01,12,0,32.42,2503,65,42.42
,,0,2026-09-13T13:05:28.872Z,2026-09-14T13:05:28.872Z,2026-09-14T08:57:28.872Z,telemetry,boiler_01,12,0,31.33,2504,65,41.33
,,0,2026-09-13T13:05:28.872Z,2026-09-14T13:05:28.872Z,2026-09-14T08:57:58.872Z,telemetry,boiler_01,12,0,30.29,2505,65,40.29
,,0,2026-09-13T13:05:28.872Z,2026-09-14T13:05:28.872Z,2026-09-14T08:58:28.872Z,telemetry,boiler_01,12,0,29.3,2506,65,39.3
,,0,2026-09-13T13:05:28.872Z,2026-09-14T13:05:28.872Z,2026-09-14T08:58:58.872Z,telemetry,boiler_01,12,0,28.36,2507,65,38.36
,,0,2026-09-13T13:05:28.872Z,2026-09-14T13:05:28.872Z,2026-09-14T08:59:28.872Z,telemetry,boiler_01,12,0,27.46,2508,65,37.46
,,0,2026-09-13T13:05:28.872Z,2026-09-14T13:05:28.872Z,2026-09-14T08:59:58.872Z,telemetry,boiler_01,12,0,26.61,2509,65,36.61
,,0,2026-09-13T13:05:28.872Z,2026-09-14T13:05:28.872Z,2026-09-14T09:00:28.872Z,telemetry,boiler_01,12,5,45.72,2510,65,55.72
,,0,2026-09-13T13:05:28.872Z,2026-09-14T13:05:28.872Z,2026-09-14T09:00:58.872Z,telemetry,boiler_01,12,5,52.2,2511,65,62.2
,,0,2026-09-13T13:05:28.872Z,2026-09-14T13:05:28.872Z,2026-09-14T09:01:28.872Z,telemetry,boiler_01,12,5,54.16,2512,65,64.16
,,0,2026-09-13T13:05:28.872Z,2026-09-14T13:05:28.872Z,2026-09-14T09:01:58.872Z,telemetry,boiler_01,12,5,54.75,2513,65,64.75
,,0,2026-09-13T13:05:28.872Z,2026-09-14T13:05:28.872Z,2026-09-14T09:02:28.872Z,telemetry,boiler_01,12,5,54.92,2514,65,64.92
,,0,2026-09-13T13:05:28.872Z,2026-09-14T13:05:28.872Z,2026-09-14T09:02:58.872Z,telemetry,boiler_01,12,5,54.98,2515,65,64.98
,,0,2026-09-13T13:05:28.872Z,2026-09-14T13:05:28.872Z,2026-09-14T09:03:28.872Z,telemetry,boiler_01,12,5,54.99,2516,65,64.99
,,0,2026-09-13T13:05:28.872Z,2026-09-14T13:05:28.872Z,2026-09-14T09:03:58.872Z,telemetry,boiler_01,12,5,55,2517,65,65
,,0,2026-09-13T13:05:28.872Z,2026-09-14T13:05:28.872Z,2026-09-14T09:04:28.872Z,telemetry,boiler_01,12,5,55,2518,65,65
,,0,2026-09-13T13:05:28.872Z,2026-09-14T13:05:28.872Z,2026-09-14T09:04:58.872Z,telemetry,boiler_01,12,5,55,2519,65,65
,,0,2026-09-13T13:05:28.872Z,2026-09-14T13:05:28.872Z,2026-09-14T09:05:28.873Z,telemetry,boiler_01,12,5,55,2520,65,65
,,0,2026-09-13T13:05:28.872Z,2026-09-14T13:05:28.872Z,2026-09-14T09:05:58.872Z,telemetry,boiler_01,12,5,55,2521,65,65
,,0,2026-09-13T13:05:28.872Z,2026-09-14T13:05:28.872Z,2026-09-14T09:06:28.872Z,telemetry,boiler_01,12,5,55,2522,65,65
,,0,2026-09-13T13:05:28.872Z,2026-09-14T13:05:28.872Z,2026-09-14T09:06:58.872Z,telemetry,boiler_01,12,5,55,2523,65,65
,,0,2026-09-13T13:05:28.872Z,2026-09-14T13:05:28.872Z,2026-09-14T09:07:28.872Z,telemetry,boiler_01,12,5,55,2524,65,65
,,0,2026-09-13T13:05:28.872Z,2026-09-14T13:05:28.872Z,2026-09-14T09:07:58.872Z,telemetry,boiler_01,12,5,55,2525,65,65
,,0,2026-09-13T13:05:28.872Z,2026-09-14T13:05:28.872Z,2026-09-14T09:08:28.872Z,telemetry,boiler_01,12,5,55,2526,65,65
,,0,2026-09-13T13:05:28.872Z,2026-09-14T13:05:28.872Z,2026-09-14T09:08:58.872Z,telemetry,boiler_01,12,5,55,2527,65,65
,,0,2026-09-13T13:05:28.872Z,2026-09-14T13:05:28.872Z,2026-09-14T09:09:28.872Z,telemetry,boiler_01,12,5,55,2528,65,65
,,0,2026-09-13T13:05:28.872Z,2026-09-14T13:05:28.872Z,2026-09-14T09:09:58.872Z,telemetry,boiler_01,12,5,55,2529,65,65
,,0,2026-09-13T13:05:28.872Z,2026-09-14T13:05:28.872Z,2026-09-14T09:10:28.872Z,telemetry,boiler_01,12,0,52.95,2530,65,62.95
,,0,2026-09-13T13:05:28.872Z,2026-09-14T13:05:28.872Z,2026-09-14T09:10:58.872Z,telemetry,boiler_01,12,0,50.85,2531,65,60.85
,,0,2026-09-13T13:05:28.872Z,2026-09-14T13:05:28.872Z,2026-09-14T09:11:28.872Z,telemetry,boiler_01,12,0,48.86,2532,65,58.86
,,0,2026-09-13T13:05:28.872Z,2026-09-14T13:05:28.872Z,2026-09-14T09:11:58.872Z,telemetry,boiler_01,12,0,46.97,2533,65,56.97
,,0,2026-09-13T13:05:28.872Z,2026-09-14T13:05:28.872Z,2026-09-14T09:12:28.872Z,telemetry,boiler_01,12,0,45.16,2534,65,55.16
,,0,2026-09-13T13:05:28.872Z,2026-09-14T13:05:28.872Z,2026-09-14T09:12:58.872Z,telemetry,boiler_01,12,0,43.45,2535,65,53.45
,,0,2026-09-13T13:05:28.872Z,2026-09-14T13:05:28.872Z,2026-09-14T09:13:28.872Z,telemetry,boiler_01,12,0,41.82,2536,65,51.82
,,0,2026-09-13T13:05:28.872Z,2026-09-14T13:05:28.872Z,2026-09-14T09:13:58.872Z,telemetry,boiler_01,12,0,40.27,2537,65,50.27
,,0,2026-09-13T13:05:28.872Z,2026-09-14T13:05:28.872Z,2026-09-14T09:14:28.872Z,telemetry,boiler_01,12,0,38.79,2538,65,48.79
,,0,2026-09-13T13:05:28.872Z,2026-09-14T13:05:28.872Z,2026-09-14T09:14:58.872Z,telemetry,boiler_01,12,0,37.39,2539,65,47.39
,,0,2026-09-13T13:05:28.872Z,2026-09-14T13:05:28.872Z,2026-09-14T09:15:28.872Z,telemetry,boiler_01,12,0,36.05,2540,65,46.05
,,0,2026-09-13T13:05:28.872Z,2026-09-14T13:05:28.872Z,2026-09-14T09:15:58.872Z,telemetry,boiler_01,12,0,34.78,2541,65,44.78
,,0,2026-09-13T13:05:28.872Z,2026-09-14T13:05:28.872Z,2026-09-14T09:16:28.872Z,telemetry,boiler_01,12,0,33.57,2542,65,43.57
,,0,2026-09-13T13:05:28.872Z,2026-09-14T13:05:28.872Z,2026-09-14T09:16:58.872Z,telemetry,boiler_01,12,0,32.42,2543,65,42.42
,,0,2026-09-13T13:05:28.872Z,2026-09-14T13:05:28.872Z,2026-09-14T09:17:28.872Z,telemetry,boiler_01,12,0,31.33,2544,65,41.33
,,0,2026-09-13T13:05:28.872Z,2026-09-14T13:05:28.872Z,2026-09-14T09:17:58.872Z,telemetry,boiler_01,12,0,30.29,2545,65,40.29
,,0,2026-09-13T13:05:28.872Z,2026-09-14T13:05:28.872Z,2026-09-14T09:18:28.872Z,telemetry,boiler_01,12,0,29.3,2546,65,39.3
,,0,2026-09-13T13:05:28.872Z,2026-09-14T13:05:28.872Z,2026-09-14T09:18:58.872Z,telemetry,boiler_01,12,0,28.36,2547,65,38.36
,,0,2026-09-13T13:05:28.872Z,2026-09-14T13:05:28.872Z,2026-09-14T09:19:28.872Z,telemetry,boiler_01,12,0,27.46,2548,65,37.46
,,0,2026-09-13T13:05:28.872Z,2026-09-14T13:05:28.872Z,2026-09-14T09:19:58.872Z,telemetry,boiler_01,12,0,26.61,2549,65,36.61
,,0,2026-09-13T13:05:28.872Z,2026-09-14T13:05:28.872Z,2026-09-14T09:20:28.872Z,telemetry,boiler_01,12,5,45.72,2550,65,55.72
,,0,2026-09-13T13:05:28.872Z,2026-09-14T13:05:28.872Z,2026-09-14T09:20:58.872Z,telemetry,boiler_01,12,5,52.2,2551,65,62.2
,,0,2026-09-13T13:05:28.872Z,2026-09-14T13:05:28.872Z,2026-09-14T09:21:28.872Z,telemetry,boiler_01,12,5,54.16,2552,65,64.16
,,0,2026-09-13T13:05:28.872Z,2026-09-14T13:05:28.872Z,2026-09-14T09:21:58.872Z,telemetry,boiler_01,12,5,54.75,2553,65,64.75
,,0,2026-09-13T13:05:28.872Z,2026-09-14T13:05:28.872Z,2026-09-14T09:22:28.872Z,telemetry,boiler_01,12,5,54.92,2554,65,64.92
,,0,2026-09-13T13:05:28.872Z,2026-09-14T13:05:28.872Z,2026-09-14T09:22:58.872Z,telemetry,boiler_01,12,5,54.98,2555,65,64.98
,,0,2026-09-13T13:05:28.872Z,2026-09-14T13:05:28.872Z,2026-09-14T09:23:28.872Z,telemetry,boiler_01,12,5,54.99,2556,65,64.99
,,0,2026-09-13T13:05:28.872Z,2026-09-14T13:05:28.872Z,2026-09-14T09:23:58.872Z,telemetry,boiler_01,12,5,55,2557,65,65
,,0,2026-09-13T13:05:28.872Z,2026-09-14T13:05:28.872Z,2026-09-14T09:24:28.872Z,telemetry,boiler_01,12,5,55,2558,65,65
,,0,2026-09-13T13:05:28.872Z,2026-09-14T13:05:28.872Z,2026-09-14T09:24:58.872Z,telemetry,boiler_01,12,5,55,2559,65,65
,,0,2026-09-13T13:05:28.872Z,2026-09-14T13:05:28.872Z,2026-09-14T09:25:28.873Z,telemetry,boiler_01,12,5,55,2560,65,65
,,0,2026-09-13T13:05:28.872Z,2026-09-14T13:05:28.872Z,2026-09-14T09:25:58.872Z,telemetry,boiler_01,12,5,55,2561,65,65
,,0,2026-09-13T13:05:28.872Z,2026-09-14T13:05:28.872Z,2026-09-14T09:26:28.872Z,telemetry,boiler_01,12,5,55,2562,65,65
,,0,2026-09-13T13:05:28.872Z,2026-09-14T13:05:28.872Z,2026-09-14T09:26:58.872Z,telemetry,boiler_01,12,5,55,2563,65,65
,,0,2026-09-13T13:05:28.872Z,2026-09-14T13:05:28.872Z,2026-09-14T09:27:28.872Z,telemetry,boiler_01,12,5,55,2564,65,65
,,0,2026-09-13T13:05:28.872Z,2026-09-14T13:05:28.872Z,2026-09-14T09:27:58.872Z,telemetry,boiler_01,12,5,55,2565,65,65
,,0,2026-09-13T13:05:28.872Z,2026-09-14T13:05:28.872Z,2026-09-14T09:28:28.872Z,telemetry,boiler_01,12,5,55,2566,65,65
,,0,2026-09-13T13:05:28.872Z,2026-09-14T13:05:28.872Z,2026-09-14T09:28:58.872Z,telemetry,boiler_01,12,5,55,2567,65,65
,,0,2026-09-13T13:05:28.872Z,2026-09-14T13:05:28.872Z,2026-09-14T09:29:28.872Z,telemetry,boiler_01,12,5,55,2568,65,65
,,0,2026-09-13T13:05:28.872Z,2026-09-14T13:05:28.872Z,2026-09-14T09:29:58.872Z,telemetry,boiler_01,12,5,55,2569,65,65
,,0,2026-09-13T13:05:28.872Z,2026-09-14T13:05:28.872Z,2026-09-14T09:30:28.872Z,telemetry,boiler_01,12,0,52.95,2570,65,62.95
,,0,2026-09-13T13:05:28.872Z,2026-09-14T13:05:28.872Z,2026-09-14T09:30:58.872Z,telemetry,boiler_01,12,0,50.85,2571,65,60.85
,,0,2026-09-13T13:05:28.872Z,2026-09-14T13:05:28.872Z,2026-09-14T09:31:28.872Z,telemetry,boiler_01,12,0,48.86,2572,65,58.86
,,0,2026-09-13T13:05:28.872Z,2026-09-14T13:05:28.872Z,2026-09-14T09:31:58.872Z,telemetry,boiler_01,12,0,46.97,2573,65,56.97
,,0,2026-09-13T13:05:28.872Z,2026-09-14T13:05:28.872Z,2026-09-14T09:32:28.872Z,telemetry,boiler_01,12,0,45.16,2574,65,55.16
,,0,2026-09-13T13:05:28.872Z,2026-09-14T13:05:28.872Z,2026-09-14T09:32:58.872Z,telemetry,boiler_01,12,0,43.45,2575,65,53.45
,,0,2026-09-13T13:05:28.872Z,2026-09-14T13:05:28.872Z,2026-09-14T09:33:28.872Z,telemetry,boiler_01,12,0,41.82,2576,65,51.82
,,0,2026-09-13T13:05:28.872Z,2026-09-14T13:05:28.872Z,2026-09-14T09:33:58.872Z,telemetry,boiler_01,12,0,40.27,2577,65,50.27
,,0,2026-09-13T13:05:28.872Z,2026-09-14T13:05:28.872Z,2026-09-14T09:34:28.872Z,telemetry,boiler_01,12,0,38.79,2578,65,48.79
,,0,2026-09-13T13:05:28.872Z,2026-09-14T13:05:28.872Z,2026-09-14T09:34:58.872Z,telemetry,boiler_01,12,0,37.39,2579,65,47.39
,,0,2026-09-13T13:05:28.872Z,2026-09-14T13:05:28.872Z,2026-09-14T09:35:28.872Z,telemetry,boiler_01,12,0,36.05,2580,65,46.05
,,0,2026-09-13T13:05:28.872Z,2026-09-14T13:05:28.872Z,2026-09-14T09:35:58.872Z,telemetry,boiler_01,12,0,34.78,2581,65,44.78
,,0,2026-09-13T13:05:28.872Z,2026-09-14T13:05:28.872Z,2026-09-14T09:36:28.872Z,telemetry,boiler_01,12,0,33.57,2582,65,43.57
,,0,2026-09-13T13:05:28.872Z,2026-09-14T13:05:28.872Z,2026-09-14T09:36:58.872Z,telemetry,boiler_01,12,0,32.42,2583,65,42.42
,,0,2026-09-13T13:05:28.872Z,2026-09-14T13:05:28.872Z,2026-09-14T09:37:28.872Z,telemetry,boiler_01,12,0,31.33,2584,65,41.33
,,0,2026-09-13T13:05:28.872Z,2026-09-14T13:05:28.872Z,2026-09-14T09:37:58.872Z,telemetry,boiler_01,12,0,30.29,2585,65,40.29
,,0,2026-09-13T13:05:28.872Z,2026-09-14T13:05:28.872Z,2026-09-14T09:38:28.872Z,telemetry,boiler_01,12,0,29.3,2586,65,39.3
,,0,2026-09-13T13:05:28.872Z,2026-09-14T13:05:28.872Z,2026-09-14T09:38:58.872Z,telemetry,boiler_01,12,0,28.36,2587,65,38.36
,,0,2026-09-13T13:05:28.872Z,2026-09-14T13:05:28.872Z,2026-09-14T09:39:28.872Z,telemetry,boiler_01,12,0,27.46,2588,65,37.46
,,0,2026-09-13T13:05:28.872Z,2026-09-14T13:05:28.872Z,2026-09-14T09:39:58.872Z,telemetry,boiler_01,12,0,26.61,2589,65,36.61
,,0,2026-09-13T13:05:28.872Z,2026-09-14T13:05:28.872Z,2026-09-14T09:40:28.872Z,telemetry,boiler_01,12,5,45.72,2590,65,55.72
,,0,2026-09-13T13:05:28.872Z,2026-09-14T13:05:28.872Z,2026-09-14T09:40:58.872Z,telemetry,boiler_01,12,5,52.2,2591,65,62.2
,,0,2026-09-13T13:05:28.872Z,2026-09-14T13:05:28.872Z,2026-09-14T09:41:28.872Z,telemetry,boiler_01,12,5,54.16,2592,65,64.16
,,0,2026-09-13T13:05:28.872Z,2026-09-14T13:05:28.872Z,2026-09-14T09:41:58.872Z,telemetry,boiler_01,12,5,54.75,2593,65,64.75
,,0,2026-09-13T13:05:28.872Z,2026-09-14T13:05:28.872Z,2026-09-14T09:42:28.872Z,telemetry,boiler_01,12,5,54.92,2594,65,64.92
,,0,2026-09-13T13:05:28.872Z,2026-09-14T13:05:28.872Z,2026-09-14T09:42:58.872Z,telemetry,boiler_01,12,5,54.98,2595,65,64.98
,,0,2026-09-13T13:05:28.872Z,2026-09-14T13:05:28.872Z,2026-09-14T09:43:28.872Z,telemetry,boiler_01,12,5,54.99,2596,65,64.99
,,0,2026-09-13T13:05:28.872Z,2026-09-14T13:05:28.872Z,2026-09-14T09:43:58.872Z,telemetry,boiler_01,12,5,55,2597,65,65
,,0,2026-09-13T13:05:28.872Z,2026-09-14T13:05:28.872Z,2026-09-14T09:44:28.872Z,telemetry,boiler_01,12,5,55,2598,65,65
,,0,2026-09-13T13:05:28.872Z,2026-09-14T13:05:28.872Z,2026-09-14T09:44:58.872Z,telemetry,boiler_01,12,5,55,2599,65,65
,,0,2026-09-13T13:05:28.872Z,2026-09-14T13:05:28.872Z,2026-09-14T09:45:28.872Z,telemetry,boiler_01,12,5,55,2600,65,65
,,0,2026-09-13T13:05:28.872Z,2026-09-14T13:05:28.872Z,2026-09-14T09:45:58.872Z,telemetry,boiler_01,12,5,55,2601,65,65
,,0,2026-09-13T13:05:28.872Z,2026-09-14T13:05:28.872Z,2026-09-14T09:46:28.872Z,telemetry,boiler_01,12,5,55,2602,65,65
,,0,2026-09-13T13:05:28.872Z,2026-09-14T13:05:28.872Z,2026-09-14T09:46:58.872Z,telemetry,boiler_01,12,5,55,2603,65,65
,,0,2026-09-13T13:05:28.872Z,2026-09-14T13:05:28.872Z,2026-09-14T09:47:28.872Z,telemetry,boiler_01,12,5,55,2604,65,65
,,0,2026-09-13T13:05:28.872Z,2026-09-14T13:05:28.872Z,2026-09-14T09:47:58.872Z,telemetry,boiler_01,12,5,55,2605,65,65
,,0,2026-09-13T13:05:28.872Z,2026-09-14T13:05:28.872Z,2026-09-14T09:48:28.872Z,telemetry,boiler_01,12,5,55,2606,65,65
,,0,2026-09-13T13:05:28.872Z,2026-09-14T13:05:28.872Z,2026-09-14T09:48:58.872Z,telemetry,boiler_01,12,5,55,2607,65,65
,,0,2026-09-13T13:05:28.872Z,2026-09-14T13:05:28.872Z,2026-09-14T09:49:28.872Z,telemetry,boiler_01,12,5,55,2608,65,65
,,0,2026-09-13T13:05:28.872Z,2026-09-14T13:05:28.872Z,2026-09-14T09:49:58.872Z,telemetry,boiler_01,12,5,55,2609,65,65
,,0,2026-09-13T13:05:28.872Z,2026-09-14T13:05:28.872Z,2026-09-14T09:50:28.872Z,telemetry,boiler_01,12,0,52.95,2610,65,62.95
,,0,2026-09-13T13:05:28.872Z,2026-09-14T13:05:28.872Z,2026-09-14T09:50:58.872Z,telemetry,boiler_01,12,0,50.85,2611,65,60.85
,,0,2026-09-13T13:05:28.872Z,2026-09-14T13:05:28.872Z,2026-09-14T09:51:28.872Z,telemetry,boiler_01,12,0,48.86,2612,65,58.86
,,0,2026-09-13T13:05:28.872Z,2026-09-14T13:05:28.872Z,2026-09-14T09:51:58.872Z,telemetry,boiler_01,12,0,46.97,2613,65,56.97
,,0,2026-09-13T13:05:28.872Z,2026-09-14T13:05:28.872Z,2026-09-14T09:52:28.872Z,telemetry,boiler_01,12,0,45.16,2614,65,55.16
,,0,2026-09-13T13:05:28.872Z,2026-09-14T13:05:28.872Z,2026-09-14T09:52:58.872Z,telemetry,boiler_01,12,0,43.45,2615,65,53.45
,,0,2026-09-13T13:05:28.872Z,2026-09-14T13:05:28.872Z,2026-09-14T09:53:28.872Z,telemetry,boiler_01,12,0,41.82,2616,65,51.82
,,0,2026-09-13T13:05:28.872Z,2026-09-14T13:05:28.872Z,2026-09-14T09:53:58.872Z,telemetry,boiler_01,12,0,40.27,2617,65,50.27
,,0,2026-09-13T13:05:28.872Z,2026-09-14T13:05:28.872Z,2026-09-14T09:54:28.872Z,telemetry,boiler_01,12,0,38.79,2618,65,48.79
,,0,2026-09-13T13:05:28.872Z,2026-09-14T13:05:28.872Z,2026-09-14T09:54:58.872Z,telemetry,boiler_01,12,0,37.39,2619,65,47.39
,,0,2026-09-13T13:05:28.872Z,2026-09-14T13:05:28.872Z,2026-09-14T09:55:28.873Z,telemetry,boiler_01,12,0,36.05,2620,65,46.05
,,0,2026-09-13T13:05:28.872Z,2026-09-14T13:05:28.872Z,2026-09-14T09:55:58.872Z,telemetry,boiler_01,12,0,34.78,2621,65,44.78
,,0,2026-09-13T13:05:28.872Z,2026-09-14T13:05:28.872Z,2026-09-14T09:56:28.872Z,telemetry,boiler_01,12,0,33.57,2622,65,43.57
,,0,2026-09-13T13:05:28.872Z,2026-09-14T13:05:28.872Z,2026-09-14T09:56:58.872Z,telemetry,boiler_01,12,0,32.42,2623,65,42.42
,,0,2026-09-13T13:05:28.872Z,2026-09-14T13:05:28.872Z,2026-09-14T09:57:28.872Z,telemetry,boiler_01,12,0,31.33,2624,65,41.33
,,0,2026-09-13T13:05:28.872Z,2026-09-14T13:05:28.872Z,2026-09-14T09:57:58.872Z,telemetry,boiler_01,12,0,30.29,2625,65,40.29
,,0,2026-09-13T13:05:28.872Z,2026-09-14T13:05:28.872Z,2026-09-14T09:58:28.872Z,telemetry,boiler_01,12,0,29.3,2626,65,39.3
,,0,2026-09-13T13:05:28.872Z,2026-09-14T13:05:28.872Z,2026-09-14T09:58:58.872Z,telemetry,boiler_01,12,0,28.36,2627,65,38.36
,,0,2026-09-13T13:05:28.872Z,2026-09-14T13:05:28.872Z,2026-09-14T09:59:28.872Z,telemetry,boiler_01,12,0,27.46,2628,65,37.46
,,0,2026-09-13T13:05:28.872Z,2026-09-14T13:05:28.872Z,2026-09-14T09:59:58.872Z,telemetry,boiler_01,12,0,26.61,2629,65,36.61
,,0,2026-09-13T13:05:28.872Z,2026-09-14T13:05:28.872Z,2026-09-14T10:00:28.872Z,telemetry,boiler_01,12,5,45.72,2630,65,55.72
,,0,2026-09-13T13:05:28.872Z,2026-09-14T13:05:28.872Z,2026-09-14T10:00:58.872Z,telemetry,boiler_01,12,5,52.2,2631,65,62.2
,,0,2026-09-13T13:05:28.872Z,2026-09-14T13:05:28.872Z,2026-09-14T10:01:28.872Z,telemetry,boiler_01,12,5,54.16,2632,65,64.16
,,0,2026-09-13T13:05:28.872Z,2026-09-14T13:05:28.872Z,2026-09-14T10:01:58.872Z,telemetry,boiler_01,12,5,54.75,2633,65,64.75
,,0,2026-09-13T13:05:28.872Z,2026-09-14T13:05:28.872Z,2026-09-14T10:02:28.872Z,telemetry,boiler_01,12,5,54.92,2634,65,64.92
,,0,2026-09-13T13:05:28.872Z,2026-09-14T13:05:28.872Z,2026-09-14T10:02:58.872Z,telemetry,boiler_01,12,5,54.98,2635,65,64.98
,,0,2026-09-13T13:05:28.872Z,2026-09-14T13:05:28.872Z,2026-09-14T10:03:28.872Z,telemetry,boiler_01,12,5,54.99,2636,65,64.99
,,0,2026-09-13T13:05:28.872Z,2026-09-14T13:05:28.872Z,2026-09-14T10:03:58.872Z,telemetry,boiler_01,12,5,55,2637,65,65
,,0,2026-09-13T13:05:28.872Z,2026-09-14T13:05:28.872Z,2026-09-14T10:04:28.872Z,telemetry,boiler_01,12,5,55,2638,65,65
,,0,2026-09-13T13:05:28.872Z,2026-09-14T13:05:28.872Z,2026-09-14T10:04:58.872Z,telemetry,boiler_01,12,5,55,2639,65,65
,,0,2026-09-13T13:05:28.872Z,2026-09-14T13:05:28.872Z,2026-09-14T10:05:28.872Z,telemetry,boiler_01,12,5,55,2640,65,65
,,0,2026-09-13T13:05:28.872Z,2026-09-14T13:05:28.872Z,2026-09-14T10:05:58.872Z,telemetry,boiler_01,12,5,55,2641,65,65
,,0,2026-09-13T13:05:28.872Z,2026-09-14T13:05:28.872Z,2026-09-14T10:06:28.872Z,telemetry,boiler_01,12,5,55,2642,65,65
,,0,2026-09-13T13:05:28.872Z,2026-09-14T13:05:28.872Z,2026-09-14T10:06:58.872Z,telemetry,boiler_01,12,5,55,2643,65,65
,,0,2026-09-13T13:05:28.872Z,2026-09-14T13:05:28.872Z,2026-09-14T10:07:28.872Z,telemetry,boiler_01,12,5,55,2644,65,65
,,0,2026-09-13T13:05:28.872Z,2026-09-14T13:05:28.872Z,2026-09-14T10:07:58.872Z,telemetry,boiler_01,12,5,55,2645,65,65
,,0,2026-09-13T13:05:28.872Z,2026-09-14T13:05:28.872Z,2026-09-14T10:08:28.872Z,telemetry,boiler_01,12,5,55,2646,65,65
,,0,2026-09-13T13:05:28.872Z,2026-09-14T13:05:28.872Z,2026-09-14T10:08:58.872Z,telemetry,boiler_01,12,5,55,2647,65,65
,,0,2026-09-13T13:05:28.872Z,2026-09-14T13:05:28.872Z,2026-09-14T10:09:28.872Z,telemetry,boiler_01,12,5,55,2648,65,65
,,0,2026-09-13T13:05:28.872Z,2026-09-14T13:05:28.872Z,2026-09-14T10:09:58.872Z,telemetry,boiler_01,12,5,55,2649,65,65
,,0,2026-09-13T13:05:28.872Z,2026-09-14T13:05:28.872Z,2026-09-14T10:10:28.872Z,telemetry,boiler_01,12,0,52.95,2650,65,62.95
,,0,2026-09-13T13:05:28.872Z,2026-09-14T13:05:28.872Z,2026-09-14T10:10:58.872Z,telemetry,boiler_01,12,0,50.85,2651,65,60.85
,,0,2026-09-13T13:05:28.872Z,2026-09-14T13:05:28.872Z,2026-09-14T10:11:28.872Z,telemetry,boiler_01,12,0,48.86,2652,65,58.86
,,0,2026-09-13T13:05:28.872Z,2026-09-14T13:05:28.872Z,2026-09-14T10:11:58.872Z,telemetry,boiler_01,12,0,46.97,2653,65,56.97
,,0,2026-09-13T13:05:28.872Z,2026-09-14T13:05:28.872Z,2026-09-14T10:12:28.872Z,telemetry,boiler_01,12,0,45.16,2654,65,55.16
,,0,2026-09-13T13:05:28.872Z,2026-09-14T13:05:28.872Z,2026-09-14T10:12:58.872Z,telemetry,boiler_01,12,0,43.45,2655,65,53.45
,,0,2026-09-13T13:05:28.872Z,2026-09-14T13:05:28.872Z,2026-09-14T10:13:28.872Z,telemetry,boiler_01,12,0,41.82,2656,65,51.82
,,0,2026-09-13T13:05:28.872Z,2026-09-14T13:05:28.872Z,2026-09-14T10:13:58.872Z,telemetry,boiler_01,12,0,40.27,2657,65,50.27
,,0,2026-09-13T13:05:28.872Z,2026-09-14T13:05:28.872Z,2026-09-14T10:14:28.872Z,telemetry,boiler_01,12,0,38.79,2658,65,48.79
,,0,2026-09-13T13:05:28.872Z,2026-09-14T13:05:28.872Z,2026-09-14T10:14:58.872Z,telemetry,boiler_01,12,0,37.39,2659,65,47.39
,,0,2026-09-13T13:05:28.872Z,2026-09-14T13:05:28.872Z,2026-09-14T10:15:28.872Z,telemetry,boiler_01,12,0,36.05,2660,65,46.05
,,0,2026-09-13T13:05:28.872Z,2026-09-14T13:05:28.872Z,2026-09-14T10:15:58.872Z,telemetry,boiler_01,12,0,34.78,2661,65,44.78
,,0,2026-09-13T13:05:28.872Z,2026-09-14T13:05:28.872Z,2026-09-14T10:16:28.872Z,telemetry,boiler_01,12,0,33.57,2662,65,43.57
,,0,2026-09-13T13:05:28.872Z,2026-09-14T13:05:28.872Z,2026-09-14T10:16:58.872Z,telemetry,boiler_01,12,0,32.42,2663,65,42.42
,,0,2026-09-13T13:05:28.872Z,2026-09-14T13:05:28.872Z,2026-09-14T10:17:28.872Z,telemetry,boiler_01,12,0,31.33,2664,65,41.33
,,0,2026-09-13T13:05:28.872Z,2026-09-14T13:05:28.872Z,2026-09-14T10:17:58.872Z,telemetry,boiler_01,12,0,30.29,2665,65,40.29
,,0,2026-09-13T13:05:28.872Z,2026-09-14T13:05:28.872Z,2026-09-14T10:18:28.872Z,telemetry,boiler_01,12,0,29.3,2666,65,39.3
,,0,2026-09-13T13:05:28.872Z,2026-09-14T13:05:28.872Z,2026-09-14T10:18:58.872Z,telemetry,boiler_01,12,0,28.36,2667,65,38.36
,,0,2026-09-13T13:05:28.872Z,2026-09-14T13:05:28.872Z,2026-09-14T10:19:28.872Z,telemetry,boiler_01,12,0,27.46,2668,65,37.46
,,0,2026-09-13T13:05:28.872Z,2026-09-14T13:05:28.872Z,2026-09-14T10:19:58.872Z,telemetry,boiler_01,12,0,26.61,2669,65,36.61
,,0,2026-09-13T13:05:28.872Z,2026-09-14T13:05:28.872Z,2026-09-14T10:20:28.872Z,telemetry,boiler_01,12,5,45.72,2670,65,55.72
,,0,2026-09-13T13:05:28.872Z,2026-09-14T13:05:28.872Z,2026-09-14T10:20:58.872Z,telemetry,boiler_01,12,5,52.2,2671,65,62.2
,,0,2026-09-13T13:05:28.872Z,2026-09-14T13:05:28.872Z,2026-09-14T10:21:28.872Z,telemetry,boiler_01,12,5,54.16,2672,65,64.16
,,0,2026-09-13T13:05:28.872Z,2026-09-14T13:05:28.872Z,2026-09-14T10:21:58.872Z,telemetry,boiler_01,12,5,54.75,2673,65,64.75
,,0,2026-09-13T13:05:28.872Z,2026-09-14T13:05:28.872Z,2026-09-14T10:22:28.872Z,telemetry,boiler_01,12,5,54.92,2674,65,64.92
,,0,2026-09-13T13:05:28.872Z,2026-09-14T13:05:28.872Z,2026-09-14T10:22:58.872Z,telemetry,boiler_01,12,5,54.98,2675,65,64.98
,,0,2026-09-13T13:05:28.872Z,2026-09-14T13:05:28.872Z,2026-09-14T10:23:28.872Z,telemetry,boiler_01,12,5,54.99,2676,65,64.99
,,0,2026-09-13T13:05:28.872Z,2026-09-14T13:05:28.872Z,2026-09-14T10:23:58.872Z,telemetry,boiler_01,12,5,55,2677,65,65
,,0,2026-09-13T13:05:28.872Z,2026-09-14T13:05:28.872Z,2026-09-14T10:24:28.872Z,telemetry,boiler_01,12,5,55,2678,65,65
,,0,2026-09-13T13:05:28.872Z,2026-09-14T13:05:28.872Z,2026-09-14T10:24:58.872Z,telemetry,boiler_01,12,5,55,2679,65,65
,,0,2026-09-13T13:05:28.872Z,2026-09-14T13:05:28.872Z,2026-09-14T10:25:28.872Z,telemetry,boiler_01,12,5,55,2680,65,65
,,0,2026-09-13T13:05:28.872Z,2026-09-14T13:05:28.872Z,2026-09-14T10:25:58.872Z,telemetry,boiler_01,12,5,55,2681,65,65
,,0,2026-09-13T13:05:28.872Z,2026-09-14T13:05:28.872Z,2026-09-14T10:26:28.872Z,telemetry,boiler_01,12,5,55,2682,65,65
,,0,2026-09-13T13:05:28.872Z,2026-09-14T13:05:28.872Z,2026-09-14T10:26:58.872Z,telemetry,boiler_01,12,5,55,2683,65,65
,,0,2026-09-13T13:05:28.872Z,2026-09-14T13:05:28.872Z,2026-09-14T10:27:28.872Z,telemetry,boiler_01,12,5,55,2684,65,65
,,0,2026-09-13T13:05:28.872Z,2026-09-14T13:05:28.872Z,2026-09-14T10:27:58.872Z,telemetry,boiler_01,12,5,55,2685,65,65
,,0,2026-09-13T13:05:28.872Z,2026-09-14T13:05:28.872Z,2026-09-14T10:28:28.872Z,telemetry,boiler_01,12,5,55,2686,65,65
,,0,2026-09-13T13:05:28.872Z,2026-09-14T13:05:28.872Z,2026-09-14T10:28:58.872Z,telemetry,boiler_01,12,5,55,2687,65,65
,,0,2026-09-13T13:05:28.872Z,2026-09-14T13:05:28.872Z,2026-09-14T10:29:28.872Z,telemetry,boiler_01,12,5,55,2688,65,65
,,0,2026-09-13T13:05:28.872Z,2026-09-14T13:05:28.872Z,2026-09-14T10:29:58.872Z,telemetry,boiler_01,12,5,55,2689,65,65
,,0,2026-09-13T13:05:28.872Z,2026-09-14T13:05:28.872Z,2026-09-14T10:30:28.872Z,telemetry,boiler_01,12,0,52.95,2690,65,62.95
,,0,2026-09-13T13:05:28.872Z,2026-09-14T13:05:28.872Z,2026-09-14T10:30:58.872Z,telemetry,boiler_01,12,0,50.85,2691,65,60.85
,,0,2026-09-13T13:05:28.872Z,2026-09-14T13:05:28.872Z,2026-09-14T10:31:28.872Z,telemetry,boiler_01,12,0,48.86,2692,65,58.86
,,0,2026-09-13T13:05:28.872Z,2026-09-14T13:05:28.872Z,2026-09-14T10:31:58.872Z,telemetry,boiler_01,12,0,46.97,2693,65,56.97
,,0,2026-09-13T13:05:28.872Z,2026-09-14T13:05:28.872Z,2026-09-14T10:32:28.872Z,telemetry,boiler_01,12,0,45.16,2694,65,55.16
,,0,2026-09-13T13:05:28.872Z,2026-09-14T13:05:28.872Z,2026-09-14T10:32:58.872Z,telemetry,boiler_01,12,0,43.45,2695,65,53.45
,,0,2026-09-13T13:05:28.872Z,2026-09-14T13:05:28.872Z,2026-09-14T10:33:28.872Z,telemetry,boiler_01,12,0,41.82,2696,65,51.82
,,0,2026-09-13T13:05:28.872Z,2026-09-14T13:05:28.872Z,2026-09-14T10:33:58.872Z,telemetry,boiler_01,12,0,40.27,2697,65,50.27
,,0,2026-09-13T13:05:28.872Z,2026-09-14T13:05:28.872Z,2026-09-14T10:34:28.872Z,telemetry,boiler_01,12,0,38.79,2698,65,48.79
,,0,2026-09-13T13:05:28.872Z,2026-09-14T13:05:28.872Z,2026-09-14T10:34:58.872Z,telemetry,boiler_01,12,0,37.39,2699,65,47.39
,,0,2026-09-13T13:05:28.872Z,2026-09-14T13:05:28.872Z,2026-09-14T10:35:28.872Z,telemetry,boiler_01,12,0,36.05,2700,65,46.05
,,0,2026-09-13T13:05:28.872Z,2026-09-14T13:05:28.872Z,2026-09-14T10:35:58.872Z,telemetry,boiler_01,12,0,34.78,2701,65,44.78
,,0,2026-09-13T13:05:28.872Z,2026-09-14T13:05:28.872Z,2026-09-14T10:36:28.872Z,telemetry,boiler_01,12,0,33.57,2702,65,43.57
,,0,2026-09-13T13:05:28.872Z,2026-09-14T13:05:28.872Z,2026-09-14T10:36:58.872Z,telemetry,boiler_01,12,0,32.42,2703,65,42.42
,,0,2026-09-13T13:05:28.872Z,2026-09-14T13:05:28.872Z,2026-09-14T10:37:28.872Z,telemetry,boiler_01,12,0,31.33,2704,65,41.33
,,0,2026-09-13T13:05:28.872Z,2026-09-14T13:05:28.872Z,2026-09-14T10:37:58.872Z,telemetry,boiler_01,12,0,30.29,2705,65,40.29
,,0,2026-09-13T13:05:28.872Z,2026-09-14T13:05:28.872Z,2026-09-14T10:38:28.872Z,telemetry,boiler_01,12,0,29.3,2706,65,39.3
,,0,2026-09-13T13:05:28.872Z,2026-09-14T13:05:28.872Z,2026-09-14T10:38:58.872Z,telemetry,boiler_01,12,0,28.36,2707,65,38.36
,,0,2026-09-13T13:05:28.872Z,2026-09-14T13:05:28.872Z,2026-09-14T10:39:28.872Z,telemetry,boiler_01,12,0,27.46,2708,65,37.46
,,0,2026-09-13T13:05:28.872Z,2026-09-14T13:05:28.872Z,2026-09-14T10:39:58.872Z,telemetry,boiler_01,12,0,26.61,2709,65,36.61
,,0,2026-09-13T13:05:28.872Z,2026-09-14T13:05:28.872Z,2026-09-14T10:40:28.872Z,telemetry,boiler_01,12,5,45.72,2710,65,55.72
,,0,2026-09-13T13:05:28.872Z,2026-09-14T13:05:28.872Z,2026-09-14T10:40:58.872Z,telemetry,boiler_01,12,5,52.2,2711,65,62.2
,,0,2026-09-13T13:05:28.872Z,2026-09-14T13:05:28.872Z,2026-09-14T10:41:28.872Z,telemetry,boiler_01,12,5,54.16,2712,65,64.16
,,0,2026-09-13T13:05:28.872Z,2026-09-14T13:05:28.872Z,2026-09-14T10:41:58.872Z,telemetry,boiler_01,12,5,54.75,2713,65,64.75
,,0,2026-09-13T13:05:28.872Z,2026-09-14T13:05:28.872Z,2026-09-14T10:42:28.872Z,telemetry,boiler_01,12,5,54.92,2714,65,64.92
,,0,2026-09-13T13:05:28.872Z,2026-09-14T13:05:28.872Z,2026-09-14T10:42:58.872Z,telemetry,boiler_01,12,5,54.98,2715,65,64.98
,,0,2026-09-13T13:05:28.872Z,2026-09-14T13:05:28.872Z,2026-09-14T10:43:28.872Z,telemetry,boiler_01,12,5,54.99,2716,65,64.99
,,0,2026-09-13T13:05:28.872Z,2026-09-14T13:05:28.872Z,2026-09-14T10:43:58.872Z,telemetry,boiler_01,12,5,55,2717,65,65
,,0,2026-09-13T13:05:28.872Z,2026-09-14T13:05:28.872Z,2026-09-14T10:44:28.872Z,telemetry,boiler_01,12,5,55,2718,65,65
,,0,2026-09-13T13:05:28.872Z,2026-09-14T13:05:28.872Z,2026-09-14T10:44:58.872Z,telemetry,boiler_01,12,5,55,2719,65,65
,,0,2026-09-13T13:05:28.872Z,2026-09-14T13:05:28.872Z,2026-09-14T10:45:28.872Z,telemetry,boiler_01,12,5,55,2720,65,65
,,0,2026-09-13T13:05:28.872Z,2026-09-14T13:05:28.872Z,2026-09-14T10:45:58.872Z,telemetry,boiler_01,12,5,55,2721,65,65
,,0,2026-09-13T13:05:28.872Z,2026-09-14T13:05:28.872Z,2026-09-14T10:46:28.872Z,telemetry,boiler_01,12,5,55,2722,65,65
,,0,2026-09-13T13:05:28.872Z,2026-09-14T13:05:28.872Z,2026-09-14T10:46:58.872Z,telemetry,boiler_01,12,5,55,2723,65,65
,,0,2026-09-13T13:05:28.872Z,2026-09-14T13:05:28.872Z,2026-09-14T10:47:28.872Z,telemetry,boiler_01,12,5,55,2724,65,65
,,0,2026-09-13T13:05:28.872Z,2026-09-14T13:05:28.872Z,2026-09-14T10:47:58.872Z,telemetry,boiler_01,12,5,55,2725,65,65
,,0,2026-09-13T13:05:28.872Z,2026-09-14T13:05:28.872Z,2026-09-14T10:48:28.872Z,telemetry,boiler_01,12,5,55,2726,65,65
,,0,2026-09-13T13:05:28.872Z,2026-09-14T13:05:28.872Z,2026-09-14T10:48:58.872Z,telemetry,boiler_01,12,5,55,2727,65,65
,,0,2026-09-13T13:05:28.872Z,2026-09-14T13:05:28.872Z,2026-09-14T10:49:28.872Z,telemetry,boiler_01,12,5,55,2728,65,65
,,0,2026-09-13T13:05:28.872Z,2026-09-14T13:05:28.872Z,2026-09-14T10:49:58.872Z,telemetry,boiler_01,12,5,55,2729,65,65
,,0,2026-09-13T13:05:28.872Z,2026-09-14T13:05:28.872Z,2026-09-14T10:50:28.872Z,telemetry,boiler_01,12,0,52.95,2730,65,62.95
,,0,2026-09-13T13:05:28.872Z,2026-09-14T13:05:28.872Z,2026-09-14T10:50:58.872Z,telemetry,boiler_01,12,0,50.85,2731,65,60.85
,,0,2026-09-13T13:05:28.872Z,2026-09-14T13:05:28.872Z,2026-09-14T10:51:28.872Z,telemetry,boiler_01,12,0,48.86,2732,65,58.86
,,0,2026-09-13T13:05:28.872Z,2026-09-14T13:05:28.872Z,2026-09-14T10:51:58.872Z,telemetry,boiler_01,12,0,46.97,2733,65,56.97
,,0,2026-09-13T13:05:28.872Z,2026-09-14T13:05:28.872Z,2026-09-14T10:52:28.872Z,telemetry,boiler_01,12,0,45.16,2734,65,55.16
,,0,2026-09-13T13:05:28.872Z,2026-09-14T13:05:28.872Z,2026-09-14T10:52:58.872Z,telemetry,boiler_01,12,0,43.45,2735,65,53.45
,,0,2026-09-13T13:05:28.872Z,2026-09-14T13:05:28.872Z,2026-09-14T10:53:28.872Z,telemetry,boiler_01,12,0,41.82,2736,65,51.82
,,0,2026-09-13T13:05:28.872Z,2026-09-14T13:05:28.872Z,2026-09-14T10:53:58.872Z,telemetry,boiler_01,12,0,40.27,2737,65,50.27
,,0,2026-09-13T13:05:28.872Z,2026-09-14T13:05:28.872Z,2026-09-14T10:54:28.872Z,telemetry,boiler_01,12,0,38.79,2738,65,48.79
,,0,2026-09-13T13:05:28.872Z,2026-09-14T13:05:28.872Z,2026-09-14T10:54:58.872Z,telemetry,boiler_01,12,0,37.39,2739,65,47.39
,,0,2026-09-13T13:05:28.872Z,2026-09-14T13:05:28.872Z,2026-09-14T10:55:28.872Z,telemetry,boiler_01,12,0,36.05,2740,65,46.05
,,0,2026-09-13T13:05:28.872Z,2026-09-14T13:05:28.872Z,2026-09-14T10:55:58.872Z,telemetry,boiler_01,12,0,34.78,2741,65,44.78
,,0,2026-09-13T13:05:28.872Z,2026-09-14T13:05:28.872Z,2026-09-14T10:56:28.872Z,telemetry,boiler_01,12,0,33.57,2742,65,43.57
,,0,2026-09-13T13:05:28.872Z,2026-09-14T13:05:28.872Z,2026-09-14T10:56:58.872Z,telemetry,boiler_01,12,0,32.42,2743,65,42.42
,,0,2026-09-13T13:05:28.872Z,2026-09-14T13:05:28.872Z,2026-09-14T10:57:28.872Z,telemetry,boiler_01,12,0,31.33,2744,65,41.33
,,0,2026-09-13T13:05:28.872Z,2026-09-14T13:05:28.872Z,2026-09-14T10:57:58.872Z,telemetry,boiler_01,12,0,30.29,2745,65,40.29
,,0,2026-09-13T13:05:28.872Z,2026-09-14T13:05:28.872Z,2026-09-14T10:58:28.872Z,telemetry,boiler_01,12,0,29.3,2746,65,39.3
,,0,2026-09-13T13:05:28.872Z,2026-09-14T13:05:28.872Z,2026-09-14T10:58:58.872Z,telemetry,boiler_01,12,0,28.36,2747,65,38.36
,,0,2026-09-13T13:05:28.872Z,2026-09-14T13:05:28.872Z,2026-09-14T10:59:28.872Z,telemetry,boiler_01,12,0,27.46,2748,65,37.46
,,0,2026-09-13T13:05:28.872Z,2026-09-14T13:05:28.872Z,2026-09-14T10:59:58.872Z,telemetry,boiler_01,12,0,26.61,2749,65,36.61
,,0,2026-09-13T13:05:28.872Z,2026-09-14T13:05:28.872Z,2026-09-14T11:00:28.872Z,telemetry,boiler_01,12,5,45.72,2750,65,55.72
,,0,2026-09-13T13:05:28.872Z,2026-09-14T13:05:28.872Z,2026-09-14T11:00:58.872Z,telemetry,boiler_01,12,5,52.2,2751,65,62.2
,,0,2026-09-13T13:05:28.872Z,2026-09-14T13:05:28.872Z,2026-09-14T11:01:28.872Z,telemetry,boiler_01,12,5,54.16,2752,65,64.16
,,0,2026-09-13T13:05:28.872Z,2026-09-14T13:05:28.872Z,2026-09-14T11:01:58.872Z,telemetry,boiler_01,12,5,54.75,2753,65,64.75
,,0,2026-09-13T13:05:28.872Z,2026-09-14T13:05:28.872Z,2026-09-14T11:02:28.872Z,telemetry,boiler_01,12,5,54.92,2754,65,64.92
,,0,2026-09-13T13:05:28.872Z,2026-09-14T13:05:28.872Z,2026-09-14T11:02:58.872Z,telemetry,boiler_01,12,5,54.98,2755,65,64.98
,,0,2026-09-13T13:05:28.872Z,2026-09-14T13:05:28.872Z,2026-09-14T11:03:28.872Z,telemetry,boiler_01,12,5,54.99,2756,65,64.99
,,0,2026-09-13T13:05:28.872Z,2026-09-14T13:05:28.872Z,2026-09-14T11:03:58.872Z,telemetry,boiler_01,12,5,55,2757,65,65
,,0,2026-09-13T13:05:28.872Z,2026-09-14T13:05:28.872Z,2026-09-14T11:04:28.872Z,telemetry,boiler_01,12,5,55,2758,65,65
,,0,2026-09-13T13:05:28.872Z,2026-09-14T13:05:28.872Z,2026-09-14T11:04:58.872Z,telemetry,boiler_01,12,5,55,2759,65,65
,,0,2026-09-13T13:05:28.872Z,2026-09-14T13:05:28.872Z,2026-09-14T11:05:28.872Z,telemetry,boiler_01,12,5,55,2760,65,65
,,0,2026-09-13T13:05:28.872Z,2026-09-14T13:05:28.872Z,2026-09-14T11:05:58.872Z,telemetry,boiler_01,12,5,55,2761,65,65
,,0,2026-09-13T13:05:28.872Z,2026-09-14T13:05:28.872Z,2026-09-14T11:06:28.872Z,telemetry,boiler_01,12,5,55,2762,65,65
,,0,2026-09-13T13:05:28.872Z,2026-09-14T13:05:28.872Z,2026-09-14T11:06:58.872Z,telemetry,boiler_01,12,5,55,2763,65,65
,,0,2026-09-13T13:05:28.872Z,2026-09-14T13:05:28.872Z,2026-09-14T11:07:28.872Z,telemetry,boiler_01,12,5,55,2764,65,65
,,0,2026-09-13T13:05:28.872Z,2026-09-14T13:05:28.872Z,2026-09-14T11:07:58.872Z,telemetry,boiler_01,12,5,55,2765,65,65
,,0,2026-09-13T13:05:28.872Z,2026-09-14T13:05:28.872Z,2026-09-14T11:08:28.872Z,telemetry,boiler_01,12,5,55,2766,65,65
,,0,2026-09-13T13:05:28.872Z,2026-09-14T13:05:28.872Z,2026-09-14T11:08:58.872Z,telemetry,boiler_01,12,5,55,2767,65,65
,,0,2026-09-13T13:05:28.872Z,2026-09-14T13:05:28.872Z,2026-09-14T11:09:28.872Z,telemetry,boiler_01,12,5,55,2768,65,65
,,0,2026-09-13T13:05:28.872Z,2026-09-14T13:05:28.872Z,2026-09-14T11:09:58.872Z,telemetry,boiler_01,12,5,55,2769,65,65
,,0,2026-09-13T13:05:28.872Z,2026-09-14T13:05:28.872Z,2026-09-14T11:10:28.872Z,telemetry,boiler_01,12,0,52.95,2770,65,62.95
,,0,2026-09-13T13:05:28.872Z,2026-09-14T13:05:28.872Z,2026-09-14T11:10:58.872Z,telemetry,boiler_01,12,0,50.85,2771,65,60.85
,,0,2026-09-13T13:05:28.872Z,2026-09-14T13:05:28.872Z,2026-09-14T11:11:28.872Z,telemetry,boiler_01,12,0,48.86,2772,65,58.86
,,0,2026-09-13T13:05:28.872Z,2026-09-14T13:05:28.872Z,2026-09-14T11:11:58.872Z,telemetry,boiler_01,12,0,46.97,2773,65,56.97
,,0,2026-09-13T13:05:28.872Z,2026-09-14T13:05:28.872Z,2026-09-14T11:12:28.872Z,telemetry,boiler_01,12,0,45.16,2774,65,55.16
,,0,2026-09-13T13:05:28.872Z,2026-09-14T13:05:28.872Z,2026-09-14T11:12:58.872Z,telemetry,boiler_01,12,0,43.45,2775,65,53.45
,,0,2026-09-13T13:05:28.872Z,2026-09-14T13:05:28.872Z,2026-09-14T11:13:28.872Z,telemetry,boiler_01,12,0,41.82,2776,65,51.82
,,0,2026-09-13T13:05:28.872Z,2026-09-14T13:05:28.872Z,2026-09-14T11:13:58.872Z,telemetry,boiler_01,12,0,40.27,2777,65,50.27
,,0,2026-09-13T13:05:28.872Z,2026-09-14T13:05:28.872Z,2026-09-14T11:14:28.872Z,telemetry,boiler_01,12,0,38.79,2778,65,48.79
,,0,2026-09-13T13:05:28.872Z,2026-09-14T13:05:28.872Z,2026-09-14T11:14:58.872Z,telemetry,boiler_01,12,0,37.39,2779,65,47.39
,,0,2026-09-13T13:05:28.872Z,2026-09-14T13:05:28.872Z,2026-09-14T11:15:28.872Z,telemetry,boiler_01,12,0,36.05,2780,65,46.05
,,0,2026-09-13T13:05:28.872Z,2026-09-14T13:05:28.872Z,2026-09-14T11:15:58.872Z,telemetry,boiler_01,12,0,34.78,2781,65,44.78
,,0,2026-09-13T13:05:28.872Z,2026-09-14T13:05:28.872Z,2026-09-14T11:16:28.872Z,telemetry,boiler_01,12,0,33.57,2782,65,43.57
,,0,2026-09-13T13:05:28.872Z,2026-09-14T13:05:28.872Z,2026-09-14T11:16:58.872Z,telemetry,boiler_01,12,0,32.42,2783,65,42.42
,,0,2026-09-13T13:05:28.872Z,2026-09-14T13:05:28.872Z,2026-09-14T11:17:28.872Z,telemetry,boiler_01,12,0,31.33,2784,65,41.33
,,0,2026-09-13T13:05:28.872Z,2026-09-14T13:05:28.872Z,2026-09-14T11:17:58.872Z,telemetry,boiler_01,12,0,30.29,2785,65,40.29
,,0,2026-09-13T13:05:28.872Z,2026-09-14T13:05:28.872Z,2026-09-14T11:18:28.872Z,telemetry,boiler_01,12,0,29.3,2786,65,39.3
,,0,2026-09-13T13:05:28.872Z,2026-09-14T13:05:28.872Z,2026-09-14T11:18:58.872Z,telemetry,boiler_01,12,0,28.36,2787,65,38.36
,,0,2026-09-13T13:05:28.872Z,2026-09-14T13:05:28.872Z,2026-09-14T11:19:28.872Z,telemetry,boiler_01,12,0,27.46,2788,65,37.46
,,0,2026-09-13T13:05:28.872Z,2026-09-14T13:05:28.872Z,2026-09-14T11:19:58.872Z,telemetry,boiler_01,12,0,26.61,2789,65,36.61
,,0,2026-09-13T13:05:28.872Z,2026-09-14T13:05:28.872Z,2026-09-14T11:20:28.872Z,telemetry,boiler_01,12,5,45.72,2790,65,55.72
,,0,2026-09-13T13:05:28.872Z,2026-09-14T13:05:28.872Z,2026-09-14T11:20:58.872Z,telemetry,boiler_01,12,5,52.2,2791,65,62.2
,,0,2026-09-13T13:05:28.872Z,2026-09-14T13:05:28.872Z,2026-09-14T11:21:28.872Z,telemetry,boiler_01,12,5,54.16,2792,65,64.16
,,0,2026-09-13T13:05:28.872Z,2026-09-14T13:05:28.872Z,2026-09-14T11:21:58.872Z,telemetry,boiler_01,12,5,54.75,2793,65,64.75
,,0,2026-09-13T13:05:28.872Z,2026-09-14T13:05:28.872Z,2026-09-14T11:22:28.872Z,telemetry,boiler_01,12,5,54.92,2794,65,64.92
,,0,2026-09-13T13:05:28.872Z,2026-09-14T13:05:28.872Z,2026-09-14T11:22:58.872Z,telemetry,boiler_01,12,5,54.98,2795,65,64.98
,,0,2026-09-13T13:05:28.872Z,2026-09-14T13:05:28.872Z,2026-09-14T11:23:28.872Z,telemetry,boiler_01,12,5,54.99,2796,65,64.99
,,0,2026-09-13T13:05:28.872Z,2026-09-14T13:05:28.872Z,2026-09-14T11:23:58.872Z,telemetry,boiler_01,12,5,55,2797,65,65
,,0,2026-09-13T13:05:28.872Z,2026-09-14T13:05:28.872Z,2026-09-14T11:24:28.872Z,telemetry,boiler_01,12,5,55,2798,65,65
,,0,2026-09-13T13:05:28.872Z,2026-09-14T13:05:28.872Z,2026-09-14T11:24:58.872Z,telemetry,boiler_01,12,5,55,2799,65,65
,,0,2026-09-13T13:05:28.872Z,2026-09-14T13:05:28.872Z,2026-09-14T11:25:28.872Z,telemetry,boiler_01,12,5,55,2800,65,65
,,0,2026-09-13T13:05:28.872Z,2026-09-14T13:05:28.872Z,2026-09-14T11:25:58.872Z,telemetry,boiler_01,12,5,55,2801,65,65
,,0,2026-09-13T13:05:28.872Z,2026-09-14T13:05:28.872Z,2026-09-14T11:26:28.872Z,telemetry,boiler_01,12,5,55,2802,65,65
,,0,2026-09-13T13:05:28.872Z,2026-09-14T13:05:28.872Z,2026-09-14T11:26:58.872Z,telemetry,boiler_01,12,5,55,2803,65,65
,,0,2026-09-13T13:05:28.872Z,2026-09-14T13:05:28.872Z,2026-09-14T11:27:28.872Z,telemetry,boiler_01,12,5,55,2804,65,65
,,0,2026-09-13T13:05:28.872Z,2026-09-14T13:05:28.872Z,2026-09-14T11:27:58.872Z,telemetry,boiler_01,12,5,55,2805,65,65
,,0,2026-09-13T13:05:28.872Z,2026-09-14T13:05:28.872Z,2026-09-14T11:28:28.872Z,telemetry,boiler_01,12,5,55,2806,65,65
,,0,2026-09-13T13:05:28.872Z,2026-09-14T13:05:28.872Z,2026-09-14T11:28:58.872Z,telemetry,boiler_01,12,5,55,2807,65,65
,,0,2026-09-13T13:05:28.872Z,2026-09-14T13:05:28.872Z,2026-09-14T11:29:28.872Z,telemetry,boiler_01,12,5,55,2808,65,65
,,0,2026-09-13T13:05:28.872Z,2026-09-14T13:05:28.872Z,2026-09-14T11:29:58.872Z,telemetry,boiler_01,12,5,55,2809,65,65
,,0,2026-09-13T13:05:28.872Z,2026-09-14T13:05:28.872Z,2026-09-14T11:30:28.872Z,telemetry,boiler_01,12,0,52.95,2810,65,62.95
,,0,2026-09-13T13:05:28.872Z,2026-09-14T13:05:28.872Z,2026-09-14T11:30:58.872Z,telemetry,boiler_01,12,0,50.85,2811,65,60.85
,,0,2026-09-13T13:05:28.872Z,2026-09-14T13:05:28.872Z,2026-09-14T11:31:28.872Z,telemetry,boiler_01,12,0,48.86,2812,65,58.86
,,0,2026-09-13T13:05:28.872Z,2026-09-14T13:05:28.872Z,2026-09-14T11:31:58.872Z,telemetry,boiler_01,12,0,46.97,2813,65,56.97
,,0,2026-09-13T13:05:28.872Z,2026-09-14T13:05:28.872Z,2026-09-14T11:32:28.872Z,telemetry,boiler_01,12,0,45.16,2814,65,55.16
,,0,2026-09-13T13:05:28.872Z,2026-09-14T13:05:28.872Z,2026-09-14T11:32:58.872Z,telemetry,boiler_01,12,0,43.45,2815,65,53.45
,,0,2026-09-13T13:05:28.872Z,2026-09-14T13:05:28.872Z,2026-09-14T11:33:28.872Z,telemetry,boiler_01,12,0,41.82,2816,65,51.82
,,0,2026-09-13T13:05:28.872Z,2026-09-14T13:05:28.872Z,2026-09-14T11:33:58.872Z,telemetry,boiler_01,12,0,40.27,2817,65,50.27
,,0,2026-09-13T13:05:28.872Z,2026-09-14T13:05:28.872Z,2026-09-14T11:34:28.872Z,telemetry,boiler_01,12,0,38.79,2818,65,48.79
,,0,2026-09-13T13:05:28.872Z,2026-09-14T13:05:28.872Z,2026-09-14T11:34:58.872Z,telemetry,boiler_01,12,0,37.39,2819,65,47.39
,,0,2026-09-13T13:05:28.872Z,2026-09-14T13:05:28.872Z,2026-09-14T11:35:28.873Z,telemetry,boiler_01,12,0,36.05,2820,65,46.05
,,0,2026-09-13T13:05:28.872Z,2026-09-14T13:05:28.872Z,2026-09-14T11:35:58.872Z,telemetry,boiler_01,12,0,34.78,2821,65,44.78
,,0,2026-09-13T13:05:28.872Z,2026-09-14T13:05:28.872Z,2026-09-14T11:36:28.872Z,telemetry,boiler_01,12,0,33.57,2822,65,43.57
,,0,2026-09-13T13:05:28.872Z,2026-09-14T13:05:28.872Z,2026-09-14T11:36:58.872Z,telemetry,boiler_01,12,0,32.42,2823,65,42.42
,,0,2026-09-13T13:05:28.872Z,2026-09-14T13:05:28.872Z,2026-09-14T11:37:28.872Z,telemetry,boiler_01,12,0,31.33,2824,65,41.33
,,0,2026-09-13T13:05:28.872Z,2026-09-14T13:05:28.872Z,2026-09-14T11:37:58.872Z,telemetry,boiler_01,12,0,30.29,2825,65,40.29
,,0,2026-09-13T13:05:28.872Z,2026-09-14T13:05:28.872Z,2026-09-14T11:38:28.872Z,telemetry,boiler_01,12,0,29.3,2826,65,39.3
,,0,2026-09-13T13:05:28.872Z,2026-09-14T13:05:28.872Z,2026-09-14T11:38:58.872Z,telemetry,boiler_01,12,0,28.36,2827,65,38.36
,,0,2026-09-13T13:05:28.872Z,2026-09-14T13:05:28.872Z,2026-09-14T11:39:28.872Z,telemetry,boiler_01,12,0,27.46,2828,65,37.46
,,0,2026-09-13T13:05:28.872Z,2026-09-14T13:05:28.872Z,2026-09-14T11:39:58.872Z,telemetry,boiler_01,12,0,26.61,2829,65,36.61
,,0,2026-09-13T13:05:28.872Z,2026-09-14T13:05:28.872Z,2026-09-14T11:40:28.872Z,telemetry,boiler_01,12,5,45.72,2830,65,55.72
,,0,2026-09-13T13:05:28.872Z,2026-09-14T13:05:28.872Z,2026-09-14T11:40:58.872Z,telemetry,boiler_01,12,5,52.2,2831,65,62.2
,,0,2026-09-13T13:05:28.872Z,2026-09-14T13:05:28.872Z,2026-09-14T11:41:28.872Z,telemetry,boiler_01,12,5,54.16,2832,65,64.16
,,0,2026-09-13T13:05:28.872Z,2026-09-14T13:05:28.872Z,2026-09-14T11:41:58.872Z,telemetry,boiler_01,12,5,54.75,2833,65,64.75
,,0,2026-09-13T13:05:28.872Z,2026-09-14T13:05:28.872Z,2026-09-14T11:42:28.872Z,telemetry,boiler_01,12,5,54.92,2834,65,64.92
,,0,2026-09-13T13:05:28.872Z,2026-09-14T13:05:28.872Z,2026-09-14T11:42:58.872Z,telemetry,boiler_01,12,5,54.98,2835,65,64.98
,,0,2026-09-13T13:05:28.872Z,2026-09-14T13:05:28.872Z,2026-09-14T11:43:28.872Z,telemetry,boiler_01,12,5,54.99,2836,65,64.99
,,0,2026-09-13T13:05:28.872Z,2026-09-14T13:05:28.872Z,2026-09-14T11:43:58.872Z,telemetry,boiler_01,12,5,55,2837,65,65
,,0,2026-09-13T13:05:28.872Z,2026-09-14T13:05:28.872Z,2026-09-14T11:44:28.872Z,telemetry,boiler_01,12,5,55,2838,65,65
,,0,2026-09-13T13:05:28.872Z,2026-09-14T13:05:28.872Z,2026-09-14T11:44:58.872Z,telemetry,boiler_01,12,5,55,2839,65,65
,,0,2026-09-13T13:05:28.872Z,2026-09-14T13:05:28.872Z,2026-09-14T11:45:28.872Z,telemetry,boiler_01,12,5,55,2840,65,65
,,0,2026-09-13T13:05:28.872Z,2026-09-14T13:05:28.872Z,2026-09-14T11:45:58.872Z,telemetry,boiler_01,12,5,55,2841,65,65
,,0,2026-09-13T13:05:28.872Z,2026-09-14T13:05:28.872Z,2026-09-14T11:46:28.872Z,telemetry,boiler_01,12,5,55,2842,65,65
,,0,2026-09-13T13:05:28.872Z,2026-09-14T13:05:28.872Z,2026-09-14T11:46:58.872Z,telemetry,boiler_01,12,5,55,2843,65,65
,,0,2026-09-13T13:05:28.872Z,2026-09-14T13:05:28.872Z,2026-09-14T11:47:28.872Z,telemetry,boiler_01,12,5,55,2844,65,65
,,0,2026-09-13T13:05:28.872Z,2026-09-14T13:05:28.872Z,2026-09-14T11:47:58.872Z,telemetry,boiler_01,12,5,55,2845,65,65
,,0,2026-09-13T13:05:28.872Z,2026-09-14T13:05:28.872Z,2026-09-14T11:48:28.872Z,telemetry,boiler_01,12,5,55,2846,65,65
,,0,2026-09-13T13:05:28.872Z,2026-09-14T13:05:28.872Z,2026-09-14T11:48:58.872Z,telemetry,boiler_01,12,5,55,2847,65,65
,,0,2026-09-13T13:05:28.872Z,2026-09-14T13:05:28.872Z,2026-09-14T11:49:28.872Z,telemetry,boiler_01,12,5,55,2848,65,65
,,0,2026-09-13T13:05:28.872Z,2026-09-14T13:05:28.872Z,2026-09-14T11:49:58.872Z,telemetry,boiler_01,12,5,55,2849,65,65
,,0,2026-09-13T13:05:28.872Z,2026-09-14T13:05:28.872Z,2026-09-14T11:50:28.872Z,telemetry,boiler_01,12,0,52.95,2850,65,62.95
,,0,2026-09-13T13:05:28.872Z,2026-09-14T13:05:28.872Z,2026-09-14T11:50:58.872Z,telemetry,boiler_01,12,0,50.85,2851,65,60.85
,,0,2026-09-13T13:05:28.872Z,2026-09-14T13:05:28.872Z,2026-09-14T11:51:28.872Z,telemetry,boiler_01,12,0,48.86,2852,65,58.86
,,0,2026-09-13T13:05:28.872Z,2026-09-14T13:05:28.872Z,2026-09-14T11:51:58.872Z,telemetry,boiler_01,12,0,46.97,2853,65,56.97
,,0,2026-09-13T13:05:28.872Z,2026-09-14T13:05:28.872Z,2026-09-14T11:52:28.872Z,telemetry,boiler_01,12,0,45.16,2854,65,55.16
,,0,2026-09-13T13:05:28.872Z,2026-09-14T13:05:28.872Z,2026-09-14T11:52:58.872Z,telemetry,boiler_01,12,0,43.45,2855,65,53.45
,,0,2026-09-13T13:05:28.872Z,2026-09-14T13:05:28.872Z,2026-09-14T11:53:28.872Z,telemetry,boiler_01,12,0,41.82,2856,65,51.82
,,0,2026-09-13T13:05:28.872Z,2026-09-14T13:05:28.872Z,2026-09-14T11:53:58.872Z,telemetry,boiler_01,12,0,40.27,2857,65,50.27
,,0,2026-09-13T13:05:28.872Z,2026-09-14T13:05:28.872Z,2026-09-14T11:54:28.872Z,telemetry,boiler_01,12,0,38.79,2858,65,48.79
,,0,2026-09-13T13:05:28.872Z,2026-09-14T13:05:28.872Z,2026-09-14T11:54:58.872Z,telemetry,boiler_01,12,0,37.39,2859,65,47.39
,,0,2026-09-13T13:05:28.872Z,2026-09-14T13:05:28.872Z,2026-09-14T11:55:28.873Z,telemetry,boiler_01,12,0,36.05,2860,65,46.05
,,0,2026-09-13T13:05:28.872Z,2026-09-14T13:05:28.872Z,2026-09-14T11:55:58.872Z,telemetry,boiler_01,12,0,34.78,2861,65,44.78
,,0,2026-09-13T13:05:28.872Z,2026-09-14T13:05:28.872Z,2026-09-14T11:56:28.872Z,telemetry,boiler_01,12,0,33.57,2862,65,43.57
,,0,2026-09-13T13:05:28.872Z,2026-09-14T13:05:28.872Z,2026-09-14T11:56:58.872Z,telemetry,boiler_01,12,0,32.42,2863,65,42.42
,,0,2026-09-13T13:05:28.872Z,2026-09-14T13:05:28.872Z,2026-09-14T11:57:28.872Z,telemetry,boiler_01,12,0,31.33,2864,65,41.33
,,0,2026-09-13T13:05:28.872Z,2026-09-14T13:05:28.872Z,2026-09-14T11:57:58.872Z,telemetry,boiler_01,12,0,30.29,2865,65,40.29
,,0,2026-09-13T13:05:28.872Z,2026-09-14T13:05:28.872Z,2026-09-14T11:58:28.872Z,telemetry,boiler_01,12,0,29.3,2866,65,39.3
,,0,2026-09-13T13:05:28.872Z,2026-09-14T13:05:28.872Z,2026-09-14T11:58:58.872Z,telemetry,boiler_01,12,0,28.36,2867,65,38.36
,,0,2026-09-13T13:05:28.872Z,2026-09-14T13:05:28.872Z,2026-09-14T11:59:28.872Z,telemetry,boiler_01,12,0,27.46,2868,65,37.46
,,0,2026-09-13T13:05:28.872Z,2026-09-14T13:05:28.872Z,2026-09-14T11:59:58.872Z,telemetry,boiler_01,12,0,26.61,2869,65,36.61
,,0,2026-09-13T13:05:28.872Z,2026-09-14T13:05:28.872Z,2026-09-14T12:00:28.872Z,telemetry,boiler_01,12,5,45.72,2870,65,55.72
,,0,2026-09-13T13:05:28.872Z,2026-09-14T13:05:28.872Z,2026-09-14T12:00:58.872Z,telemetry,boiler_01,12,5,52.2,2871,65,62.2
,,0,2026-09-13T13:05:28.872Z,2026-09-14T13:05:28.872Z,2026-09-14T12:01:28.872Z,telemetry,boiler_01,12,5,54.16,2872,65,64.16
,,0,2026-09-13T13:05:28.872Z,2026-09-14T13:05:28.872Z,2026-09-14T12:01:58.872Z,telemetry,boiler_01,12,5,54.75,2873,65,64.75
,,0,2026-09-13T13:05:28.872Z,2026-09-14T13:05:28.872Z,2026-09-14T12:02:28.872Z,telemetry,boiler_01,12,5,54.92,2874,65,64.92
,,0,2026-09-13T13:05:28.872Z,2026-09-14T13:05:28.872Z,2026-09-14T12:02:58.872Z,telemetry,boiler_01,12,5,54.98,2875,65,64.98
,,0,2026-09-13T13:05:28.872Z,2026-09-14T13:05:28.872Z,2026-09-14T12:03:28.872Z,telemetry,boiler_01,12,5,54.99,2876,65,64.99
,,0,2026-09-13T13:05:28.872Z,2026-09-14T13:05:28.872Z,2026-09-14T12:03:58.872Z,telemetry,boiler_01,12,5,55,2877,65,65
,,0,2026-09-13T13:05:28.872Z,2026-09-14T13:05:28.872Z,2026-09-14T12:04:28.872Z,telemetry,boiler_01,12,5,55,2878,65,65
,,0,2026-09-13T13:05:28.872Z,2026-09-14T13:05:28.872Z,2026-09-14T12:04:58.872Z,telemetry,boiler_01,12,5,55,2879,65,65
,,0,2026-09-13T13:05:28.872Z,2026-09-14T13:05:28.872Z,2026-09-14T12:05:28.872Z,telemetry,boiler_01,12,5,55,2880,65,65
,,0,2026-09-13T13:05:28.872Z,2026-09-14T13:05:28.872Z,2026-09-14T12:05:58.872Z,telemetry,boiler_01,12,5,55,2881,65,65
,,0,2026-09-13T13:05:28.872Z,2026-09-14T13:05:28.872Z,2026-09-14T12:06:28.872Z,telemetry,boiler_01,12,5,55,2882,65,65
,,0,2026-09-13T13:05:28.872Z,2026-09-14T13:05:28.872Z,2026-09-14T12:06:58.872Z,telemetry,boiler_01,12,5,55,2883,65,65
,,0,2026-09-13T13:05:28.872Z,2026-09-14T13:05:28.872Z,2026-09-14T12:07:28.872Z,telemetry,boiler_01,12,5,55,2884,65,65
,,0,2026-09-13T13:05:28.872Z,2026-09-14T13:05:28.872Z,2026-09-14T12:07:58.872Z,telemetry,boiler_01,12,5,55,2885,65,65
,,0,2026-09-13T13:05:28.872Z,2026-09-14T13:05:28.872Z,2026-09-14T12:08:28.872Z,telemetry,boiler_01,12,5,55,2886,65,65
,,0,2026-09-13T13:05:28.872Z,2026-09-14T13:05:28.872Z,2026-09-14T12:08:58.872Z,telemetry,boiler_01,12,5,55,2887,65,65
,,0,2026-09-13T13:05:28.872Z,2026-09-14T13:05:28.872Z,2026-09-14T12:09:28.872Z,telemetry,boiler_01,12,5,55,2888,65,65
,,0,2026-09-13T13:05:28.872Z,2026-09-14T13:05:28.872Z,2026-09-14T12:09:58.872Z,telemetry,boiler_01,12,5,55,2889,65,65
,,0,2026-09-13T13:05:28.872Z,2026-09-14T13:05:28.872Z,2026-09-14T12:10:28.872Z,telemetry,boiler_01,12,0,52.95,2890,65,62.95
,,0,2026-09-13T13:05:28.872Z,2026-09-14T13:05:28.872Z,2026-09-14T12:10:58.872Z,telemetry,boiler_01,12,0,50.85,2891,65,60.85
,,0,2026-09-13T13:05:28.872Z,2026-09-14T13:05:28.872Z,2026-09-14T12:11:28.872Z,telemetry,boiler_01,12,0,48.86,2892,65,58.86
,,0,2026-09-13T13:05:28.872Z,2026-09-14T13:05:28.872Z,2026-09-14T12:11:58.872Z,telemetry,boiler_01,12,0,46.97,2893,65,56.97
,,0,2026-09-13T13:05:28.872Z,2026-09-14T13:05:28.872Z,2026-09-14T12:12:28.872Z,telemetry,boiler_01,12,0,45.16,2894,65,55.16
,,0,2026-09-13T13:05:28.872Z,2026-09-14T13:05:28.872Z,2026-09-14T12:12:58.872Z,telemetry,boiler_01,12,0,43.45,2895,65,53.45
,,0,2026-09-13T13:05:28.872Z,2026-09-14T13:05:28.872Z,2026-09-14T12:13:28.872Z,telemetry,boiler_01,12,0,41.82,2896,65,51.82
,,0,2026-09-13T13:05:28.872Z,2026-09-14T13:05:28.872Z,2026-09-14T12:13:58.872Z,telemetry,boiler_01,12,0,40.27,2897,65,50.27
,,0,2026-09-13T13:05:28.872Z,2026-09-14T13:05:28.872Z,2026-09-14T12:14:28.872Z,telemetry,boiler_01,12,0,38.79,2898,65,48.79
,,0,2026-09-13T13:05:28.872Z,2026-09-14T13:05:28.872Z,2026-09-14T12:14:58.872Z,telemetry,boiler_01,12,0,37.39,2899,65,47.39
,,0,2026-09-13T13:05:28.872Z,2026-09-14T13:05:28.872Z,2026-09-14T12:15:28.872Z,telemetry,boiler_01,12,0,36.05,2900,65,46.05
,,0,2026-09-13T13:05:28.872Z,2026-09-14T13:05:28.872Z,2026-09-14T12:15:58.872Z,telemetry,boiler_01,12,0,34.78,2901,65,44.78
,,0,2026-09-13T13:05:28.872Z,2026-09-14T13:05:28.872Z,2026-09-14T12:16:28.872Z,telemetry,boiler_01,12,0,33.57,2902,65,43.57
,,0,2026-09-13T13:05:28.872Z,2026-09-14T13:05:28.872Z,2026-09-14T12:16:58.872Z,telemetry,boiler_01,12,0,32.42,2903,65,42.42
,,0,2026-09-13T13:05:28.872Z,2026-09-14T13:05:28.872Z,2026-09-14T12:17:28.872Z,telemetry,boiler_01,12,0,31.33,2904,65,41.33
,,0,2026-09-13T13:05:28.872Z,2026-09-14T13:05:28.872Z,2026-09-14T12:17:58.872Z,telemetry,boiler_01,12,0,30.29,2905,65,40.29
,,0,2026-09-13T13:05:28.872Z,2026-09-14T13:05:28.872Z,2026-09-14T12:18:28.872Z,telemetry,boiler_01,12,0,29.3,2906,65,39.3
,,0,2026-09-13T13:05:28.872Z,2026-09-14T13:05:28.872Z,2026-09-14T12:18:58.872Z,telemetry,boiler_01,12,0,28.36,2907,65,38.36
,,0,2026-09-13T13:05:28.872Z,2026-09-14T13:05:28.872Z,2026-09-14T12:19:28.872Z,telemetry,boiler_01,12,0,27.46,2908,65,37.46
,,0,2026-09-13T13:05:28.872Z,2026-09-14T13:05:28.872Z,2026-09-14T12:19:58.872Z,telemetry,boiler_01,12,0,26.61,2909,65,36.61
,,0,2026-09-13T13:05:28.872Z,2026-09-14T13:05:28.872Z,2026-09-14T12:20:28.872Z,telemetry,boiler_01,12,5,45.72,2910,65,55.72
,,0,2026-09-13T13:05:28.872Z,2026-09-14T13:05:28.872Z,2026-09-14T12:20:58.872Z,telemetry,boiler_01,12,5,52.2,2911,65,62.2
,,0,2026-09-13T13:05:28.872Z,2026-09-14T13:05:28.872Z,2026-09-14T12:21:28.872Z,telemetry,boiler_01,12,5,54.16,2912,65,64.16
,,0,2026-09-13T13:05:28.872Z,2026-09-14T13:05:28.872Z,2026-09-14T12:21:58.872Z,telemetry,boiler_01,12,5,54.75,2913,65,64.75
,,0,2026-09-13T13:05:28.872Z,2026-09-14T13:05:28.872Z,2026-09-14T12:22:28.872Z,telemetry,boiler_01,12,5,54.92,2914,65,64.92
,,0,2026-09-13T13:05:28.872Z,2026-09-14T13:05:28.872Z,2026-09-14T12:22:58.872Z,telemetry,boiler_01,12,5,54.98,2915,65,64.98
,,0,2026-09-13T13:05:28.872Z,2026-09-14T13:05:28.872Z,2026-09-14T12:23:28.872Z,telemetry,boiler_01,12,5,54.99,2916,65,64.99
,,0,2026-09-13T13:05:28.872Z,2026-09-14T13:05:28.872Z,2026-09-14T12:23:58.872Z,telemetry,boiler_01,12,5,55,2917,65,65
,,0,2026-09-13T13:05:28.872Z,2026-09-14T13:05:28.872Z,2026-09-14T12:24:28.872Z,telemetry,boiler_01,12,5,55,2918,65,65
,,0,2026-09-13T13:05:28.872Z,2026-09-14T13:05:28.872Z,2026-09-14T12:24:58.872Z,telemetry,boiler_01,12,5,55,2919,65,65
,,0,2026-09-13T13:05:28.872Z,2026-09-14T13:05:28.872Z,2026-09-14T12:25:28.872Z,telemetry,boiler_01,12,5,55,2920,65,65
,,0,2026-09-13T13:05:28.872Z,2026-09-14T13:05:28.872Z,2026-09-14T12:25:58.872Z,telemetry,boiler_01,12,5,55,2921,65,65
,,0,2026-09-13T13:05:28.872Z,2026-09-14T13:05:28.872Z,2026-09-14T12:26:28.872Z,telemetry,boiler_01,12,5,55,2922,65,65
,,0,2026-09-13T13:05:28.872Z,2026-09-14T13:05:28.872Z,2026-09-14T12:26:58.872Z,telemetry,boiler_01,12,5,55,2923,65,65
,,0,2026-09-13T13:05:28.872Z,2026-09-14T13:05:28.872Z,2026-09-14T12:27:28.872Z,telemetry,boiler_01,12,5,55,2924,65,65
,,0,2026-09-13T13:05:28.872Z,2026-09-14T13:05:28.872Z,2026-09-14T12:27:58.872Z,telemetry,boiler_01,12,5,55,2925,65,65
,,0,2026-09-13T13:05:28.872Z,2026-09-14T13:05:28.872Z,2026-09-14T12:28:28.872Z,telemetry,boiler_01,12,5,55,2926,65,65
,,0,2026-09-13T13:05:28.872Z,2026-09-14T13:05:28.872Z,2026-09-14T12:28:58.872Z,telemetry,boiler_01,12,5,55,2927,65,65
,,0,2026-09-13T13:05:28.872Z,2026-09-14T13:05:28.872Z,2026-09-14T12:29:28.872Z,telemetry,boiler_01,12,5,55,2928,65,65
,,0,2026-09-13T13:05:28.872Z,2026-09-14T13:05:28.872Z,2026-09-14T12:29:58.872Z,telemetry,boiler_01,12,5,55,2929,65,65
,,0,2026-09-13T13:05:28.872Z,2026-09-14T13:05:28.872Z,2026-09-14T12:30:28.872Z,telemetry,boiler_01,12,0,52.95,2930,65,62.95
,,0,2026-09-13T13:05:28.872Z,2026-09-14T13:05:28.872Z,2026-09-14T12:30:58.872Z,telemetry,boiler_01,12,0,50.85,2931,65,60.85
,,0,2026-09-13T13:05:28.872Z,2026-09-14T13:05:28.872Z,2026-09-14T12:31:28.872Z,telemetry,boiler_01,12,0,48.86,2932,65,58.86
,,0,2026-09-13T13:05:28.872Z,2026-09-14T13:05:28.872Z,2026-09-14T12:31:58.872Z,telemetry,boiler_01,12,0,46.97,2933,65,56.97
,,0,2026-09-13T13:05:28.872Z,2026-09-14T13:05:28.872Z,2026-09-14T12:32:28.872Z,telemetry,boiler_01,12,0,45.16,2934,65,55.16
,,0,2026-09-13T13:05:28.872Z,2026-09-14T13:05:28.872Z,2026-09-14T12:32:58.872Z,telemetry,boiler_01,12,0,43.45,2935,65,53.45
,,0,2026-09-13T13:05:28.872Z,2026-09-14T13:05:28.872Z,2026-09-14T12:33:28.872Z,telemetry,boiler_01,12,0,41.82,2936,65,51.82
,,0,2026-09-13T13:05:28.872Z,2026-09-14T13:05:28.872Z,2026-09-14T12:33:58.872Z,telemetry,boiler_01,12,0,40.27,2937,65,50.27
,,0,2026-09-13T13:05:28.872Z,2026-09-14T13:05:28.872Z,2026-09-14T12:34:28.872Z,telemetry,boiler_01,12,0,38.79,2938,65,48.79
,,0,2026-09-13T13:05:28.872Z,2026-09-14T13:05:28.872Z,2026-09-14T12:34:58.872Z,telemetry,boiler_01,12,0,37.39,2939,65,47.39
,,0,2026-09-13T13:05:28.872Z,2026-09-14T13:05:28.872Z,2026-09-14T12:35:28.872Z,telemetry,boiler_01,12,0,36.05,2940,65,46.05
,,0,2026-09-13T13:05:28.872Z,2026-09-14T13:05:28.872Z,2026-09-14T12:35:58.872Z,telemetry,boiler_01,12,0,34.78,2941,65,44.78
,,0,2026-09-13T13:05:28.872Z,2026-09-14T13:05:28.872Z,2026-09-14T12:36:28.872Z,telemetry,boiler_01,12,0,33.57,2942,65,43.57
,,0,2026-09-13T13:05:28.872Z,2026-09-14T13:05:28.872Z,2026-09-14T12:36:58.872Z,telemetry,boiler_01,12,0,32.42,2943,65,42.42
,,0,2026-09-13T13:05:28.872Z,2026-09-14T13:05:28.872Z,2026-09-14T12:37:28.872Z,telemetry,boiler_01,12,0,31.33,2944,65,41.33
,,0,2026-09-13T13:05:28.872Z,2026-09-14T13:05:28.872Z,2026-09-14T12:37:58.872Z,telemetry,boiler_01,12,0,30.29,2945,65,40.29
,,0,2026-09-13T13:05:28.872Z,2026-09-14T13:05:28.872Z,2026-09-14T12:38:28.872Z,telemetry,boiler_01,12,0,29.3,2946,65,39.3
,,0,2026-09-13T13:05:28.872Z,2026-09-14T13:05:28.872Z,2026-09-14T12:38:58.872Z,telemetry,boiler_01,12,0,28.36,2947,65,38.36
,,0,2026-09-13T13:05:28.872Z,2026-09-14T13:05:28.872Z,2026-09-14T12:39:28.872Z,telemetry,boiler_01,12,0,27.46,2948,65,37.46
,,0,2026-09-13T13:05:28.872Z,2026-09-14T13:05:28.872Z,2026-09-14T12:39:58.872Z,telemetry,boiler_01,12,0,26.61,2949,65,36.61
,,0,2026-09-13T13:05:28.872Z,2026-09-14T13:05:28.872Z,2026-09-14T12:40:28.872Z,telemetry,boiler_01,12,5,45.72,2950,65,55.72
,,0,2026-09-13T13:05:28.872Z,2026-09-14T13:05:28.872Z,2026-09-14T12:40:58.872Z,telemetry,boiler_01,12,5,52.2,2951,65,62.2
,,0,2026-09-13T13:05:28.872Z,2026-09-14T13:05:28.872Z,2026-09-14T12:41:28.872Z,telemetry,boiler_01,12,5,54.16,2952,65,64.16
,,0,2026-09-13T13:05:28.872Z,2026-09-14T13:05:28.872Z,2026-09-14T12:41:58.872Z,telemetry,boiler_01,12,5,54.75,2953,65,64.75
,,0,2026-09-13T13:05:28.872Z,2026-09-14T13:05:28.872Z,2026-09-14T12:42:28.872Z,telemetry,boiler_01,12,5,54.92,2954,65,64.92
,,0,2026-09-13T13:05:28.872Z,2026-09-14T13:05:28.872Z,2026-09-14T12:42:58.872Z,telemetry,boiler_01,12,5,54.98,2955,65,64.98
,,0,2026-09-13T13:05:28.872Z,2026-09-14T13:05:28.872Z,2026-09-14T12:43:28.872Z,telemetry,boiler_01,12,5,54.99,2956,65,64.99
,,0,2026-09-13T13:05:28.872Z,2026-09-14T13:05:28.872Z,2026-09-14T12:43:58.872Z,telemetry,boiler_01,12,5,55,2957,65,65
,,0,2026-09-13T13:05:28.872Z,2026-09-14T13:05:28.872Z,2026-09-14T12:44:28.872Z,telemetry,boiler_01,12,5,55,2958,65,65
,,0,2026-09-13T13:05:28.872Z,2026-09-14T13:05:28.872Z,2026-09-14T12:44:58.872Z,telemetry,boiler_01,12,5,55,2959,65,65
,,0,2026-09-13T13:05:28.872Z,2026-09-14T13:05:28.872Z,2026-09-14T12:45:28.872Z,telemetry,boiler_01,12,5,55,2960,65,65
,,0,2026-09-13T13:05:28.872Z,2026-09-14T13:05:28.872Z,2026-09-14T12:45:58.872Z,telemetry,boiler_01,12,5,55,2961,65,65
,,0,2026-09-13T13:05:28.872Z,2026-09-14T13:05:28.872Z,2026-09-14T12:46:28.872Z,telemetry,boiler_01,12,5,55,2962,65,65
,,0,2026-09-13T13:05:28.872Z,2026-09-14T13:05:28.872Z,2026-09-14T12:46:58.872Z,telemetry,boiler_01,12,5,55,2963,65,65
,,0,2026-09-13T13:05:28.872Z,2026-09-14T13:05:28.872Z,2026-09-14T12:47:28.872Z,telemetry,boiler_01,12,5,55,2964,65,65
,,0,2026-09-13T13:05:28.872Z,2026-09-14T13:05:28.872Z,2026-09-14T12:47:58.872Z,telemetry,boiler_01,12,5,55,2965,65,65
,,0,2026-09-13T13:05:28.872Z,2026-09-14T13:05:28.872Z,2026-09-14T12:48:28.872Z,telemetry,boiler_01,12,5,55,2966,65,65
,,0,2026-09-13T13:05:28.872Z,2026-09-14T13:05:28.872Z,2026-09-14T12:48:58.872Z,telemetry,boiler_01,12,5,55,2967,65,65
,,0,2026-09-13T13:05:28.872Z,2026-09-14T13:05:28.872Z,2026-09-14T12:49:28.872Z,telemetry,boiler_01,12,5,55,2968,65,65
,,0,2026-09-13T13:05:28.872Z,2026-09-14T13:05:28.872Z,2026-09-14T12:49:58.872Z,telemetry,boiler_01,12,5,55,2969,65,65
,,0,2026-09-13T13:05:28.872Z,2026-09-14T13:05:28.872Z,2026-09-14T12:50:28.872Z,telemetry,boiler_01,12,0,52.95,2970,65,62.95
,,0,2026-09-13T13:05:28.872Z,2026-09-14T13:05:28.872Z,2026-09-14T12:50:58.872Z,telemetry,boiler_01,12,0,50.85,2971,65,60.85
,,0,2026-09-13T13:05:28.872Z,2026-09-14T13:05:28.872Z,2026-09-14T12:51:28.872Z,telemetry,boiler_01,12,0,48.86,2972,65,58.86
,,0,2026-09-13T13:05:28.872Z,2026-09-14T13:05:28.872Z,2026-09-14T12:51:58.872Z,telemetry,boiler_01,12,0,46.97,2973,65,56.97
,,0,2026-09-13T13:05:28.872Z,2026-09-14T13:05:28.872Z,2026-09-14T12:52:28.872Z,telemetry,boiler_01,12,0,45.16,2974,65,55.16
,,0,2026-09-13T13:05:28.872Z,2026-09-14T13:05:28.872Z,2026-09-14T12:52:58.872Z,telemetry,boiler_01,12,0,43.45,2975,65,53.45
,,0,2026-09-13T13:05:28.872Z,2026-09-14T13:05:28.872Z,2026-09-14T12:53:28.872Z,telemetry,boiler_01,12,0,41.82,2976,65,51.82
,,0,2026-09-13T13:05:28.872Z,2026-09-14T13:05:28.872Z,2026-09-14T12:53:58.872Z,telemetry,boiler_01,12,0,40.27,2977,65,50.27
,,0,2026-09-13T13:05:28.872Z,2026-09-14T13:05:28.872Z,2026-09-14T12:54:28.872Z,telemetry,boiler_01,12,0,38.79,2978,65,48.79
,,0,2026-09-13T13:05:28.872Z,2026-09-14T13:05:28.872Z,2026-09-14T12:54:58.872Z,telemetry,boiler_01,12,0,37.39,2979,65,47.39
,,0,2026-09-13T13:05:28.872Z,2026-09-14T13:05:28.872Z,2026-09-14T12:55:28.872Z,telemetry,boiler_01,12,0,36.05,2980,65,46.05
,,0,2026-09-13T13:05:28.872Z,2026-09-14T13:05:28.872Z,2026-09-14T12:55:58.872Z,telemetry,boiler_01,12,0,34.78,2981,65,44.78
,,0,2026-09-13T13:05:28.872Z,2026-09-14T13:05:28.872Z,2026-09-14T12:56:28.872Z,telemetry,boiler_01,12,0,33.57,2982,65,43.57
,,0,2026-09-13T13:05:28.872Z,2026-09-14T13:05:28.872Z,2026-09-14T12:56:58.872Z,telemetry,boiler_01,12,0,32.42,2983,65,42.42
,,0,2026-09-13T13:05:28.872Z,2026-09-14T13:05:28.872Z,2026-09-14T12:57:28.872Z,telemetry,boiler_01,12,0,31.33,2984,65,41.33
,,0,2026-09-13T13:05:28.872Z,2026-09-14T13:05:28.872Z,2026-09-14T12:57:58.872Z,telemetry,boiler_01,12,0,30.29,2985,65,40.29
,,0,2026-09-13T13:05:28.872Z,2026-09-14T13:05:28.872Z,2026-09-14T12:58:28.872Z,telemetry,boiler_01,12,0,29.3,2986,65,39.3
,,0,2026-09-13T13:05:28.872Z,2026-09-14T13:05:28.872Z,2026-09-14T12:58:58.872Z,telemetry,boiler_01,12,0,28.36,2987,65,38.36
,,0,2026-09-13T13:05:28.872Z,2026-09-14T13:05:28.872Z,2026-09-14T12:59:28.872Z,telemetry,boiler_01,12,0,27.46,2988,65,37.46
,,0,2026-09-13T13:05:28.872Z,2026-09-14T13:05:28.872Z,2026-09-14T12:59:58.872Z,telemetry,boiler_01,12,0,26.61,2989,65,36.61
,,0,2026-09-13T13:05:28.872Z,2026-09-14T13:05:28.872Z,2026-09-14T13:00:28.872Z,telemetry,boiler_01,12,5,45.72,2990,65,55.72
,,0,2026-09-13T13:05:28.872Z,2026-09-14T13:05:28.872Z,2026-09-14T13:00:58.872Z,telemetry,boiler_01,12,5,52.2,2991,65,62.2
,,0,2026-09-13T13:05:28.872Z,2026-09-14T13:05:28.872Z,2026-09-14T13:01:28.872Z,telemetry,boiler_01,12,5,54.16,2992,65,64.16
,,0,2026-09-13T13:05:28.872Z,2026-09-14T13:05:28.872Z,2026-09-14T13:01:58.872Z,telemetry,boiler_01,12,5,54.75,2993,65,64.75
,,0,2026-09-13T13:05:28.872Z,2026-09-14T13:05:28.872Z,2026-09-14T13:02:28.872Z,telemetry,boiler_01,12,5,54.92,2994,65,64.92
,,0,2026-09-13T13:05:28.872Z,2026-09-14T13:05:28.872Z,2026-09-14T13:02:58.872Z,telemetry,boiler_01,12,5,54.98,2995,65,64.98
,,0,2026-09-13T13:05:28.872Z,2026-09-14T13:05:28.872Z,2026-09-14T13:03:28.872Z,telemetry,boiler_01,12,5,54.99,2996,65,64.99
,,0,2026-09-13T13:05:28.872Z,2026-09-14T13:05:28.872Z,2026-09-14T13:03:58.872Z,telemetry,boiler_01,12,5,55,2997,65,65
,,0,2026-09-13T13:05:28.872Z,2026-09-14T13:05:28.872Z,2026-09-14T13:04:28.872Z,telemetry,boiler_01,12,5,55,2998,65,65
,,0,2026-09-13T13:05:28.872Z,2026-09-14T13:05:28.872Z,2026-09-14T13:04:58.872Z,telemetry,boiler_01,12,5,55,2999,65,65

