2026-09-13T12:05:39.934031911Z logger=settings t=2026-09-13T12:05:39.933130655Z level=info msg="Starting Grafana" version=11.6.6 commit=cfda836b8ea47cce107455099c35b58643d0d766 branch=release-11.6.6 compiled=2026-09-13T12:05:39Z
2026-09-13T12:05:39.934092288Z logger=settings t=2026-09-13T12:05:39.93371549Z level=info msg="Config loaded from" file=/usr/share/grafana/conf/defaults.ini
2026-09-13T12:05:39.934100187Z logger=settings t=2026-09-13T12:05:39.933788989Z level=info msg="Config loaded from" file=/etc/grafana/grafana.ini
2026-09-13T12:05:39.934104010Z logger=settings t=2026-09-13T12:05:39.933817482Z level=info msg="Config overridden from command line" arg="default.paths.data=/var/lib/grafana"
2026-09-13T12:05:39.934107960Z logger=settings t=2026-09-13T12:05:39.933839296Z level=info msg="Config overridden from command line" arg="default.paths.logs=/var/log/grafana"
2026-09-13T12:05:39.934111637Z logger=settings t=2026-09-13T12:05:39.933891076Z level=info msg="Config overridden from command line" arg="default.paths.plugins=/var/lib/grafana/plugins"
2026-09-13T12:05:39.934115267Z logger=settings t=2026-09-13T12:05:39.933912802Z level=info msg="Config overridden from command line" arg="default.paths.provisioning=/etc/grafana/provisioning"
2026-09-13T12:05:39.934119008Z logger=settings t=2026-09-13T12:05:39.933931673Z level=info msg="Config overridden from command line" arg="default.log.mode=console"
2026-09-13T12:05:39.934122101Z logger=settings t=2026-09-13T12:05:39.933967295Z level=info msg="Config overridden from Environment variable" var="GF_PATHS_DATA=/var/lib/grafana"
2026-09-13T12:05:39.934135627Z logger=settings t=2026-09-13T12:05:39.934010566Z level=info msg="Config overridden from Environment variable" var="GF_PATHS_LOGS=/var/log/grafana"
2026-09-13T12:05:39.934140424Z logger=settings t=2026-09-13T12:05:39.934034581Z level=info msg="Config overridden from Environment variable" var="GF_PATHS_PLUGINS=/var/lib/grafana/plugins"
2026-09-13T12:05:39.934144130Z logger=settings t=2026-09-13T12:05:39.934055435Z level=info msg="Config overridden from Environment variable" var="GF_PATHS_PROVISIONING=/etc/grafana/provisioning"
2026-09-13T12:05:39.934152669Z logger=settings t=2026-09-13T12:05:39.93412224Z level=info msg="Config overridden from Environment variable" var="GF_SECURITY_ADMIN_PASSWORD=*********"
2026-09-13T12:05:39.934204611Z logger=settings t=2026-09-13T12:05:39.934144842Z level=info msg="Config overridden from Environment variable" var="GF_USERS_ALLOW_SIGN_UP=false"
2026-09-13T12:05:39.934298771Z logger=settings t=2026-09-13T12:05:39.934201683Z level=info msg=Target target=[all]
2026-09-13T12:05:39.934305629Z logger=settings t=2026-09-13T12:05:39.934237485Z level=info msg="Path Home" path=/usr/share/grafana
2026-09-13T12:05:39.934315283Z logger=settings t=2026-09-13T12:05:39.934284071Z level=info msg="Path Data" path=/var/lib/grafana
2026-09-13T12:05:39.934378308Z logger=settings t=2026-09-13T12:05:39.934316697Z level=info msg="Path Logs" path=/var/log/grafana
2026-09-13T12:05:39.934390364Z logger=settings t=2026-09-13T12:05:39.934365033Z level=info msg="Path Plugins" path=/var/lib/grafana/plugins
2026-09-13T12:05:39.934460650Z logger=settings t=2026-09-13T12:05:39.934397331Z level=info msg="Path Provisioning" path=/etc/grafana/provisioning
2026-09-13T12:05:39.934482223Z logger=settings t=2026-09-13T12:05:39.934444394Z level=info msg="App mode production"
2026-09-13T12:05:39.935323555Z logger=featuremgmt t=2026-09-13T12:05:39.935172786Z level=info msg=FeatureToggles recoveryThreshold=true groupToNestedTableTransformation=true transformationsRedesign=true useSessionStorageForRedirection=true correlations=true newPDFRendering=true cloudWatchRoundUpEndTime=true alertingUIOptimizeReducer=true lokiQuerySplitting=true nestedFolders=true dashboardSceneForViewers=true tlsMemcached=true preinstallAutoUpdate=true alertingQueryAndExpressionsStepMode=true azureMonitorEnableUserAuth=true onPremToCloudMigrations=true logsContextDatasourceUi=true logRowsPopoverMenu=true cloudWatchNewLabelParsing=true angularDeprecationUI=true alertingNotificationsStepMode=true alertingRuleVersionHistoryRestore=true unifiedRequestLog=true recordedQueriesMulti=true influxdbBackendMigration=true publicDashboardsScene=true dataplaneFrontendFallback=true promQLScope=true lokiLabelNamesQueryApi=true logsInfiniteScrolling=true formatString=true alertingInsights=true alertingSimplifiedRouting=true userStorageAPI=true alertingApiServer=true annotationPermissionUpdate=true addFieldFromCalculationStatFunctions=true ssoSettingsApi=true panelMonitoring=true alertingNoDataErrorExecution=true pinNavItems=true ssoSettingsSAML=true exploreMetrics=true cloudWatchCrossAccountQuerying=true reportingUseRawTimeRange=true dashboardScene=true alertRuleRestore=true awsAsyncQueryCaching=true kubernetesPlaylists=true newFiltersUI=true dashboardSceneSolo=true accessActionSets=true dashgpt=true prometheusAzureOverrideAudience=true logsExploreTableVisualisation=true lokiStructuredMetadata=true newDashboardSharingComponent=true lokiQueryHints=true
2026-09-13T12:05:39.935423594Z logger=sqlstore t=2026-09-13T12:05:39.935330331Z level=info msg="Connecting to DB" dbtype=sqlite3
2026-09-13T12:05:39.935504695Z logger=sqlstore t=2026-09-13T12:05:39.935426118Z level=info msg="Creating SQLite database file" path=/var/lib/grafana/grafana.db
2026-09-13T12:05:39.938709709Z logger=migrator t=2026-09-13T12:05:39.938374624Z level=info msg="Locking database"
2026-09-13T12:05:39.938726765Z logger=migrator t=2026-09-13T12:05:39.938468258Z level=info msg="Starting DB migrations"
2026-09-13T12:05:39.940127006Z logger=migrator t=2026-09-13T12:05:39.939840174Z level=info msg="Executing migration" id="create migration_log table"
2026-09-13T12:05:39.941701196Z logger=migrator t=2026-09-13T12:05:39.941401491Z level=info msg="Migration successfully executed" id="create migration_log table" duration=1.560572ms
2026-09-13T12:05:39.948431152Z logger=migrator t=2026-09-13T12:05:39.948286723Z level=info msg="Executing migration" id="create user table"
2026-09-13T12:05:39.949553995Z logger=migrator t=2026-09-13T12:05:39.94944423Z level=info msg="Migration successfully executed" id="create user table" duration=1.15692ms
2026-09-13T12:05:39.961435612Z logger=migrator t=2026-09-13T12:05:39.961231059Z level=info msg="Executing migration" id="add unique index user.login"
2026-09-13T12:05:39.964384862Z logger=migrator t=2026-09-13T12:05:39.96423482Z level=info msg="Migration successfully executed" id="add unique index user.login" duration=3.005775ms
2026-09-13T12:05:39.974411948Z logger=migrator t=2026-09-13T12:05:39.974236991Z level=info msg="Executing migration" id="add unique index user.email"
2026-09-13T12:05:39.975925677Z logger=migrator t=2026-09-13T12:05:39.97578571Z level=info msg="Migration successfully executed" id="add unique index user.email" duration=1.549647ms
2026-09-13T12:05:39.982186852Z logger=migrator t=2026-09-13T12:05:39.982023115Z level=info msg="Executing migration" id="drop index UQE_user_login - v1"
2026-09-13T12:05:39.984124611Z logger=migrator t=2026-09-13T12:05:39.983147979Z level=info msg="Migration successfully executed" id="drop index UQE_user_login - v1" duration=1.125333ms
2026-09-13T12:05:39.991717996Z logger=migrator t=2026-09-13T12:05:39.991553812Z level=info msg="Executing migration" id="drop index UQE_user_email - v1"
2026-09-13T12:05:39.993044612Z logger=migrator t=2026-09-13T12:05:39.992935538Z level=info msg="Migration successfully executed" id="drop index UQE_user_email - v1" duration=1.38312ms
2026-09-13T12:05:39.999755153Z logger=migrator t=2026-09-13T12:05:39.999530951Z level=info msg="Executing migration" id="Rename table user to user_v1 - v1"
2026-09-13T12:05:40.003128879Z logger=migrator t=2026-09-13T12:05:40.002600047Z level=info msg="Migration successfully executed" id="Rename table user to user_v1 - v1" duration=3.06766ms
2026-09-13T12:05:40.010814621Z logger=migrator t=2026-09-13T12:05:40.010351908Z level=info msg="Executing migration" id="create user table v2"
2026-09-13T12:05:40.011878273Z logger=migrator t=2026-09-13T12:05:40.011767493Z level=info msg="Migration successfully executed" id="create user table v2" duration=1.415553ms
2026-09-13T12:05:40.018496470Z logger=migrator t=2026-09-13T12:05:40.018407512Z level=info msg="Executing migration" id="create index UQE_user_login - v2"
2026-09-13T12:05:40.019579818Z logger=migrator t=2026-09-13T12:05:40.019479968Z level=info msg="Migration successfully executed" id="create index UQE_user_login - v2" duration=1.07358ms
2026-09-13T12:05:40.026462077Z logger=migrator t=2026-09-13T12:05:40.026306565Z level=info msg="Executing migration" id="create index UQE_user_email - v2"
2026-09-13T12:05:40.027722874Z logger=migrator t=2026-09-13T12:05:40.02760659Z level=info msg="Migration successfully executed" id="create index UQE_user_email - v2" duration=1.300921ms
2026-09-13T12:05:40.034540051Z logger=migrator t=2026-09-13T12:05:40.034432469Z level=info msg="Executing migration" id="copy data_source v1 to v2"
2026-09-13T12:05:40.035570469Z logger=migrator t=2026-09-13T12:05:40.035139141Z level=info msg="Migration successfully executed" id="copy data_source v1 to v2" duration=707.003µs
2026-09-13T12:05:40.041937219Z logger=migrator t=2026-09-13T12:05:40.041810683Z level=info msg="Executing migration" id="Drop old table user_v1"
2026-09-13T12:05:40.042976512Z logger=migrator t=2026-09-13T12:05:40.042862495Z level=info msg="Migration successfully executed" id="Drop old table user_v1" duration=1.052425ms
2026-09-13T12:05:40.049733679Z logger=migrator t=2026-09-13T12:05:40.049632688Z level=info msg="Executing migration" id="Add column help_flags1 to user table"
2026-09-13T12:05:40.051509570Z logger=migrator t=2026-09-13T12:05:40.051144859Z level=info msg="Migration successfully executed" id="Add column help_flags1 to user table" duration=1.521404ms
2026-09-13T12:05:40.058030912Z logger=migrator t=2026-09-13T12:05:40.057887893Z level=info msg="Executing migration" id="Update user table charset"
2026-09-13T12:05:40.058301860Z logger=migrator t=2026-09-13T12:05:40.058205683Z level=info msg="Migration successfully executed" id="Update user table charset" duration=322.967µs
2026-09-13T12:05:40.066718099Z logger=migrator t=2026-09-13T12:05:40.065283427Z level=info msg="Executing migration" id="Add last_seen_at column to user"
2026-09-13T12:05:40.066736366Z logger=migrator t=2026-09-13T12:05:40.066389159Z level=info msg="Migration successfully executed" id="Add last_seen_at column to user" duration=1.10637ms
2026-09-13T12:05:40.073041685Z logger=migrator t=2026-09-13T12:05:40.072886292Z level=info msg="Executing migration" id="Add missing user data"
2026-09-13T12:05:40.073439775Z logger=migrator t=2026-09-13T12:05:40.073249832Z level=info msg="Migration successfully executed" id="Add missing user data" duration=363.854µs
2026-09-13T12:05:40.080065858Z logger=migrator t=2026-09-13T12:05:40.079943696Z level=info msg="Executing migration" id="Add is_disabled column to user"
2026-09-13T12:05:40.081141814Z logger=migrator t=2026-09-13T12:05:40.080990556Z level=info msg="Migration successfully executed" id="Add is_disabled column to user" duration=1.05096ms
2026-09-13T12:05:40.087566291Z logger=migrator t=2026-09-13T12:05:40.087483943Z level=info msg="Executing migration" id="Add index user.login/user.email"
2026-09-13T12:05:40.088330704Z logger=migrator t=2026-09-13T12:05:40.088202387Z level=info msg="Migration successfully executed" id="Add index user.login/user.email" duration=720.128µs
2026-09-13T12:05:40.096044842Z logger=migrator t=2026-09-13T12:05:40.094744954Z level=info msg="Executing migration" id="Add is_service_account column to user"
2026-09-13T12:05:40.096059696Z logger=migrator t=2026-09-13T12:05:40.095733672Z level=info msg="Migration successfully executed" id="Add is_service_account column to user" duration=989.187µs
2026-09-13T12:05:40.102211961Z logger=migrator t=2026-09-13T12:05:40.10203442Z level=info msg="Executing migration" id="Update is_service_account column to nullable"
2026-09-13T12:05:40.108029901Z logger=migrator t=2026-09-13T12:05:40.107895304Z level=info msg="Migration successfully executed" id="Update is_service_account column to nullable" duration=5.861425ms
2026-09-13T12:05:40.114834298Z logger=migrator t=2026-09-13T12:05:40.114618584Z level=info msg="Executing migration" id="Add uid column to user"
2026-09-13T12:05:40.115939081Z logger=migrator t=2026-09-13T12:05:40.115802114Z level=info msg="Migration successfully executed" id="Add uid column to user" duration=1.184502ms
2026-09-13T12:05:40.123190178Z logger=migrator t=2026-09-13T12:05:40.122396438Z level=info msg="Executing migration" id="Update uid column values for users"
2026-09-13T12:05:40.123214437Z logger=migrator t=2026-09-13T12:05:40.12265619Z level=info msg="Migration successfully executed" id="Update uid column values for users" duration=262.28µs
2026-09-13T12:05:40.129639494Z logger=migrator t=2026-09-13T12:05:40.129497076Z level=info msg="Executing migration" id="Add unique index user_uid"
2026-09-13T12:05:40.130492722Z logger=migrator t=2026-09-13T12:05:40.130355546Z level=info msg="Migration successfully executed" id="Add unique index user_uid" duration=860.597µs
2026-09-13T12:05:40.137572994Z logger=migrator t=2026-09-13T12:05:40.137257522Z level=info msg="Executing migration" id="Add is_provisioned column to user"
2026-09-13T12:05:40.138595248Z logger=migrator t=2026-09-13T12:05:40.138468176Z level=info msg="Migration successfully executed" id="Add is_provisioned column to user" duration=1.211784ms
2026-09-13T12:05:40.145463163Z logger=migrator t=2026-09-13T12:05:40.145201021Z level=info msg="Executing migration" id="update login field with orgid to allow for multiple service accounts with same name across orgs"
2026-09-13T12:05:40.145761460Z logger=migrator t=2026-09-13T12:05:40.145660133Z level=info msg="Migration successfully executed" id="update login field with orgid to allow for multiple service accounts with same name across orgs" duration=460.52µs
2026-09-13T12:05:40.153591996Z logger=migrator t=2026-09-13T12:05:40.152533994Z level=info msg="Executing migration" id="update service accounts login field orgid to appear only once"
2026-09-13T12:05:40.153608391Z logger=migrator t=2026-09-13T12:05:40.153132319Z level=info msg="Migration successfully executed" id="update service accounts login field orgid to appear only once" duration=602.847µs
2026-09-13T12:05:40.160197061Z logger=migrator t=2026-09-13T12:05:40.159813139Z level=info msg="Executing migration" id="update login and email fields to lowercase"
2026-09-13T12:05:40.160354857Z logger=migrator t=2026-09-13T12:05:40.160252267Z level=info msg="Migration successfully executed" id="update login and email fields to lowercase" duration=439.422µs
2026-09-13T12:05:40.167211729Z logger=migrator t=2026-09-13T12:05:40.167021891Z level=info msg="Executing migration" id="update login and email fields to lowercase2"
2026-09-13T12:05:40.167635785Z logger=migrator t=2026-09-13T12:05:40.167540787Z level=info msg="Migration successfully executed" id="update login and email fields to lowercase2" duration=519.666µs
2026-09-13T12:05:40.175213875Z logger=migrator t=2026-09-13T12:05:40.175094421Z level=info msg="Executing migration" id="Add index on user.is_service_account and user.last_seen_at"
2026-09-13T12:05:40.176023869Z logger=migrator t=2026-09-13T12:05:40.175929662Z level=info msg="Migration successfully executed" id="Add index on user.is_service_account and user.last_seen_at" duration=836.186µs
2026-09-13T12:05:40.183149509Z logger=migrator t=2026-09-13T12:05:40.182971438Z level=info msg="Executing migration" id="create temp user table v1-7"
2026-09-13T12:05:40.183939622Z logger=migrator t=2026-09-13T12:05:40.18383178Z level=info msg="Migration successfully executed" id="create temp user table v1-7" duration=860.33µs
2026-09-13T12:05:40.190723004Z logger=migrator t=2026-09-13T12:05:40.190624394Z level=info msg="Executing migration" id="create index IDX_temp_user_email - v1-7"
2026-09-13T12:05:40.191488828Z logger=migrator t=2026-09-13T12:05:40.191388553Z level=info msg="Migration successfully executed" id="create index IDX_temp_user_email - v1-7" duration=765.455µs
2026-09-13T12:05:40.197935481Z logger=migrator t=2026-09-13T12:05:40.19781189Z level=info msg="Executing migration" id="create index IDX_temp_user_org_id - v1-7"
2026-09-13T12:05:40.198636756Z logger=migrator t=2026-09-13T12:05:40.198544159Z level=info msg="Migration successfully executed" id="create index IDX_temp_user_org_id - v1-7" duration=732.293µs
2026-09-13T12:05:40.205345974Z logger=migrator t=2026-09-13T12:05:40.205249573Z level=info msg="Executing migration" id="create index IDX_temp_user_code - v1-7"
2026-09-13T12:05:40.206252589Z logger=migrator t=2026-09-13T12:05:40.206121546Z level=info msg="Migration successfully executed" id="create index IDX_temp_user_code - v1-7" duration=873.097µs
2026-09-13T12:05:40.213257523Z logger=migrator t=2026-09-13T12:05:40.212789655Z level=info msg="Executing migration" id="create index IDX_temp_user_status - v1-7"
2026-09-13T12:05:40.213733462Z logger=migrator t=2026-09-13T12:05:40.213632717Z level=info msg="Migration successfully executed" id="create index IDX_temp_user_status - v1-7" duration=839.643µs
2026-09-13T12:05:40.220446380Z logger=migrator t=2026-09-13T12:05:40.220286785Z level=info msg="Executing migration" id="Update temp_user table charset"
2026-09-13T12:05:40.220500357Z logger=migrator t=2026-09-13T12:05:40.220324302Z level=info msg="Migration successfully executed" id="Update temp_user table charset" duration=38.931µs
2026-09-13T12:05:40.227157189Z logger=migrator t=2026-09-13T12:05:40.226845148Z level=info msg="Executing migration" id="drop index IDX_temp_user_email - v1"
2026-09-13T12:05:40.227722552Z logger=migrator t=2026-09-13T12:05:40.227628549Z level=info msg="Migration successfully executed" id="drop index IDX_temp_user_email - v1" duration=784.994µs
2026-09-13T12:05:40.234241902Z logger=migrator t=2026-09-13T12:05:40.234110768Z level=info msg="Executing migration" id="drop index IDX_temp_user_org_id - v1"
2026-09-13T12:05:40.235316405Z logger=migrator t=2026-09-13T12:05:40.235235417Z level=info msg="Migration successfully executed" id="drop index IDX_temp_user_org_id - v1" duration=1.124934ms
2026-09-13T12:05:40.242306331Z logger=migrator t=2026-09-13T12:05:40.242178038Z level=info msg="Executing migration" id="drop index IDX_temp_user_code - v1"
2026-09-13T12:05:40.243280200Z logger=migrator t=2026-09-13T12:05:40.243064817Z level=info msg="Migration successfully executed" id="drop index IDX_temp_user_code - v1" duration=908.344µs
2026-09-13T12:05:40.255134029Z logger=migrator t=2026-09-13T12:05:40.254909853Z level=info msg="Executing migration" id="drop index IDX_temp_user_status - v1"
2026-09-13T12:05:40.255904846Z logger=migrator t=2026-09-13T12:05:40.255803825Z level=info msg="Migration successfully executed" id="drop index IDX_temp_user_status - v1" duration=894.505µs
2026-09-13T12:05:40.268726379Z logger=migrator t=2026-09-13T12:05:40.268574445Z level=info msg="Executing migration" id="Rename table temp_user to temp_user_tmp_qwerty - v1"
2026-09-13T12:05:40.272371393Z logger=migrator t=2026-09-13T12:05:40.272134627Z level=info msg="Migration successfully executed" id="Rename table temp_user to temp_user_tmp_qwerty - v1" duration=3.558432ms
2026-09-13T12:05:40.281473536Z logger=migrator t=2026-09-13T12:05:40.281245986Z level=info msg="Executing migration" id="create temp_user v2"
2026-09-13T12:05:40.283117650Z logger=migrator t=2026-09-13T12:05:40.282924909Z level=info msg="Migration successfully executed" id="create temp_user v2" duration=1.679474ms
2026-09-13T12:05:40.292475972Z logger=migrator t=2026-09-13T12:05:40.292320003Z level=info msg="Executing migration" id="create index IDX_temp_user_email - v2"
2026-09-13T12:05:40.293955575Z logger=migrator t=2026-09-13T12:05:40.293724942Z level=info msg="Migration successfully executed" id="create index IDX_temp_user_email - v2" duration=1.405997ms
2026-09-13T12:05:40.303576977Z logger=migrator t=2026-09-13T12:05:40.303468222Z level=info msg="Executing migration" id="create index IDX_temp_user_org_id - v2"
2026-09-13T12:05:40.305089803Z logger=migrator t=2026-09-13T12:05:40.304889528Z level=info msg="Migration successfully executed" id="create index IDX_temp_user_org_id - v2" duration=1.422301ms
2026-09-13T12:05:40.316136842Z logger=migrator t=2026-09-13T12:05:40.315883618Z level=info msg="Executing migration" id="create index IDX_temp_user_code - v2"
2026-09-13T12:05:40.317270416Z logger=migrator t=2026-09-13T12:05:40.316829104Z level=info msg="Migration successfully executed" id="create index IDX_temp_user_code - v2" duration=959.585µs
2026-09-13T12:05:40.324715915Z logger=migrator t=2026-09-13T12:05:40.324579549Z level=info msg="Executing migration" id="create index IDX_temp_user_status - v2"
2026-09-13T12:05:40.325743036Z logger=migrator t=2026-09-13T12:05:40.325519837Z level=info msg="Migration successfully executed" id="create index IDX_temp_user_status - v2" duration=941.132µs
2026-09-13T12:05:40.333751475Z logger=migrator t=2026-09-13T12:05:40.333542479Z level=info msg="Executing migration" id="copy temp_user v1 to v2"
2026-09-13T12:05:40.334124507Z logger=migrator t=2026-09-13T12:05:40.33402409Z level=info msg="Migration successfully executed" id="copy temp_user v1 to v2" duration=482.14µs
2026-09-13T12:05:40.342784881Z logger=migrator t=2026-09-13T12:05:40.342613248Z level=info msg="Executing migration" id="drop temp_user_tmp_qwerty"
2026-09-13T12:05:40.343404518Z logger=migrator t=2026-09-13T12:05:40.34330649Z level=info msg="Migration successfully executed" id="drop temp_user_tmp_qwerty" duration=695.433µs
2026-09-13T12:05:40.349946355Z logger=migrator t=2026-09-13T12:05:40.349778922Z level=info msg="Executing migration" id="Set created for temp users that will otherwise prematurely expire"
2026-09-13T12:05:40.350393298Z logger=migrator t=2026-09-13T12:05:40.350294279Z level=info msg="Migration successfully executed" id="Set created for temp users that will otherwise prematurely expire" duration=516.242µs
2026-09-13T12:05:40.358090582Z logger=migrator t=2026-09-13T12:05:40.356989422Z level=info msg="Executing migration" id="create star table"
2026-09-13T12:05:40.358110759Z logger=migrator t=2026-09-13T12:05:40.357693301Z level=info msg="Migration successfully executed" id="create star table" duration=704.7µs
2026-09-13T12:05:40.364509807Z logger=migrator t=2026-09-13T12:05:40.364381084Z level=info msg="Executing migration" id="add unique index star.user_id_dashboard_id"
2026-09-13T12:05:40.365591905Z logger=migrator t=2026-09-13T12:05:40.365219757Z level=info msg="Migration successfully executed" id="add unique index star.user_id_dashboard_id" duration=839.053µs
2026-09-13T12:05:40.372127428Z logger=migrator t=2026-09-13T12:05:40.372009294Z level=info msg="Executing migration" id="Add column dashboard_uid in star"
2026-09-13T12:05:40.373466459Z logger=migrator t=2026-09-13T12:05:40.373318921Z level=info msg="Migration successfully executed" id="Add column dashboard_uid in star" duration=1.307283ms
2026-09-13T12:05:40.380265311Z logger=migrator t=2026-09-13T12:05:40.379991106Z level=info msg="Executing migration" id="Add column org_id in star"
2026-09-13T12:05:40.381542729Z logger=migrator t=2026-09-13T12:05:40.381341781Z level=info msg="Migration successfully executed" id="Add column org_id in star" duration=1.351836ms
2026-09-13T12:05:40.388183474Z logger=migrator t=2026-09-13T12:05:40.388039535Z level=info msg="Executing migration" id="Add column updated in star"
2026-09-13T12:05:40.389608879Z logger=migrator t=2026-09-13T12:05:40.389503803Z level=info msg="Migration successfully executed" id="Add column updated in star" duration=1.46461ms
2026-09-13T12:05:40.396302030Z logger=migrator t=2026-09-13T12:05:40.396124633Z level=info msg="Executing migration" id="add index in star table on dashboard_uid, org_id and user_id columns"
2026-09-13T12:05:40.397104355Z logger=migrator t=2026-09-13T12:05:40.396998745Z level=info msg="Migration successfully executed" id="add index in star table on dashboard_uid, org_id and user_id columns" duration=873.911µs
2026-09-13T12:05:40.404045122Z logger=migrator t=2026-09-13T12:05:40.403617267Z level=info msg="Executing migration" id="create org table v1"
2026-09-13T12:05:40.404542972Z logger=migrator t=2026-09-13T12:05:40.404410798Z level=info msg="Migration successfully executed" id="create org table v1" duration=794.01µs
2026-09-13T12:05:40.411261976Z logger=migrator t=2026-09-13T12:05:40.411143642Z level=info msg="Executing migration" id="create index UQE_org_name - v1"
2026-09-13T12:05:40.412032056Z logger=migrator t=2026-09-13T12:05:40.41189624Z level=info msg="Migration successfully executed" id="create index UQE_org_name - v1" duration=753.325µs
2026-09-13T12:05:40.418772783Z logger=migrator t=2026-09-13T12:05:40.418658745Z level=info msg="Executing migration" id="create org_user table v1"
2026-09-13T12:05:40.419554256Z logger=migrator t=2026-09-13T12:05:40.419422969Z level=info msg="Migration successfully executed" id="create org_user table v1" duration=765.637µs
2026-09-13T12:05:40.426142295Z logger=migrator t=2026-09-13T12:05:40.426026635Z level=info msg="Executing migration" id="create index IDX_org_user_org_id - v1"
2026-09-13T12:05:40.427057175Z logger=migrator t=2026-09-13T12:05:40.42693061Z level=info msg="Migration successfully executed" id="create index IDX_org_user_org_id - v1" duration=904.743µs
2026-09-13T12:05:40.434364684Z logger=migrator t=2026-09-13T12:05:40.433555711Z level=info msg="Executing migration" id="create index UQE_org_user_org_id_user_id - v1"
2026-09-13T12:05:40.434537714Z logger=migrator t=2026-09-13T12:05:40.434434597Z level=info msg="Migration successfully executed" id="create index UQE_org_user_org_id_user_id - v1" duration=878.759µs
2026-09-13T12:05:40.441054174Z logger=migrator t=2026-09-13T12:05:40.440932556Z level=info msg="Executing migration" id="create index IDX_org_user_user_id - v1"
2026-09-13T12:05:40.442021951Z logger=migrator t=2026-09-13T12:05:40.441899639Z level=info msg="Migration successfully executed" id="create index IDX_org_user_user_id - v1" duration=967.624µs
2026-09-13T12:05:40.448592544Z logger=migrator t=2026-09-13T12:05:40.448492558Z level=info msg="Executing migration" id="Update org table charset"
2026-09-13T12:05:40.448656057Z logger=migrator t=2026-09-13T12:05:40.4485815Z level=info msg="Migration successfully executed" id="Update org table charset" duration=90.383µs
2026-09-13T12:05:40.455356516Z logger=migrator t=2026-09-13T12:05:40.455217566Z level=info msg="Executing migration" id="Update org_user table charset"
2026-09-13T12:05:40.455375047Z logger=migrator t=2026-09-13T12:05:40.455257233Z level=info msg="Migration successfully executed" id="Update org_user table charset" duration=36.247µs
2026-09-13T12:05:40.462193908Z logger=migrator t=2026-09-13T12:05:40.461891982Z level=info msg="Executing migration" id="Migrate all Read Only Viewers to Viewers"
2026-09-13T12:05:40.462211038Z logger=migrator t=2026-09-13T12:05:40.462126495Z level=info msg="Migration successfully executed" id="Migrate all Read Only Viewers to Viewers" duration=235.298µs
2026-09-13T12:05:40.468838534Z logger=migrator t=2026-09-13T12:05:40.468730401Z level=info msg="Executing migration" id="create dashboard table"
2026-09-13T12:05:40.469633221Z logger=migrator t=2026-09-13T12:05:40.469533941Z level=info msg="Migration successfully executed" id="create dashboard table" duration=804.369µs
2026-09-13T12:05:40.476524622Z logger=migrator t=2026-09-13T12:05:40.476129946Z level=info msg="Executing migration" id="add index dashboard.account_id"
2026-09-13T12:05:40.476969567Z logger=migrator t=2026-09-13T12:05:40.476876563Z level=info msg="Migration successfully executed" id="add index dashboard.account_id" duration=747.703µs
2026-09-13T12:05:40.484027341Z logger=migrator t=2026-09-13T12:05:40.483850145Z level=info msg="Executing migration" id="add unique index dashboard_account_id_slug"
2026-09-13T12:05:40.484855644Z logger=migrator t=2026-09-13T12:05:40.484727109Z level=info msg="Migration successfully executed" id="add unique index dashboard_account_id_slug" duration=878.042µs
2026-09-13T12:05:40.491460660Z logger=migrator t=2026-09-13T12:05:40.491348264Z level=info msg="Executing migration" id="create dashboard_tag table"
2026-09-13T12:05:40.492110654Z logger=migrator t=2026-09-13T12:05:40.492002545Z level=info msg="Migration successfully executed" id="create dashboard_tag table" duration=660.096µs
2026-09-13T12:05:40.498867971Z logger=migrator t=2026-09-13T12:05:40.498725943Z level=info msg="Executing migration" id="add unique index dashboard_tag.dasboard_id_term"
2026-09-13T12:05:40.499581583Z logger=migrator t=2026-09-13T12:05:40.499486575Z level=info msg="Migration successfully executed" id="add unique index dashboard_tag.dasboard_id_term" duration=761.523µs
2026-09-13T12:05:40.506541356Z logger=migrator t=2026-09-13T12:05:40.506093662Z level=info msg="Executing migration" id="drop index UQE_dashboard_tag_dashboard_id_term - v1"
2026-09-13T12:05:40.506960233Z logger=migrator t=2026-09-13T12:05:40.506870694Z level=info msg="Migration successfully executed" id="drop index UQE_dashboard_tag_dashboard_id_term - v1" duration=777.607µs
2026-09-13T12:05:40.513696902Z logger=migrator t=2026-09-13T12:05:40.513544782Z level=info msg="Executing migration" id="Rename table dashboard to dashboard_v1 - v1"
2026-09-13T12:05:40.518237929Z logger=migrator t=2026-09-13T12:05:40.518133518Z level=info msg="Migration successfully executed" id="Rename table dashboard to dashboard_v1 - v1" duration=4.588643ms
2026-09-13T12:05:40.524764983Z logger=migrator t=2026-09-13T12:05:40.524641436Z level=info msg="Executing migration" id="create dashboard v2"
2026-09-13T12:05:40.525540438Z logger=migrator t=2026-09-13T12:05:40.525434855Z level=info msg="Migration successfully executed" id="create dashboard v2" duration=794.394µs
2026-09-13T12:05:40.532285820Z logger=migrator t=2026-09-13T12:05:40.532043738Z level=info msg="Executing migration" id="create index IDX_dashboard_org_id - v2"
2026-09-13T12:05:40.533004434Z logger=migrator t=2026-09-13T12:05:40.53290264Z level=info msg="Migration successfully executed" id="create index IDX_dashboard_org_id - v2" duration=860.156µs
2026-09-13T12:05:40.539732732Z logger=migrator t=2026-09-13T12:05:40.539616549Z level=info msg="Executing migration" id="create index UQE_dashboard_org_id_slug - v2"
2026-09-13T12:05:40.540507033Z logger=migrator t=2026-09-13T12:05:40.540411032Z level=info msg="Migration successfully executed" id="create index UQE_dashboard_org_id_slug - v2" duration=794.643µs
2026-09-13T12:05:40.547138186Z logger=migrator t=2026-09-13T12:05:40.547015529Z level=info msg="Executing migration" id="copy dashboard v1 to v2"
2026-09-13T12:05:40.547530526Z logger=migrator t=2026-09-13T12:05:40.547439286Z level=info msg="Migration successfully executed" id="copy dashboard v1 to v2" duration=424.394µs
2026-09-13T12:05:40.554611120Z logger=migrator t=2026-09-13T12:05:40.553931385Z level=info msg="Executing migration" id="drop table dashboard_v1"
2026-09-13T12:05:40.555068957Z logger=migrator t=2026-09-13T12:05:40.554882901Z level=info msg="Migration successfully executed" id="drop table dashboard_v1" duration=952.063µs
2026-09-13T12:05:40.562007715Z logger=migrator t=2026-09-13T12:05:40.561458627Z level=info msg="Executing migration" id="alter dashboard.data to mediumtext v1"
2026-09-13T12:05:40.562025906Z logger=migrator t=2026-09-13T12:05:40.561555138Z level=info msg="Migration successfully executed" id="alter dashboard.data to mediumtext v1" duration=103.155µs
2026-09-13T12:05:40.568490554Z logger=migrator t=2026-09-13T12:05:40.568181272Z level=info msg="Executing migration" id="Add column updated_by in dashboard - v2"
2026-09-13T12:05:40.570195572Z logger=migrator t=2026-09-13T12:05:40.570039308Z level=info msg="Migration successfully executed" id="Add column updated_by in dashboard - v2" duration=1.855583ms
2026-09-13T12:05:40.576984762Z logger=migrator t=2026-09-13T12:05:40.576849436Z level=info msg="Executing migration" id="Add column created_by in dashboard - v2"
2026-09-13T12:05:40.578631118Z logger=migrator t=2026-09-13T12:05:40.57851674Z level=info msg="Migration successfully executed" id="Add column created_by in dashboard - v2" duration=1.666781ms
2026-09-13T12:05:40.587172998Z logger=migrator t=2026-09-13T12:05:40.585319009Z level=info msg="Executing migration" id="Add column gnetId in dashboard"
2026-09-13T12:05:40.587194397Z logger=migrator t=2026-09-13T12:05:40.586836057Z level=info msg="Migration successfully executed" id="Add column gnetId in dashboard" duration=1.51706ms
2026-09-13T12:05:40.593636073Z logger=migrator t=2026-09-13T12:05:40.593524157Z level=info msg="Executing migration" id="Add index for gnetId in dashboard"
2026-09-13T12:05:40.594510178Z logger=migrator t=2026-09-13T12:05:40.594424359Z level=info msg="Migration successfully executed" id="Add index for gnetId in dashboard" duration=902.312µs
2026-09-13T12:05:40.601141900Z logger=migrator t=2026-09-13T12:05:40.600963939Z level=info msg="Executing migration" id="Add column plugin_id in dashboard"
2026-09-13T12:05:40.602753891Z logger=migrator t=2026-09-13T12:05:40.602638381Z level=info msg="Migration successfully executed" id="Add column plugin_id in dashboard" duration=1.674936ms
2026-09-13T12:05:40.609582319Z logger=migrator t=2026-09-13T12:05:40.609328971Z level=info msg="Executing migration" id="Add index for plugin_id in dashboard"
2026-09-13T12:05:40.610368421Z logger=migrator t=2026-09-13T12:05:40.610269038Z level=info msg="Migration successfully executed" id="Add index for plugin_id in dashboard" duration=943.343µs
2026-09-13T12:05:40.617190730Z logger=migrator t=2026-09-13T12:05:40.617026195Z level=info msg="Executing migration" id="Add index for dashboard_id in dashboard_tag"
2026-09-13T12:05:40.618061753Z logger=migrator t=2026-09-13T12:05:40.617930094Z level=info msg="Migration successfully executed" id="Add index for dashboard_id in dashboard_tag" duration=905.019µs
2026-09-13T12:05:40.624747201Z logger=migrator t=2026-09-13T12:05:40.62460552Z level=info msg="Executing migration" id="Update dashboard table charset"
2026-09-13T12:05:40.624767882Z logger=migrator t=2026-09-13T12:05:40.624669979Z level=info msg="Migration successfully executed" id="Update dashboard table charset" duration=66.304µs
2026-09-13T12:05:40.632171928Z logger=migrator t=2026-09-13T12:05:40.631568732Z level=info msg="Executing migration" id="Update dashboard_tag table charset"
2026-09-13T12:05:40.632192411Z logger=migrator t=2026-09-13T12:05:40.631618377Z level=info msg="Migration successfully executed" id="Update dashboard_tag table charset" duration=53.282µs
2026-09-13T12:05:40.638566708Z logger=migrator t=2026-09-13T12:05:40.638430244Z level=info msg="Executing migration" id="Add column folder_id in dashboard"
2026-09-13T12:05:40.640502147Z logger=migrator t=2026-09-13T12:05:40.640266181Z level=info msg="Migration successfully executed" id="Add column folder_id in dashboard" duration=1.836404ms
2026-09-13T12:05:40.647214422Z logger=migrator t=2026-09-13T12:05:40.647103131Z level=info msg="Executing migration" id="Add column isFolder in dashboard"
2026-09-13T12:05:40.648827327Z logger=migrator t=2026-09-13T12:05:40.64870939Z level=info msg="Migration successfully executed" id="Add column isFolder in dashboard" duration=1.607105ms
2026-09-13T12:05:40.655333442Z logger=migrator t=2026-09-13T12:05:40.65515407Z level=info msg="Executing migration" id="Add column has_acl in dashboard"
2026-09-13T12:05:40.657059400Z logger=migrator t=2026-09-13T12:05:40.656955026Z level=info msg="Migration successfully executed" id="Add column has_acl in dashboard" duration=1.801398ms
2026-09-13T12:05:40.663719544Z logger=migrator t=2026-09-13T12:05:40.663558514Z level=info msg="Executing migration" id="Add column uid in dashboard"
2026-09-13T12:05:40.665301834Z logger=migrator t=2026-09-13T12:05:40.665174923Z level=info msg="Migration successfully executed" id="Add column uid in dashboard" duration=1.616885ms
2026-09-13T12:05:40.671791043Z logger=migrator t=2026-09-13T12:05:40.67162592Z level=info msg="Executing migration" id="Update uid column values in dashboard"
2026-09-13T12:05:40.672053602Z logger=migrator t=2026-09-13T12:05:40.671966029Z level=info msg="Migration successfully executed" id="Update uid column values in dashboard" duration=341.916µs
2026-09-13T12:05:40.678656138Z logger=migrator t=2026-09-13T12:05:40.678542002Z level=info msg="Executing migration" id="Add unique index dashboard_org_id_uid"
2026-09-13T12:05:40.679422052Z logger=migrator t=2026-09-13T12:05:40.679326664Z level=info msg="Migration successfully executed" id="Add unique index dashboard_org_id_uid" duration=785.638µs
2026-09-13T12:05:40.686115491Z logger=migrator t=2026-09-13T12:05:40.685958016Z level=info msg="Executing migration" id="Remove unique index org_id_slug"
2026-09-13T12:05:40.690520083Z logger=migrator t=2026-09-13T12:05:40.690271778Z level=info msg="Migration successfully executed" id="Remove unique index org_id_slug" duration=4.314285ms
2026-09-13T12:05:40.697143386Z logger=migrator t=2026-09-13T12:05:40.696985689Z level=info msg="Executing migration" id="Update dashboard title length"
2026-09-13T12:05:40.697164987Z logger=migrator t=2026-09-13T12:05:40.697029854Z level=info msg="Migration successfully executed" id="Update dashboard title length" duration=46.492µs
2026-09-13T12:05:40.703817746Z logger=migrator t=2026-09-13T12:05:40.703692137Z level=info msg="Executing migration" id="Add unique index for dashboard_org_id_title_folder_id"
2026-09-13T12:05:40.704738548Z logger=migrator t=2026-09-13T12:05:40.704639914Z level=info msg="Migration successfully executed" id="Add unique index for dashboard_org_id_title_folder_id" duration=949.935µs
2026-09-13T12:05:40.711884606Z logger=migrator t=2026-09-13T12:05:40.711311322Z level=info msg="Executing migration" id="create dashboard_provisioning"
2026-09-13T12:05:40.712112501Z logger=migrator t=2026-09-13T12:05:40.712021914Z level=info msg="Migration successfully executed" id="create dashboard_provisioning" duration=712.1µs
2026-09-13T12:05:40.719226848Z logger=migrator t=2026-09-13T12:05:40.719039032Z level=info msg="Executing migration" id="Rename table dashboard_provisioning to dashboard_provisioning_tmp_qwerty - v1"
2026-09-13T12:05:40.723431033Z logger=migrator t=2026-09-13T12:05:40.723302471Z level=info msg="Migration successfully executed" id="Rename table dashboard_provisioning to dashboard_provisioning_tmp_qwerty - v1" duration=4.259781ms
2026-09-13T12:05:40.730189027Z logger=migrator t=2026-09-13T12:05:40.729994481Z level=info msg="Executing migration" id="create dashboard_provisioning v2"
2026-09-13T12:05:40.731013272Z logger=migrator t=2026-09-13T12:05:40.730906733Z level=info msg="Migration successfully executed" id="create dashboard_provisioning v2" duration=911.452µs
2026-09-13T12:05:40.738808613Z logger=migrator t=2026-09-13T12:05:40.737686549Z level=info msg="Executing migration" id="create index IDX_dashboard_provisioning_dashboard_id - v2"
2026-09-13T12:05:40.738829188Z logger=migrator t=2026-09-13T12:05:40.738465062Z level=info msg="Migration successfully executed" id="create index IDX_dashboard_provisioning_dashboard_id - v2" duration=780.304µs
2026-09-13T12:05:40.745145731Z logger=migrator t=2026-09-13T12:05:40.744962308Z level=info msg="Executing migration" id="create index IDX_dashboard_provisioning_dashboard_id_name - v2"
2026-09-13T12:05:40.745989901Z logger=migrator t=2026-09-13T12:05:40.745845131Z level=info msg="Migration successfully executed" id="create index IDX_dashboard_provisioning_dashboard_id_name - v2" duration=883.844µs
2026-09-13T12:05:40.752656056Z logger=migrator t=2026-09-13T12:05:40.752493175Z level=info msg="Executing migration" id="copy dashboard_provisioning v1 to v2"
2026-09-13T12:05:40.753008497Z logger=migrator t=2026-09-13T12:05:40.752913899Z level=info msg="Migration successfully executed" id="copy dashboard_provisioning v1 to v2" duration=421.731µs
2026-09-13T12:05:40.759817796Z logger=migrator t=2026-09-13T12:05:40.759640656Z level=info msg="Executing migration" id="drop dashboard_provisioning_tmp_qwerty"
2026-09-13T12:05:40.760448601Z logger=migrator t=2026-09-13T12:05:40.760353382Z level=info msg="Migration successfully executed" id="drop dashboard_provisioning_tmp_qwerty" duration=712.118µs
2026-09-13T12:05:40.767131024Z logger=migrator t=2026-09-13T12:05:40.766992039Z level=info msg="Executing migration" id="Add check_sum column"
2026-09-13T12:05:40.768788392Z logger=migrator t=2026-09-13T12:05:40.768682272Z level=info msg="Migration successfully executed" id="Add check_sum column" duration=1.69032ms
2026-09-13T12:05:40.775574457Z logger=migrator t=2026-09-13T12:05:40.775398189Z level=info msg="Executing migration" id="Add index for dashboard_title"
2026-09-13T12:05:40.776310748Z logger=migrator t=2026-09-13T12:05:40.776217278Z level=info msg="Migration successfully executed" id="Add index for dashboard_title" duration=820.075µs
2026-09-13T12:05:40.782941670Z logger=migrator t=2026-09-13T12:05:40.782775743Z level=info msg="Executing migration" id="delete tags for deleted dashboards"
2026-09-13T12:05:40.783138001Z logger=migrator t=2026-09-13T12:05:40.783057241Z level=info msg="Migration successfully executed" id="delete tags for deleted dashboards" duration=282.646µs
2026-09-13T12:05:40.790122369Z logger=migrator t=2026-09-13T12:05:40.789873606Z level=info msg="Executing migration" id="delete stars for deleted dashboards"
2026-09-13T12:05:40.790313317Z logger=migrator t=2026-09-13T12:05:40.790154144Z level=info msg="Migration successfully executed" id="delete stars for deleted dashboards" duration=281.698µs
2026-09-13T12:05:40.796922684Z logger=migrator t=2026-09-13T12:05:40.796732209Z level=info msg="Executing migration" id="Add index for dashboard_is_folder"
2026-09-13T12:05:40.797822185Z logger=migrator t=2026-09-13T12:05:40.797710158Z level=info msg="Migration successfully executed" id="Add index for dashboard_is_folder" duration=979.016µs
2026-09-13T12:05:40.804748944Z logger=migrator t=2026-09-13T12:05:40.804628876Z level=info msg="Executing migration" id="Add isPublic for dashboard"
2026-09-13T12:05:40.806684759Z logger=migrator t=2026-09-13T12:05:40.806566946Z level=info msg="Migration successfully executed" id="Add isPublic for dashboard" duration=1.937107ms
2026-09-13T12:05:40.813478286Z logger=migrator t=2026-09-13T12:05:40.813233819Z level=info msg="Executing migration" id="Add deleted for dashboard"
2026-09-13T12:05:40.815208333Z logger=migrator t=2026-09-13T12:05:40.815069451Z level=info msg="Migration successfully executed" id="Add deleted for dashboard" duration=1.834781ms
2026-09-13T12:05:40.821942044Z logger=migrator t=2026-09-13T12:05:40.821813054Z level=info msg="Executing migration" id="Add index for deleted"
2026-09-13T12:05:40.822733470Z logger=migrator t=2026-09-13T12:05:40.822631591Z level=info msg="Migration successfully executed" id="Add index for deleted" duration=825.385µs
2026-09-13T12:05:40.829997729Z logger=migrator t=2026-09-13T12:05:40.829808659Z level=info msg="Executing migration" id="Add column dashboard_uid in dashboard_tag"
2026-09-13T12:05:40.831916331Z logger=migrator t=2026-09-13T12:05:40.83181475Z level=info msg="Migration successfully executed" id="Add column dashboard_uid in dashboard_tag" duration=2.005494ms
2026-09-13T12:05:40.838438173Z logger=migrator t=2026-09-13T12:05:40.838279287Z level=info msg="Executing migration" id="Add column org_id in dashboard_tag"
2026-09-13T12:05:40.840204695Z logger=migrator t=2026-09-13T12:05:40.840055014Z level=info msg="Migration successfully executed" id="Add column org_id in dashboard_tag" duration=1.771829ms
2026-09-13T12:05:40.846770976Z logger=migrator t=2026-09-13T12:05:40.846583921Z level=info msg="Executing migration" id="Add missing dashboard_uid and org_id to dashboard_tag"
2026-09-13T12:05:40.847232832Z logger=migrator t=2026-09-13T12:05:40.847113342Z level=info msg="Migration successfully executed" id="Add missing dashboard_uid and org_id to dashboard_tag" duration=529.128µs
2026-09-13T12:05:40.854987018Z logger=migrator t=2026-09-13T12:05:40.853772712Z level=info msg="Executing migration" id="Add apiVersion for dashboard"
2026-09-13T12:05:40.855927984Z logger=migrator t=2026-09-13T12:05:40.8558136Z level=info msg="Migration successfully executed" id="Add apiVersion for dashboard" duration=2.026378ms
2026-09-13T12:05:40.862564496Z logger=migrator t=2026-09-13T12:05:40.862387453Z level=info msg="Executing migration" id="Add missing dashboard_uid and org_id to star"
2026-09-13T12:05:40.863067211Z logger=migrator t=2026-09-13T12:05:40.862969423Z level=info msg="Migration successfully executed" id="Add missing dashboard_uid and org_id to star" duration=591.27µs
2026-09-13T12:05:40.869834378Z logger=migrator t=2026-09-13T12:05:40.869699054Z level=info msg="Executing migration" id="create data_source table"
2026-09-13T12:05:40.870771578Z logger=migrator t=2026-09-13T12:05:40.870648706Z level=info msg="Migration successfully executed" id="create data_source table" duration=950.741µs
2026-09-13T12:05:40.878809816Z logger=migrator t=2026-09-13T12:05:40.877712195Z level=info msg="Executing migration" id="add index data_source.account_id"
2026-09-13T12:05:40.878833371Z logger=migrator t=2026-09-13T12:05:40.878552313Z level=info msg="Migration successfully executed" id="add index data_source.account_id" duration=836.071µs
2026-09-13T12:05:40.885606530Z logger=migrator t=2026-09-13T12:05:40.885462879Z level=info msg="Executing migration" id="add unique index data_source.account_id_name"
2026-09-13T12:05:40.886826095Z logger=migrator t=2026-09-13T12:05:40.886432721Z level=info msg="Migration successfully executed" id="add unique index data_source.account_id_name" duration=971.848µs
2026-09-13T12:05:40.893276663Z logger=migrator t=2026-09-13T12:05:40.893147359Z level=info msg="Executing migration" id="drop index IDX_data_source_account_id - v1"
2026-09-13T12:05:40.894102409Z logger=migrator t=2026-09-13T12:05:40.893991361Z level=info msg="Migration successfully executed" id="drop index IDX_data_source_account_id - v1" duration=844.582µs
2026-09-13T12:05:40.900846352Z logger=migrator t=2026-09-13T12:05:40.900653726Z level=info msg="Executing migration" id="drop index UQE_data_source_account_id_name - v1"
2026-09-13T12:05:40.901770920Z logger=migrator t=2026-09-13T12:05:40.901627733Z level=info msg="Migration successfully executed" id="drop index UQE_data_source_account_id_name - v1" duration=974.94µs
2026-09-13T12:05:40.908159698Z logger=migrator t=2026-09-13T12:05:40.908048962Z level=info msg="Executing migration" id="Rename table data_source to data_source_v1 - v1"
2026-09-13T12:05:40.913010233Z logger=migrator t=2026-09-13T12:05:40.912842289Z level=info msg="Migration successfully executed" id="Rename table data_source to data_source_v1 - v1" duration=4.793284ms
2026-09-13T12:05:40.919669229Z logger=migrator t=2026-09-13T12:05:40.919552808Z level=info msg="Executing migration" id="create data_source table v2"
2026-09-13T12:05:40.920602618Z logger=migrator t=2026-09-13T12:05:40.920442883Z level=info msg="Migration successfully executed" id="create data_source table v2" duration=890.1µs
2026-09-13T12:05:40.927248494Z logger=migrator t=2026-09-13T12:05:40.927069738Z level=info msg="Executing migration" id="create index IDX_data_source_org_id - v2"
2026-09-13T12:05:40.928065121Z logger=migrator t=2026-09-13T12:05:40.927927442Z level=info msg="Migration successfully executed" id="create index IDX_data_source_org_id - v2" duration=858.782µs
2026-09-13T12:05:40.936288752Z logger=migrator t=2026-09-13T12:05:40.935743908Z level=info msg="Executing migration" id="create index UQE_data_source_org_id_name - v2"
2026-09-13T12:05:40.936991447Z logger=migrator t=2026-09-13T12:05:40.936683858Z level=info msg="Migration successfully executed" id="create index UQE_data_source_org_id_name - v2" duration=939.457µs
2026-09-13T12:05:40.943405549Z logger=migrator t=2026-09-13T12:05:40.943218131Z level=info msg="Executing migration" id="Drop old table data_source_v1 #2"
2026-09-13T12:05:40.943919650Z logger=migrator t=2026-09-13T12:05:40.943824992Z level=info msg="Migration successfully executed" id="Drop old table data_source_v1 #2" duration=607.755µs
2026-09-13T12:05:40.950466009Z logger=migrator t=2026-09-13T12:05:40.950340466Z level=info msg="Executing migration" id="Add column with_credentials"
2026-09-13T12:05:40.952499262Z logger=migrator t=2026-09-13T12:05:40.952388049Z level=info msg="Migration successfully executed" id="Add column with_credentials" duration=2.007872ms
2026-09-13T12:05:40.959239671Z logger=migrator t=2026-09-13T12:05:40.959062883Z level=info msg="Executing migration" id="Add secure json data column"
2026-09-13T12:05:40.961164237Z logger=migrator t=2026-09-13T12:05:40.961023053Z level=info msg="Migration successfully executed" id="Add secure json data column" duration=1.959987ms
2026-09-13T12:05:40.967817215Z logger=migrator t=2026-09-13T12:05:40.967686244Z level=info msg="Executing migration" id="Update data_source table charset"
2026-09-13T12:05:40.967923751Z logger=migrator t=2026-09-13T12:05:40.967794352Z level=info msg="Migration successfully executed" id="Update data_source table charset" duration=111.266µs
2026-09-13T12:05:40.974670586Z logger=migrator t=2026-09-13T12:05:40.974445602Z level=info msg="Executing migration" id="Update initial version to 1"
2026-09-13T12:05:40.974930364Z logger=migrator t=2026-09-13T12:05:40.974834236Z level=info msg="Migration successfully executed" id="Update initial version to 1" duration=389.671µs
2026-09-13T12:05:40.981983170Z logger=migrator t=2026-09-13T12:05:40.981793335Z level=info msg="Executing migration" id="Add read_only data column"
2026-09-13T12:05:40.984182763Z logger=migrator t=2026-09-13T12:05:40.984040197Z level=info msg="Migration successfully executed" id="Add read_only data column" duration=2.24638ms
2026-09-13T12:05:40.991110599Z logger=migrator t=2026-09-13T12:05:40.990917572Z level=info msg="Executing migration" id="Migrate logging ds to loki ds"
2026-09-13T12:05:40.991333139Z logger=migrator t=2026-09-13T12:05:40.991244907Z level=info msg="Migration successfully executed" id="Migrate logging ds to loki ds" duration=328.155µs
2026-09-13T12:05:40.997801877Z logger=migrator t=2026-09-13T12:05:40.997710886Z level=info msg="Executing migration" id="Update json_data with nulls"
2026-09-13T12:05:40.998054024Z logger=migrator t=2026-09-13T12:05:40.997951671Z level=info msg="Migration successfully executed" id="Update json_data with nulls" duration=242µs
2026-09-13T12:05:41.004679428Z logger=migrator t=2026-09-13T12:05:41.004571195Z level=info msg="Executing migration" id="Add uid column"
2026-09-13T12:05:41.006735122Z logger=migrator t=2026-09-13T12:05:41.006590726Z level=info msg="Migration successfully executed" id="Add uid column" duration=2.02003ms
2026-09-13T12:05:41.013306775Z logger=migrator t=2026-09-13T12:05:41.013201579Z level=info msg="Executing migration" id="Update uid value"
2026-09-13T12:05:41.013733071Z logger=migrator t=2026-09-13T12:05:41.013643693Z level=info msg="Migration successfully executed" id="Update uid value" duration=443.826µs
2026-09-13T12:05:41.020497396Z logger=migrator t=2026-09-13T12:05:41.020357993Z level=info msg="Executing migration" id="Add unique index datasource_org_id_uid"
2026-09-13T12:05:41.021450764Z logger=migrator t=2026-09-13T12:05:41.021260996Z level=info msg="Migration successfully executed" id="Add unique index datasource_org_id_uid" duration=904.436µs
2026-09-13T12:05:41.028154859Z logger=migrator t=2026-09-13T12:05:41.028007943Z level=info msg="Executing migration" id="add unique index datasource_org_id_is_default"
2026-09-13T12:05:41.029020385Z logger=migrator t=2026-09-13T12:05:41.028840946Z level=info msg="Migration successfully executed" id="add unique index datasource_org_id_is_default" duration=834.205µs
2026-09-13T12:05:41.037201908Z logger=migrator t=2026-09-13T12:05:41.035631415Z level=info msg="Executing migration" id="Add is_prunable column"
2026-09-13T12:05:41.037961337Z logger=migrator t=2026-09-13T12:05:41.037812411Z level=info msg="Migration successfully executed" id="Add is_prunable column" duration=2.180133ms
2026-09-13T12:05:41.044906465Z logger=migrator t=2026-09-13T12:05:41.044692658Z level=info msg="Executing migration" id="Add api_version column"
2026-09-13T12:05:41.047290596Z logger=migrator t=2026-09-13T12:05:41.047139932Z level=info msg="Migration successfully executed" id="Add api_version column" duration=2.446856ms
2026-09-13T12:05:41.053918558Z logger=migrator t=2026-09-13T12:05:41.053740719Z level=info msg="Executing migration" id="create api_key table"
2026-09-13T12:05:41.054669131Z logger=migrator t=2026-09-13T12:05:41.054539791Z level=info msg="Migration successfully executed" id="create api_key table" duration=801.273µs
2026-09-13T12:05:41.061460063Z logger=migrator t=2026-09-13T12:05:41.061239077Z level=info msg="Executing migration" id="add index api_key.account_id"
2026-09-13T12:05:41.063859160Z logger=migrator t=2026-09-13T12:05:41.063718005Z level=info msg="Migration successfully executed" id="add index api_key.account_id" duration=2.480483ms
2026-09-13T12:05:41.070551744Z logger=migrator t=2026-09-13T12:05:41.070348294Z level=info msg="Executing migration" id="add index api_key.key"
2026-09-13T12:05:41.071279217Z logger=migrator t=2026-09-13T12:05:41.071177097Z level=info msg="Migration successfully executed" id="add index api_key.key" duration=829.773µs
2026-09-13T12:05:41.078202695Z logger=migrator t=2026-09-13T12:05:41.078025074Z level=info msg="Executing migration" id="add index api_key.account_id_name"
2026-09-13T12:05:41.079024723Z logger=migrator t=2026-09-13T12:05:41.07891018Z level=info msg="Migration successfully executed" id="add index api_key.account_id_name" duration=886.373µs
2026-09-13T12:05:41.085835488Z logger=migrator t=2026-09-13T12:05:41.085691268Z level=info msg="Executing migration" id="drop index IDX_api_key_account_id - v1"
2026-09-13T12:05:41.086731038Z logger=migrator t=2026-09-13T12:05:41.086527786Z level=info msg="Migration successfully executed" id="drop index IDX_api_key_account_id - v1" duration=838.355µs
2026-09-13T12:05:41.093632409Z logger=migrator t=2026-09-13T12:05:41.093280859Z level=info msg="Executing migration" id="drop index UQE_api_key_key - v1"
2026-09-13T12:05:41.094344332Z logger=migrator t=2026-09-13T12:05:41.094212645Z level=info msg="Migration successfully executed" id="drop index UQE_api_key_key - v1" duration=934.022µs
2026-09-13T12:05:41.101058278Z logger=migrator t=2026-09-13T12:05:41.100905599Z level=info msg="Executing migration" id="drop index UQE_api_key_account_id_name - v1"
2026-09-13T12:05:41.101990812Z logger=migrator t=2026-09-13T12:05:41.101894052Z level=info msg="Migration successfully executed" id="drop index UQE_api_key_account_id_name - v1" duration=992.055µs
2026-09-13T12:05:41.108696013Z logger=migrator t=2026-09-13T12:05:41.108501421Z level=info msg="Executing migration" id="Rename table api_key to api_key_v1 - v1"
2026-09-13T12:05:41.113978887Z logger=migrator t=2026-09-13T12:05:41.113841181Z level=info msg="Migration successfully executed" id="Rename table api_key to api_key_v1 - v1" duration=5.33985ms
2026-09-13T12:05:41.120772443Z logger=migrator t=2026-09-13T12:05:41.120533549Z level=info msg="Executing migration" id="create api_key table v2"
2026-09-13T12:05:41.121488104Z logger=migrator t=2026-09-13T12:05:41.121310073Z level=info msg="Migration successfully executed" id="create api_key table v2" duration=778.182µs
2026-09-13T12:05:41.127979523Z logger=migrator t=2026-09-13T12:05:41.127816257Z level=info msg="Executing migration" id="create index IDX_api_key_org_id - v2"
2026-09-13T12:05:41.128663877Z logger=migrator t=2026-09-13T12:05:41.128584976Z level=info msg="Migration successfully executed" id="create index IDX_api_key_org_id - v2" duration=770.705µs
2026-09-13T12:05:41.135344194Z logger=migrator t=2026-09-13T12:05:41.135057227Z level=info msg="Executing migration" id="create index UQE_api_key_key - v2"
2026-09-13T12:05:41.135982763Z logger=migrator t=2026-09-13T12:05:41.135880749Z level=info msg="Migration successfully executed" id="create index UQE_api_key_key - v2" duration=825.585µs
2026-09-13T12:05:41.142490158Z logger=migrator t=2026-09-13T12:05:41.142317776Z level=info msg="Executing migration" id="create index UQE_api_key_org_id_name - v2"
2026-09-13T12:05:41.143277683Z logger=migrator t=2026-09-13T12:05:41.143185622Z level=info msg="Migration successfully executed" id="create index UQE_api_key_org_id_name - v2" duration=869.007µs
2026-09-13T12:05:41.150204535Z logger=migrator t=2026-09-13T12:05:41.149994705Z level=info msg="Executing migration" id="copy api_key v1 to v2"
2026-09-13T12:05:41.150548275Z logger=migrator t=2026-09-13T12:05:41.150459647Z level=info msg="Migration successfully executed" id="copy api_key v1 to v2" duration=466.286µs
2026-09-13T12:05:41.157229988Z logger=migrator t=2026-09-13T12:05:41.157040066Z level=info msg="Executing migration" id="Drop old table api_key_v1"
2026-09-13T12:05:41.158035066Z logger=migrator t=2026-09-13T12:05:41.157891314Z level=info msg="Migration successfully executed" id="Drop old table api_key_v1" duration=852.028µs
2026-09-13T12:05:41.164776023Z logger=migrator t=2026-09-13T12:05:41.16456514Z level=info msg="Executing migration" id="Update api_key table charset"
2026-09-13T12:05:41.164798189Z logger=migrator t=2026-09-13T12:05:41.164614436Z level=info msg="Migration successfully executed" id="Update api_key table charset" duration=52.683µs
2026-09-13T12:05:41.173166862Z logger=migrator t=2026-09-13T12:05:41.171543338Z level=info msg="Executing migration" id="Add expires to api_key table"
2026-09-13T12:05:41.174001055Z logger=migrator t=2026-09-13T12:05:41.173861813Z level=info msg="Migration successfully executed" id="Add expires to api_key table" duration=2.313543ms
2026-09-13T12:05:41.181256578Z logger=migrator t=2026-09-13T12:05:41.1806254Z level=info msg="Executing migration" id="Add service account foreign key"
2026-09-13T12:05:41.182957038Z logger=migrator t=2026-09-13T12:05:41.182840566Z level=info msg="Migration successfully executed" id="Add service account foreign key" duration=2.214093ms
2026-09-13T12:05:41.189690503Z logger=migrator t=2026-09-13T12:05:41.189519658Z level=info msg="Executing migration" id="set service account foreign key to nil if 0"
2026-09-13T12:05:41.189855793Z logger=migrator t=2026-09-13T12:05:41.189789208Z level=info msg="Migration successfully executed" id="set service account foreign key to nil if 0" duration=269.793µs
2026-09-13T12:05:41.196739551Z logger=migrator t=2026-09-13T12:05:41.196569051Z level=info msg="Executing migration" id="Add last_used_at to api_key table"
2026-09-13T12:05:41.198916246Z logger=migrator t=2026-09-13T12:05:41.198783856Z level=info msg="Migration successfully executed" id="Add last_used_at to api_key table" duration=2.21493ms
2026-09-13T12:05:41.205759383Z logger=migrator t=2026-09-13T12:05:41.205612867Z level=info msg="Executing migration" id="Add is_revoked column to api_key table"
2026-09-13T12:05:41.207819601Z logger=migrator t=2026-09-13T12:05:41.207703799Z level=info msg="Migration successfully executed" id="Add is_revoked column to api_key table" duration=2.086603ms
2026-09-13T12:05:41.214438585Z logger=migrator t=2026-09-13T12:05:41.214234014Z level=info msg="Executing migration" id="create dashboard_snapshot table v4"
2026-09-13T12:05:41.215156334Z logger=migrator t=2026-09-13T12:05:41.21505505Z level=info msg="Migration successfully executed" id="create dashboard_snapshot table v4" duration=821.662µs
2026-09-13T12:05:41.221864596Z logger=migrator t=2026-09-13T12:05:41.221762162Z level=info msg="Executing migration" id="drop table dashboard_snapshot_v4 #1"
2026-09-13T12:05:41.222498098Z logger=migrator t=2026-09-13T12:05:41.222389371Z level=info msg="Migration successfully executed" id="drop table dashboard_snapshot_v4 #1" duration=628.886µs
2026-09-13T12:05:41.229037458Z logger=migrator t=2026-09-13T12:05:41.228938151Z level=info msg="Executing migration" id="create dashboard_snapshot table v5 #2"
2026-09-13T12:05:41.229903352Z logger=migrator t=2026-09-13T12:05:41.229811505Z level=info msg="Migration successfully executed" id="create dashboard_snapshot table v5 #2" duration=873.703µs
2026-09-13T12:05:41.236692984Z logger=migrator t=2026-09-13T12:05:41.236461996Z level=info msg="Executing migration" id="create index UQE_dashboard_snapshot_key - v5"
2026-09-13T12:05:41.237414553Z logger=migrator t=2026-09-13T12:05:41.237279535Z level=info msg="Migration successfully executed" id="create index UQE_dashboard_snapshot_key - v5" duration=818.839µs
2026-09-13T12:05:41.244397809Z logger=migrator t=2026-09-13T12:05:41.244192772Z level=info msg="Executing migration" id="create index UQE_dashboard_snapshot_delete_key - v5"
2026-09-13T12:05:41.245101555Z logger=migrator t=2026-09-13T12:05:41.245007446Z level=info msg="Migration successfully executed" id="create index UQE_dashboard_snapshot_delete_key - v5" duration=815.886µs
2026-09-13T12:05:41.251945100Z logger=migrator t=2026-09-13T12:05:41.251552474Z level=info msg="Executing migration" id="create index IDX_dashboard_snapshot_user_id - v5"
2026-09-13T12:05:41.252520482Z logger=migrator t=2026-09-13T12:05:41.25234574Z level=info msg="Migration successfully executed" id="create index IDX_dashboard_snapshot_user_id - v5" duration=793.501µs
2026-09-13T12:05:41.259272308Z logger=migrator t=2026-09-13T12:05:41.259151984Z level=info msg="Executing migration" id="alter dashboard_snapshot to mediumtext v2"
2026-09-13T12:05:41.259416678Z logger=migrator t=2026-09-13T12:05:41.259249909Z level=info msg="Migration successfully executed" id="alter dashboard_snapshot to mediumtext v2" duration=99.687µs
2026-09-13T12:05:41.266022431Z logger=migrator t=2026-09-13T12:05:41.265902554Z level=info msg="Executing migration" id="Update dashboard_snapshot table charset"
2026-09-13T12:05:41.266041779Z logger=migrator t=2026-09-13T12:05:41.265940665Z level=info msg="Migration successfully executed" id="Update dashboard_snapshot table charset" duration=40.546µs
2026-09-13T12:05:41.272730341Z logger=migrator t=2026-09-13T12:05:41.272552296Z level=info msg="Executing migration" id="Add column external_delete_url to dashboard_snapshots table"
2026-09-13T12:05:41.275224764Z logger=migrator t=2026-09-13T12:05:41.275124499Z level=info msg="Migration successfully executed" id="Add column external_delete_url to dashboard_snapshots table" duration=2.571941ms
2026-09-13T12:05:41.281871970Z logger=migrator t=2026-09-13T12:05:41.281745025Z level=info msg="Executing migration" id="Add encrypted dashboard json column"
2026-09-13T12:05:41.284146267Z logger=migrator t=2026-09-13T12:05:41.283994938Z level=info msg="Migration successfully executed" id="Add encrypted dashboard json column" duration=2.249865ms
2026-09-13T12:05:41.290670671Z logger=migrator t=2026-09-13T12:05:41.290541724Z level=info msg="Executing migration" id="Change dashboard_encrypted column to MEDIUMBLOB"
2026-09-13T12:05:41.290761751Z logger=migrator t=2026-09-13T12:05:41.290643149Z level=info msg="Migration successfully executed" id="Change dashboard_encrypted column to MEDIUMBLOB" duration=103.47µs
2026-09-13T12:05:41.297572201Z logger=migrator t=2026-09-13T12:05:41.297456856Z level=info msg="Executing migration" id="create quota table v1"
2026-09-13T12:05:41.298459968Z logger=migrator t=2026-09-13T12:05:41.298356019Z level=info msg="Migration successfully executed" id="create quota table v1" duration=899.615µs
2026-09-13T12:05:41.305109356Z logger=migrator t=2026-09-13T12:05:41.304999228Z level=info msg="Executing migration" id="create index UQE_quota_org_id_user_id_target - v1"
2026-09-13T12:05:41.305948649Z logger=migrator t=2026-09-13T12:05:41.305850774Z level=info msg="Migration successfully executed" id="create index UQE_quota_org_id_user_id_target - v1" duration=852.216µs
2026-09-13T12:05:41.312732750Z logger=migrator t=2026-09-13T12:05:41.312569158Z level=info msg="Executing migration" id="Update quota table charset"
2026-09-13T12:05:41.312750569Z logger=migrator t=2026-09-13T12:05:41.31260894Z level=info msg="Migration successfully executed" id="Update quota table charset" duration=42.462µs
2026-09-13T12:05:41.320203607Z logger=migrator t=2026-09-13T12:05:41.319230195Z level=info msg="Executing migration" id="create plugin_setting table"
2026-09-13T12:05:41.320221702Z logger=migrator t=2026-09-13T12:05:41.319952034Z level=info msg="Migration successfully executed" id="create plugin_setting table" duration=722.625µs
2026-09-13T12:05:41.327227886Z logger=migrator t=2026-09-13T12:05:41.326996657Z level=info msg="Executing migration" id="create index UQE_plugin_setting_org_id_plugin_id - v1"
2026-09-13T12:05:41.328099145Z logger=migrator t=2026-09-13T12:05:41.327894403Z level=info msg="Migration successfully executed" id="create index UQE_plugin_setting_org_id_plugin_id - v1" duration=894.338µs
2026-09-13T12:05:41.335199384Z logger=migrator t=2026-09-13T12:05:41.334772968Z level=info msg="Executing migration" id="Add column plugin_version to plugin_settings"
2026-09-13T12:05:41.337232759Z logger=migrator t=2026-09-13T12:05:41.337105186Z level=info msg="Migration successfully executed" id="Add column plugin_version to plugin_settings" duration=2.331291ms
2026-09-13T12:05:41.344223820Z logger=migrator t=2026-09-13T12:05:41.34368052Z level=info msg="Executing migration" id="Update plugin_setting table charset"
2026-09-13T12:05:41.344243685Z logger=migrator t=2026-09-13T12:05:41.343721Z level=info msg="Migration successfully executed" id="Update plugin_setting table charset" duration=43.082µs
2026-09-13T12:05:41.350397489Z logger=migrator t=2026-09-13T12:05:41.350244541Z level=info msg="Executing migration" id="update NULL org_id to 1"
2026-09-13T12:05:41.350787516Z logger=migrator t=2026-09-13T12:05:41.350695666Z level=info msg="Migration successfully executed" id="update NULL org_id to 1" duration=451.958µs
2026-09-13T12:05:41.357477857Z logger=migrator t=2026-09-13T12:05:41.357267539Z level=info msg="Executing migration" id="make org_id NOT NULL and DEFAULT VALUE 1"
2026-09-13T12:05:41.365022271Z logger=migrator t=2026-09-13T12:05:41.364881329Z level=info msg="Migration successfully executed" id="make org_id NOT NULL and DEFAULT VALUE 1" duration=7.618791ms
2026-09-13T12:05:41.371915713Z logger=migrator t=2026-09-13T12:05:41.371771489Z level=info msg="Executing migration" id="create session table"
2026-09-13T12:05:41.372714509Z logger=migrator t=2026-09-13T12:05:41.372607193Z level=info msg="Migration successfully executed" id="create session table" duration=836.012µs
2026-09-13T12:05:41.379384355Z logger=migrator t=2026-09-13T12:05:41.379264936Z level=info msg="Executing migration" id="Drop old table playlist table"
2026-09-13T12:05:41.379492080Z logger=migrator t=2026-09-13T12:05:41.379434135Z level=info msg="Migration successfully executed" id="Drop old table playlist table" duration=170.727µs
2026-09-13T12:05:41.386239365Z logger=migrator t=2026-09-13T12:05:41.386044167Z level=info msg="Executing migration" id="Drop old table playlist_item table"
2026-09-13T12:05:41.386311644Z logger=migrator t=2026-09-13T12:05:41.386235232Z level=info msg="Migration successfully executed" id="Drop old table playlist_item table" duration=191.532µs
2026-09-13T12:05:41.393141152Z logger=migrator t=2026-09-13T12:05:41.392982009Z level=info msg="Executing migration" id="create playlist table v2"
2026-09-13T12:05:41.394006384Z logger=migrator t=2026-09-13T12:05:41.393877741Z level=info msg="Migration successfully executed" id="create playlist table v2" duration=895.881µs
2026-09-13T12:05:41.400922360Z logger=migrator t=2026-09-13T12:05:41.400670739Z level=info msg="Executing migration" id="create playlist item table v2"
2026-09-13T12:05:41.401660385Z logger=migrator t=2026-09-13T12:05:41.401562697Z level=info msg="Migration successfully executed" id="create playlist item table v2" duration=898.052µs
2026-09-13T12:05:41.408405874Z logger=migrator t=2026-09-13T12:05:41.408270553Z level=info msg="Executing migration" id="Update playlist table charset"
2026-09-13T12:05:41.408482535Z logger=migrator t=2026-09-13T12:05:41.408319557Z level=info msg="Migration successfully executed" id="Update playlist table charset" duration=46.277µs
2026-09-13T12:05:41.415140076Z logger=migrator t=2026-09-13T12:05:41.415015783Z level=info msg="Executing migration" id="Update playlist_item table charset"
2026-09-13T12:05:41.415240646Z logger=migrator t=2026-09-13T12:05:41.415059318Z level=info msg="Migration successfully executed" id="Update playlist_item table charset" duration=45.681µs
2026-09-13T12:05:41.423210997Z logger=migrator t=2026-09-13T12:05:41.421890873Z level=info msg="Executing migration" id="Add playlist column created_at"
2026-09-13T12:05:41.424555547Z logger=migrator t=2026-09-13T12:05:41.424406865Z level=info msg="Migration successfully executed" id="Add playlist column created_at" duration=2.516265ms
2026-09-13T12:05:41.431345212Z logger=migrator t=2026-09-13T12:05:41.431205056Z level=info msg="Executing migration" id="Add playlist column updated_at"
2026-09-13T12:05:41.434181258Z logger=migrator t=2026-09-13T12:05:41.434012501Z level=info msg="Migration successfully executed" id="Add playlist column updated_at" duration=2.808297ms
2026-09-13T12:05:41.440726597Z logger=migrator t=2026-09-13T12:05:41.440603088Z level=info msg="Executing migration" id="drop preferences table v2"
2026-09-13T12:05:41.440888474Z logger=migrator t=2026-09-13T12:05:41.440786569Z level=info msg="Migration successfully executed" id="drop preferences table v2" duration=185.265µs
2026-09-13T12:05:41.447516036Z logger=migrator t=2026-09-13T12:05:41.44738112Z level=info msg="Executing migration" id="drop preferences table v3"
2026-09-13T12:05:41.447670641Z logger=migrator t=2026-09-13T12:05:41.44749147Z level=info msg="Migration successfully executed" id="drop preferences table v3" duration=111.932µs
2026-09-13T12:05:41.454463047Z logger=migrator t=2026-09-13T12:05:41.454125735Z level=info msg="Executing migration" id="create preferences table v3"
2026-09-13T12:05:41.455116416Z logger=migrator t=2026-09-13T12:05:41.454988537Z level=info msg="Migration successfully executed" id="create preferences table v3" duration=863.682µs
2026-09-13T12:05:41.461914116Z logger=migrator t=2026-09-13T12:05:41.461746025Z level=info msg="Executing migration" id="Update preferences table charset"
2026-09-13T12:05:41.461933261Z logger=migrator t=2026-09-13T12:05:41.461791835Z level=info msg="Migration successfully executed" id="Update preferences table charset" duration=47.977µs
2026-09-13T12:05:41.468433097Z logger=migrator t=2026-09-13T12:05:41.468314535Z level=info msg="Executing migration" id="Add column team_id in preferences"
2026-09-13T12:05:41.471033908Z logger=migrator t=2026-09-13T12:05:41.470928117Z level=info msg="Migration successfully executed" id="Add column team_id in preferences" duration=2.613389ms
2026-09-13T12:05:41.477615011Z logger=migrator t=2026-09-13T12:05:41.477466557Z level=info msg="Executing migration" id="Update team_id column values in preferences"
2026-09-13T12:05:41.477805702Z logger=migrator t=2026-09-13T12:05:41.477701352Z level=info msg="Migration successfully executed" id="Update team_id column values in preferences" duration=236.742µs
2026-09-13T12:05:41.484508588Z logger=migrator t=2026-09-13T12:05:41.48424923Z level=info msg="Executing migration" id="Add column week_start in preferences"
2026-09-13T12:05:41.486798346Z logger=migrator t=2026-09-13T12:05:41.486679941Z level=info msg="Migration successfully executed" id="Add column week_start in preferences" duration=2.426977ms
2026-09-13T12:05:41.493610687Z logger=migrator t=2026-09-13T12:05:41.493433587Z level=info msg="Executing migration" id="Add column preferences.json_data"
2026-09-13T12:05:41.496058423Z logger=migrator t=2026-09-13T12:05:41.495923146Z level=info msg="Migration successfully executed" id="Add column preferences.json_data" duration=2.486802ms
2026-09-13T12:05:41.502786892Z logger=migrator t=2026-09-13T12:05:41.502563373Z level=info msg="Executing migration" id="alter preferences.json_data to mediumtext v1"
2026-09-13T12:05:41.502852620Z logger=migrator t=2026-09-13T12:05:41.502663635Z level=info msg="Migration successfully executed" id="alter preferences.json_data to mediumtext v1" duration=103.195µs
2026-09-13T12:05:41.509510755Z logger=migrator t=2026-09-13T12:05:41.509279953Z level=info msg="Executing migration" id="Add preferences index org_id"
2026-09-13T12:05:41.510303069Z logger=migrator t=2026-09-13T12:05:41.510168007Z level=info msg="Migration successfully executed" id="Add preferences index org_id" duration=889.637µs
2026-09-13T12:05:41.517145083Z logger=migrator t=2026-09-13T12:05:41.51702976Z level=info msg="Executing migration" id="Add preferences index user_id"
2026-09-13T12:05:41.518125858Z logger=migrator t=2026-09-13T12:05:41.517973156Z level=info msg="Migration successfully executed" id="Add preferences index user_id" duration=944.691µs
2026-09-13T12:05:41.524879268Z logger=migrator t=2026-09-13T12:05:41.524620516Z level=info msg="Executing migration" id="create alert table v1"
2026-09-13T12:05:41.525941177Z logger=migrator t=2026-09-13T12:05:41.525748682Z level=info msg="Migration successfully executed" id="create alert table v1" duration=1.128984ms
2026-09-13T12:05:41.532891058Z logger=migrator t=2026-09-13T12:05:41.532639988Z level=info msg="Executing migration" id="add index alert org_id & id "
2026-09-13T12:05:41.533698236Z logger=migrator t=2026-09-13T12:05:41.533579884Z level=info msg="Migration successfully executed" id="add index alert org_id & id " duration=940.983µs
2026-09-13T12:05:41.540367213Z logger=migrator t=2026-09-13T12:05:41.540163284Z level=info msg="Executing migration" id="add index alert state"
2026-09-13T12:05:41.541130926Z logger=migrator t=2026-09-13T12:05:41.540920064Z level=info msg="Migration successfully executed" id="add index alert state" duration=758.289µs
2026-09-13T12:05:41.547851684Z logger=migrator t=2026-09-13T12:05:41.547616776Z level=info msg="Executing migration" id="add index alert dashboard_id"
2026-09-13T12:05:41.548560885Z logger=migrator t=2026-09-13T12:05:41.54845712Z level=info msg="Migration successfully executed" id="add index alert dashboard_id" duration=841.211µs
2026-09-13T12:05:41.555190647Z logger=migrator t=2026-09-13T12:05:41.555037193Z level=info msg="Executing migration" id="Create alert_rule_tag table v1"
2026-09-13T12:05:41.555901006Z logger=migrator t=2026-09-13T12:05:41.55578996Z level=info msg="Migration successfully executed" id="Create alert_rule_tag table v1" duration=754.109µs
2026-09-13T12:05:41.562623364Z logger=migrator t=2026-09-13T12:05:41.562459739Z level=info msg="Executing migration" id="Add unique index alert_rule_tag.alert_id_tag_id"
2026-09-13T12:05:41.563412613Z logger=migrator t=2026-09-13T12:05:41.563315168Z level=info msg="Migration successfully executed" id="Add unique index alert_rule_tag.alert_id_tag_id" duration=855.977µs
2026-09-13T12:05:41.570102988Z logger=migrator t=2026-09-13T12:05:41.569897627Z level=info msg="Executing migration" id="drop index UQE_alert_rule_tag_alert_id_tag_id - v1"
2026-09-13T12:05:41.570818642Z logger=migrator t=2026-09-13T12:05:41.570724085Z level=info msg="Migration successfully executed" id="drop index UQE_alert_rule_tag_alert_id_tag_id - v1" duration=827.536µs
2026-09-13T12:05:41.579315082Z logger=migrator t=2026-09-13T12:05:41.577420539Z level=info msg="Executing migration" id="Rename table alert_rule_tag to alert_rule_tag_v1 - v1"
2026-09-13T12:05:41.584361078Z logger=migrator t=2026-09-13T12:05:41.584245652Z level=info msg="Migration successfully executed" id="Rename table alert_rule_tag to alert_rule_tag_v1 - v1" duration=6.823092ms
2026-09-13T12:05:41.591068982Z logger=migrator t=2026-09-13T12:05:41.590923174Z level=info msg="Executing migration" id="Create alert_rule_tag table v2"
2026-09-13T12:05:41.591768697Z logger=migrator t=2026-09-13T12:05:41.59164857Z level=info msg="Migration successfully executed" id="Create alert_rule_tag table v2" duration=726.549µs
2026-09-13T12:05:41.598524337Z logger=migrator t=2026-09-13T12:05:41.598252846Z level=info msg="Executing migration" id="create index UQE_alert_rule_tag_alert_id_tag_id - Add unique index alert_rule_tag.alert_id_tag_id V2"
2026-09-13T12:05:41.599556790Z logger=migrator t=2026-09-13T12:05:41.59924339Z level=info msg="Migration successfully executed" id="create index UQE_alert_rule_tag_alert_id_tag_id - Add unique index alert_rule_tag.alert_id_tag_id V2" duration=995.806µs
2026-09-13T12:05:41.606264447Z logger=migrator t=2026-09-13T12:05:41.606033913Z level=info msg="Executing migration" id="copy alert_rule_tag v1 to v2"
2026-09-13T12:05:41.606538468Z logger=migrator t=2026-09-13T12:05:41.606456909Z level=info msg="Migration successfully executed" id="copy alert_rule_tag v1 to v2" duration=424.338µs
2026-09-13T12:05:41.613225844Z logger=migrator t=2026-09-13T12:05:41.612985772Z level=info msg="Executing migration" id="drop table alert_rule_tag_v1"
2026-09-13T12:05:41.613811283Z logger=migrator t=2026-09-13T12:05:41.613715764Z level=info msg="Migration successfully executed" id="drop table alert_rule_tag_v1" duration=730.441µs
2026-09-13T12:05:41.620451781Z logger=migrator t=2026-09-13T12:05:41.62028529Z level=info msg="Executing migration" id="create alert_notification table v1"
2026-09-13T12:05:41.621164462Z logger=migrator t=2026-09-13T12:05:41.621060073Z level=info msg="Migration successfully executed" id="create alert_notification table v1" duration=776.175µs
2026-09-13T12:05:41.628176378Z logger=migrator t=2026-09-13T12:05:41.627869047Z level=info msg="Executing migration" id="Add column is_default"
2026-09-13T12:05:41.631372674Z logger=migrator t=2026-09-13T12:05:41.631139797Z level=info msg="Migration successfully executed" id="Add column is_default" duration=3.270479ms
2026-09-13T12:05:41.638321031Z logger=migrator t=2026-09-13T12:05:41.637930383Z level=info msg="Executing migration" id="Add column frequency"
2026-09-13T12:05:41.640962640Z logger=migrator t=2026-09-13T12:05:41.64083752Z level=info msg="Migration successfully executed" id="Add column frequency" duration=2.90694ms
2026-09-13T12:05:41.647697451Z logger=migrator t=2026-09-13T12:05:41.647498253Z level=info msg="Executing migration" id="Add column send_reminder"
2026-09-13T12:05:41.650443081Z logger=migrator t=2026-09-13T12:05:41.650236168Z level=info msg="Migration successfully executed" id="Add column send_reminder" duration=2.738419ms
2026-09-13T12:05:41.657002621Z logger=migrator t=2026-09-13T12:05:41.656848256Z level=info msg="Executing migration" id="Add column disable_resolve_message"
2026-09-13T12:05:41.660501351Z logger=migrator t=2026-09-13T12:05:41.660147161Z level=info msg="Migration successfully executed" id="Add column disable_resolve_message" duration=3.298486ms
2026-09-13T12:05:41.666829502Z logger=migrator t=2026-09-13T12:05:41.66671223Z level=info msg="Executing migration" id="add index alert_notification org_id & name"
2026-09-13T12:05:41.667624571Z logger=migrator t=2026-09-13T12:05:41.667486585Z level=info msg="Migration successfully executed" id="add index alert_notification org_id & name" duration=781.318µs
2026-09-13T12:05:41.674129467Z logger=migrator t=2026-09-13T12:05:41.674022633Z level=info msg="Executing migration" id="Update alert table charset"
2026-09-13T12:05:41.674145282Z logger=migrator t=2026-09-13T12:05:41.674055897Z level=info msg="Migration successfully executed" id="Update alert table charset" duration=34.447µs
2026-09-13T12:05:41.680922709Z logger=migrator t=2026-09-13T12:05:41.680764173Z level=info msg="Executing migration" id="Update alert_notification table charset"
2026-09-13T12:05:41.680977989Z logger=migrator t=2026-09-13T12:05:41.680802026Z level=info msg="Migration successfully executed" id="Update alert_notification table charset" duration=38.579µs
2026-09-13T12:05:41.688275999Z logger=migrator t=2026-09-13T12:05:41.687252789Z level=info msg="Executing migration" id="create notification_journal table v1"
2026-09-13T12:05:41.688291204Z logger=migrator t=2026-09-13T12:05:41.687942091Z level=info msg="Migration successfully executed" id="create notification_journal table v1" duration=690.421µs
2026-09-13T12:05:41.694877987Z logger=migrator t=2026-09-13T12:05:41.694693217Z level=info msg="Executing migration" id="add index notification_journal org_id & alert_id & notifier_id"
2026-09-13T12:05:41.695737530Z logger=migrator t=2026-09-13T12:05:41.695636Z level=info msg="Migration successfully executed" id="add index notification_journal org_id & alert_id & notifier_id" duration=944.583µs
2026-09-13T12:05:41.702592218Z logger=migrator t=2026-09-13T12:05:41.702389595Z level=info msg="Executing migration" id="drop alert_notification_journal"
2026-09-13T12:05:41.703332703Z logger=migrator t=2026-09-13T12:05:41.703230351Z level=info msg="Migration successfully executed" id="drop alert_notification_journal" duration=840.611µs
2026-09-13T12:05:41.710920981Z logger=migrator t=2026-09-13T12:05:41.709926864Z level=info msg="Executing migration" id="create alert_notification_state table v1"
2026-09-13T12:05:41.710950154Z logger=migrator t=2026-09-13T12:05:41.710622921Z level=info msg="Migration successfully executed" id="create alert_notification_state table v1" duration=697.724µs
2026-09-13T12:05:41.717539455Z logger=migrator t=2026-09-13T12:05:41.71725674Z level=info msg="Executing migration" id="add index alert_notification_state org_id & alert_id & notifier_id"
2026-09-13T12:05:41.718431451Z logger=migrator t=2026-09-13T12:05:41.718293457Z level=info msg="Migration successfully executed" id="add index alert_notification_state org_id & alert_id & notifier_id" duration=1.03726ms
2026-09-13T12:05:41.724945457Z logger=migrator t=2026-09-13T12:05:41.724858237Z level=info msg="Executing migration" id="Add for to alert table"
2026-09-13T12:05:41.727882937Z logger=migrator t=2026-09-13T12:05:41.727741155Z level=info msg="Migration successfully executed" id="Add for to alert table" duration=2.881548ms
2026-09-13T12:05:41.734381488Z logger=migrator t=2026-09-13T12:05:41.734222438Z level=info msg="Executing migration" id="Add column uid in alert_notification"
2026-09-13T12:05:41.737204090Z logger=migrator t=2026-09-13T12:05:41.737048515Z level=info msg="Migration successfully executed" id="Add column uid in alert_notification" duration=2.827083ms
2026-09-13T12:05:41.743886316Z logger=migrator t=2026-09-13T12:05:41.743767219Z level=info msg="Executing migration" id="Update uid column values in alert_notification"
2026-09-13T12:05:41.744220389Z logger=migrator t=2026-09-13T12:05:41.744108942Z level=info msg="Migration successfully executed" id="Update uid column values in alert_notification" duration=339.986µs
2026-09-13T12:05:41.750672231Z logger=migrator t=2026-09-13T12:05:41.750579973Z level=info msg="Executing migration" id="Add unique index alert_notification_org_id_uid"
2026-09-13T12:05:41.751583503Z logger=migrator t=2026-09-13T12:05:41.751456164Z level=info msg="Migration successfully executed" id="Add unique index alert_notification_org_id_uid" duration=876.568µs
2026-09-13T12:05:41.758202142Z logger=migrator t=2026-09-13T12:05:41.758064094Z level=info msg="Executing migration" id="Remove unique index org_id_name"
2026-09-13T12:05:41.759117287Z logger=migrator t=2026-09-13T12:05:41.758959385Z level=info msg="Migration successfully executed" id="Remove unique index org_id_name" duration=891.523µs
2026-09-13T12:05:41.765766980Z logger=migrator t=2026-09-13T12:05:41.765659897Z level=info msg="Executing migration" id="Add column secure_settings in alert_notification"
2026-09-13T12:05:41.768698949Z logger=migrator t=2026-09-13T12:05:41.768552185Z level=info msg="Migration successfully executed" id="Add column secure_settings in alert_notification" duration=2.89246ms
2026-09-13T12:05:41.775252603Z logger=migrator t=2026-09-13T12:05:41.775146772Z level=info msg="Executing migration" id="alter alert.settings to mediumtext"
2026-09-13T12:05:41.775393725Z logger=migrator t=2026-09-13T12:05:41.775237381Z level=info msg="Migration successfully executed" id="alter alert.settings to mediumtext" duration=92.343µs
2026-09-13T12:05:41.782144560Z logger=migrator t=2026-09-13T12:05:41.782012268Z level=info msg="Executing migration" id="Add non-unique index alert_notification_state_alert_id"
2026-09-13T12:05:41.783217485Z logger=migrator t=2026-09-13T12:05:41.782864579Z level=info msg="Migration successfully executed" id="Add non-unique index alert_notification_state_alert_id" duration=853.419µs
2026-09-13T12:05:41.789648617Z logger=migrator t=2026-09-13T12:05:41.789439876Z level=info msg="Executing migration" id="Add non-unique index alert_rule_tag_alert_id"
2026-09-13T12:05:41.790422256Z logger=migrator t=2026-09-13T12:05:41.790305793Z level=info msg="Migration successfully executed" id="Add non-unique index alert_rule_tag_alert_id" duration=867.179µs
2026-09-13T12:05:41.797241480Z logger=migrator t=2026-09-13T12:05:41.79676303Z level=info msg="Executing migration" id="Drop old annotation table v4"
2026-09-13T12:05:41.797257345Z logger=migrator t=2026-09-13T12:05:41.796861088Z level=info msg="Migration successfully executed" id="Drop old annotation table v4" duration=100.012µs
2026-09-13T12:05:41.803615824Z logger=migrator t=2026-09-13T12:05:41.803500062Z level=info msg="Executing migration" id="create annotation table v5"
2026-09-13T12:05:41.804689001Z logger=migrator t=2026-09-13T12:05:41.804387435Z level=info msg="Migration successfully executed" id="create annotation table v5" duration=886.463µs
2026-09-13T12:05:41.811102123Z logger=migrator t=2026-09-13T12:05:41.810984059Z level=info msg="Executing migration" id="add index annotation 0 v3"
2026-09-13T12:05:41.811998396Z logger=migrator t=2026-09-13T12:05:41.811867863Z level=info msg="Migration successfully executed" id="add index annotation 0 v3" duration=907.452µs
2026-09-13T12:05:41.818957156Z logger=migrator t=2026-09-13T12:05:41.818627769Z level=info msg="Executing migration" id="add index annotation 1 v3"
2026-09-13T12:05:41.819602564Z logger=migrator t=2026-09-13T12:05:41.819472407Z level=info msg="Migration successfully executed" id="add index annotation 1 v3" duration=841.494µs
2026-09-13T12:05:41.826128583Z logger=migrator t=2026-09-13T12:05:41.825938805Z level=info msg="Executing migration" id="add index annotation 2 v3"
2026-09-13T12:05:41.826873530Z logger=migrator t=2026-09-13T12:05:41.826745247Z level=info msg="Migration successfully executed" id="add index annotation 2 v3" duration=807.224µs
2026-09-13T12:05:41.833764466Z logger=migrator t=2026-09-13T12:05:41.833247566Z level=info msg="Executing migration" id="add index annotation 3 v3"
2026-09-13T12:05:41.834435017Z logger=migrator t=2026-09-13T12:05:41.834239761Z level=info msg="Migration successfully executed" id="add index annotation 3 v3" duration=992.469µs
2026-09-13T12:05:41.841093655Z logger=migrator t=2026-09-13T12:05:41.840823264Z level=info msg="Executing migration" id="add index annotation 4 v3"
2026-09-13T12:05:41.841844964Z logger=migrator t=2026-09-13T12:05:41.841709908Z level=info msg="Migration successfully executed" id="add index annotation 4 v3" duration=887.133µs
2026-09-13T12:05:41.848732691Z logger=migrator t=2026-09-13T12:05:41.84843869Z level=info msg="Executing migration" id="Update annotation table charset"
2026-09-13T12:05:41.848748912Z logger=migrator t=2026-09-13T12:05:41.848475997Z level=info msg="Migration successfully executed" id="Update annotation table charset" duration=39.839µs
2026-09-13T12:05:41.855220719Z logger=migrator t=2026-09-13T12:05:41.854999587Z level=info msg="Executing migration" id="Add column region_id to annotation table"
2026-09-13T12:05:41.858252276Z logger=migrator t=2026-09-13T12:05:41.858146094Z level=info msg="Migration successfully executed" id="Add column region_id to annotation table" duration=3.146716ms
2026-09-13T12:05:41.865199156Z logger=migrator t=2026-09-13T12:05:41.864723331Z level=info msg="Executing migration" id="Drop category_id index"
2026-09-13T12:05:41.865788149Z logger=migrator t=2026-09-13T12:05:41.865675994Z level=info msg="Migration successfully executed" id="Drop category_id index" duration=953.725µs
2026-09-13T12:05:41.872267446Z logger=migrator t=2026-09-13T12:05:41.87213158Z level=info msg="Executing migration" id="Add column tags to annotation table"
2026-09-13T12:05:41.875223962Z logger=migrator t=2026-09-13T12:05:41.875137314Z level=info msg="Migration successfully executed" id="Add column tags to annotation table" duration=3.005297ms
2026-09-13T12:05:41.882001345Z logger=migrator t=2026-09-13T12:05:41.881761893Z level=info msg="Executing migration" id="Create annotation_tag table v2"
2026-09-13T12:05:41.882546274Z logger=migrator t=2026-09-13T12:05:41.882454497Z level=info msg="Migration successfully executed" id="Create annotation_tag table v2" duration=693.191µs
2026-09-13T12:05:41.889413000Z logger=migrator t=2026-09-13T12:05:41.88922627Z level=info msg="Executing migration" id="Add unique index annotation_tag.annotation_id_tag_id"
2026-09-13T12:05:41.890310771Z logger=migrator t=2026-09-13T12:05:41.890214209Z level=info msg="Migration successfully executed" id="Add unique index annotation_tag.annotation_id_tag_id" duration=988.647µs
2026-09-13T12:05:41.897837454Z logger=migrator t=2026-09-13T12:05:41.896861045Z level=info msg="Executing migration" id="drop index UQE_annotation_tag_annotation_id_tag_id - v2"
2026-09-13T12:05:41.897867327Z logger=migrator t=2026-09-13T12:05:41.89771202Z level=info msg="Migration successfully executed" id="drop index UQE_annotation_tag_annotation_id_tag_id - v2" duration=851.664µs
2026-09-13T12:05:41.904307703Z logger=migrator t=2026-09-13T12:05:41.90420106Z level=info msg="Executing migration" id="Rename table annotation_tag to annotation_tag_v2 - v2"
2026-09-13T12:05:41.912202363Z logger=migrator t=2026-09-13T12:05:41.912021286Z level=info msg="Migration successfully executed" id="Rename table annotation_tag to annotation_tag_v2 - v2" duration=7.819427ms
2026-09-13T12:05:41.919031365Z logger=migrator t=2026-09-13T12:05:41.918750473Z level=info msg="Executing migration" id="Create annotation_tag table v3"
2026-09-13T12:05:41.919778240Z logger=migrator t=2026-09-13T12:05:41.919568014Z level=info msg="Migration successfully executed" id="Create annotation_tag table v3" duration=818.138µs
2026-09-13T12:05:41.926301071Z logger=migrator t=2026-09-13T12:05:41.926176143Z level=info msg="Executing migration" id="create index UQE_annotation_tag_annotation_id_tag_id - Add unique index annotation_tag.annotation_id_tag_id V3"
2026-09-13T12:05:41.927174397Z logger=migrator t=2026-09-13T12:05:41.927016874Z level=info msg="Migration successfully executed" id="create index UQE_annotation_tag_annotation_id_tag_id - Add unique index annotation_tag.annotation_id_tag_id V3" duration=841.649µs
2026-09-13T12:05:41.933789392Z logger=migrator t=2026-09-13T12:05:41.933681281Z level=info msg="Executing migration" id="copy annotation_tag v2 to v3"
2026-09-13T12:05:41.934150578Z logger=migrator t=2026-09-13T12:05:41.934033749Z level=info msg="Migration successfully executed" id="copy annotation_tag v2 to v3" duration=359.313µs
2026-09-13T12:05:41.941224953Z logger=migrator t=2026-09-13T12:05:41.940686325Z level=info msg="Executing migration" id="drop table annotation_tag_v2"
2026-09-13T12:05:41.941520441Z logger=migrator t=2026-09-13T12:05:41.941416348Z level=info msg="Migration successfully executed" id="drop table annotation_tag_v2" duration=731.016µs
2026-09-13T12:05:41.948307348Z logger=migrator t=2026-09-13T12:05:41.948178811Z level=info msg="Executing migration" id="Update alert annotations and set TEXT to empty"
2026-09-13T12:05:41.948613056Z logger=migrator t=2026-09-13T12:05:41.948487154Z level=info msg="Migration successfully executed" id="Update alert annotations and set TEXT to empty" duration=308.614µs
2026-09-13T12:05:41.958194274Z logger=migrator t=2026-09-13T12:05:41.956732991Z level=info msg="Executing migration" id="Add created time to annotation table"
2026-09-13T12:05:41.960168583Z logger=migrator t=2026-09-13T12:05:41.959999923Z level=info msg="Migration successfully executed" id="Add created time to annotation table" duration=3.266626ms
2026-09-13T12:05:41.966852143Z logger=migrator t=2026-09-13T12:05:41.966676916Z level=info msg="Executing migration" id="Add updated time to annotation table"
2026-09-13T12:05:41.970003231Z logger=migrator t=2026-09-13T12:05:41.969830086Z level=info msg="Migration successfully executed" id="Add updated time to annotation table" duration=3.153176ms
2026-09-13T12:05:41.976757883Z logger=migrator t=2026-09-13T12:05:41.976631666Z level=info msg="Executing migration" id="Add index for created in annotation table"
2026-09-13T12:05:41.977878838Z logger=migrator t=2026-09-13T12:05:41.977660361Z level=info msg="Migration successfully executed" id="Add index for created in annotation table" duration=1.02829ms
2026-09-13T12:05:41.984687635Z logger=migrator t=2026-09-13T12:05:41.984412699Z level=info msg="Executing migration" id="Add index for updated in annotation table"
2026-09-13T12:05:41.985617000Z logger=migrator t=2026-09-13T12:05:41.985480885Z level=info msg="Migration successfully executed" id="Add index for updated in annotation table" duration=1.070123ms
2026-09-13T12:05:41.992332031Z logger=migrator t=2026-09-13T12:05:41.992196609Z level=info msg="Executing migration" id="Convert existing annotations from seconds to milliseconds"
2026-09-13T12:05:41.992611847Z logger=migrator t=2026-09-13T12:05:41.992537344Z level=info msg="Migration successfully executed" id="Convert existing annotations from seconds to milliseconds" duration=341.978µs
2026-09-13T12:05:41.999324927Z logger=migrator t=2026-09-13T12:05:41.99920045Z level=info msg="Executing migration" id="Add epoch_end column"
2026-09-13T12:05:42.002695180Z logger=migrator t=2026-09-13T12:05:42.002573838Z level=info msg="Migration successfully executed" id="Add epoch_end column" duration=3.371634ms
2026-09-13T12:05:42.009474007Z logger=migrator t=2026-09-13T12:05:42.009298733Z level=info msg="Executing migration" id="Add index for epoch_end"
2026-09-13T12:05:42.010437036Z logger=migrator t=2026-09-13T12:05:42.010301359Z level=info msg="Migration successfully executed" id="Add index for epoch_end" duration=1.0006ms
2026-09-13T12:05:42.017058413Z logger=migrator t=2026-09-13T12:05:42.016947158Z level=info msg="Executing migration" id="Make epoch_end the same as epoch"
2026-09-13T12:05:42.017327286Z logger=migrator t=2026-09-13T12:05:42.017226637Z level=info msg="Migration successfully executed" id="Make epoch_end the same as epoch" duration=279.997µs
2026-09-13T12:05:42.023927456Z logger=migrator t=2026-09-13T12:05:42.023834013Z level=info msg="Executing migration" id="Move region to single row"
2026-09-13T12:05:42.024398882Z logger=migrator t=2026-09-13T12:05:42.024282258Z level=info msg="Migration successfully executed" id="Move region to single row" duration=449.835µs
2026-09-13T12:05:42.030991472Z logger=migrator t=2026-09-13T12:05:42.030815184Z level=info msg="Executing migration" id="Remove index org_id_epoch from annotation table"
2026-09-13T12:05:42.031852855Z logger=migrator t=2026-09-13T12:05:42.031763481Z level=info msg="Migration successfully executed" id="Remove index org_id_epoch from annotation table" duration=948.876µs
2026-09-13T12:05:42.038422028Z logger=migrator t=2026-09-13T12:05:42.038305794Z level=info msg="Executing migration" id="Remove index org_id_dashboard_id_panel_id_epoch from annotation table"
2026-09-13T12:05:42.039161681Z logger=migrator t=2026-09-13T12:05:42.03905604Z level=info msg="Migration successfully executed" id="Remove index org_id_dashboard_id_panel_id_epoch from annotation table" duration=751.749µs
2026-09-13T12:05:42.046178633Z logger=migrator t=2026-09-13T12:05:42.045579665Z level=info msg="Executing migration" id="Add index for org_id_dashboard_id_epoch_end_epoch on annotation table"
2026-09-13T12:05:42.046471254Z logger=migrator t=2026-09-13T12:05:42.046400808Z level=info msg="Migration successfully executed" id="Add index for org_id_dashboard_id_epoch_end_epoch on annotation table" duration=821.278µs
2026-09-13T12:05:42.053064822Z logger=migrator t=2026-09-13T12:05:42.052973968Z level=info msg="Executing migration" id="Add index for org_id_epoch_end_epoch on annotation table"
2026-09-13T12:05:42.053932703Z logger=migrator t=2026-09-13T12:05:42.053835328Z level=info msg="Migration successfully executed" id="Add index for org_id_epoch_end_epoch on annotation table" duration=862.108µs
2026-09-13T12:05:42.060641496Z logger=migrator t=2026-09-13T12:05:42.060475348Z level=info msg="Executing migration" id="Remove index org_id_epoch_epoch_end from annotation table"
2026-09-13T12:05:42.061493973Z logger=migrator t=2026-09-13T12:05:42.061413055Z level=info msg="Migration successfully executed" id="Remove index org_id_epoch_epoch_end from annotation table" duration=939.783µs
2026-09-13T12:05:42.067967523Z logger=migrator t=2026-09-13T12:05:42.067877722Z level=info msg="Executing migration" id="Add index for alert_id on annotation table"
2026-09-13T12:05:42.068826362Z logger=migrator t=2026-09-13T12:05:42.068687297Z level=info msg="Migration successfully executed" id="Add index for alert_id on annotation table" duration=810.313µs
2026-09-13T12:05:42.075228849Z logger=migrator t=2026-09-13T12:05:42.075133437Z level=info msg="Executing migration" id="Increase tags column to length 4096"
2026-09-13T12:05:42.075371925Z logger=migrator t=2026-09-13T12:05:42.075262539Z level=info msg="Migration successfully executed" id="Increase tags column to length 4096" duration=130.577µs
2026-09-13T12:05:42.082065541Z logger=migrator t=2026-09-13T12:05:42.081953872Z level=info msg="Executing migration" id="Increase prev_state column to length 40 not null"
2026-09-13T12:05:42.082176971Z logger=migrator t=2026-09-13T12:05:42.082106295Z level=info msg="Migration successfully executed" id="Increase prev_state column to length 40 not null" duration=154.075µs
2026-09-13T12:05:42.088876154Z logger=migrator t=2026-09-13T12:05:42.088747755Z level=info msg="Executing migration" id="Increase new_state column to length 40 not null"
2026-09-13T12:05:42.089027500Z logger=migrator t=2026-09-13T12:05:42.088841222Z level=info msg="Migration successfully executed" id="Increase new_state column to length 40 not null" duration=99.687µs
2026-09-13T12:05:42.095698309Z logger=migrator t=2026-09-13T12:05:42.095511239Z level=info msg="Executing migration" id="create test_data table"
2026-09-13T12:05:42.096500697Z logger=migrator t=2026-09-13T12:05:42.096392237Z level=info msg="Migration successfully executed" id="create test_data table" duration=882.246µs
2026-09-13T12:05:42.103267910Z logger=migrator t=2026-09-13T12:05:42.103069164Z level=info msg="Executing migration" id="create dashboard_version table v1"
2026-09-13T12:05:42.103934071Z logger=migrator t=2026-09-13T12:05:42.103832037Z level=info msg="Migration successfully executed" id="create dashboard_version table v1" duration=763.014µs
2026-09-13T12:05:42.110853164Z logger=migrator t=2026-09-13T12:05:42.110700669Z level=info msg="Executing migration" id="add index dashboard_version.dashboard_id"
2026-09-13T12:05:42.111762054Z logger=migrator t=2026-09-13T12:05:42.111622456Z level=info msg="Migration successfully executed" id="add index dashboard_version.dashboard_id" duration=923.26µs
2026-09-13T12:05:42.118813803Z logger=migrator t=2026-09-13T12:05:42.118539733Z level=info msg="Executing migration" id="add unique index dashboard_version.dashboard_id and dashboard_version.version"
2026-09-13T12:05:42.119775662Z logger=migrator t=2026-09-13T12:05:42.119574861Z level=info msg="Migration successfully executed" id="add unique index dashboard_version.dashboard_id and dashboard_version.version" duration=1.035376ms
2026-09-13T12:05:42.126346869Z logger=migrator t=2026-09-13T12:05:42.126191439Z level=info msg="Executing migration" id="Set dashboard version to 1 where 0"
2026-09-13T12:05:42.126555220Z logger=migrator t=2026-09-13T12:05:42.126472628Z level=info msg="Migration successfully executed" id="Set dashboard version to 1 where 0" duration=282.553µs
2026-09-13T12:05:42.133059633Z logger=migrator t=2026-09-13T12:05:42.132880992Z level=info msg="Executing migration" id="save existing dashboard data in dashboard_version table v1"
2026-09-13T12:05:42.133504295Z logger=migrator t=2026-09-13T12:05:42.133408164Z level=info msg="Migration successfully executed" id="save existing dashboard data in dashboard_version table v1" duration=511.967µs
2026-09-13T12:05:42.140021920Z logger=migrator t=2026-09-13T12:05:42.13984137Z level=info msg="Executing migration" id="alter dashboard_version.data to mediumtext v1"
2026-09-13T12:05:42.140112922Z logger=migrator t=2026-09-13T12:05:42.140010555Z level=info msg="Migration successfully executed" id="alter dashboard_version.data to mediumtext v1" duration=170.584µs
2026-09-13T12:05:42.147039873Z logger=migrator t=2026-09-13T12:05:42.146697613Z level=info msg="Executing migration" id="Add apiVersion for dashboard_version"
2026-09-13T12:05:42.150888209Z logger=migrator t=2026-09-13T12:05:42.150660082Z level=info msg="Migration successfully executed" id="Add apiVersion for dashboard_version" duration=3.96115ms
2026-09-13T12:05:42.158248353Z logger=migrator t=2026-09-13T12:05:42.157170255Z level=info msg="Executing migration" id="create team table"
2026-09-13T12:05:42.158277785Z logger=migrator t=2026-09-13T12:05:42.15790579Z level=info msg="Migration successfully executed" id="create team table" duration=736.293µs
2026-09-13T12:05:42.164919439Z logger=migrator t=2026-09-13T12:05:42.16475381Z level=info msg="Executing migration" id="add index team.org_id"
2026-09-13T12:05:42.165806869Z logger=migrator t=2026-09-13T12:05:42.165710636Z level=info msg="Migration successfully executed" id="add index team.org_id" duration=957.96µs
2026-09-13T12:05:42.172678878Z logger=migrator t=2026-09-13T12:05:42.172256812Z level=info msg="Executing migration" id="add unique index team_org_id_name"
2026-09-13T12:05:42.173346244Z logger=migrator t=2026-09-13T12:05:42.173239092Z level=info msg="Migration successfully executed" id="add unique index team_org_id_name" duration=983.353µs
2026-09-13T12:05:42.182180619Z logger=migrator t=2026-09-13T12:05:42.18005781Z level=info msg="Executing migration" id="Add column uid in team"
2026-09-13T12:05:42.183525367Z logger=migrator t=2026-09-13T12:05:42.183425197Z level=info msg="Migration successfully executed" id="Add column uid in team" duration=3.368007ms
2026-09-13T12:05:42.190717532Z logger=migrator t=2026-09-13T12:05:42.190020005Z level=info msg="Executing migration" id="Update uid column values in team"
2026-09-13T12:05:42.190737217Z logger=migrator t=2026-09-13T12:05:42.190293096Z level=info msg="Migration successfully executed" id="Update uid column values in team" duration=274.876µs
2026-09-13T12:05:42.196868617Z logger=migrator t=2026-09-13T12:05:42.1967514Z level=info msg="Executing migration" id="Add unique index team_org_id_uid"
2026-09-13T12:05:42.197833544Z logger=migrator t=2026-09-13T12:05:42.197716206Z level=info msg="Migration successfully executed" id="Add unique index team_org_id_uid" duration=965.955µs
2026-09-13T12:05:42.204527288Z logger=migrator t=2026-09-13T12:05:42.204411776Z level=info msg="Executing migration" id="create team member table"
2026-09-13T12:05:42.205327137Z logger=migrator t=2026-09-13T12:05:42.205230694Z level=info msg="Migration successfully executed" id="create team member table" duration=820.584µs
2026-09-13T12:05:42.212449623Z logger=migrator t=2026-09-13T12:05:42.212169532Z level=info msg="Executing migration" id="add index team_member.org_id"
2026-09-13T12:05:42.213247249Z logger=migrator t=2026-09-13T12:05:42.213147242Z level=info msg="Migration successfully executed" id="add index team_member.org_id" duration=979.736µs
2026-09-13T12:05:42.220230259Z logger=migrator t=2026-09-13T12:05:42.220041906Z level=info msg="Executing migration" id="add unique index team_member_org_id_team_id_user_id"
2026-09-13T12:05:42.221128970Z logger=migrator t=2026-09-13T12:05:42.221023171Z level=info msg="Migration successfully executed" id="add unique index team_member_org_id_team_id_user_id" duration=981.643µs
2026-09-13T12:05:42.228773518Z logger=migrator t=2026-09-13T12:05:42.227687042Z level=info msg="Executing migration" id="add index team_member.team_id"
2026-09-13T12:05:42.228799776Z logger=migrator t=2026-09-13T12:05:42.228452626Z level=info msg="Migration successfully executed" id="add index team_member.team_id" duration=766.716µs
2026-09-13T12:05:42.235359922Z logger=migrator t=2026-09-13T12:05:42.235068409Z level=info msg="Executing migration" id="Add column email to team table"
2026-09-13T12:05:42.239003768Z logger=migrator t=2026-09-13T12:05:42.238873069Z level=info msg="Migration successfully executed" id="Add column email to team table" duration=3.80485ms
2026-09-13T12:05:42.245535735Z logger=migrator t=2026-09-13T12:05:42.245341291Z level=info msg="Executing migration" id="Add column external to team_member table"
2026-09-13T12:05:42.249288488Z logger=migrator t=2026-09-13T12:05:42.249141288Z level=info msg="Migration successfully executed" id="Add column external to team_member table" duration=3.800779ms
2026-09-13T12:05:42.255811008Z logger=migrator t=2026-09-13T12:05:42.255688185Z level=info msg="Executing migration" id="Add column permission to team_member table"
2026-09-13T12:05:42.259705044Z logger=migrator t=2026-09-13T12:05:42.259346568Z level=info msg="Migration successfully executed" id="Add column permission to team_member table" duration=3.658446ms
2026-09-13T12:05:42.266276506Z logger=migrator t=2026-09-13T12:05:42.266159768Z level=info msg="Executing migration" id="add unique index team_member_user_id_org_id"
2026-09-13T12:05:42.267161265Z logger=migrator t=2026-09-13T12:05:42.267023004Z level=info msg="Migration successfully executed" id="add unique index team_member_user_id_org_id" duration=863.464µs
2026-09-13T12:05:42.274567580Z logger=migrator t=2026-09-13T12:05:42.273578137Z level=info msg="Executing migration" id="create dashboard acl table"
2026-09-13T12:05:42.274581332Z logger=migrator t=2026-09-13T12:05:42.274247563Z level=info msg="Migration successfully executed" id="create dashboard acl table" duration=670.444µs
2026-09-13T12:05:42.280639660Z logger=migrator t=2026-09-13T12:05:42.280533442Z level=info msg="Executing migration" id="add index dashboard_acl_dashboard_id"
2026-09-13T12:05:42.281571788Z logger=migrator t=2026-09-13T12:05:42.281444545Z level=info msg="Migration successfully executed" id="add index dashboard_acl_dashboard_id" duration=901.368µs
2026-09-13T12:05:42.287991597Z logger=migrator t=2026-09-13T12:05:42.28788536Z level=info msg="Executing migration" id="add unique index dashboard_acl_dashboard_id_user_id"
2026-09-13T12:05:42.288800137Z logger=migrator t=2026-09-13T12:05:42.288704049Z level=info msg="Migration successfully executed" id="add unique index dashboard_acl_dashboard_id_user_id" duration=819.147µs
2026-09-13T12:05:42.295420499Z logger=migrator t=2026-09-13T12:05:42.29527499Z level=info msg="Executing migration" id="add unique index dashboard_acl_dashboard_id_team_id"
2026-09-13T12:05:42.296291298Z logger=migrator t=2026-09-13T12:05:42.296206571Z level=info msg="Migration successfully executed" id="add unique index dashboard_acl_dashboard_id_team_id" duration=932.785µs
2026-09-13T12:05:42.303039289Z logger=migrator t=2026-09-13T12:05:42.30287723Z level=info msg="Executing migration" id="add index dashboard_acl_user_id"
2026-09-13T12:05:42.303825054Z logger=migrator t=2026-09-13T12:05:42.303728817Z level=info msg="Migration successfully executed" id="add index dashboard_acl_user_id" duration=852.801µs
2026-09-13T12:05:42.310670088Z logger=migrator t=2026-09-13T12:05:42.310439335Z level=info msg="Executing migration" id="add index dashboard_acl_team_id"
2026-09-13T12:05:42.311435780Z logger=migrator t=2026-09-13T12:05:42.311344772Z level=info msg="Migration successfully executed" id="add index dashboard_acl_team_id" duration=894.637µs
2026-09-13T12:05:42.318406494Z logger=migrator t=2026-09-13T12:05:42.317874789Z level=info msg="Executing migration" id="add index dashboard_acl_org_id_role"
2026-09-13T12:05:42.318891398Z logger=migrator t=2026-09-13T12:05:42.318778592Z level=info msg="Migration successfully executed" id="add index dashboard_acl_org_id_role" duration=904.653µs
2026-09-13T12:05:42.325748344Z logger=migrator t=2026-09-13T12:05:42.325488333Z level=info msg="Executing migration" id="add index dashboard_permission"
2026-09-13T12:05:42.326546905Z logger=migrator t=2026-09-13T12:05:42.326446376Z level=info msg="Migration successfully executed" id="add index dashboard_permission" duration=957.906µs
2026-09-13T12:05:42.333437442Z logger=migrator t=2026-09-13T12:05:42.333265058Z level=info msg="Executing migration" id="save default acl rules in dashboard_acl table"
2026-09-13T12:05:42.334540218Z logger=migrator t=2026-09-13T12:05:42.334433748Z level=info msg="Migration successfully executed" id="save default acl rules in dashboard_acl table" duration=1.169425ms
2026-09-13T12:05:42.342459125Z logger=migrator t=2026-09-13T12:05:42.342285353Z level=info msg="Executing migration" id="delete acl rules for deleted dashboards and folders"
2026-09-13T12:05:42.342712918Z logger=migrator t=2026-09-13T12:05:42.342608305Z level=info msg="Migration successfully executed" id="delete acl rules for deleted dashboards and folders" duration=312.894µs
2026-09-13T12:05:42.349149014Z logger=migrator t=2026-09-13T12:05:42.349030226Z level=info msg="Executing migration" id="create tag table"
2026-09-13T12:05:42.349854604Z logger=migrator t=2026-09-13T12:05:42.349755507Z level=info msg="Migration successfully executed" id="create tag table" duration=725.514µs
2026-09-13T12:05:42.356407196Z logger=migrator t=2026-09-13T12:05:42.356268944Z level=info msg="Executing migration" id="add index tag.key_value"
2026-09-13T12:05:42.357204798Z logger=migrator t=2026-09-13T12:05:42.35711745Z level=info msg="Migration successfully executed" id="add index tag.key_value" duration=848.814µs
2026-09-13T12:05:42.364746831Z logger=migrator t=2026-09-13T12:05:42.363841756Z level=info msg="Executing migration" id="create login attempt table"
2026-09-13T12:05:42.364758798Z logger=migrator t=2026-09-13T12:05:42.36445426Z level=info msg="Migration successfully executed" id="create login attempt table" duration=612.812µs
2026-09-13T12:05:42.371193984Z logger=migrator t=2026-09-13T12:05:42.371098195Z level=info msg="Executing migration" id="add index login_attempt.username"
2026-09-13T12:05:42.372042077Z logger=migrator t=2026-09-13T12:05:42.371922863Z level=info msg="Migration successfully executed" id="add index login_attempt.username" duration=851.841µs
2026-09-13T12:05:42.378702461Z logger=migrator t=2026-09-13T12:05:42.378613195Z level=info msg="Executing migration" id="drop index IDX_login_attempt_username - v1"
2026-09-13T12:05:42.379597861Z logger=migrator t=2026-09-13T12:05:42.379472834Z level=info msg="Migration successfully executed" id="drop index IDX_login_attempt_username - v1" duration=861.258µs
2026-09-13T12:05:42.385990662Z logger=migrator t=2026-09-13T12:05:42.385872379Z level=info msg="Executing migration" id="Rename table login_attempt to login_attempt_tmp_qwerty - v1"
2026-09-13T12:05:42.395786006Z logger=migrator t=2026-09-13T12:05:42.395639615Z level=info msg="Migration successfully executed" id="Rename table login_attempt to login_attempt_tmp_qwerty - v1" duration=9.764545ms
2026-09-13T12:05:42.403346356Z logger=migrator t=2026-09-13T12:05:42.402315285Z level=info msg="Executing migration" id="create login_attempt v2"
2026-09-13T12:05:42.403367056Z logger=migrator t=2026-09-13T12:05:42.402970848Z level=info msg="Migration successfully executed" id="create login_attempt v2" duration=657.651µs
2026-09-13T12:05:42.409782358Z logger=migrator t=2026-09-13T12:05:42.409494733Z level=info msg="Executing migration" id="create index IDX_login_attempt_username - v2"
2026-09-13T12:05:42.410560763Z logger=migrator t=2026-09-13T12:05:42.410413869Z level=info msg="Migration successfully executed" id="create index IDX_login_attempt_username - v2" duration=920.486µs
2026-09-13T12:05:42.417412667Z logger=migrator t=2026-09-13T12:05:42.417140304Z level=info msg="Executing migration" id="copy login_attempt v1 to v2"
2026-09-13T12:05:42.417774760Z logger=migrator t=2026-09-13T12:05:42.417651772Z level=info msg="Migration successfully executed" id="copy login_attempt v1 to v2" duration=512.353µs
2026-09-13T12:05:42.424457544Z logger=migrator t=2026-09-13T12:05:42.424300783Z level=info msg="Executing migration" id="drop login_attempt_tmp_qwerty"
2026-09-13T12:05:42.425186249Z logger=migrator t=2026-09-13T12:05:42.425047779Z level=info msg="Migration successfully executed" id="drop login_attempt_tmp_qwerty" duration=747.895µs
2026-09-13T12:05:42.432461184Z logger=migrator t=2026-09-13T12:05:42.431549716Z level=info msg="Executing migration" id="create user auth table"
2026-09-13T12:05:42.432482612Z logger=migrator t=2026-09-13T12:05:42.432301272Z level=info msg="Migration successfully executed" id="create user auth table" duration=752.301µs
2026-09-13T12:05:42.439423547Z logger=migrator t=2026-09-13T12:05:42.439180405Z level=info msg="Executing migration" id="create index IDX_user_auth_auth_module_auth_id - v1"
2026-09-13T12:05:42.440228729Z logger=migrator t=2026-09-13T12:05:42.44012735Z level=info msg="Migration successfully executed" id="create index IDX_user_auth_auth_module_auth_id - v1" duration=947.607µs
2026-09-13T12:05:42.446989643Z logger=migrator t=2026-09-13T12:05:42.446784769Z level=info msg="Executing migration" id="alter user_auth.auth_id to length 190"
2026-09-13T12:05:42.447007836Z logger=migrator t=2026-09-13T12:05:42.446863918Z level=info msg="Migration successfully executed" id="alter user_auth.auth_id to length 190" duration=80.686µs
2026-09-13T12:05:42.453919439Z logger=migrator t=2026-09-13T12:05:42.453601658Z level=info msg="Executing migration" id="Add OAuth access token to user_auth"
2026-09-13T12:05:42.458141838Z logger=migrator t=2026-09-13T12:05:42.458031362Z level=info msg="Migration successfully executed" id="Add OAuth access token to user_auth" duration=4.429829ms
2026-09-13T12:05:42.464945056Z logger=migrator t=2026-09-13T12:05:42.464673385Z level=info msg="Executing migration" id="Add OAuth refresh token to user_auth"
2026-09-13T12:05:42.468668329Z logger=migrator t=2026-09-13T12:05:42.468528502Z level=info msg="Migration successfully executed" id="Add OAuth refresh token to user_auth" duration=3.855047ms
2026-09-13T12:05:42.475342491Z logger=migrator t=2026-09-13T12:05:42.475164172Z level=info msg="Executing migration" id="Add OAuth token type to user_auth"
2026-09-13T12:05:42.479149484Z logger=migrator t=2026-09-13T12:05:42.479016316Z level=info msg="Migration successfully executed" id="Add OAuth token type to user_auth" duration=3.853231ms
2026-09-13T12:05:42.486008825Z logger=migrator t=2026-09-13T12:05:42.485837859Z level=info msg="Executing migration" id="Add OAuth expiry to user_auth"
2026-09-13T12:05:42.490372328Z logger=migrator t=2026-09-13T12:05:42.490265571Z level=info msg="Migration successfully executed" id="Add OAuth expiry to user_auth" duration=4.426907ms
2026-09-13T12:05:42.497290099Z logger=migrator t=2026-09-13T12:05:42.497035429Z level=info msg="Executing migration" id="Add index to user_id column in user_auth"
2026-09-13T12:05:42.498228792Z logger=migrator t=2026-09-13T12:05:42.498126294Z level=info msg="Migration successfully executed" id="Add index to user_id column in user_auth" duration=1.110714ms
2026-09-13T12:05:42.505018976Z logger=migrator t=2026-09-13T12:05:42.504813752Z level=info msg="Executing migration" id="Add OAuth ID token to user_auth"
2026-09-13T12:05:42.508720596Z logger=migrator t=2026-09-13T12:05:42.508555642Z level=info msg="Migration successfully executed" id="Add OAuth ID token to user_auth" duration=3.742122ms
2026-09-13T12:05:42.515206986Z logger=migrator t=2026-09-13T12:05:42.515066452Z level=info msg="Executing migration" id="create server_lock table"
2026-09-13T12:05:42.515859188Z logger=migrator t=2026-09-13T12:05:42.515731148Z level=info msg="Migration successfully executed" id="create server_lock table" duration=664.356µs
2026-09-13T12:05:42.522338899Z logger=migrator t=2026-09-13T12:05:42.522249833Z level=info msg="Executing migration" id="add index server_lock.operation_uid"
2026-09-13T12:05:42.523257962Z logger=migrator t=2026-09-13T12:05:42.523140697Z level=info msg="Migration successfully executed" id="add index server_lock.operation_uid" duration=891.704µs
2026-09-13T12:05:42.529978911Z logger=migrator t=2026-09-13T12:05:42.529861801Z level=info msg="Executing migration" id="create user auth token table"
2026-09-13T12:05:42.530830581Z logger=migrator t=2026-09-13T12:05:42.530699263Z level=info msg="Migration successfully executed" id="create user auth token table" duration=828.23µs
2026-09-13T12:05:42.537552485Z logger=migrator t=2026-09-13T12:05:42.537288813Z level=info msg="Executing migration" id="add unique index user_auth_token.auth_token"
2026-09-13T12:05:42.538536104Z logger=migrator t=2026-09-13T12:05:42.538395343Z level=info msg="Migration successfully executed" id="add unique index user_auth_token.auth_token" duration=1.107659ms
2026-09-13T12:05:42.545457769Z logger=migrator t=2026-09-13T12:05:42.545322802Z level=info msg="Executing migration" id="add unique index user_auth_token.prev_auth_token"
2026-09-13T12:05:42.546549508Z logger=migrator t=2026-09-13T12:05:42.546416147Z level=info msg="Migration successfully executed" id="add unique index user_auth_token.prev_auth_token" duration=1.084293ms
2026-09-13T12:05:42.553400744Z logger=migrator t=2026-09-13T12:05:42.553250333Z level=info msg="Executing migration" id="add index user_auth_token.user_id"
2026-09-13T12:05:42.554426112Z logger=migrator t=2026-09-13T12:05:42.554298608Z level=info msg="Migration successfully executed" id="add index user_auth_token.user_id" duration=1.049787ms
2026-09-13T12:05:42.561027450Z logger=migrator t=2026-09-13T12:05:42.560911647Z level=info msg="Executing migration" id="Add revoked_at to the user auth token"
2026-09-13T12:05:42.564892301Z logger=migrator t=2026-09-13T12:05:42.56476216Z level=info msg="Migration successfully executed" id="Add revoked_at to the user auth token" duration=3.850701ms
2026-09-13T12:05:42.571643836Z logger=migrator t=2026-09-13T12:05:42.571385788Z level=info msg="Executing migration" id="add index user_auth_token.revoked_at"
2026-09-13T12:05:42.572535901Z logger=migrator t=2026-09-13T12:05:42.572448549Z level=info msg="Migration successfully executed" id="add index user_auth_token.revoked_at" duration=1.064435ms
2026-09-13T12:05:42.579401321Z logger=migrator t=2026-09-13T12:05:42.579197663Z level=info msg="Executing migration" id="add external_session_id to user_auth_token"
2026-09-13T12:05:42.583459046Z logger=migrator t=2026-09-13T12:05:42.583317797Z level=info msg="Migration successfully executed" id="add external_session_id to user_auth_token" duration=4.120573ms
2026-09-13T12:05:42.590144076Z logger=migrator t=2026-09-13T12:05:42.589974095Z level=info msg="Executing migration" id="create cache_data table"
2026-09-13T12:05:42.591116551Z logger=migrator t=2026-09-13T12:05:42.590960976Z level=info msg="Migration successfully executed" id="create cache_data table" duration=987.946µs
2026-09-13T12:05:42.597684442Z logger=migrator t=2026-09-13T12:05:42.597600978Z level=info msg="Executing migration" id="add unique index cache_data.cache_key"
2026-09-13T12:05:42.598613117Z logger=migrator t=2026-09-13T12:05:42.598498617Z level=info msg="Migration successfully executed" id="add unique index cache_data.cache_key" duration=889.219µs
2026-09-13T12:05:42.605410749Z logger=migrator t=2026-09-13T12:05:42.605221363Z level=info msg="Executing migration" id="create short_url table v1"
2026-09-13T12:05:42.606197732Z logger=migrator t=2026-09-13T12:05:42.606105098Z level=info msg="Migration successfully executed" id="create short_url table v1" duration=883.165µs
2026-09-13T12:05:42.612992089Z logger=migrator t=2026-09-13T12:05:42.612825839Z level=info msg="Executing migration" id="add index short_url.org_id-uid"
2026-09-13T12:05:42.613933669Z logger=migrator t=2026-09-13T12:05:42.613827445Z level=info msg="Migration successfully executed" id="add index short_url.org_id-uid" duration=1.002842ms
2026-09-13T12:05:42.621294085Z logger=migrator t=2026-09-13T12:05:42.620777876Z level=info msg="Executing migration" id="alter table short_url alter column created_by type to bigint"
2026-09-13T12:05:42.621334515Z logger=migrator t=2026-09-13T12:05:42.620928484Z level=info msg="Migration successfully executed" id="alter table short_url alter column created_by type to bigint" duration=153.426µs
2026-09-13T12:05:42.627857788Z logger=migrator t=2026-09-13T12:05:42.627650584Z level=info msg="Executing migration" id="delete alert_definition table"
2026-09-13T12:05:42.628176480Z logger=migrator t=2026-09-13T12:05:42.62781883Z level=info msg="Migration successfully executed" id="delete alert_definition table" duration=129.094µs
2026-09-13T12:05:42.634820802Z logger=migrator t=2026-09-13T12:05:42.634656742Z level=info msg="Executing migration" id="recreate alert_definition table"
2026-09-13T12:05:42.635755230Z logger=migrator t=2026-09-13T12:05:42.635643877Z level=info msg="Migration successfully executed" id="recreate alert_definition table" duration=988.468µs
2026-09-13T12:05:42.642669901Z logger=migrator t=2026-09-13T12:05:42.642508274Z level=info msg="Executing migration" id="add index in alert_definition on org_id and title columns"
2026-09-13T12:05:42.643638827Z logger=migrator t=2026-09-13T12:05:42.643524773Z level=info msg="Migration successfully executed" id="add index in alert_definition on org_id and title columns" duration=1.020564ms
2026-09-13T12:05:42.650307287Z logger=migrator t=2026-09-13T12:05:42.650106407Z level=info msg="Executing migration" id="add index in alert_definition on org_id and uid columns"
2026-09-13T12:05:42.651128371Z logger=migrator t=2026-09-13T12:05:42.651031026Z level=info msg="Migration successfully executed" id="add index in alert_definition on org_id and uid columns" duration=925.174µs
2026-09-13T12:05:42.658120543Z logger=migrator t=2026-09-13T12:05:42.657838783Z level=info msg="Executing migration" id="alter alert_definition table data column to mediumtext in mysql"
2026-09-13T12:05:42.658141951Z logger=migrator t=2026-09-13T12:05:42.657947564Z level=info msg="Migration successfully executed" id="alter alert_definition table data column to mediumtext in mysql" duration=110.747µs
2026-09-13T12:05:42.664693372Z logger=migrator t=2026-09-13T12:05:42.664558547Z level=info msg="Executing migration" id="drop index in alert_definition on org_id and title columns"
2026-09-13T12:05:42.665684056Z logger=migrator t=2026-09-13T12:05:42.665548807Z level=info msg="Migration successfully executed" id="drop index in alert_definition on org_id and title columns" duration=991.073µs
2026-09-13T12:05:42.672165737Z logger=migrator t=2026-09-13T12:05:42.672052244Z level=info msg="Executing migration" id="drop index in alert_definition on org_id and uid columns"
2026-09-13T12:05:42.673125933Z logger=migrator t=2026-09-13T12:05:42.672956885Z level=info msg="Migration successfully executed" id="drop index in alert_definition on org_id and uid columns" duration=906.017µs
2026-09-13T12:05:42.679904082Z logger=migrator t=2026-09-13T12:05:42.679707043Z level=info msg="Executing migration" id="add unique index in alert_definition on org_id and title columns"
2026-09-13T12:05:42.680815472Z logger=migrator t=2026-09-13T12:05:42.68072513Z level=info msg="Migration successfully executed" id="add unique index in alert_definition on org_id and title columns" duration=1.019562ms
2026-09-13T12:05:42.687513236Z logger=migrator t=2026-09-13T12:05:42.687398127Z level=info msg="Executing migration" id="add unique index in alert_definition on org_id and uid columns"
2026-09-13T12:05:42.688412253Z logger=migrator t=2026-09-13T12:05:42.688317007Z level=info msg="Migration successfully executed" id="add unique index in alert_definition on org_id and uid columns" duration=919.94µs
2026-09-13T12:05:42.694931738Z logger=migrator t=2026-09-13T12:05:42.69472265Z level=info msg="Executing migration" id="Add column paused in alert_definition"
2026-09-13T12:05:42.699128242Z logger=migrator t=2026-09-13T12:05:42.698960236Z level=info msg="Migration successfully executed" id="Add column paused in alert_definition" duration=4.252372ms
2026-09-13T12:05:42.706219109Z logger=migrator t=2026-09-13T12:05:42.70569954Z level=info msg="Executing migration" id="drop alert_definition table"
2026-09-13T12:05:42.706911712Z logger=migrator t=2026-09-13T12:05:42.706825919Z level=info msg="Migration successfully executed" id="drop alert_definition table" duration=1.127353ms
2026-09-13T12:05:42.713938371Z logger=migrator t=2026-09-13T12:05:42.713470217Z level=info msg="Executing migration" id="delete alert_definition_version table"
2026-09-13T12:05:42.713953628Z logger=migrator t=2026-09-13T12:05:42.713561209Z level=info msg="Migration successfully executed" id="delete alert_definition_version table" duration=92.735µs
2026-09-13T12:05:42.721166851Z logger=migrator t=2026-09-13T12:05:42.720071477Z level=info msg="Executing migration" id="recreate alert_definition_version table"
2026-09-13T12:05:42.721184821Z logger=migrator t=2026-09-13T12:05:42.720864736Z level=info msg="Migration successfully executed" id="recreate alert_definition_version table" duration=794.242µs
2026-09-13T12:05:42.727367043Z logger=migrator t=2026-09-13T12:05:42.727217429Z level=info msg="Executing migration" id="add index in alert_definition_version table on alert_definition_id and version columns"
2026-09-13T12:05:42.728304934Z logger=migrator t=2026-09-13T12:05:42.728176497Z level=info msg="Migration successfully executed" id="add index in alert_definition_version table on alert_definition_id and version columns" duration=960.291µs
2026-09-13T12:05:42.735984151Z logger=migrator t=2026-09-13T12:05:42.734802166Z level=info msg="Executing migration" id="add index in alert_definition_version table on alert_definition_uid and version columns"
2026-09-13T12:05:42.735997931Z logger=migrator t=2026-09-13T12:05:42.735691294Z level=info msg="Migration successfully executed" id="add index in alert_definition_version table on alert_definition_uid and version columns" duration=887.813µs
2026-09-13T12:05:42.742623523Z logger=migrator t=2026-09-13T12:05:42.742484597Z level=info msg="Executing migration" id="alter alert_definition_version table data column to mediumtext in mysql"
2026-09-13T12:05:42.742704402Z logger=migrator t=2026-09-13T12:05:42.742579309Z level=info msg="Migration successfully executed" id="alter alert_definition_version table data column to mediumtext in mysql" duration=96.462µs
2026-09-13T12:05:42.749455616Z logger=migrator t=2026-09-13T12:05:42.749300433Z level=info msg="Executing migration" id="drop alert_definition_version table"
2026-09-13T12:05:42.750536106Z logger=migrator t=2026-09-13T12:05:42.750413202Z level=info msg="Migration successfully executed" id="drop alert_definition_version table" duration=1.113378ms
2026-09-13T12:05:42.757439128Z logger=migrator t=2026-09-13T12:05:42.757149648Z level=info msg="Executing migration" id="create alert_instance table"
2026-09-13T12:05:42.758329627Z logger=migrator t=2026-09-13T12:05:42.758210306Z level=info msg="Migration successfully executed" id="create alert_instance table" duration=1.061663ms
2026-09-13T12:05:42.765121574Z logger=migrator t=2026-09-13T12:05:42.764873982Z level=info msg="Executing migration" id="add index in alert_instance table on def_org_id, def_uid and current_state columns"
2026-09-13T12:05:42.765995294Z logger=migrator t=2026-09-13T12:05:42.765868403Z level=info msg="Migration successfully executed" id="add index in alert_instance table on def_org_id, def_uid and current_state columns" duration=995.463µs
2026-09-13T12:05:42.772900283Z logger=migrator t=2026-09-13T12:05:42.772634005Z level=info msg="Executing migration" id="add index in alert_instance table on def_org_id, current_state columns"
2026-09-13T12:05:42.773955810Z logger=migrator t=2026-09-13T12:05:42.773831344Z level=info msg="Migration successfully executed" id="add index in alert_instance table on def_org_id, current_state columns" duration=1.197773ms
2026-09-13T12:05:42.781195069Z logger=migrator t=2026-09-13T12:05:42.780568366Z level=info msg="Executing migration" id="add column current_state_end to alert_instance"
2026-09-13T12:05:42.784863255Z logger=migrator t=2026-09-13T12:05:42.784711578Z level=info msg="Migration successfully executed" id="add column current_state_end to alert_instance" duration=4.143271ms
2026-09-13T12:05:42.791601505Z logger=migrator t=2026-09-13T12:05:42.791382978Z level=info msg="Executing migration" id="remove index def_org_id, def_uid, current_state on alert_instance"
2026-09-13T12:05:42.792476412Z logger=migrator t=2026-09-13T12:05:42.792341879Z level=info msg="Migration successfully executed" id="remove index def_org_id, def_uid, current_state on alert_instance" duration=960.404µs
2026-09-13T12:05:42.799050106Z logger=migrator t=2026-09-13T12:05:42.798923908Z level=info msg="Executing migration" id="remove index def_org_id, current_state on alert_instance"
2026-09-13T12:05:42.800229127Z logger=migrator t=2026-09-13T12:05:42.799947609Z level=info msg="Migration successfully executed" id="remove index def_org_id, current_state on alert_instance" duration=1.025409ms
2026-09-13T12:05:42.806880227Z logger=migrator t=2026-09-13T12:05:42.806771935Z level=info msg="Executing migration" id="rename def_org_id to rule_org_id in alert_instance"
2026-09-13T12:05:42.828257419Z logger=migrator t=2026-09-13T12:05:42.82805056Z level=info msg="Migration successfully executed" id="rename def_org_id to rule_org_id in alert_instance" duration=21.280176ms
2026-09-13T12:05:42.835156073Z logger=migrator t=2026-09-13T12:05:42.834918776Z level=info msg="Executing migration" id="rename def_uid to rule_uid in alert_instance"
2026-09-13T12:05:42.855924889Z logger=migrator t=2026-09-13T12:05:42.855729596Z level=info msg="Migration successfully executed" id="rename def_uid to rule_uid in alert_instance" duration=20.821718ms
2026-09-13T12:05:42.862900394Z logger=migrator t=2026-09-13T12:05:42.862718536Z level=info msg="Executing migration" id="add index rule_org_id, rule_uid, current_state on alert_instance"
2026-09-13T12:05:42.863952575Z logger=migrator t=2026-09-13T12:05:42.86380549Z level=info msg="Migration successfully executed" id="add index rule_org_id, rule_uid, current_state on alert_instance" duration=1.087869ms
2026-09-13T12:05:42.870585960Z logger=migrator t=2026-09-13T12:05:42.870418296Z level=info msg="Executing migration" id="add index rule_org_id, current_state on alert_instance"
2026-09-13T12:05:42.871455814Z logger=migrator t=2026-09-13T12:05:42.871347308Z level=info msg="Migration successfully executed" id="add index rule_org_id, current_state on alert_instance" duration=930.064µs
2026-09-13T12:05:42.878161998Z logger=migrator t=2026-09-13T12:05:42.878011107Z level=info msg="Executing migration" id="add current_reason column related to current_state"
2026-09-13T12:05:42.882392629Z logger=migrator t=2026-09-13T12:05:42.88224362Z level=info msg="Migration successfully executed" id="add current_reason column related to current_state" duration=4.23228ms
2026-09-13T12:05:42.889144565Z logger=migrator t=2026-09-13T12:05:42.888951186Z level=info msg="Executing migration" id="add result_fingerprint column to alert_instance"
2026-09-13T12:05:42.894028768Z logger=migrator t=2026-09-13T12:05:42.89388954Z level=info msg="Migration successfully executed" id="add result_fingerprint column to alert_instance" duration=4.938203ms
2026-09-13T12:05:42.900700588Z logger=migrator t=2026-09-13T12:05:42.900517116Z level=info msg="Executing migration" id="create alert_rule table"
2026-09-13T12:05:42.901715940Z logger=migrator t=2026-09-13T12:05:42.901595472Z level=info msg="Migration successfully executed" id="create alert_rule table" duration=1.08008ms
2026-09-13T12:05:42.909085126Z logger=migrator t=2026-09-13T12:05:42.908581833Z level=info msg="Executing migration" id="add index in alert_rule on org_id and title columns"
2026-09-13T12:05:42.909827787Z logger=migrator t=2026-09-13T12:05:42.909679315Z level=info msg="Migration successfully executed" id="add index in alert_rule on org_id and title columns" duration=1.098819ms
2026-09-13T12:05:42.916977934Z logger=migrator t=2026-09-13T12:05:42.916716117Z level=info msg="Executing migration" id="add index in alert_rule on org_id and uid columns"
2026-09-13T12:05:42.918177336Z logger=migrator t=2026-09-13T12:05:42.918010377Z level=info msg="Migration successfully executed" id="add index in alert_rule on org_id and uid columns" duration=1.295882ms
2026-09-13T12:05:42.925467570Z logger=migrator t=2026-09-13T12:05:42.924919572Z level=info msg="Executing migration" id="add index in alert_rule on org_id, namespace_uid, group_uid columns"
2026-09-13T12:05:42.926171805Z logger=migrator t=2026-09-13T12:05:42.926024751Z level=info msg="Migration successfully executed" id="add index in alert_rule on org_id, namespace_uid, group_uid columns" duration=1.105964ms
2026-09-13T12:05:42.933327117Z logger=migrator t=2026-09-13T12:05:42.932698718Z level=info msg="Executing migration" id="alter alert_rule table data column to mediumtext in mysql"
2026-09-13T12:05:42.933346721Z logger=migrator t=2026-09-13T12:05:42.93279843Z level=info msg="Migration successfully executed" id="alter alert_rule table data column to mediumtext in mysql" duration=102.739µs
2026-09-13T12:05:42.941205403Z logger=migrator t=2026-09-13T12:05:42.939363419Z level=info msg="Executing migration" id="add column for to alert_rule"
2026-09-13T12:05:42.944237143Z logger=migrator t=2026-09-13T12:05:42.944108226Z level=info msg="Migration successfully executed" id="add column for to alert_rule" duration=4.742326ms
2026-09-13T12:05:42.950861304Z logger=migrator t=2026-09-13T12:05:42.950710282Z level=info msg="Executing migration" id="add column annotations to alert_rule"
2026-09-13T12:05:42.955452231Z logger=migrator t=2026-09-13T12:05:42.955303208Z level=info msg="Migration successfully executed" id="add column annotations to alert_rule" duration=4.592754ms
2026-09-13T12:05:42.962289281Z logger=migrator t=2026-09-13T12:05:42.962063865Z level=info msg="Executing migration" id="add column labels to alert_rule"
2026-09-13T12:05:42.966945700Z logger=migrator t=2026-09-13T12:05:42.966798403Z level=info msg="Migration successfully executed" id="add column labels to alert_rule" duration=4.733807ms
2026-09-13T12:05:42.973669665Z logger=migrator t=2026-09-13T12:05:42.973477499Z level=info msg="Executing migration" id="remove unique index from alert_rule on org_id, title columns"
2026-09-13T12:05:42.974611082Z logger=migrator t=2026-09-13T12:05:42.974488248Z level=info msg="Migration successfully executed" id="remove unique index from alert_rule on org_id, title columns" duration=1.012962ms
2026-09-13T12:05:42.981146397Z logger=migrator t=2026-09-13T12:05:42.981017224Z level=info msg="Executing migration" id="add index in alert_rule on org_id, namespase_uid and title columns"
2026-09-13T12:05:42.982278864Z logger=migrator t=2026-09-13T12:05:42.982129678Z level=info msg="Migration successfully executed" id="add index in alert_rule on org_id, namespase_uid and title columns" duration=1.113713ms
2026-09-13T12:05:42.988963957Z logger=migrator t=2026-09-13T12:05:42.988833961Z level=info msg="Executing migration" id="add dashboard_uid column to alert_rule"
2026-09-13T12:05:42.993541530Z logger=migrator t=2026-09-13T12:05:42.993323303Z level=info msg="Migration successfully executed" id="add dashboard_uid column to alert_rule" duration=4.489597ms
2026-09-13T12:05:43.000412029Z logger=migrator t=2026-09-13T12:05:43.000192088Z level=info msg="Executing migration" id="add panel_id column to alert_rule"
2026-09-13T12:05:43.005482260Z logger=migrator t=2026-09-13T12:05:43.00524234Z level=info msg="Migration successfully executed" id="add panel_id column to alert_rule" duration=5.050289ms
2026-09-13T12:05:43.012403813Z logger=migrator t=2026-09-13T12:05:43.012274367Z level=info msg="Executing migration" id="add index in alert_rule on org_id, dashboard_uid and panel_id columns"
2026-09-13T12:05:43.013621185Z logger=migrator t=2026-09-13T12:05:43.013518482Z level=info msg="Migration successfully executed" id="add index in alert_rule on org_id, dashboard_uid and panel_id columns" duration=1.24445ms
2026-09-13T12:05:43.020468274Z logger=migrator t=2026-09-13T12:05:43.020294272Z level=info msg="Executing migration" id="add rule_group_idx column to alert_rule"
2026-09-13T12:05:43.024805393Z logger=migrator t=2026-09-13T12:05:43.024679801Z level=info msg="Migration successfully executed" id="add rule_group_idx column to alert_rule" duration=4.385846ms
2026-09-13T12:05:43.031383795Z logger=migrator t=2026-09-13T12:05:43.031164649Z level=info msg="Executing migration" id="add is_paused column to alert_rule table"
2026-09-13T12:05:43.036255955Z logger=migrator t=2026-09-13T12:05:43.036108579Z level=info msg="Migration successfully executed" id="add is_paused column to alert_rule table" duration=4.942672ms
2026-09-13T12:05:43.043219011Z logger=migrator t=2026-09-13T12:05:43.042866889Z level=info msg="Executing migration" id="fix is_paused column for alert_rule table"
2026-09-13T12:05:43.043238941Z logger=migrator t=2026-09-13T12:05:43.042987646Z level=info msg="Migration successfully executed" id="fix is_paused column for alert_rule table" duration=123.414µs
2026-09-13T12:05:43.049892512Z logger=migrator t=2026-09-13T12:05:43.049764843Z level=info msg="Executing migration" id="create alert_rule_version table"
2026-09-13T12:05:43.050867935Z logger=migrator t=2026-09-13T12:05:43.050709853Z level=info msg="Migration successfully executed" id="create alert_rule_version table" duration=946.532µs
2026-09-13T12:05:43.057769250Z logger=migrator t=2026-09-13T12:05:43.057453887Z level=info msg="Executing migration" id="add index in alert_rule_version table on rule_org_id, rule_uid and version columns"
2026-09-13T12:05:43.058718308Z logger=migrator t=2026-09-13T12:05:43.058572112Z level=info msg="Migration successfully executed" id="add index in alert_rule_version table on rule_org_id, rule_uid and version columns" duration=1.12646ms
2026-09-13T12:05:43.065839665Z logger=migrator t=2026-09-13T12:05:43.065714461Z level=info msg="Executing migration" id="add index in alert_rule_version table on rule_org_id, rule_namespace_uid and rule_group columns"
2026-09-13T12:05:43.066866756Z logger=migrator t=2026-09-13T12:05:43.066728356Z level=info msg="Migration successfully executed" id="add index in alert_rule_version table on rule_org_id, rule_namespace_uid and rule_group columns" duration=1.033249ms
2026-09-13T12:05:43.073658810Z logger=migrator t=2026-09-13T12:05:43.073554595Z level=info msg="Executing migration" id="alter alert_rule_version table data column to mediumtext in mysql"
2026-09-13T12:05:43.073754569Z logger=migrator t=2026-09-13T12:05:43.073700362Z level=info msg="Migration successfully executed" id="alter alert_rule_version table data column to mediumtext in mysql" duration=146.978µs
2026-09-13T12:05:43.082202957Z logger=migrator t=2026-09-13T12:05:43.080244624Z level=info msg="Executing migration" id="add column for to alert_rule_version"
2026-09-13T12:05:43.085154029Z logger=migrator t=2026-09-13T12:05:43.085033428Z level=info msg="Migration successfully executed" id="add column for to alert_rule_version" duration=4.780969ms
2026-09-13T12:05:43.092240369Z logger=migrator t=2026-09-13T12:05:43.091636747Z level=info msg="Executing migration" id="add column annotations to alert_rule_version"
2026-09-13T12:05:43.096399290Z logger=migrator t=2026-09-13T12:05:43.096272494Z level=info msg="Migration successfully executed" id="add column annotations to alert_rule_version" duration=4.634941ms
2026-09-13T12:05:43.103184835Z logger=migrator t=2026-09-13T12:05:43.102991718Z level=info msg="Executing migration" id="add column labels to alert_rule_version"
2026-09-13T12:05:43.107713223Z logger=migrator t=2026-09-13T12:05:43.107547524Z level=info msg="Migration successfully executed" id="add column labels to alert_rule_version" duration=4.554751ms
2026-09-13T12:05:43.114576573Z logger=migrator t=2026-09-13T12:05:43.114292902Z level=info msg="Executing migration" id="add rule_group_idx column to alert_rule_version"
2026-09-13T12:05:43.119997319Z logger=migrator t=2026-09-13T12:05:43.119789838Z level=info msg="Migration successfully executed" id="add rule_group_idx column to alert_rule_version" duration=5.494881ms
2026-09-13T12:05:43.127142322Z logger=migrator t=2026-09-13T12:05:43.126907501Z level=info msg="Executing migration" id="add is_paused column to alert_rule_versions table"
2026-09-13T12:05:43.131861381Z logger=migrator t=2026-09-13T12:05:43.131714052Z level=info msg="Migration successfully executed" id="add is_paused column to alert_rule_versions table" duration=4.805443ms
2026-09-13T12:05:43.139016449Z logger=migrator t=2026-09-13T12:05:43.138408379Z level=info msg="Executing migration" id="fix is_paused column for alert_rule_version table"
2026-09-13T12:05:43.139038507Z logger=migrator t=2026-09-13T12:05:43.138504655Z level=info msg="Migration successfully executed" id="fix is_paused column for alert_rule_version table" duration=100.628µs
2026-09-13T12:05:43.146587538Z logger=migrator t=2026-09-13T12:05:43.146213367Z level=info msg="Executing migration" id=create_alert_configuration_table
2026-09-13T12:05:43.147393156Z logger=migrator t=2026-09-13T12:05:43.147290018Z level=info msg="Migration successfully executed" id=create_alert_configuration_table duration=1.066184ms
2026-09-13T12:05:43.154433596Z logger=migrator t=2026-09-13T12:05:43.15419364Z level=info msg="Executing migration" id="Add column default in alert_configuration"
2026-09-13T12:05:43.159145746Z logger=migrator t=2026-09-13T12:05:43.159008131Z level=info msg="Migration successfully executed" id="Add column default in alert_configuration" duration=4.814411ms
2026-09-13T12:05:43.165686284Z logger=migrator t=2026-09-13T12:05:43.165491275Z level=info msg="Executing migration" id="alert alert_configuration alertmanager_configuration column from TEXT to MEDIUMTEXT if mysql"
2026-09-13T12:05:43.165705004Z logger=migrator t=2026-09-13T12:05:43.165630762Z level=info msg="Migration successfully executed" id="alert alert_configuration alertmanager_configuration column from TEXT to MEDIUMTEXT if mysql" duration=140.541µs
2026-09-13T12:05:43.172435407Z logger=migrator t=2026-09-13T12:05:43.172318256Z level=info msg="Executing migration" id="add column org_id in alert_configuration"
2026-09-13T12:05:43.177720044Z logger=migrator t=2026-09-13T12:05:43.177563797Z level=info msg="Migration successfully executed" id="add column org_id in alert_configuration" duration=5.244928ms
2026-09-13T12:05:43.184500593Z logger=migrator t=2026-09-13T12:05:43.184366224Z level=info msg="Executing migration" id="add index in alert_configuration table on org_id column"
2026-09-13T12:05:43.185755101Z logger=migrator t=2026-09-13T12:05:43.185554168Z level=info msg="Migration successfully executed" id="add index in alert_configuration table on org_id column" duration=1.189517ms
2026-09-13T12:05:43.194200834Z logger=migrator t=2026-09-13T12:05:43.192294225Z level=info msg="Executing migration" id="add configuration_hash column to alert_configuration"
2026-09-13T12:05:43.197260098Z logger=migrator t=2026-09-13T12:05:43.197126009Z level=info msg="Migration successfully executed" id="add configuration_hash column to alert_configuration" duration=4.831486ms
2026-09-13T12:05:43.204057632Z logger=migrator t=2026-09-13T12:05:43.20392743Z level=info msg="Executing migration" id=create_ngalert_configuration_table
2026-09-13T12:05:43.205088709Z logger=migrator t=2026-09-13T12:05:43.204870346Z level=info msg="Migration successfully executed" id=create_ngalert_configuration_table duration=944.179µs
2026-09-13T12:05:43.212225484Z logger=migrator t=2026-09-13T12:05:43.211672726Z level=info msg="Executing migration" id="add index in ngalert_configuration on org_id column"
2026-09-13T12:05:43.212848626Z logger=migrator t=2026-09-13T12:05:43.21274122Z level=info msg="Migration successfully executed" id="add index in ngalert_configuration on org_id column" duration=1.060053ms
2026-09-13T12:05:43.219821481Z logger=migrator t=2026-09-13T12:05:43.219669723Z level=info msg="Executing migration" id="add column send_alerts_to in ngalert_configuration"
2026-09-13T12:05:43.224544782Z logger=migrator t=2026-09-13T12:05:43.224426375Z level=info msg="Migration successfully executed" id="add column send_alerts_to in ngalert_configuration" duration=4.742717ms
2026-09-13T12:05:43.231467078Z logger=migrator t=2026-09-13T12:05:43.231228639Z level=info msg="Executing migration" id="create provenance_type table"
2026-09-13T12:05:43.232174147Z logger=migrator t=2026-09-13T12:05:43.232062755Z level=info msg="Migration successfully executed" id="create provenance_type table" duration=834.516µs
2026-09-13T12:05:43.239013368Z logger=migrator t=2026-09-13T12:05:43.238833932Z level=info msg="Executing migration" id="add index to uniquify (record_key, record_type, org_id) columns"
2026-09-13T12:05:43.240019999Z logger=migrator t=2026-09-13T12:05:43.239919463Z level=info msg="Migration successfully executed" id="add index to uniquify (record_key, record_type, org_id) columns" duration=1.086644ms
2026-09-13T12:05:43.246750634Z logger=migrator t=2026-09-13T12:05:43.246610534Z level=info msg="Executing migration" id="create alert_image table"
2026-09-13T12:05:43.247546301Z logger=migrator t=2026-09-13T12:05:43.24744509Z level=info msg="Migration successfully executed" id="create alert_image table" duration=833.938µs
2026-09-13T12:05:43.254289509Z logger=migrator t=2026-09-13T12:05:43.254133068Z level=info msg="Executing migration" id="add unique index on token to alert_image table"
2026-09-13T12:05:43.255186928Z logger=migrator t=2026-09-13T12:05:43.255095372Z level=info msg="Migration successfully executed" id="add unique index on token to alert_image table" duration=962.522µs
2026-09-13T12:05:43.261811398Z logger=migrator t=2026-09-13T12:05:43.261661267Z level=info msg="Executing migration" id="support longer URLs in alert_image table"
2026-09-13T12:05:43.261828324Z logger=migrator t=2026-09-13T12:05:43.261766078Z level=info msg="Migration successfully executed" id="support longer URLs in alert_image table" duration=89.239µs
2026-09-13T12:05:43.268394668Z logger=migrator t=2026-09-13T12:05:43.268282903Z level=info msg="Executing migration" id=create_alert_configuration_history_table
2026-09-13T12:05:43.269328533Z logger=migrator t=2026-09-13T12:05:43.269206881Z level=info msg="Migration successfully executed" id=create_alert_configuration_history_table duration=942.65µs
2026-09-13T12:05:43.276137372Z logger=migrator t=2026-09-13T12:05:43.276006235Z level=info msg="Executing migration" id="drop non-unique orgID index on alert_configuration"
2026-09-13T12:05:43.277104328Z logger=migrator t=2026-09-13T12:05:43.276962732Z level=info msg="Migration successfully executed" id="drop non-unique orgID index on alert_configuration" duration=957.889µs
2026-09-13T12:05:43.284205311Z logger=migrator t=2026-09-13T12:05:43.284030207Z level=info msg="Executing migration" id="drop unique orgID index on alert_configuration if exists"
2026-09-13T12:05:43.284576452Z logger=migrator t=2026-09-13T12:05:43.284486363Z level=warn msg="Skipping migration: Already executed, but not recorded in migration log" id="drop unique orgID index on alert_configuration if exists"
2026-09-13T12:05:43.291152134Z logger=migrator t=2026-09-13T12:05:43.290943513Z level=info msg="Executing migration" id="extract alertmanager configuration history to separate table"
2026-09-13T12:05:43.291725479Z logger=migrator t=2026-09-13T12:05:43.29158412Z level=info msg="Migration successfully executed" id="extract alertmanager configuration history to separate table" duration=641.371µs
2026-09-13T12:05:43.298243711Z logger=migrator t=2026-09-13T12:05:43.298121554Z level=info msg="Executing migration" id="add unique index on orgID to alert_configuration"
2026-09-13T12:05:43.299185371Z logger=migrator t=2026-09-13T12:05:43.299038554Z level=info msg="Migration successfully executed" id="add unique index on orgID to alert_configuration" duration=917.562µs
2026-09-13T12:05:43.305794359Z logger=migrator t=2026-09-13T12:05:43.305617295Z level=info msg="Executing migration" id="add last_applied column to alert_configuration_history"
2026-09-13T12:05:43.310575487Z logger=migrator t=2026-09-13T12:05:43.31041876Z level=info msg="Migration successfully executed" id="add last_applied column to alert_configuration_history" duration=4.787897ms
2026-09-13T12:05:43.317004735Z logger=migrator t=2026-09-13T12:05:43.316881078Z level=info msg="Executing migration" id="create library_element table v1"
2026-09-13T12:05:43.318000284Z logger=migrator t=2026-09-13T12:05:43.317865611Z level=info msg="Migration successfully executed" id="create library_element table v1" duration=984.665µs
2026-09-13T12:05:43.325188913Z logger=migrator t=2026-09-13T12:05:43.3245411Z level=info msg="Executing migration" id="add index library_element org_id-folder_id-name-kind"
2026-09-13T12:05:43.325691415Z logger=migrator t=2026-09-13T12:05:43.325569596Z level=info msg="Migration successfully executed" id="add index library_element org_id-folder_id-name-kind" duration=1.028594ms
2026-09-13T12:05:43.333178355Z logger=migrator t=2026-09-13T12:05:43.332164505Z level=info msg="Executing migration" id="create library_element_connection table v1"
2026-09-13T12:05:43.333194615Z logger=migrator t=2026-09-13T12:05:43.332848637Z level=info msg="Migration successfully executed" id="create library_element_connection table v1" duration=685.461µs
2026-09-13T12:05:43.339646517Z logger=migrator t=2026-09-13T12:05:43.339416317Z level=info msg="Executing migration" id="add index library_element_connection element_id-kind-connection_id"
2026-09-13T12:05:43.340641130Z logger=migrator t=2026-09-13T12:05:43.340540438Z level=info msg="Migration successfully executed" id="add index library_element_connection element_id-kind-connection_id" duration=1.124856ms
2026-09-13T12:05:43.347520803Z logger=migrator t=2026-09-13T12:05:43.347304041Z level=info msg="Executing migration" id="add unique index library_element org_id_uid"
2026-09-13T12:05:43.348412975Z logger=migrator t=2026-09-13T12:05:43.348318218Z level=info msg="Migration successfully executed" id="add unique index library_element org_id_uid" duration=1.015611ms
2026-09-13T12:05:43.355387780Z logger=migrator t=2026-09-13T12:05:43.35490936Z level=info msg="Executing migration" id="increase max description length to 2048"
2026-09-13T12:05:43.355401492Z logger=migrator t=2026-09-13T12:05:43.354943351Z level=info msg="Migration successfully executed" id="increase max description length to 2048" duration=36.023µs
2026-09-13T12:05:43.361633338Z logger=migrator t=2026-09-13T12:05:43.361529629Z level=info msg="Executing migration" id="alter library_element model to mediumtext"
2026-09-13T12:05:43.361657569Z logger=migrator t=2026-09-13T12:05:43.361614599Z level=info msg="Migration successfully executed" id="alter library_element model to mediumtext" duration=100.865µs
2026-09-13T12:05:43.368629235Z logger=migrator t=2026-09-13T12:05:43.368063388Z level=info msg="Executing migration" id="add library_element folder uid"
2026-09-13T12:05:43.373794861Z logger=migrator t=2026-09-13T12:05:43.373653272Z level=info msg="Migration successfully executed" id="add library_element folder uid" duration=5.589722ms
2026-09-13T12:05:43.380675631Z logger=migrator t=2026-09-13T12:05:43.380513667Z level=info msg="Executing migration" id="populate library_element folder_uid"
2026-09-13T12:05:43.381161701Z logger=migrator t=2026-09-13T12:05:43.381041996Z level=info msg="Migration successfully executed" id="populate library_element folder_uid" duration=530.423µs
2026-09-13T12:05:43.387963782Z logger=migrator t=2026-09-13T12:05:43.387788354Z level=info msg="Executing migration" id="add index library_element org_id-folder_uid-name-kind"
2026-09-13T12:05:43.388991005Z logger=migrator t=2026-09-13T12:05:43.388872278Z level=info msg="Migration successfully executed" id="add index library_element org_id-folder_uid-name-kind" duration=1.085296ms
2026-09-13T12:05:43.395839299Z logger=migrator t=2026-09-13T12:05:43.395689748Z level=info msg="Executing migration" id="clone move dashboard alerts to unified alerting"
2026-09-13T12:05:43.396280931Z logger=migrator t=2026-09-13T12:05:43.396189222Z level=info msg="Migration successfully executed" id="clone move dashboard alerts to unified alerting" duration=502.065µs
2026-09-13T12:05:43.402935694Z logger=migrator t=2026-09-13T12:05:43.402807872Z level=info msg="Executing migration" id="create data_keys table"
2026-09-13T12:05:43.403900790Z logger=migrator t=2026-09-13T12:05:43.403785744Z level=info msg="Migration successfully executed" id="create data_keys table" duration=979.175µs
2026-09-13T12:05:43.411774964Z logger=migrator t=2026-09-13T12:05:43.410590471Z level=info msg="Executing migration" id="create secrets table"
2026-09-13T12:05:43.411795300Z logger=migrator t=2026-09-13T12:05:43.41144731Z level=info msg="Migration successfully executed" id="create secrets table" duration=858.679µs
2026-09-13T12:05:43.420256232Z logger=migrator t=2026-09-13T12:05:43.418251768Z level=info msg="Executing migration" id="rename data_keys name column to id"
2026-09-13T12:05:43.443363404Z logger=migrator t=2026-09-13T12:05:43.443172685Z level=info msg="Migration successfully executed" id="rename data_keys name column to id" duration=24.908834ms
2026-09-13T12:05:43.450167363Z logger=migrator t=2026-09-13T12:05:43.449913697Z level=info msg="Executing migration" id="add name column into data_keys"
2026-09-13T12:05:43.455475991Z logger=migrator t=2026-09-13T12:05:43.455335246Z level=info msg="Migration successfully executed" id="add name column into data_keys" duration=5.422093ms
2026-09-13T12:05:43.462481334Z logger=migrator t=2026-09-13T12:05:43.461937093Z level=info msg="Executing migration" id="copy data_keys id column values into name"
2026-09-13T12:05:43.462509152Z logger=migrator t=2026-09-13T12:05:43.462114734Z level=info msg="Migration successfully executed" id="copy data_keys id column values into name" duration=179.74µs
2026-09-13T12:05:43.468588193Z logger=migrator t=2026-09-13T12:05:43.468485612Z level=info msg="Executing migration" id="rename data_keys name column to label"
2026-09-13T12:05:43.494774877Z logger=migrator t=2026-09-13T12:05:43.494568433Z level=info msg="Migration successfully executed" id="rename data_keys name column to label" duration=26.081953ms
2026-09-13T12:05:43.501835373Z logger=migrator t=2026-09-13T12:05:43.501221549Z level=info msg="Executing migration" id="rename data_keys id column back to name"
2026-09-13T12:05:43.526924644Z logger=migrator t=2026-09-13T12:05:43.526650485Z level=info msg="Migration successfully executed" id="rename data_keys id column back to name" duration=25.427912ms
2026-09-13T12:05:43.533669133Z logger=migrator t=2026-09-13T12:05:43.533444721Z level=info msg="Executing migration" id="create kv_store table v1"
2026-09-13T12:05:43.534473172Z logger=migrator t=2026-09-13T12:05:43.534364728Z level=info msg="Migration successfully executed" id="create kv_store table v1" duration=921.6µs
2026-09-13T12:05:43.541988356Z logger=migrator t=2026-09-13T12:05:43.541253818Z level=info msg="Executing migration" id="add index kv_store.org_id-namespace-key"
2026-09-13T12:05:43.542633303Z logger=migrator t=2026-09-13T12:05:43.542441964Z level=info msg="Migration successfully executed" id="add index kv_store.org_id-namespace-key" duration=1.18994ms
2026-09-13T12:05:43.549252525Z logger=migrator t=2026-09-13T12:05:43.549129337Z level=info msg="Executing migration" id="update dashboard_uid and panel_id from existing annotations"
2026-09-13T12:05:43.549523581Z logger=migrator t=2026-09-13T12:05:43.549454019Z level=info msg="Migration successfully executed" id="update dashboard_uid and panel_id from existing annotations" duration=326.074µs
2026-09-13T12:05:43.556127759Z logger=migrator t=2026-09-13T12:05:43.555927991Z level=info msg="Executing migration" id="create permission table"
2026-09-13T12:05:43.556903884Z logger=migrator t=2026-09-13T12:05:43.556803591Z level=info msg="Migration successfully executed" id="create permission table" duration=888.762µs
2026-09-13T12:05:43.563487828Z logger=migrator t=2026-09-13T12:05:43.563378587Z level=info msg="Executing migration" id="add unique index permission.role_id"
2026-09-13T12:05:43.564436412Z logger=migrator t=2026-09-13T12:05:43.564340319Z level=info msg="Migration successfully executed" id="add unique index permission.role_id" duration=963.001µs
2026-09-13T12:05:43.571551395Z logger=migrator t=2026-09-13T12:05:43.570950744Z level=info msg="Executing migration" id="add unique index role_id_action_scope"
2026-09-13T12:05:43.571996794Z logger=migrator t=2026-09-13T12:05:43.571904975Z level=info msg="Migration successfully executed" id="add unique index role_id_action_scope" duration=954.8µs
2026-09-13T12:05:43.579665598Z logger=migrator t=2026-09-13T12:05:43.578530104Z level=info msg="Executing migration" id="create role table"
2026-09-13T12:05:43.579682301Z logger=migrator t=2026-09-13T12:05:43.57937456Z level=info msg="Migration successfully executed" id="create role table" duration=845.131µs
2026-09-13T12:05:43.586247044Z logger=migrator t=2026-09-13T12:05:43.586125631Z level=info msg="Executing migration" id="add column display_name"
2026-09-13T12:05:43.592101166Z logger=migrator t=2026-09-13T12:05:43.591944265Z level=info msg="Migration successfully executed" id="add column display_name" duration=5.818804ms
2026-09-13T12:05:43.598705543Z logger=migrator t=2026-09-13T12:05:43.598505938Z level=info msg="Executing migration" id="add column group_name"
2026-09-13T12:05:43.604011640Z logger=migrator t=2026-09-13T12:05:43.603855886Z level=info msg="Migration successfully executed" id="add column group_name" duration=5.350307ms
2026-09-13T12:05:43.610919953Z logger=migrator t=2026-09-13T12:05:43.610579988Z level=info msg="Executing migration" id="add index role.org_id"
2026-09-13T12:05:43.611760271Z logger=migrator t=2026-09-13T12:05:43.611625759Z level=info msg="Migration successfully executed" id="add index role.org_id" duration=1.04711ms
2026-09-13T12:05:43.618526874Z logger=migrator t=2026-09-13T12:05:43.618328866Z level=info msg="Executing migration" id="add unique index role_org_id_name"
2026-09-13T12:05:43.619546336Z logger=migrator t=2026-09-13T12:05:43.619439611Z level=info msg="Migration successfully executed" id="add unique index role_org_id_name" duration=1.111266ms
2026-09-13T12:05:43.626133163Z logger=migrator t=2026-09-13T12:05:43.625997562Z level=info msg="Executing migration" id="add index role_org_id_uid"
2026-09-13T12:05:43.627232596Z logger=migrator t=2026-09-13T12:05:43.627130474Z level=info msg="Migration successfully executed" id="add index role_org_id_uid" duration=1.1338ms
2026-09-13T12:05:43.634049266Z logger=migrator t=2026-09-13T12:05:43.633930213Z level=info msg="Executing migration" id="create team role table"
2026-09-13T12:05:43.635039726Z logger=migrator t=2026-09-13T12:05:43.634914532Z level=info msg="Migration successfully executed" id="create team role table" duration=986.201µs
2026-09-13T12:05:43.641808193Z logger=migrator t=2026-09-13T12:05:43.641677337Z level=info msg="Executing migration" id="add index team_role.org_id"
2026-09-13T12:05:43.643058741Z logger=migrator t=2026-09-13T12:05:43.642930834Z level=info msg="Migration successfully executed" id="add index team_role.org_id" duration=1.256691ms
2026-09-13T12:05:43.650177552Z logger=migrator t=2026-09-13T12:05:43.649917826Z level=info msg="Executing migration" id="add unique index team_role_org_id_team_id_role_id"
2026-09-13T12:05:43.651224791Z logger=migrator t=2026-09-13T12:05:43.651117039Z level=info msg="Migration successfully executed" id="add unique index team_role_org_id_team_id_role_id" duration=1.199887ms
2026-09-13T12:05:43.658121622Z logger=migrator t=2026-09-13T12:05:43.657874464Z level=info msg="Executing migration" id="add index team_role.team_id"
2026-09-13T12:05:43.659022178Z logger=migrator t=2026-09-13T12:05:43.658888463Z level=info msg="Migration successfully executed" id="add index team_role.team_id" duration=1.006964ms
2026-09-13T12:05:43.665846229Z logger=migrator t=2026-09-13T12:05:43.665709649Z level=info msg="Executing migration" id="create user role table"
2026-09-13T12:05:43.666735696Z logger=migrator t=2026-09-13T12:05:43.666588218Z level=info msg="Migration successfully executed" id="create user role table" duration=878.396µs
2026-09-13T12:05:43.673441417Z logger=migrator t=2026-09-13T12:05:43.673215144Z level=info msg="Executing migration" id="add index user_role.org_id"
2026-09-13T12:05:43.674516574Z logger=migrator t=2026-09-13T12:05:43.674401158Z level=info msg="Migration successfully executed" id="add index user_role.org_id" duration=1.187474ms
2026-09-13T12:05:43.681802731Z logger=migrator t=2026-09-13T12:05:43.681335114Z level=info msg="Executing migration" id="add unique index user_role_org_id_user_id_role_id"
2026-09-13T12:05:43.682749569Z logger=migrator t=2026-09-13T12:05:43.682650083Z level=info msg="Migration successfully executed" id="add unique index user_role_org_id_user_id_role_id" duration=1.315767ms
2026-09-13T12:05:43.689286280Z logger=migrator t=2026-09-13T12:05:43.689129543Z level=info msg="Executing migration" id="add index user_role.user_id"
2026-09-13T12:05:43.690238225Z logger=migrator t=2026-09-13T12:05:43.690128684Z level=info msg="Migration successfully executed" id="add index user_role.user_id" duration=999.95µs
2026-09-13T12:05:43.696785699Z logger=migrator t=2026-09-13T12:05:43.696653686Z level=info msg="Executing migration" id="create builtin role table"
2026-09-13T12:05:43.697724771Z logger=migrator t=2026-09-13T12:05:43.697619766Z level=info msg="Migration successfully executed" id="create builtin role table" duration=966.907µs
2026-09-13T12:05:43.704341814Z logger=migrator t=2026-09-13T12:05:43.704179131Z level=info msg="Executing migration" id="add index builtin_role.role_id"
2026-09-13T12:05:43.705431673Z logger=migrator t=2026-09-13T12:05:43.705259661Z level=info msg="Migration successfully executed" id="add index builtin_role.role_id" duration=1.081837ms
2026-09-13T12:05:43.712337209Z logger=migrator t=2026-09-13T12:05:43.712167683Z level=info msg="Executing migration" id="add index builtin_role.name"
2026-09-13T12:05:43.713334179Z logger=migrator t=2026-09-13T12:05:43.713225616Z level=info msg="Migration successfully executed" id="add index builtin_role.name" duration=1.059609ms
2026-09-13T12:05:43.720354459Z logger=migrator t=2026-09-13T12:05:43.720166922Z level=info msg="Executing migration" id="Add column org_id to builtin_role table"
2026-09-13T12:05:43.725930568Z logger=migrator t=2026-09-13T12:05:43.725784726Z level=info msg="Migration successfully executed" id="Add column org_id to builtin_role table" duration=5.612695ms
2026-09-13T12:05:43.732683415Z logger=migrator t=2026-09-13T12:05:43.732549764Z level=info msg="Executing migration" id="add index builtin_role.org_id"
2026-09-13T12:05:43.734176105Z logger=migrator t=2026-09-13T12:05:43.733985806Z level=info msg="Migration successfully executed" id="add index builtin_role.org_id" duration=1.437956ms
2026-09-13T12:05:43.741973402Z logger=migrator t=2026-09-13T12:05:43.741405185Z level=info msg="Executing migration" id="add unique index builtin_role_org_id_role_id_role"
2026-09-13T12:05:43.743472894Z logger=migrator t=2026-09-13T12:05:43.743361873Z level=info msg="Migration successfully executed" id="add unique index builtin_role_org_id_role_id_role" duration=2.011259ms
2026-09-13T12:05:43.750598378Z logger=migrator t=2026-09-13T12:05:43.750387417Z level=info msg="Executing migration" id="Remove unique index role_org_id_uid"
2026-09-13T12:05:43.752269691Z logger=migrator t=2026-09-13T12:05:43.752141855Z level=info msg="Migration successfully executed" id="Remove unique index role_org_id_uid" duration=1.756251ms
2026-09-13T12:05:43.760427539Z logger=migrator t=2026-09-13T12:05:43.760284857Z level=info msg="Executing migration" id="add unique index role.uid"
2026-09-13T12:05:43.761510470Z logger=migrator t=2026-09-13T12:05:43.761348051Z level=info msg="Migration successfully executed" id="add unique index role.uid" duration=1.064827ms
2026-09-13T12:05:43.770243991Z logger=migrator t=2026-09-13T12:05:43.769478096Z level=info msg="Executing migration" id="create seed assignment table"
2026-09-13T12:05:43.770923493Z logger=migrator t=2026-09-13T12:05:43.770819261Z level=info msg="Migration successfully executed" id="create seed assignment table" duration=1.340921ms
2026-09-13T12:05:43.778026080Z logger=migrator t=2026-09-13T12:05:43.777789631Z level=info msg="Executing migration" id="add unique index builtin_role_role_name"
2026-09-13T12:05:43.780277519Z logger=migrator t=2026-09-13T12:05:43.780144692Z level=info msg="Migration successfully executed" id="add unique index builtin_role_role_name" duration=2.35612ms
2026-09-13T12:05:43.787497206Z logger=migrator t=2026-09-13T12:05:43.787344182Z level=info msg="Executing migration" id="add column hidden to role table"
2026-09-13T12:05:43.796366462Z logger=migrator t=2026-09-13T12:05:43.796225425Z level=info msg="Migration successfully executed" id="add column hidden to role table" duration=8.856829ms
2026-09-13T12:05:43.805202350Z logger=migrator t=2026-09-13T12:05:43.804479379Z level=info msg="Executing migration" id="permission kind migration"
2026-09-13T12:05:43.810952640Z logger=migrator t=2026-09-13T12:05:43.810821316Z level=info msg="Migration successfully executed" id="permission kind migration" duration=6.342217ms
2026-09-13T12:05:43.817963952Z logger=migrator t=2026-09-13T12:05:43.817788606Z level=info msg="Executing migration" id="permission attribute migration"
2026-09-13T12:05:43.827152973Z logger=migrator t=2026-09-13T12:05:43.826967277Z level=info msg="Migration successfully executed" id="permission attribute migration" duration=9.176953ms
2026-09-13T12:05:43.834095929Z logger=migrator t=2026-09-13T12:05:43.833895353Z level=info msg="Executing migration" id="permission identifier migration"
2026-09-13T12:05:43.844994604Z logger=migrator t=2026-09-13T12:05:43.844891953Z level=info msg="Migration successfully executed" id="permission identifier migration" duration=10.994702ms
2026-09-13T12:05:43.852400758Z logger=migrator t=2026-09-13T12:05:43.852234579Z level=info msg="Executing migration" id="add permission identifier index"
2026-09-13T12:05:43.854455082Z logger=migrator t=2026-09-13T12:05:43.854322144Z level=info msg="Migration successfully executed" id="add permission identifier index" duration=2.08899ms
2026-09-13T12:05:43.861662844Z logger=migrator t=2026-09-13T12:05:43.86128779Z level=info msg="Executing migration" id="add permission action scope role_id index"
2026-09-13T12:05:43.862987827Z logger=migrator t=2026-09-13T12:05:43.862915041Z level=info msg="Migration successfully executed" id="add permission action scope role_id index" duration=1.598756ms
2026-09-13T12:05:43.870249637Z logger=migrator t=2026-09-13T12:05:43.869963538Z level=info msg="Executing migration" id="remove permission role_id action scope index"
2026-09-13T12:05:43.872676629Z logger=migrator t=2026-09-13T12:05:43.872495303Z level=info msg="Migration successfully executed" id="remove permission role_id action scope index" duration=2.533697ms
2026-09-13T12:05:43.881260874Z logger=migrator t=2026-09-13T12:05:43.879349836Z level=info msg="Executing migration" id="add group mapping UID column to user_role table"
2026-09-13T12:05:43.889912516Z logger=migrator t=2026-09-13T12:05:43.889625927Z level=info msg="Migration successfully executed" id="add group mapping UID column to user_role table" duration=10.274833ms
2026-09-13T12:05:43.897737922Z logger=migrator t=2026-09-13T12:05:43.897554523Z level=info msg="Executing migration" id="add user_role org ID, user ID, role ID, group mapping UID index"
2026-09-13T12:05:43.899883108Z logger=migrator t=2026-09-13T12:05:43.899683495Z level=info msg="Migration successfully executed" id="add user_role org ID, user ID, role ID, group mapping UID index" duration=2.129478ms
2026-09-13T12:05:43.907181468Z logger=migrator t=2026-09-13T12:05:43.907038971Z level=info msg="Executing migration" id="remove user_role org ID, user ID, role ID index"
2026-09-13T12:05:43.908776492Z logger=migrator t=2026-09-13T12:05:43.90860149Z level=info msg="Migration successfully executed" id="remove user_role org ID, user ID, role ID index" duration=1.551493ms
2026-09-13T12:05:43.915642948Z logger=migrator t=2026-09-13T12:05:43.915307312Z level=info msg="Executing migration" id="add permission role_id action index"
2026-09-13T12:05:43.917755592Z logger=migrator t=2026-09-13T12:05:43.917585351Z level=info msg="Migration successfully executed" id="add permission role_id action index" duration=2.278729ms
2026-09-13T12:05:43.924765105Z logger=migrator t=2026-09-13T12:05:43.92460472Z level=info msg="Executing migration" id="Remove permission role_id index"
2026-09-13T12:05:43.926401413Z logger=migrator t=2026-09-13T12:05:43.926283582Z level=info msg="Migration successfully executed" id="Remove permission role_id index" duration=1.65741ms
2026-09-13T12:05:43.933591167Z logger=migrator t=2026-09-13T12:05:43.933455006Z level=info msg="Executing migration" id="create query_history table v1"
2026-09-13T12:05:43.935297577Z logger=migrator t=2026-09-13T12:05:43.935139207Z level=info msg="Migration successfully executed" id="create query_history table v1" duration=1.684205ms
2026-09-13T12:05:43.942056040Z logger=migrator t=2026-09-13T12:05:43.94191627Z level=info msg="Executing migration" id="add index query_history.org_id-created_by-datasource_uid"
2026-09-13T12:05:43.943653141Z logger=migrator t=2026-09-13T12:05:43.94352733Z level=info msg="Migration successfully executed" id="add index query_history.org_id-created_by-datasource_uid" duration=1.611558ms
2026-09-13T12:05:43.952572994Z logger=migrator t=2026-09-13T12:05:43.952280492Z level=info msg="Executing migration" id="alter table query_history alter column created_by type to bigint"
2026-09-13T12:05:43.952596802Z logger=migrator t=2026-09-13T12:05:43.95246978Z level=info msg="Migration successfully executed" id="alter table query_history alter column created_by type to bigint" duration=192.038µs
2026-09-13T12:05:43.960525033Z logger=migrator t=2026-09-13T12:05:43.960361837Z level=info msg="Executing migration" id="create query_history_details table v1"
2026-09-13T12:05:43.961727041Z logger=migrator t=2026-09-13T12:05:43.96153658Z level=info msg="Migration successfully executed" id="create query_history_details table v1" duration=1.162885ms
2026-09-13T12:05:43.968838149Z logger=migrator t=2026-09-13T12:05:43.968701432Z level=info msg="Executing migration" id="rbac disabled migrator"
2026-09-13T12:05:43.968996543Z logger=migrator t=2026-09-13T12:05:43.968920349Z level=info msg="Migration successfully executed" id="rbac disabled migrator" duration=221.147µs
2026-09-13T12:05:43.977551940Z logger=migrator t=2026-09-13T12:05:43.977231518Z level=info msg="Executing migration" id="teams permissions migration"
2026-09-13T12:05:43.978014747Z logger=migrator t=2026-09-13T12:05:43.977902198Z level=info msg="Migration successfully executed" id="teams permissions migration" duration=672.274µs
2026-09-13T12:05:43.986704215Z logger=migrator t=2026-09-13T12:05:43.98641564Z level=info msg="Executing migration" id="dashboard permissions"
2026-09-13T12:05:43.988904837Z logger=migrator t=2026-09-13T12:05:43.988633108Z level=info msg="Migration successfully executed" id="dashboard permissions" duration=2.220751ms
2026-09-13T12:05:43.997130550Z logger=migrator t=2026-09-13T12:05:43.996655873Z level=info msg="Executing migration" id="dashboard permissions uid scopes"
2026-09-13T12:05:43.999628571Z logger=migrator t=2026-09-13T12:05:43.999430212Z level=info msg="Migration successfully executed" id="dashboard permissions uid scopes" duration=2.774712ms
2026-09-13T12:05:44.007626873Z logger=migrator t=2026-09-13T12:05:44.007535474Z level=info msg="Executing migration" id="drop managed folder create actions"
2026-09-13T12:05:44.008227680Z logger=migrator t=2026-09-13T12:05:44.008138224Z level=info msg="Migration successfully executed" id="drop managed folder create actions" duration=603.183µs
2026-09-13T12:05:44.015627477Z logger=migrator t=2026-09-13T12:05:44.015467196Z level=info msg="Executing migration" id="alerting notification permissions"
2026-09-13T12:05:44.017121133Z logger=migrator t=2026-09-13T12:05:44.017029051Z level=info msg="Migration successfully executed" id="alerting notification permissions" duration=1.562649ms
2026-09-13T12:05:44.026558061Z logger=migrator t=2026-09-13T12:05:44.026390331Z level=info msg="Executing migration" id="create query_history_star table v1"
2026-09-13T12:05:44.027614477Z logger=migrator t=2026-09-13T12:05:44.027466869Z level=info msg="Migration successfully executed" id="create query_history_star table v1" duration=1.076561ms
2026-09-13T12:05:44.034400158Z logger=migrator t=2026-09-13T12:05:44.034257459Z level=info msg="Executing migration" id="add index query_history.user_id-query_uid"
2026-09-13T12:05:44.035472212Z logger=migrator t=2026-09-13T12:05:44.035337459Z level=info msg="Migration successfully executed" id="add index query_history.user_id-query_uid" duration=1.081581ms
2026-09-13T12:05:44.042067607Z logger=migrator t=2026-09-13T12:05:44.041947545Z level=info msg="Executing migration" id="add column org_id in query_history_star"
2026-09-13T12:05:44.047765884Z logger=migrator t=2026-09-13T12:05:44.047593622Z level=info msg="Migration successfully executed" id="add column org_id in query_history_star" duration=5.636033ms
2026-09-13T12:05:44.054662476Z logger=migrator t=2026-09-13T12:05:44.054494096Z level=info msg="Executing migration" id="alter table query_history_star_mig column user_id type to bigint"
2026-09-13T12:05:44.054753735Z logger=migrator t=2026-09-13T12:05:44.05459494Z level=info msg="Migration successfully executed" id="alter table query_history_star_mig column user_id type to bigint" duration=102.554µs
2026-09-13T12:05:44.061607934Z logger=migrator t=2026-09-13T12:05:44.061292136Z level=info msg="Executing migration" id="create correlation table v1"
2026-09-13T12:05:44.062607091Z logger=migrator t=2026-09-13T12:05:44.062487533Z level=info msg="Migration successfully executed" id="create correlation table v1" duration=1.19525ms
2026-09-13T12:05:44.069632676Z logger=migrator t=2026-09-13T12:05:44.06945751Z level=info msg="Executing migration" id="add index correlations.uid"
2026-09-13T12:05:44.070647821Z logger=migrator t=2026-09-13T12:05:44.070532266Z level=info msg="Migration successfully executed" id="add index correlations.uid" duration=1.077088ms
2026-09-13T12:05:44.077595787Z logger=migrator t=2026-09-13T12:05:44.07729955Z level=info msg="Executing migration" id="add index correlations.source_uid"
2026-09-13T12:05:44.078733202Z logger=migrator t=2026-09-13T12:05:44.078597156Z level=info msg="Migration successfully executed" id="add index correlations.source_uid" duration=1.299069ms
2026-09-13T12:05:44.086482984Z logger=migrator t=2026-09-13T12:05:44.085529998Z level=info msg="Executing migration" id="add correlation config column"
2026-09-13T12:05:44.091827051Z logger=migrator t=2026-09-13T12:05:44.091687347Z level=info msg="Migration successfully executed" id="add correlation config column" duration=6.132931ms
2026-09-13T12:05:44.098459102Z logger=migrator t=2026-09-13T12:05:44.098288013Z level=info msg="Executing migration" id="drop index IDX_correlation_uid - v1"
2026-09-13T12:05:44.099460380Z logger=migrator t=2026-09-13T12:05:44.099367784Z level=info msg="Migration successfully executed" id="drop index IDX_correlation_uid - v1" duration=1.081729ms
2026-09-13T12:05:44.106158102Z logger=migrator t=2026-09-13T12:05:44.105970202Z level=info msg="Executing migration" id="drop index IDX_correlation_source_uid - v1"
2026-09-13T12:05:44.107142281Z logger=migrator t=2026-09-13T12:05:44.107014893Z level=info msg="Migration successfully executed" id="drop index IDX_correlation_source_uid - v1" duration=1.046003ms
2026-09-13T12:05:44.113812468Z logger=migrator t=2026-09-13T12:05:44.11364243Z level=info msg="Executing migration" id="Rename table correlation to correlation_tmp_qwerty - v1"
2026-09-13T12:05:44.130705610Z logger=migrator t=2026-09-13T12:05:44.130569647Z level=info msg="Migration successfully executed" id="Rename table correlation to correlation_tmp_qwerty - v1" duration=16.924919ms
2026-09-13T12:05:44.137882972Z logger=migrator t=2026-09-13T12:05:44.137683305Z level=info msg="Executing migration" id="create correlation v2"
2026-09-13T12:05:44.138966028Z logger=migrator t=2026-09-13T12:05:44.138847972Z level=info msg="Migration successfully executed" id="create correlation v2" duration=1.165542ms
2026-09-13T12:05:44.145836519Z logger=migrator t=2026-09-13T12:05:44.145546832Z level=info msg="Executing migration" id="create index IDX_correlation_uid - v2"
2026-09-13T12:05:44.147130976Z logger=migrator t=2026-09-13T12:05:44.146918184Z level=info msg="Migration successfully executed" id="create index IDX_correlation_uid - v2" duration=1.391417ms
2026-09-13T12:05:44.154017503Z logger=migrator t=2026-09-13T12:05:44.153730264Z level=info msg="Executing migration" id="create index IDX_correlation_source_uid - v2"
2026-09-13T12:05:44.154933993Z logger=migrator t=2026-09-13T12:05:44.154793012Z level=info msg="Migration successfully executed" id="create index IDX_correlation_source_uid - v2" duration=1.064787ms
2026-09-13T12:05:44.161980267Z logger=migrator t=2026-09-13T12:05:44.161608522Z level=info msg="Executing migration" id="create index IDX_correlation_org_id - v2"
2026-09-13T12:05:44.162900480Z logger=migrator t=2026-09-13T12:05:44.162802165Z level=info msg="Migration successfully executed" id="create index IDX_correlation_org_id - v2" duration=1.194289ms
2026-09-13T12:05:44.169690086Z logger=migrator t=2026-09-13T12:05:44.169576167Z level=info msg="Executing migration" id="copy correlation v1 to v2"
2026-09-13T12:05:44.169976893Z logger=migrator t=2026-09-13T12:05:44.169898278Z level=info msg="Migration successfully executed" id="copy correlation v1 to v2" duration=321.838µs
2026-09-13T12:05:44.176611160Z logger=migrator t=2026-09-13T12:05:44.176518766Z level=info msg="Executing migration" id="drop correlation_tmp_qwerty"
2026-09-13T12:05:44.177682002Z logger=migrator t=2026-09-13T12:05:44.177595349Z level=info msg="Migration successfully executed" id="drop correlation_tmp_qwerty" duration=1.076916ms
2026-09-13T12:05:44.186187748Z logger=migrator t=2026-09-13T12:05:44.184429887Z level=info msg="Executing migration" id="add provisioning column"
2026-09-13T12:05:44.190560687Z logger=migrator t=2026-09-13T12:05:44.19042355Z level=info msg="Migration successfully executed" id="add provisioning column" duration=5.993119ms
2026-09-13T12:05:44.197334750Z logger=migrator t=2026-09-13T12:05:44.197208732Z level=info msg="Executing migration" id="add type column"
2026-09-13T12:05:44.203540897Z logger=migrator t=2026-09-13T12:05:44.203395677Z level=info msg="Migration successfully executed" id="add type column" duration=6.163211ms
2026-09-13T12:05:44.210323980Z logger=migrator t=2026-09-13T12:05:44.210178642Z level=info msg="Executing migration" id="create entity_events table"
2026-09-13T12:05:44.211217042Z logger=migrator t=2026-09-13T12:05:44.211106013Z level=info msg="Migration successfully executed" id="create entity_events table" duration=927.519µs
2026-09-13T12:05:44.219211843Z logger=migrator t=2026-09-13T12:05:44.217848332Z level=info msg="Executing migration" id="create dashboard public config v1"
2026-09-13T12:05:44.219227900Z logger=migrator t=2026-09-13T12:05:44.218836544Z level=info msg="Migration successfully executed" id="create dashboard public config v1" duration=989.158µs
2026-09-13T12:05:44.225880367Z logger=migrator t=2026-09-13T12:05:44.225720538Z level=info msg="Executing migration" id="drop index UQE_dashboard_public_config_uid - v1"
2026-09-13T12:05:44.226453880Z logger=migrator t=2026-09-13T12:05:44.226339963Z level=warn msg="Skipping migration: Already executed, but not recorded in migration log" id="drop index UQE_dashboard_public_config_uid - v1"
2026-09-13T12:05:44.233490743Z logger=migrator t=2026-09-13T12:05:44.23319033Z level=info msg="Executing migration" id="drop index IDX_dashboard_public_config_org_id_dashboard_uid - v1"
2026-09-13T12:05:44.233899921Z logger=migrator t=2026-09-13T12:05:44.233801268Z level=warn msg="Skipping migration: Already executed, but not recorded in migration log" id="drop index IDX_dashboard_public_config_org_id_dashboard_uid - v1"
2026-09-13T12:05:44.240774798Z logger=migrator t=2026-09-13T12:05:44.240654624Z level=info msg="Executing migration" id="Drop old dashboard public config table"
2026-09-13T12:05:44.241759552Z logger=migrator t=2026-09-13T12:05:44.241664728Z level=info msg="Migration successfully executed" id="Drop old dashboard public config table" duration=1.018397ms
2026-09-13T12:05:44.248734861Z logger=migrator t=2026-09-13T12:05:44.248547967Z level=info msg="Executing migration" id="recreate dashboard public config v1"
2026-09-13T12:05:44.249842078Z logger=migrator t=2026-09-13T12:05:44.249725742Z level=info msg="Migration successfully executed" id="recreate dashboard public config v1" duration=1.178086ms
2026-09-13T12:05:44.257678903Z logger=migrator t=2026-09-13T12:05:44.256331192Z level=info msg="Executing migration" id="create index UQE_dashboard_public_config_uid - v1"
2026-09-13T12:05:44.257702343Z logger=migrator t=2026-09-13T12:05:44.257548158Z level=info msg="Migration successfully executed" id="create index UQE_dashboard_public_config_uid - v1" duration=1.217974ms
2026-09-13T12:05:44.264706614Z logger=migrator t=2026-09-13T12:05:44.264503723Z level=info msg="Executing migration" id="create index IDX_dashboard_public_config_org_id_dashboard_uid - v1"
2026-09-13T12:05:44.265801238Z logger=migrator t=2026-09-13T12:05:44.26569114Z level=info msg="Migration successfully executed" id="create index IDX_dashboard_public_config_org_id_dashboard_uid - v1" duration=1.188389ms
2026-09-13T12:05:44.272907067Z logger=migrator t=2026-09-13T12:05:44.272325989Z level=info msg="Executing migration" id="drop index UQE_dashboard_public_config_uid - v2"
2026-09-13T12:05:44.273667892Z logger=migrator t=2026-09-13T12:05:44.273564915Z level=info msg="Migration successfully executed" id="drop index UQE_dashboard_public_config_uid - v2" duration=1.239637ms
2026-09-13T12:05:44.281704272Z logger=migrator t=2026-09-13T12:05:44.280252292Z level=info msg="Executing migration" id="drop index IDX_dashboard_public_config_org_id_dashboard_uid - v2"
2026-09-13T12:05:44.281720982Z logger=migrator t=2026-09-13T12:05:44.281213269Z level=info msg="Migration successfully executed" id="drop index IDX_dashboard_public_config_org_id_dashboard_uid - v2" duration=962.704µs
2026-09-13T12:05:44.288219084Z logger=migrator t=2026-09-13T12:05:44.288070037Z level=info msg="Executing migration" id="Drop public config table"
2026-09-13T12:05:44.289027792Z logger=migrator t=2026-09-13T12:05:44.288931819Z level=info msg="Migration successfully executed" id="Drop public config table" duration=862.216µs
2026-09-13T12:05:44.295941518Z logger=migrator t=2026-09-13T12:05:44.295686279Z level=info msg="Executing migration" id="Recreate dashboard public config v2"
2026-09-13T12:05:44.296959101Z logger=migrator t=2026-09-13T12:05:44.296845425Z level=info msg="Migration successfully executed" id="Recreate dashboard public config v2" duration=1.159606ms
2026-09-13T12:05:44.303562143Z logger=migrator t=2026-09-13T12:05:44.303360246Z level=info msg="Executing migration" id="create index UQE_dashboard_public_config_uid - v2"
2026-09-13T12:05:44.304532305Z logger=migrator t=2026-09-13T12:05:44.304430033Z level=info msg="Migration successfully executed" id="create index UQE_dashboard_public_config_uid - v2" duration=1.071101ms
2026-09-13T12:05:44.311358462Z logger=migrator t=2026-09-13T12:05:44.311106028Z level=info msg="Executing migration" id="create index IDX_dashboard_public_config_org_id_dashboard_uid - v2"
2026-09-13T12:05:44.312413849Z logger=migrator t=2026-09-13T12:05:44.312289767Z level=info msg="Migration successfully executed" id="create index IDX_dashboard_public_config_org_id_dashboard_uid - v2" duration=1.185168ms
2026-09-13T12:05:44.319168353Z logger=migrator t=2026-09-13T12:05:44.319036955Z level=info msg="Executing migration" id="create index UQE_dashboard_public_config_access_token - v2"
2026-09-13T12:05:44.320280544Z logger=migrator t=2026-09-13T12:05:44.320175785Z level=info msg="Migration successfully executed" id="create index UQE_dashboard_public_config_access_token - v2" duration=1.14049ms
2026-09-13T12:05:44.327297854Z logger=migrator t=2026-09-13T12:05:44.327171797Z level=info msg="Executing migration" id="Rename table dashboard_public_config to dashboard_public - v2"
2026-09-13T12:05:44.345428100Z logger=migrator t=2026-09-13T12:05:44.345226544Z level=info msg="Migration successfully executed" id="Rename table dashboard_public_config to dashboard_public - v2" duration=18.055669ms
2026-09-13T12:05:44.352394047Z logger=migrator t=2026-09-13T12:05:44.352258775Z level=info msg="Executing migration" id="add annotations_enabled column"
2026-09-13T12:05:44.359361924Z logger=migrator t=2026-09-13T12:05:44.359198637Z level=info msg="Migration successfully executed" id="add annotations_enabled column" duration=6.939419ms
2026-09-13T12:05:44.366059145Z logger=migrator t=2026-09-13T12:05:44.365871449Z level=info msg="Executing migration" id="add time_selection_enabled column"
2026-09-13T12:05:44.372213320Z logger=migrator t=2026-09-13T12:05:44.372061049Z level=info msg="Migration successfully executed" id="add time_selection_enabled column" duration=6.189228ms
2026-09-13T12:05:44.378924476Z logger=migrator t=2026-09-13T12:05:44.378789555Z level=info msg="Executing migration" id="delete orphaned public dashboards"
2026-09-13T12:05:44.379224586Z logger=migrator t=2026-09-13T12:05:44.37912025Z level=info msg="Migration successfully executed" id="delete orphaned public dashboards" duration=331.355µs
2026-09-13T12:05:44.385954009Z logger=migrator t=2026-09-13T12:05:44.385714526Z level=info msg="Executing migration" id="add share column"
2026-09-13T12:05:44.392167412Z logger=migrator t=2026-09-13T12:05:44.391990141Z level=info msg="Migration successfully executed" id="add share column" duration=6.274618ms
2026-09-13T12:05:44.398975757Z logger=migrator t=2026-09-13T12:05:44.398848855Z level=info msg="Executing migration" id="backfill empty share column fields with default of public"
2026-09-13T12:05:44.399272370Z logger=migrator t=2026-09-13T12:05:44.399188093Z level=info msg="Migration successfully executed" id="backfill empty share column fields with default of public" duration=340.939µs
2026-09-13T12:05:44.406043318Z logger=migrator t=2026-09-13T12:05:44.405918521Z level=info msg="Executing migration" id="create file table"
2026-09-13T12:05:44.407122201Z logger=migrator t=2026-09-13T12:05:44.407015543Z level=info msg="Migration successfully executed" id="create file table" duration=1.097085ms
2026-09-13T12:05:44.414172748Z logger=migrator t=2026-09-13T12:05:44.414019165Z level=info msg="Executing migration" id="file table idx: path natural pk"
2026-09-13T12:05:44.415345006Z logger=migrator t=2026-09-13T12:05:44.415230757Z level=info msg="Migration successfully executed" id="file table idx: path natural pk" duration=1.213207ms
2026-09-13T12:05:44.422214662Z logger=migrator t=2026-09-13T12:05:44.422065936Z level=info msg="Executing migration" id="file table idx: parent_folder_path_hash fast folder retrieval"
2026-09-13T12:05:44.423368719Z logger=migrator t=2026-09-13T12:05:44.423260896Z level=info msg="Migration successfully executed" id="file table idx: parent_folder_path_hash fast folder retrieval" duration=1.19608ms
2026-09-13T12:05:44.430410546Z logger=migrator t=2026-09-13T12:05:44.430205405Z level=info msg="Executing migration" id="create file_meta table"
2026-09-13T12:05:44.431329309Z logger=migrator t=2026-09-13T12:05:44.431201228Z level=info msg="Migration successfully executed" id="create file_meta table" duration=988.46µs
2026-09-13T12:05:44.439260717Z logger=migrator t=2026-09-13T12:05:44.438274083Z level=info msg="Executing migration" id="file table idx: path key"
2026-09-13T12:05:44.439449340Z logger=migrator t=2026-09-13T12:05:44.439347758Z level=info msg="Migration successfully executed" id="file table idx: path key" duration=1.07512ms
2026-09-13T12:05:44.446353836Z logger=migrator t=2026-09-13T12:05:44.446228623Z level=info msg="Executing migration" id="set path collation in file table"
2026-09-13T12:05:44.446529122Z logger=migrator t=2026-09-13T12:05:44.446413637Z level=info msg="Migration successfully executed" id="set path collation in file table" duration=100.571µs
2026-09-13T12:05:44.453539632Z logger=migrator t=2026-09-13T12:05:44.453258755Z level=info msg="Executing migration" id="migrate contents column to mediumblob for MySQL"
2026-09-13T12:05:44.453583713Z logger=migrator t=2026-09-13T12:05:44.453493678Z level=info msg="Migration successfully executed" id="migrate contents column to mediumblob for MySQL" duration=237.657µs
2026-09-13T12:05:44.460513062Z logger=migrator t=2026-09-13T12:05:44.460380488Z level=info msg="Executing migration" id="managed permissions migration"
2026-09-13T12:05:44.461169862Z logger=migrator t=2026-09-13T12:05:44.461054724Z level=info msg="Migration successfully executed" id="managed permissions migration" duration=662.769µs
2026-09-13T12:05:44.468105692Z logger=migrator t=2026-09-13T12:05:44.467934867Z level=info msg="Executing migration" id="managed folder permissions alert actions migration"
2026-09-13T12:05:44.468409328Z logger=migrator t=2026-09-13T12:05:44.468327329Z level=info msg="Migration successfully executed" id="managed folder permissions alert actions migration" duration=412.309µs
2026-09-13T12:05:44.475170441Z logger=migrator t=2026-09-13T12:05:44.475013348Z level=info msg="Executing migration" id="RBAC action name migrator"
2026-09-13T12:05:44.476469594Z logger=migrator t=2026-09-13T12:05:44.47632307Z level=info msg="Migration successfully executed" id="RBAC action name migrator" duration=1.311718ms
2026-09-13T12:05:44.483201266Z logger=migrator t=2026-09-13T12:05:44.483066094Z level=info msg="Executing migration" id="Add UID column to playlist"
2026-09-13T12:05:44.489422689Z logger=migrator t=2026-09-13T12:05:44.489191375Z level=info msg="Migration successfully executed" id="Add UID column to playlist" duration=6.12546ms
2026-09-13T12:05:44.496133808Z logger=migrator t=2026-09-13T12:05:44.495976906Z level=info msg="Executing migration" id="Update uid column values in playlist"
2026-09-13T12:05:44.496439994Z logger=migrator t=2026-09-13T12:05:44.496329048Z level=info msg="Migration successfully executed" id="Update uid column values in playlist" duration=354.431µs
2026-09-13T12:05:44.503049334Z logger=migrator t=2026-09-13T12:05:44.502859756Z level=info msg="Executing migration" id="Add index for uid in playlist"
2026-09-13T12:05:44.504068923Z logger=migrator t=2026-09-13T12:05:44.503959392Z level=info msg="Migration successfully executed" id="Add index for uid in playlist" duration=1.101199ms
2026-09-13T12:05:44.511423028Z logger=migrator t=2026-09-13T12:05:44.510816632Z level=info msg="Executing migration" id="update group index for alert rules"
2026-09-13T12:05:44.511444404Z logger=migrator t=2026-09-13T12:05:44.511245615Z level=info msg="Migration successfully executed" id="update group index for alert rules" duration=430.556µs
2026-09-13T12:05:44.518208661Z logger=migrator t=2026-09-13T12:05:44.517881038Z level=info msg="Executing migration" id="managed folder permissions alert actions repeated migration"
2026-09-13T12:05:44.518260241Z logger=migrator t=2026-09-13T12:05:44.518161826Z level=info msg="Migration successfully executed" id="managed folder permissions alert actions repeated migration" duration=281.641µs
2026-09-13T12:05:44.524837428Z logger=migrator t=2026-09-13T12:05:44.524721719Z level=info msg="Executing migration" id="admin only folder/dashboard permission"
2026-09-13T12:05:44.526036661Z logger=migrator t=2026-09-13T12:05:44.525893214Z level=info msg="Migration successfully executed" id="admin only folder/dashboard permission" duration=1.175078ms
2026-09-13T12:05:44.532646528Z logger=migrator t=2026-09-13T12:05:44.532473231Z level=info msg="Executing migration" id="add action column to seed_assignment"
2026-09-13T12:05:44.538947634Z logger=migrator t=2026-09-13T12:05:44.538807437Z level=info msg="Migration successfully executed" id="add action column to seed_assignment" duration=6.334014ms
2026-09-13T12:05:44.546220999Z logger=migrator t=2026-09-13T12:05:44.545535626Z level=info msg="Executing migration" id="add scope column to seed_assignment"
2026-09-13T12:05:44.551931397Z logger=migrator t=2026-09-13T12:05:44.551701374Z level=info msg="Migration successfully executed" id="add scope column to seed_assignment" duration=6.164256ms
2026-09-13T12:05:44.558751491Z logger=migrator t=2026-09-13T12:05:44.558568394Z level=info msg="Executing migration" id="remove unique index builtin_role_role_name before nullable update"
2026-09-13T12:05:44.559732648Z logger=migrator t=2026-09-13T12:05:44.5596318Z level=info msg="Migration successfully executed" id="remove unique index builtin_role_role_name before nullable update" duration=1.064994ms
2026-09-13T12:05:44.566393896Z logger=migrator t=2026-09-13T12:05:44.566254127Z level=info msg="Executing migration" id="update seed_assignment role_name column to nullable"
2026-09-13T12:05:44.628450949Z logger=migrator t=2026-09-13T12:05:44.628314133Z level=info msg="Migration successfully executed" id="update seed_assignment role_name column to nullable" duration=62.076514ms
2026-09-13T12:05:44.635185760Z logger=migrator t=2026-09-13T12:05:44.635000225Z level=info msg="Executing migration" id="add unique index builtin_role_name back"
2026-09-13T12:05:44.636307740Z logger=migrator t=2026-09-13T12:05:44.636193987Z level=info msg="Migration successfully executed" id="add unique index builtin_role_name back" duration=1.195338ms
2026-09-13T12:05:44.643123878Z logger=migrator t=2026-09-13T12:05:44.642884572Z level=info msg="Executing migration" id="add unique index builtin_role_action_scope"
2026-09-13T12:05:44.644144920Z logger=migrator t=2026-09-13T12:05:44.6440235Z level=info msg="Migration successfully executed" id="add unique index builtin_role_action_scope" duration=1.140431ms
2026-09-13T12:05:44.652168883Z logger=migrator t=2026-09-13T12:05:44.650809224Z level=info msg="Executing migration" id="add primary key to seed_assigment"
2026-09-13T12:05:44.673088331Z logger=migrator t=2026-09-13T12:05:44.672868961Z level=info msg="Migration successfully executed" id="add primary key to seed_assigment" duration=22.060675ms
2026-09-13T12:05:44.680152909Z logger=migrator t=2026-09-13T12:05:44.679974632Z level=info msg="Executing migration" id="add origin column to seed_assignment"
2026-09-13T12:05:44.686549027Z logger=migrator t=2026-09-13T12:05:44.686412349Z level=info msg="Migration successfully executed" id="add origin column to seed_assignment" duration=6.437639ms
2026-09-13T12:05:44.693506565Z logger=migrator t=2026-09-13T12:05:44.693224314Z level=info msg="Executing migration" id="add origin to plugin seed_assignment"
2026-09-13T12:05:44.693797267Z logger=migrator t=2026-09-13T12:05:44.69366842Z level=info msg="Migration successfully executed" id="add origin to plugin seed_assignment" duration=446.022µs
2026-09-13T12:05:44.701186137Z logger=migrator t=2026-09-13T12:05:44.700593258Z level=info msg="Executing migration" id="prevent seeding OnCall access"
2026-09-13T12:05:44.701204459Z logger=migrator t=2026-09-13T12:05:44.700799762Z level=info msg="Migration successfully executed" id="prevent seeding OnCall access" duration=208.298µs
2026-09-13T12:05:44.708027116Z logger=migrator t=2026-09-13T12:05:44.707333869Z level=info msg="Executing migration" id="managed folder permissions alert actions repeated fixed migration"
2026-09-13T12:05:44.708047482Z logger=migrator t=2026-09-13T12:05:44.707597151Z level=info msg="Migration successfully executed" id="managed folder permissions alert actions repeated fixed migration" duration=264.108µs
2026-09-13T12:05:44.714313207Z logger=migrator t=2026-09-13T12:05:44.714191288Z level=info msg="Executing migration" id="managed folder permissions library panel actions migration"
2026-09-13T12:05:44.714600861Z logger=migrator t=2026-09-13T12:05:44.714478587Z level=info msg="Migration successfully executed" id="managed folder permissions library panel actions migration" duration=288.469µs
2026-09-13T12:05:44.721297253Z logger=migrator t=2026-09-13T12:05:44.720992251Z level=info msg="Executing migration" id="migrate external alertmanagers to datsourcse"
2026-09-13T12:05:44.721502048Z logger=migrator t=2026-09-13T12:05:44.721309405Z level=info msg="Migration successfully executed" id="migrate external alertmanagers to datsourcse" duration=318.062µs
2026-09-13T12:05:44.727937701Z logger=migrator t=2026-09-13T12:05:44.727823432Z level=info msg="Executing migration" id="create folder table"
2026-09-13T12:05:44.728916809Z logger=migrator t=2026-09-13T12:05:44.728813948Z level=info msg="Migration successfully executed" id="create folder table" duration=991.368µs
2026-09-13T12:05:44.735494036Z logger=migrator t=2026-09-13T12:05:44.73538844Z level=info msg="Executing migration" id="Add index for parent_uid"
2026-09-13T12:05:44.736543394Z logger=migrator t=2026-09-13T12:05:44.736413097Z level=info msg="Migration successfully executed" id="Add index for parent_uid" duration=1.036165ms
2026-09-13T12:05:44.743205675Z logger=migrator t=2026-09-13T12:05:44.743103725Z level=info msg="Executing migration" id="Add unique index for folder.uid and folder.org_id"
2026-09-13T12:05:44.744141684Z logger=migrator t=2026-09-13T12:05:44.744019022Z level=info msg="Migration successfully executed" id="Add unique index for folder.uid and folder.org_id" duration=916.352µs
2026-09-13T12:05:44.751003067Z logger=migrator t=2026-09-13T12:05:44.750578667Z level=info msg="Executing migration" id="Update folder title length"
2026-09-13T12:05:44.751025719Z logger=migrator t=2026-09-13T12:05:44.750616571Z level=info msg="Migration successfully executed" id="Update folder title length" duration=40.026µs
2026-09-13T12:05:44.757390213Z logger=migrator t=2026-09-13T12:05:44.757257469Z level=info msg="Executing migration" id="Add unique index for folder.title and folder.parent_uid"
2026-09-13T12:05:44.758605029Z logger=migrator t=2026-09-13T12:05:44.758452972Z level=info msg="Migration successfully executed" id="Add unique index for folder.title and folder.parent_uid" duration=1.195957ms
2026-09-13T12:05:44.765398820Z logger=migrator t=2026-09-13T12:05:44.765196275Z level=info msg="Executing migration" id="Remove unique index for folder.title and folder.parent_uid"
2026-09-13T12:05:44.766442436Z logger=migrator t=2026-09-13T12:05:44.766332517Z level=info msg="Migration successfully executed" id="Remove unique index for folder.title and folder.parent_uid" duration=1.137291ms
2026-09-13T12:05:44.773184551Z logger=migrator t=2026-09-13T12:05:44.773035547Z level=info msg="Executing migration" id="Add unique index for title, parent_uid, and org_id"
2026-09-13T12:05:44.774386090Z logger=migrator t=2026-09-13T12:05:44.774286931Z level=info msg="Migration successfully executed" id="Add unique index for title, parent_uid, and org_id" duration=1.252628ms
2026-09-13T12:05:44.781181522Z logger=migrator t=2026-09-13T12:05:44.780946117Z level=info msg="Executing migration" id="Sync dashboard and folder table"
2026-09-13T12:05:44.781706387Z logger=migrator t=2026-09-13T12:05:44.781598976Z level=info msg="Migration successfully executed" id="Sync dashboard and folder table" duration=654.419µs
2026-09-13T12:05:44.788492139Z logger=migrator t=2026-09-13T12:05:44.788280694Z level=info msg="Executing migration" id="Remove ghost folders from the folder table"
2026-09-13T12:05:44.788726120Z logger=migrator t=2026-09-13T12:05:44.788644667Z level=info msg="Migration successfully executed" id="Remove ghost folders from the folder table" duration=366.2µs
2026-09-13T12:05:44.795537348Z logger=migrator t=2026-09-13T12:05:44.795288077Z level=info msg="Executing migration" id="Remove unique index UQE_folder_uid_org_id"
2026-09-13T12:05:44.796527291Z logger=migrator t=2026-09-13T12:05:44.796422672Z level=info msg="Migration successfully executed" id="Remove unique index UQE_folder_uid_org_id" duration=1.135608ms
2026-09-13T12:05:44.803207565Z logger=migrator t=2026-09-13T12:05:44.802996548Z level=info msg="Executing migration" id="Add unique index UQE_folder_org_id_uid"
2026-09-13T12:05:44.804258989Z logger=migrator t=2026-09-13T12:05:44.804156185Z level=info msg="Migration successfully executed" id="Add unique index UQE_folder_org_id_uid" duration=1.161435ms
2026-09-13T12:05:44.810918866Z logger=migrator t=2026-09-13T12:05:44.810753261Z level=info msg="Executing migration" id="Remove unique index UQE_folder_title_parent_uid_org_id"
2026-09-13T12:05:44.811896421Z logger=migrator t=2026-09-13T12:05:44.811797045Z level=info msg="Migration successfully executed" id="Remove unique index UQE_folder_title_parent_uid_org_id" duration=1.062065ms
2026-09-13T12:05:44.818539161Z logger=migrator t=2026-09-13T12:05:44.818380186Z level=info msg="Executing migration" id="Add unique index UQE_folder_org_id_parent_uid_title"
2026-09-13T12:05:44.819549787Z logger=migrator t=2026-09-13T12:05:44.819462994Z level=info msg="Migration successfully executed" id="Add unique index UQE_folder_org_id_parent_uid_title" duration=1.084142ms
2026-09-13T12:05:44.826223879Z logger=migrator t=2026-09-13T12:05:44.826039936Z level=info msg="Executing migration" id="Remove index IDX_folder_parent_uid_org_id"
2026-09-13T12:05:44.827267363Z logger=migrator t=2026-09-13T12:05:44.827143067Z level=info msg="Migration successfully executed" id="Remove index IDX_folder_parent_uid_org_id" duration=1.113757ms
2026-09-13T12:05:44.833797773Z logger=migrator t=2026-09-13T12:05:44.833669013Z level=info msg="Executing migration" id="Remove unique index UQE_folder_org_id_parent_uid_title"
2026-09-13T12:05:44.834889674Z logger=migrator t=2026-09-13T12:05:44.834793599Z level=info msg="Migration successfully executed" id="Remove unique index UQE_folder_org_id_parent_uid_title" duration=1.125779ms
2026-09-13T12:05:44.841712385Z logger=migrator t=2026-09-13T12:05:44.841572097Z level=info msg="Executing migration" id="create anon_device table"
2026-09-13T12:05:44.842862849Z logger=migrator t=2026-09-13T12:05:44.842527739Z level=info msg="Migration successfully executed" id="create anon_device table" duration=955.469µs
2026-09-13T12:05:44.849333827Z logger=migrator t=2026-09-13T12:05:44.849169987Z level=info msg="Executing migration" id="add unique index anon_device.device_id"
2026-09-13T12:05:44.850519908Z logger=migrator t=2026-09-13T12:05:44.850410455Z level=info msg="Migration successfully executed" id="add unique index anon_device.device_id" duration=1.241562ms
2026-09-13T12:05:44.857274790Z logger=migrator t=2026-09-13T12:05:44.857065486Z level=info msg="Executing migration" id="add index anon_device.updated_at"
2026-09-13T12:05:44.858351858Z logger=migrator t=2026-09-13T12:05:44.858249586Z level=info msg="Migration successfully executed" id="add index anon_device.updated_at" duration=1.185084ms
2026-09-13T12:05:44.865168678Z logger=migrator t=2026-09-13T12:05:44.864803167Z level=info msg="Executing migration" id="create signing_key table"
2026-09-13T12:05:44.865901793Z logger=migrator t=2026-09-13T12:05:44.865789516Z level=info msg="Migration successfully executed" id="create signing_key table" duration=987.049µs
2026-09-13T12:05:44.872655300Z logger=migrator t=2026-09-13T12:05:44.872526249Z level=info msg="Executing migration" id="add unique index signing_key.key_id"
2026-09-13T12:05:44.873819880Z logger=migrator t=2026-09-13T12:05:44.873719887Z level=info msg="Migration successfully executed" id="add unique index signing_key.key_id" duration=1.194702ms
2026-09-13T12:05:44.880676782Z logger=migrator t=2026-09-13T12:05:44.880502465Z level=info msg="Executing migration" id="set legacy alert migration status in kvstore"
2026-09-13T12:05:44.881867051Z logger=migrator t=2026-09-13T12:05:44.881774696Z level=info msg="Migration successfully executed" id="set legacy alert migration status in kvstore" duration=1.273915ms
2026-09-13T12:05:44.888544094Z logger=migrator t=2026-09-13T12:05:44.888432678Z level=info msg="Executing migration" id="migrate record of created folders during legacy migration to kvstore"
2026-09-13T12:05:44.889671479Z logger=migrator t=2026-09-13T12:05:44.889569459Z level=info msg="Migration successfully executed" id="migrate record of created folders during legacy migration to kvstore" duration=1.138434ms
2026-09-13T12:05:44.898267102Z logger=migrator t=2026-09-13T12:05:44.896254024Z level=info msg="Executing migration" id="Add folder_uid for dashboard"
2026-09-13T12:05:44.902956910Z logger=migrator t=2026-09-13T12:05:44.902798134Z level=info msg="Migration successfully executed" id="Add folder_uid for dashboard" duration=6.54284ms
2026-09-13T12:05:44.909963387Z logger=migrator t=2026-09-13T12:05:44.90974773Z level=info msg="Executing migration" id="Populate dashboard folder_uid column"
2026-09-13T12:05:44.910650847Z logger=migrator t=2026-09-13T12:05:44.910552762Z level=info msg="Migration successfully executed" id="Populate dashboard folder_uid column" duration=808.562µs
2026-09-13T12:05:44.917273587Z logger=migrator t=2026-09-13T12:05:44.917099316Z level=info msg="Executing migration" id="Add unique index for dashboard_org_id_folder_uid_title"
2026-09-13T12:05:44.917329374Z logger=migrator t=2026-09-13T12:05:44.917129878Z level=info msg="Migration successfully executed" id="Add unique index for dashboard_org_id_folder_uid_title" duration=32.508µs
2026-09-13T12:05:44.923966057Z logger=migrator t=2026-09-13T12:05:44.923830119Z level=info msg="Executing migration" id="Delete unique index for dashboard_org_id_folder_id_title"
2026-09-13T12:05:44.925103717Z logger=migrator t=2026-09-13T12:05:44.924942462Z level=info msg="Migration successfully executed" id="Delete unique index for dashboard_org_id_folder_id_title" duration=1.114792ms
2026-09-13T12:05:44.931772903Z logger=migrator t=2026-09-13T12:05:44.931597798Z level=info msg="Executing migration" id="Delete unique index for dashboard_org_id_folder_uid_title"
2026-09-13T12:05:44.931806938Z logger=migrator t=2026-09-13T12:05:44.931629068Z level=info msg="Migration successfully executed" id="Delete unique index for dashboard_org_id_folder_uid_title" duration=33.898µs
2026-09-13T12:05:44.938733203Z logger=migrator t=2026-09-13T12:05:44.93842633Z level=info msg="Executing migration" id="Add unique index for dashboard_org_id_folder_uid_title_is_folder"
2026-09-13T12:05:44.939970853Z logger=migrator t=2026-09-13T12:05:44.939844719Z level=info msg="Migration successfully executed" id="Add unique index for dashboard_org_id_folder_uid_title_is_folder" duration=1.418607ms
2026-09-13T12:05:44.946828921Z logger=migrator t=2026-09-13T12:05:44.946636102Z level=info msg="Executing migration" id="Restore index for dashboard_org_id_folder_id_title"
2026-09-13T12:05:44.947949111Z logger=migrator t=2026-09-13T12:05:44.947830164Z level=info msg="Migration successfully executed" id="Restore index for dashboard_org_id_folder_id_title" duration=1.195716ms
2026-09-13T12:05:44.954789598Z logger=migrator t=2026-09-13T12:05:44.954609136Z level=info msg="Executing migration" id="Remove unique index for dashboard_org_id_folder_uid_title_is_folder"
2026-09-13T12:05:44.955920189Z logger=migrator t=2026-09-13T12:05:44.955812277Z level=info msg="Migration successfully executed" id="Remove unique index for dashboard_org_id_folder_uid_title_is_folder" duration=1.205524ms
2026-09-13T12:05:44.962659889Z logger=migrator t=2026-09-13T12:05:44.962516655Z level=info msg="Executing migration" id="create sso_setting table"
2026-09-13T12:05:44.963795293Z logger=migrator t=2026-09-13T12:05:44.963694693Z level=info msg="Migration successfully executed" id="create sso_setting table" duration=1.178729ms
2026-09-13T12:05:44.970781041Z logger=migrator t=2026-09-13T12:05:44.970652112Z level=info msg="Executing migration" id="copy kvstore migration status to each org"
2026-09-13T12:05:44.971745236Z logger=migrator t=2026-09-13T12:05:44.971551447Z level=info msg="Migration successfully executed" id="copy kvstore migration status to each org" duration=888.801µs
2026-09-13T12:05:44.978346900Z logger=migrator t=2026-09-13T12:05:44.978170567Z level=info msg="Executing migration" id="add back entry for orgid=0 migrated status"
2026-09-13T12:05:44.978752466Z logger=migrator t=2026-09-13T12:05:44.978581099Z level=info msg="Migration successfully executed" id="add back entry for orgid=0 migrated status" duration=394.668µs
2026-09-13T12:05:44.985557625Z logger=migrator t=2026-09-13T12:05:44.98525994Z level=info msg="Executing migration" id="managed dashboard permissions annotation actions migration"
2026-09-13T12:05:44.986290668Z logger=migrator t=2026-09-13T12:05:44.986101101Z level=info msg="Migration successfully executed" id="managed dashboard permissions annotation actions migration" duration=842.613µs
2026-09-13T12:05:44.993157712Z logger=migrator t=2026-09-13T12:05:44.992878385Z level=info msg="Executing migration" id="create cloud_migration table v1"
2026-09-13T12:05:44.994281256Z logger=migrator t=2026-09-13T12:05:44.994050074Z level=info msg="Migration successfully executed" id="create cloud_migration table v1" duration=1.18228ms
2026-09-13T12:05:45.001026155Z logger=migrator t=2026-09-13T12:05:45.00089897Z level=info msg="Executing migration" id="create cloud_migration_run table v1"
2026-09-13T12:05:45.002112568Z logger=migrator t=2026-09-13T12:05:45.001967808Z level=info msg="Migration successfully executed" id="create cloud_migration_run table v1" duration=1.069195ms
2026-09-13T12:05:45.008928074Z logger=migrator t=2026-09-13T12:05:45.00876535Z level=info msg="Executing migration" id="add stack_id column"
2026-09-13T12:05:45.015846664Z logger=migrator t=2026-09-13T12:05:45.015670604Z level=info msg="Migration successfully executed" id="add stack_id column" duration=6.903724ms
2026-09-13T12:05:45.022752675Z logger=migrator t=2026-09-13T12:05:45.022505224Z level=info msg="Executing migration" id="add region_slug column"
2026-09-13T12:05:45.030203132Z logger=migrator t=2026-09-13T12:05:45.030021971Z level=info msg="Migration successfully executed" id="add region_slug column" duration=7.516956ms
2026-09-13T12:05:45.037284963Z logger=migrator t=2026-09-13T12:05:45.037108383Z level=info msg="Executing migration" id="add cluster_slug column"
2026-09-13T12:05:45.044770468Z logger=migrator t=2026-09-13T12:05:45.044545191Z level=info msg="Migration successfully executed" id="add cluster_slug column" duration=7.43461ms
2026-09-13T12:05:45.051692807Z logger=migrator t=2026-09-13T12:05:45.051342424Z level=info msg="Executing migration" id="add migration uid column"
2026-09-13T12:05:45.058230364Z logger=migrator t=2026-09-13T12:05:45.058034739Z level=info msg="Migration successfully executed" id="add migration uid column" duration=6.692516ms
2026-09-13T12:05:45.065028335Z logger=migrator t=2026-09-13T12:05:45.064797046Z level=info msg="Executing migration" id="Update uid column values for migration"
2026-09-13T12:05:45.065242393Z logger=migrator t=2026-09-13T12:05:45.065128688Z level=info msg="Migration successfully executed" id="Update uid column values for migration" duration=333.714µs
2026-09-13T12:05:45.072096482Z logger=migrator t=2026-09-13T12:05:45.071949607Z level=info msg="Executing migration" id="Add unique index migration_uid"
2026-09-13T12:05:45.073435025Z logger=migrator t=2026-09-13T12:05:45.07324089Z level=info msg="Migration successfully executed" id="Add unique index migration_uid" duration=1.292384ms
2026-09-13T12:05:45.080321601Z logger=migrator t=2026-09-13T12:05:45.080156804Z level=info msg="Executing migration" id="add migration run uid column"
2026-09-13T12:05:45.086907375Z logger=migrator t=2026-09-13T12:05:45.086732314Z level=info msg="Migration successfully executed" id="add migration run uid column" duration=6.574854ms
2026-09-13T12:05:45.094175169Z logger=migrator t=2026-09-13T12:05:45.093493237Z level=info msg="Executing migration" id="Update uid column values for migration run"
2026-09-13T12:05:45.094198550Z logger=migrator t=2026-09-13T12:05:45.093711501Z level=info msg="Migration successfully executed" id="Update uid column values for migration run" duration=220.486µs
2026-09-13T12:05:45.100428707Z logger=migrator t=2026-09-13T12:05:45.100297868Z level=info msg="Executing migration" id="Add unique index migration_run_uid"
2026-09-13T12:05:45.101754606Z logger=migrator t=2026-09-13T12:05:45.101617792Z level=info msg="Migration successfully executed" id="Add unique index migration_run_uid" duration=1.321864ms
2026-09-13T12:05:45.108500458Z logger=migrator t=2026-09-13T12:05:45.108378485Z level=info msg="Executing migration" id="Rename table cloud_migration to cloud_migration_session_tmp_qwerty - v1"
2026-09-13T12:05:45.127181346Z logger=migrator t=2026-09-13T12:05:45.126971166Z level=info msg="Migration successfully executed" id="Rename table cloud_migration to cloud_migration_session_tmp_qwerty - v1" duration=18.590737ms
2026-09-13T12:05:45.134524746Z logger=migrator t=2026-09-13T12:05:45.133854799Z level=info msg="Executing migration" id="create cloud_migration_session v2"
2026-09-13T12:05:45.135855130Z logger=migrator t=2026-09-13T12:05:45.135640461Z level=info msg="Migration successfully executed" id="create cloud_migration_session v2" duration=1.757096ms
2026-09-13T12:05:45.144395442Z logger=migrator t=2026-09-13T12:05:45.143183056Z level=info msg="Executing migration" id="create index UQE_cloud_migration_session_uid - v2"
2026-09-13T12:05:45.144411639Z logger=migrator t=2026-09-13T12:05:45.144293466Z level=info msg="Migration successfully executed" id="create index UQE_cloud_migration_session_uid - v2" duration=1.11259ms
2026-09-13T12:05:45.152702403Z logger=migrator t=2026-09-13T12:05:45.152584993Z level=info msg="Executing migration" id="copy cloud_migration_session v1 to v2"
2026-09-13T12:05:45.153147237Z logger=migrator t=2026-09-13T12:05:45.15303855Z level=info msg="Migration successfully executed" id="copy cloud_migration_session v1 to v2" duration=455.135µs
2026-09-13T12:05:45.160198319Z logger=migrator t=2026-09-13T12:05:45.159957136Z level=info msg="Executing migration" id="drop cloud_migration_session_tmp_qwerty"
2026-09-13T12:05:45.162062764Z logger=migrator t=2026-09-13T12:05:45.161686285Z level=info msg="Migration successfully executed" id="drop cloud_migration_session_tmp_qwerty" duration=1.728814ms
2026-09-13T12:05:45.170883930Z logger=migrator t=2026-09-13T12:05:45.170764902Z level=info msg="Executing migration" id="Rename table cloud_migration_run to cloud_migration_snapshot_tmp_qwerty - v1"
2026-09-13T12:05:45.201604156Z logger=migrator t=2026-09-13T12:05:45.201491229Z level=info msg="Migration successfully executed" id="Rename table cloud_migration_run to cloud_migration_snapshot_tmp_qwerty - v1" duration=30.724448ms
2026-09-13T12:05:45.209167619Z logger=migrator t=2026-09-13T12:05:45.208980797Z level=info msg="Executing migration" id="create cloud_migration_snapshot v2"
2026-09-13T12:05:45.212317449Z logger=migrator t=2026-09-13T12:05:45.212121633Z level=info msg="Migration successfully executed" id="create cloud_migration_snapshot v2" duration=3.142118ms
2026-09-13T12:05:45.221944040Z logger=migrator t=2026-09-13T12:05:45.220393435Z level=info msg="Executing migration" id="create index UQE_cloud_migration_snapshot_uid - v2"
2026-09-13T12:05:45.221958432Z logger=migrator t=2026-09-13T12:05:45.221581583Z level=info msg="Migration successfully executed" id="create index UQE_cloud_migration_snapshot_uid - v2" duration=1.190039ms
2026-09-13T12:05:45.228602575Z logger=migrator t=2026-09-13T12:05:45.228426295Z level=info msg="Executing migration" id="copy cloud_migration_snapshot v1 to v2"
2026-09-13T12:05:45.229511018Z logger=migrator t=2026-09-13T12:05:45.22917476Z level=info msg="Migration successfully executed" id="copy cloud_migration_snapshot v1 to v2" duration=748.916µs
2026-09-13T12:05:45.236843834Z logger=migrator t=2026-09-13T12:05:45.23657221Z level=info msg="Executing migration" id="drop cloud_migration_snapshot_tmp_qwerty"
2026-09-13T12:05:45.239446378Z logger=migrator t=2026-09-13T12:05:45.238584776Z level=info msg="Migration successfully executed" id="drop cloud_migration_snapshot_tmp_qwerty" duration=2.014688ms
2026-09-13T12:05:45.246020247Z logger=migrator t=2026-09-13T12:05:45.245711707Z level=info msg="Executing migration" id="add snapshot upload_url column"
2026-09-13T12:05:45.256770122Z logger=migrator t=2026-09-13T12:05:45.256537908Z level=info msg="Migration successfully executed" id="add snapshot upload_url column" duration=10.824905ms
2026-09-13T12:05:45.264848224Z logger=migrator t=2026-09-13T12:05:45.263377423Z level=info msg="Executing migration" id="add snapshot status column"
2026-09-13T12:05:45.270452626Z logger=migrator t=2026-09-13T12:05:45.270263964Z level=info msg="Migration successfully executed" id="add snapshot status column" duration=6.883634ms
2026-09-13T12:05:45.276921260Z logger=migrator t=2026-09-13T12:05:45.276732637Z level=info msg="Executing migration" id="add snapshot local_directory column"
2026-09-13T12:05:45.283740721Z logger=migrator t=2026-09-13T12:05:45.283576684Z level=info msg="Migration successfully executed" id="add snapshot local_directory column" duration=6.842742ms
2026-09-13T12:05:45.290643385Z logger=migrator t=2026-09-13T12:05:45.29045335Z level=info msg="Executing migration" id="add snapshot gms_snapshot_uid column"
2026-09-13T12:05:45.297374067Z logger=migrator t=2026-09-13T12:05:45.297205638Z level=info msg="Migration successfully executed" id="add snapshot gms_snapshot_uid column" duration=6.736768ms
2026-09-13T12:05:45.304070055Z logger=migrator t=2026-09-13T12:05:45.303883218Z level=info msg="Executing migration" id="add snapshot encryption_key column"
2026-09-13T12:05:45.310907778Z logger=migrator t=2026-09-13T12:05:45.310633894Z level=info msg="Migration successfully executed" id="add snapshot encryption_key column" duration=6.750233ms
2026-09-13T12:05:45.319277294Z logger=migrator t=2026-09-13T12:05:45.317547681Z level=info msg="Executing migration" id="add snapshot error_string column"
2026-09-13T12:05:45.324609039Z logger=migrator t=2026-09-13T12:05:45.324436181Z level=info msg="Migration successfully executed" id="add snapshot error_string column" duration=6.886646ms
2026-09-13T12:05:45.332406826Z logger=migrator t=2026-09-13T12:05:45.332211939Z level=info msg="Executing migration" id="create cloud_migration_resource table v1"
2026-09-13T12:05:45.333248669Z logger=migrator t=2026-09-13T12:05:45.33314396Z level=info msg="Migration successfully executed" id="create cloud_migration_resource table v1" duration=923.174µs
2026-09-13T12:05:45.340121796Z logger=migrator t=2026-09-13T12:05:45.3399524Z level=info msg="Executing migration" id="delete cloud_migration_snapshot.result column"
2026-09-13T12:05:45.370041921Z logger=migrator t=2026-09-13T12:05:45.369903343Z level=info msg="Migration successfully executed" id="delete cloud_migration_snapshot.result column" duration=29.949135ms
2026-09-13T12:05:45.376894711Z logger=migrator t=2026-09-13T12:05:45.376768349Z level=info msg="Executing migration" id="add cloud_migration_resource.name column"
2026-09-13T12:05:45.383583663Z logger=migrator t=2026-09-13T12:05:45.383333302Z level=info msg="Migration successfully executed" id="add cloud_migration_resource.name column" duration=6.565439ms
2026-09-13T12:05:45.389985272Z logger=migrator t=2026-09-13T12:05:45.389842767Z level=info msg="Executing migration" id="add cloud_migration_resource.parent_name column"
2026-09-13T12:05:45.396607035Z logger=migrator t=2026-09-13T12:05:45.396415561Z level=info msg="Migration successfully executed" id="add cloud_migration_resource.parent_name column" duration=6.556812ms
2026-09-13T12:05:45.403440046Z logger=migrator t=2026-09-13T12:05:45.403202647Z level=info msg="Executing migration" id="add cloud_migration_session.org_id column"
2026-09-13T12:05:45.410134865Z logger=migrator t=2026-09-13T12:05:45.40984386Z level=info msg="Migration successfully executed" id="add cloud_migration_session.org_id column" duration=6.623292ms
2026-09-13T12:05:45.416710205Z logger=migrator t=2026-09-13T12:05:45.41657441Z level=info msg="Executing migration" id="add cloud_migration_resource.error_code column"
2026-09-13T12:05:45.423535248Z logger=migrator t=2026-09-13T12:05:45.423345015Z level=info msg="Migration successfully executed" id="add cloud_migration_resource.error_code column" duration=6.767976ms
2026-09-13T12:05:45.430867974Z logger=migrator t=2026-09-13T12:05:45.430300932Z level=info msg="Executing migration" id="increase resource_uid column length"
2026-09-13T12:05:45.430899603Z logger=migrator t=2026-09-13T12:05:45.4304049Z level=info msg="Migration successfully executed" id="increase resource_uid column length" duration=106.823µs
2026-09-13T12:05:45.437401867Z logger=migrator t=2026-09-13T12:05:45.436980659Z level=info msg="Executing migration" id="alter kv_store.value to longtext"
2026-09-13T12:05:45.437425275Z logger=migrator t=2026-09-13T12:05:45.437159246Z level=info msg="Migration successfully executed" id="alter kv_store.value to longtext" duration=181.881µs
2026-09-13T12:05:45.444174217Z logger=migrator t=2026-09-13T12:05:45.443860232Z level=info msg="Executing migration" id="add notification_settings column to alert_rule table"
2026-09-13T12:05:45.450796148Z logger=migrator t=2026-09-13T12:05:45.450636683Z level=info msg="Migration successfully executed" id="add notification_settings column to alert_rule table" duration=6.776213ms
2026-09-13T12:05:45.459234221Z logger=migrator t=2026-09-13T12:05:45.457571308Z level=info msg="Executing migration" id="add notification_settings column to alert_rule_version table"
2026-09-13T12:05:45.464428031Z logger=migrator t=2026-09-13T12:05:45.464280246Z level=info msg="Migration successfully executed" id="add notification_settings column to alert_rule_version table" duration=6.708293ms
2026-09-13T12:05:45.470995536Z logger=migrator t=2026-09-13T12:05:45.470850585Z level=info msg="Executing migration" id="removing scope from alert.instances:read action migration"
2026-09-13T12:05:45.471432289Z logger=migrator t=2026-09-13T12:05:45.47134547Z level=info msg="Migration successfully executed" id="removing scope from alert.instances:read action migration" duration=496.615µs
2026-09-13T12:05:45.478484187Z logger=migrator t=2026-09-13T12:05:45.47822991Z level=info msg="Executing migration" id="managed folder permissions alerting silences actions migration"
2026-09-13T12:05:45.478633899Z logger=migrator t=2026-09-13T12:05:45.478539305Z level=info msg="Migration successfully executed" id="managed folder permissions alerting silences actions migration" duration=310.718µs
2026-09-13T12:05:45.485264628Z logger=migrator t=2026-09-13T12:05:45.485125044Z level=info msg="Executing migration" id="add record column to alert_rule table"
2026-09-13T12:05:45.492058509Z logger=migrator t=2026-09-13T12:05:45.491907028Z level=info msg="Migration successfully executed" id="add record column to alert_rule table" duration=6.781447ms
2026-09-13T12:05:45.500217336Z logger=migrator t=2026-09-13T12:05:45.498630956Z level=info msg="Executing migration" id="add record column to alert_rule_version table"
2026-09-13T12:05:45.505447652Z logger=migrator t=2026-09-13T12:05:45.505268831Z level=info msg="Migration successfully executed" id="add record column to alert_rule_version table" duration=6.620662ms
2026-09-13T12:05:45.512343540Z logger=migrator t=2026-09-13T12:05:45.512118936Z level=info msg="Executing migration" id="add resolved_at column to alert_instance table"
2026-09-13T12:05:45.519026404Z logger=migrator t=2026-09-13T12:05:45.518864436Z level=info msg="Migration successfully executed" id="add resolved_at column to alert_instance table" duration=6.74558ms
2026-09-13T12:05:45.525982823Z logger=migrator t=2026-09-13T12:05:45.525782017Z level=info msg="Executing migration" id="add last_sent_at column to alert_instance table"
2026-09-13T12:05:45.532784840Z logger=migrator t=2026-09-13T12:05:45.532630812Z level=info msg="Migration successfully executed" id="add last_sent_at column to alert_instance table" duration=6.848456ms
2026-09-13T12:05:45.539611015Z logger=migrator t=2026-09-13T12:05:45.539439488Z level=info msg="Executing migration" id="Enable traceQL streaming for all Tempo datasources"
2026-09-13T12:05:45.539633682Z logger=migrator t=2026-09-13T12:05:45.539473232Z level=info msg="Migration successfully executed" id="Enable traceQL streaming for all Tempo datasources" duration=36.312µs
2026-09-13T12:05:45.548136762Z logger=migrator t=2026-09-13T12:05:45.547996151Z level=info msg="Executing migration" id="Add scope to alert.notifications.receivers:read and alert.notifications.receivers.secrets:read"
2026-09-13T12:05:45.548801407Z logger=migrator t=2026-09-13T12:05:45.548673724Z level=info msg="Migration successfully executed" id="Add scope to alert.notifications.receivers:read and alert.notifications.receivers.secrets:read" duration=679.012µs
2026-09-13T12:05:45.557159952Z logger=migrator t=2026-09-13T12:05:45.556974035Z level=info msg="Executing migration" id="add metadata column to alert_rule table"
2026-09-13T12:05:45.563756360Z logger=migrator t=2026-09-13T12:05:45.563606659Z level=info msg="Migration successfully executed" id="add metadata column to alert_rule table" duration=6.631424ms
2026-09-13T12:05:45.570414796Z logger=migrator t=2026-09-13T12:05:45.570192618Z level=info msg="Executing migration" id="add metadata column to alert_rule_version table"
2026-09-13T12:05:45.577053089Z logger=migrator t=2026-09-13T12:05:45.57690002Z level=info msg="Migration successfully executed" id="add metadata column to alert_rule_version table" duration=6.70636ms
2026-09-13T12:05:45.586065195Z logger=migrator t=2026-09-13T12:05:45.585576685Z level=info msg="Executing migration" id="delete orphaned service account permissions"
2026-09-13T12:05:45.586135780Z logger=migrator t=2026-09-13T12:05:45.585879114Z level=info msg="Migration successfully executed" id="delete orphaned service account permissions" duration=304.455µs
2026-09-13T12:05:45.592659892Z logger=migrator t=2026-09-13T12:05:45.592522386Z level=info msg="Executing migration" id="adding action set permissions"
2026-09-13T12:05:45.593329597Z logger=migrator t=2026-09-13T12:05:45.593124871Z level=info msg="Migration successfully executed" id="adding action set permissions" duration=621.15µs
2026-09-13T12:05:45.599942700Z logger=migrator t=2026-09-13T12:05:45.599790696Z level=info msg="Executing migration" id="create user_external_session table"
2026-09-13T12:05:45.600982871Z logger=migrator t=2026-09-13T12:05:45.600840866Z level=info msg="Migration successfully executed" id="create user_external_session table" duration=1.041746ms
2026-09-13T12:05:45.609656478Z logger=migrator t=2026-09-13T12:05:45.609544503Z level=info msg="Executing migration" id="increase name_id column length to 1024"
2026-09-13T12:05:45.609764460Z logger=migrator t=2026-09-13T12:05:45.609696694Z level=info msg="Migration successfully executed" id="increase name_id column length to 1024" duration=153.817µs
2026-09-13T12:05:45.618141267Z logger=migrator t=2026-09-13T12:05:45.618015788Z level=info msg="Executing migration" id="increase session_id column length to 1024"
2026-09-13T12:05:45.618275177Z logger=migrator t=2026-09-13T12:05:45.618196331Z level=info msg="Migration successfully executed" id="increase session_id column length to 1024" duration=182.378µs
2026-09-13T12:05:45.626605876Z logger=migrator t=2026-09-13T12:05:45.626480755Z level=info msg="Executing migration" id="remove scope from alert.notifications.receivers:create"
2026-09-13T12:05:45.627117342Z logger=migrator t=2026-09-13T12:05:45.626981645Z level=info msg="Migration successfully executed" id="remove scope from alert.notifications.receivers:create" duration=501.669µs
2026-09-13T12:05:45.633852632Z logger=migrator t=2026-09-13T12:05:45.633675802Z level=info msg="Executing migration" id="add created_by column to alert_rule_version table"
2026-09-13T12:05:45.640614308Z logger=migrator t=2026-09-13T12:05:45.64045898Z level=info msg="Migration successfully executed" id="add created_by column to alert_rule_version table" duration=6.782699ms
2026-09-13T12:05:45.647408855Z logger=migrator t=2026-09-13T12:05:45.647184018Z level=info msg="Executing migration" id="add updated_by column to alert_rule table"
2026-09-13T12:05:45.654686685Z logger=migrator t=2026-09-13T12:05:45.654533575Z level=info msg="Migration successfully executed" id="add updated_by column to alert_rule table" duration=7.349177ms
2026-09-13T12:05:45.663289788Z logger=migrator t=2026-09-13T12:05:45.663136836Z level=info msg="Executing migration" id="add alert_rule_state table"
2026-09-13T12:05:45.664203519Z logger=migrator t=2026-09-13T12:05:45.664108072Z level=info msg="Migration successfully executed" id="add alert_rule_state table" duration=972.799µs
2026-09-13T12:05:45.670978302Z logger=migrator t=2026-09-13T12:05:45.670833105Z level=info msg="Executing migration" id="add index to alert_rule_state on org_id and rule_uid columns"
2026-09-13T12:05:45.672019018Z logger=migrator t=2026-09-13T12:05:45.671921122Z level=info msg="Migration successfully executed" id="add index to alert_rule_state on org_id and rule_uid columns" duration=1.089489ms
2026-09-13T12:05:45.678772806Z logger=migrator t=2026-09-13T12:05:45.678642165Z level=info msg="Executing migration" id="add guid column to alert_rule table"
2026-09-13T12:05:45.686454498Z logger=migrator t=2026-09-13T12:05:45.686314286Z level=info msg="Migration successfully executed" id="add guid column to alert_rule table" duration=7.670948ms
2026-09-13T12:05:45.693296438Z logger=migrator t=2026-09-13T12:05:45.693147903Z level=info msg="Executing migration" id="add rule_guid column to alert_rule_version table"
2026-09-13T12:05:45.699946426Z logger=migrator t=2026-09-13T12:05:45.699793074Z level=info msg="Migration successfully executed" id="add rule_guid column to alert_rule_version table" duration=6.644354ms
2026-09-13T12:05:45.706802946Z logger=migrator t=2026-09-13T12:05:45.706645871Z level=info msg="Executing migration" id="cleanup alert_rule_version table"
2026-09-13T12:05:45.706824818Z logger=migrator t=2026-09-13T12:05:45.706689292Z level=info msg="Rule version record limit is not set, fallback to 100" limit=0
2026-09-13T12:05:45.707055507Z logger=migrator t=2026-09-13T12:05:45.706982958Z level=info msg="Cleaning up table `alert_rule_version`" batchSize=50 batches=0 keepVersions=100
2026-09-13T12:05:45.707140672Z logger=migrator t=2026-09-13T12:05:45.707014979Z level=info msg="Migration successfully executed" id="cleanup alert_rule_version table" duration=363.439µs
2026-09-13T12:05:45.713958387Z logger=migrator t=2026-09-13T12:05:45.71379184Z level=info msg="Executing migration" id="populate rule guid in alert rule table"
2026-09-13T12:05:45.714525037Z logger=migrator t=2026-09-13T12:05:45.714417971Z level=info msg="Migration successfully executed" id="populate rule guid in alert rule table" duration=627.001µs
2026-09-13T12:05:45.720993651Z logger=migrator t=2026-09-13T12:05:45.720899233Z level=info msg="Executing migration" id="drop index in alert_rule_version table on rule_org_id, rule_uid and version columns"
2026-09-13T12:05:45.722161907Z logger=migrator t=2026-09-13T12:05:45.722034264Z level=info msg="Migration successfully executed" id="drop index in alert_rule_version table on rule_org_id, rule_uid and version columns" duration=1.136216ms
2026-09-13T12:05:45.728728670Z logger=migrator t=2026-09-13T12:05:45.728559366Z level=info msg="Executing migration" id="add index in alert_rule_version table on rule_org_id, rule_uid, rule_guid and version columns"
2026-09-13T12:05:45.729894668Z logger=migrator t=2026-09-13T12:05:45.729760835Z level=info msg="Migration successfully executed" id="add index in alert_rule_version table on rule_org_id, rule_uid, rule_guid and version columns" duration=1.191318ms
2026-09-13T12:05:45.736663922Z logger=migrator t=2026-09-13T12:05:45.736547571Z level=info msg="Executing migration" id="add index in alert_rule_version table on rule_guid and version columns"
2026-09-13T12:05:45.737878771Z logger=migrator t=2026-09-13T12:05:45.737766568Z level=info msg="Migration successfully executed" id="add index in alert_rule_version table on rule_guid and version columns" duration=1.218986ms
2026-09-13T12:05:45.744386373Z logger=migrator t=2026-09-13T12:05:45.744264935Z level=info msg="Executing migration" id="add index in alert_rule table on guid columns"
2026-09-13T12:05:45.745518930Z logger=migrator t=2026-09-13T12:05:45.745324107Z level=info msg="Migration successfully executed" id="add index in alert_rule table on guid columns" duration=1.050624ms
2026-09-13T12:05:45.751951737Z logger=migrator t=2026-09-13T12:05:45.751827455Z level=info msg="migrations completed" performed=647 skipped=0 duration=5.812061665s
2026-09-13T12:05:45.752500285Z logger=migrator t=2026-09-13T12:05:45.752419232Z level=info msg="Unlocking database"
2026-09-13T12:05:45.771346680Z logger=sqlstore t=2026-09-13T12:05:45.771151805Z level=info msg="Created default admin" user=admin
2026-09-13T12:05:45.771547901Z logger=sqlstore t=2026-09-13T12:05:45.771462307Z level=info msg="Created default organization"
2026-09-13T12:05:45.782929385Z logger=secrets t=2026-09-13T12:05:45.78275362Z level=info msg="Envelope encryption state" enabled=true currentprovider=secretKey.v1
2026-09-13T12:05:45.894031569Z logger=plugin.angulardetectorsprovider.dynamic t=2026-09-13T12:05:45.893873529Z level=info msg="Restored cache from database" duration=774.53µs
2026-09-13T12:05:45.923165442Z logger=resource-migrator t=2026-09-13T12:05:45.922858323Z level=info msg="Locking database"
2026-09-13T12:05:45.923194733Z logger=resource-migrator t=2026-09-13T12:05:45.92295618Z level=info msg="Starting DB migrations"
2026-09-13T12:05:45.930292542Z logger=resource-migrator t=2026-09-13T12:05:45.930070588Z level=info msg="Executing migration" id="create resource_migration_log table"
2026-09-13T12:05:45.931142654Z logger=resource-migrator t=2026-09-13T12:05:45.930987124Z level=info msg="Migration successfully executed" id="create resource_migration_log table" duration=916.377µs
2026-09-13T12:05:45.937996090Z logger=resource-migrator t=2026-09-13T12:05:45.937816481Z level=info msg="Executing migration" id="Initialize resource tables"
2026-09-13T12:05:45.938040982Z logger=resource-migrator t=2026-09-13T12:05:45.93792412Z level=info msg="Migration successfully executed" id="Initialize resource tables" duration=109.114µs
2026-09-13T12:05:45.944743059Z logger=resource-migrator t=2026-09-13T12:05:45.944611277Z level=info msg="Executing migration" id="drop table resource"
2026-09-13T12:05:45.944931801Z logger=resource-migrator t=2026-09-13T12:05:45.944820547Z level=info msg="Migration successfully executed" id="drop table resource" duration=212.129µs
2026-09-13T12:05:45.954431972Z logger=resource-migrator t=2026-09-13T12:05:45.954293149Z level=info msg="Executing migration" id="create table resource"
2026-09-13T12:05:45.955637540Z logger=resource-migrator t=2026-09-13T12:05:45.955481241Z level=info msg="Migration successfully executed" id="create table resource" duration=1.191393ms
2026-09-13T12:05:45.962498717Z logger=resource-migrator t=2026-09-13T12:05:45.962369918Z level=info msg="Executing migration" id="create table resource, index: 0"
2026-09-13T12:05:45.963781566Z logger=resource-migrator t=2026-09-13T12:05:45.963645305Z level=info msg="Migration successfully executed" id="create table resource, index: 0" duration=1.274798ms
2026-09-13T12:05:45.970535759Z logger=resource-migrator t=2026-09-13T12:05:45.970367543Z level=info msg="Executing migration" id="drop table resource_history"
2026-09-13T12:05:45.970680904Z logger=resource-migrator t=2026-09-13T12:05:45.970611091Z level=info msg="Migration successfully executed" id="drop table resource_history" duration=231.827µs
2026-09-13T12:05:45.978923793Z logger=resource-migrator t=2026-09-13T12:05:45.977472231Z level=info msg="Executing migration" id="create table resource_history"
2026-09-13T12:05:45.978939732Z logger=resource-migrator t=2026-09-13T12:05:45.978579255Z level=info msg="Migration successfully executed" id="create table resource_history" duration=1.107247ms
2026-09-13T12:05:45.987453030Z logger=resource-migrator t=2026-09-13T12:05:45.987256085Z level=info msg="Executing migration" id="create table resource_history, index: 0"
2026-09-13T12:05:45.988656459Z logger=resource-migrator t=2026-09-13T12:05:45.988520363Z level=info msg="Migration successfully executed" id="create table resource_history, index: 0" duration=1.264814ms
2026-09-13T12:05:45.999336499Z logger=resource-migrator t=2026-09-13T12:05:45.999107787Z level=info msg="Executing migration" id="create table resource_history, index: 1"
2026-09-13T12:05:46.000576570Z logger=resource-migrator t=2026-09-13T12:05:46.000426944Z level=info msg="Migration successfully executed" id="create table resource_history, index: 1" duration=1.321012ms
2026-09-13T12:05:46.007167504Z logger=resource-migrator t=2026-09-13T12:05:46.00703943Z level=info msg="Executing migration" id="drop table resource_version"
2026-09-13T12:05:46.007368639Z logger=resource-migrator t=2026-09-13T12:05:46.007257642Z level=info msg="Migration successfully executed" id="drop table resource_version" duration=219.535µs
2026-09-13T12:05:46.016018435Z logger=resource-migrator t=2026-09-13T12:05:46.015874053Z level=info msg="Executing migration" id="create table resource_version"
2026-09-13T12:05:46.017042309Z logger=resource-migrator t=2026-09-13T12:05:46.016851725Z level=info msg="Migration successfully executed" id="create table resource_version" duration=977.211µs
2026-09-13T12:05:46.023734762Z logger=resource-migrator t=2026-09-13T12:05:46.023610672Z level=info msg="Executing migration" id="create table resource_version, index: 0"
2026-09-13T12:05:46.025187127Z logger=resource-migrator t=2026-09-13T12:05:46.025031577Z level=info msg="Migration successfully executed" id="create table resource_version, index: 0" duration=1.421459ms
2026-09-13T12:05:46.034037111Z logger=resource-migrator t=2026-09-13T12:05:46.033895544Z level=info msg="Executing migration" id="drop table resource_blob"
2026-09-13T12:05:46.034161505Z logger=resource-migrator t=2026-09-13T12:05:46.034089612Z level=info msg="Migration successfully executed" id="drop table resource_blob" duration=171.011µs
2026-09-13T12:05:46.041060181Z logger=resource-migrator t=2026-09-13T12:05:46.040931248Z level=info msg="Executing migration" id="create table resource_blob"
2026-09-13T12:05:46.042576453Z logger=resource-migrator t=2026-09-13T12:05:46.042413535Z level=info msg="Migration successfully executed" id="create table resource_blob" duration=1.480062ms
2026-09-13T12:05:46.052207767Z logger=resource-migrator t=2026-09-13T12:05:46.051399414Z level=info msg="Executing migration" id="create table resource_blob, index: 0"
2026-09-13T12:05:46.052800589Z logger=resource-migrator t=2026-09-13T12:05:46.052670432Z level=info msg="Migration successfully executed" id="create table resource_blob, index: 0" duration=1.271886ms
2026-09-13T12:05:46.061419282Z logger=resource-migrator t=2026-09-13T12:05:46.061248239Z level=info msg="Executing migration" id="create table resource_blob, index: 1"
2026-09-13T12:05:46.062824095Z logger=resource-migrator t=2026-09-13T12:05:46.062678946Z level=info msg="Migration successfully executed" id="create table resource_blob, index: 1" duration=1.425698ms
2026-09-13T12:05:46.069583317Z logger=resource-migrator t=2026-09-13T12:05:46.069471596Z level=info msg="Executing migration" id="Add column previous_resource_version in resource_history"
2026-09-13T12:05:46.076824102Z logger=resource-migrator t=2026-09-13T12:05:46.076703011Z level=info msg="Migration successfully executed" id="Add column previous_resource_version in resource_history" duration=7.229364ms
2026-09-13T12:05:46.085437022Z logger=resource-migrator t=2026-09-13T12:05:46.085250541Z level=info msg="Executing migration" id="Add column previous_resource_version in resource"
2026-09-13T12:05:46.092724563Z logger=resource-migrator t=2026-09-13T12:05:46.092592395Z level=info msg="Migration successfully executed" id="Add column previous_resource_version in resource" duration=7.340016ms
2026-09-13T12:05:46.099568319Z logger=resource-migrator t=2026-09-13T12:05:46.099418008Z level=info msg="Executing migration" id="Add index to resource_history for polling"
2026-09-13T12:05:46.100788894Z logger=resource-migrator t=2026-09-13T12:05:46.100679105Z level=info msg="Migration successfully executed" id="Add index to resource_history for polling" duration=1.261116ms
2026-09-13T12:05:46.107712124Z logger=resource-migrator t=2026-09-13T12:05:46.10730943Z level=info msg="Executing migration" id="Add index to resource for loading"
2026-09-13T12:05:46.108563184Z logger=resource-migrator t=2026-09-13T12:05:46.108469478Z level=info msg="Migration successfully executed" id="Add index to resource for loading" duration=1.160192ms
2026-09-13T12:05:46.117167785Z logger=resource-migrator t=2026-09-13T12:05:46.116898644Z level=info msg="Executing migration" id="Add column folder in resource_history"
2026-09-13T12:05:46.124388743Z logger=resource-migrator t=2026-09-13T12:05:46.124264089Z level=info msg="Migration successfully executed" id="Add column folder in resource_history" duration=7.363197ms
2026-09-13T12:05:46.131108657Z logger=resource-migrator t=2026-09-13T12:05:46.130952015Z level=info msg="Executing migration" id="Add column folder in resource"
2026-09-13T12:05:46.139254684Z logger=resource-migrator t=2026-09-13T12:05:46.139127561Z level=info msg="Migration successfully executed" id="Add column folder in resource" duration=8.170587ms
2026-09-13T12:05:46.146142529Z logger=resource-migrator t=2026-09-13T12:05:46.145974296Z level=info msg="Executing migration" id="Migrate DeletionMarkers to real Resource objects"
2026-09-13T12:05:46.146224396Z logger=deletion-marker-migrator t=2026-09-13T12:05:46.146105645Z level=info msg="finding any deletion markers"
2026-09-13T12:05:46.146716684Z logger=resource-migrator t=2026-09-13T12:05:46.146613495Z level=info msg="Migration successfully executed" id="Migrate DeletionMarkers to real Resource objects" duration=640.891µs
2026-09-13T12:05:46.153738402Z logger=resource-migrator t=2026-09-13T12:05:46.153573407Z level=info msg="migrations completed" performed=23 skipped=0 duration=223.554328ms
2026-09-13T12:05:46.154328408Z logger=resource-migrator t=2026-09-13T12:05:46.154239346Z level=info msg="Unlocking database"
2026-09-13T12:05:46.154491655Z logger=sql-resource-server t=2026-09-13T12:05:46.154314933Z level=info msg="Using channel notifier"
2026-09-13T12:05:46.174180697Z logger=plugin.store t=2026-09-13T12:05:46.174017318Z level=info msg="Loading plugins..."
2026-09-13T12:05:46.252688324Z logger=plugin.store t=2026-09-13T12:05:46.252549174Z level=info msg="Plugins loaded" count=55 duration=78.532768ms
2026-09-13T12:05:46.283958536Z logger=query_data t=2026-09-13T12:05:46.283804058Z level=info msg="Query Service initialization"
2026-09-13T12:05:46.302444427Z logger=live.push_http t=2026-09-13T12:05:46.302304355Z level=info msg="Live Push Gateway initialization"
2026-09-13T12:05:46.329518576Z logger=ngalert.notifier.alertmanager org=1 t=2026-09-13T12:05:46.329306253Z level=info msg="Applying new configuration to Alertmanager" configHash=d2c56faca6af2a5772ff4253222f7386
2026-09-13T12:05:46.342689816Z logger=ngalert t=2026-09-13T12:05:46.342530678Z level=info msg="Using simple database alert instance store"
2026-09-13T12:05:46.342711807Z logger=ngalert.state.manager.persist t=2026-09-13T12:05:46.342565224Z level=info msg="Using sync state persister"
2026-09-13T12:05:46.342796812Z logger=ngalert.state.manager t=2026-09-13T12:05:46.342617725Z level=info msg="Running in alternative execution of Error/NoData mode"
2026-09-13T12:05:46.363680907Z logger=infra.usagestats.collector t=2026-09-13T12:05:46.363545334Z level=info msg="registering usage stat providers" usageStatsProvidersLen=2
2026-09-13T12:05:46.372848022Z logger=grafanaStorageLogger t=2026-09-13T12:05:46.37104477Z level=info msg="Storage starting"
2026-09-13T12:05:46.377327066Z logger=http.server t=2026-09-13T12:05:46.377189012Z level=info msg="HTTP Server Listen" address=[::]:3000 protocol=http subUrl= socket=
2026-09-13T12:05:46.379530613Z logger=ngalert.state.manager t=2026-09-13T12:05:46.37864677Z level=info msg="Warming state cache for startup"
2026-09-13T12:05:46.399172220Z logger=plugin.backgroundinstaller t=2026-09-13T12:05:46.398907529Z level=info msg="Installing plugin" pluginId=grafana-lokiexplore-app version=
2026-09-13T12:05:46.419224493Z logger=ngalert.multiorg.alertmanager t=2026-09-13T12:05:46.410405387Z level=info msg="Starting MultiOrg Alertmanager"
2026-09-13T12:05:46.442544094Z logger=ngalert.state.manager t=2026-09-13T12:05:46.442392489Z level=info msg="State cache has been initialized" states=0 duration=63.743847ms
2026-09-13T12:05:46.474503357Z logger=ngalert.scheduler t=2026-09-13T12:05:46.474221941Z level=info msg="Starting scheduler" tickInterval=10s maxAttempts=3
2026-09-13T12:05:46.474596736Z logger=ticker t=2026-09-13T12:05:46.474533438Z level=info msg=starting first_tick=2026-09-13T12:05:50Z
2026-09-13T12:05:46.544810940Z logger=provisioning.datasources t=2026-09-13T12:05:46.544555842Z level=info msg="inserting datasource from configuration" name=InfluxDB uid=P951FEA4DE68E13C5
2026-09-13T12:05:46.605229243Z logger=provisioning.plugins t=2026-09-13T12:05:46.604570794Z level=error msg="Failed to read plugin provisioning files from directory" path=/etc/grafana/provisioning/plugins error="open /etc/grafana/provisioning/plugins: no such file or directory"
2026-09-13T12:05:46.605254207Z logger=provisioning.alerting t=2026-09-13T12:05:46.604646116Z level=error msg="can't read alerting provisioning files from directory" path=/etc/grafana/provisioning/alerting error="open /etc/grafana/provisioning/alerting: no such file or directory"
2026-09-13T12:05:46.605258926Z logger=provisioning.alerting t=2026-09-13T12:05:46.604653711Z level=info msg="starting to provision alerting"
2026-09-13T12:05:46.605262523Z logger=provisioning.alerting t=2026-09-13T12:05:46.604663778Z level=info msg="finished to provision alerting"
2026-09-13T12:05:46.608314564Z logger=provisioning.dashboard t=2026-09-13T12:05:46.608024351Z level=info msg="starting to provision dashboards"
2026-09-13T12:05:46.651136639Z logger=provisioning.dashboard t=2026-09-13T12:05:46.650772238Z level=info msg="finished to provision dashboards"
2026-09-13T12:05:46.722481194Z logger=plugins.update.checker t=2026-09-13T12:05:46.721857949Z level=info msg="Update check succeeded" duration=319.275256ms
2026-09-13T12:05:46.722519515Z logger=grafana.update.checker t=2026-09-13T12:05:46.722306987Z level=info msg="Update check succeeded" duration=335.216422ms
2026-09-13T12:05:46.769876968Z logger=plugin.angulardetectorsprovider.dynamic t=2026-09-13T12:05:46.769753978Z level=info msg="Patterns update finished" duration=261.859373ms
2026-09-13T12:05:46.883292438Z logger=plugin.installer t=2026-09-13T12:05:46.882921408Z level=info msg="Installing plugin" pluginId=grafana-lokiexplore-app version=
2026-09-13T12:05:47.152192315Z logger=installer.fs t=2026-09-13T12:05:47.151620853Z level=info msg="Downloaded and extracted grafana-lokiexplore-app v1.0.39 zip successfully to /var/lib/grafana/plugins/grafana-lokiexplore-app"
2026-09-13T12:05:47.210239041Z logger=grafana-apiserver t=2026-09-13T12:05:47.207979089Z level=info msg="Adding GroupVersion playlist.grafana.app v0alpha1 to ResourceManager"
2026-09-13T12:05:47.210262834Z logger=grafana-apiserver t=2026-09-13T12:05:47.208891601Z level=info msg="Adding GroupVersion featuretoggle.grafana.app v0alpha1 to ResourceManager"
2026-09-13T12:05:47.211335712Z logger=grafana-apiserver t=2026-09-13T12:05:47.211227557Z level=info msg="Adding GroupVersion iam.grafana.app v0alpha1 to ResourceManager"
2026-09-13T12:05:47.214100829Z logger=grafana-apiserver t=2026-09-13T12:05:47.213993131Z level=info msg="Adding GroupVersion notifications.alerting.grafana.app v0alpha1 to ResourceManager"
2026-09-13T12:05:47.215350435Z logger=grafana-apiserver t=2026-09-13T12:05:47.215252029Z level=info msg="Adding GroupVersion userstorage.grafana.app v0alpha1 to ResourceManager"
2026-09-13T12:05:47.285609763Z logger=plugins.registration t=2026-09-13T12:05:47.285254092Z level=info msg="Plugin registered" pluginId=grafana-lokiexplore-app
2026-09-13T12:05:47.285635863Z logger=plugin.backgroundinstaller t=2026-09-13T12:05:47.285291642Z level=info msg="Plugin successfully installed" pluginId=grafana-lokiexplore-app version= duration=874.667484ms
2026-09-13T12:05:47.285640247Z logger=plugin.backgroundinstaller t=2026-09-13T12:05:47.285317696Z level=info msg="Installing plugin" pluginId=grafana-pyroscope-app version=
2026-09-13T12:05:47.295738196Z logger=app-registry t=2026-09-13T12:05:47.29558883Z level=info msg="app registry initialized"
2026-09-13T12:05:47.383344010Z logger=plugin.installer t=2026-09-13T12:05:47.383203587Z level=info msg="Installing plugin" pluginId=grafana-pyroscope-app version=
2026-09-13T12:05:47.460637579Z logger=installer.fs t=2026-09-13T12:05:47.460489581Z level=info msg="Downloaded and extracted grafana-pyroscope-app v1.17.0 zip successfully to /var/lib/grafana/plugins/grafana-pyroscope-app"
2026-09-13T12:05:47.504413162Z logger=plugins.registration t=2026-09-13T12:05:47.504257955Z level=info msg="Plugin registered" pluginId=grafana-pyroscope-app
2026-09-13T12:05:47.504439595Z logger=plugin.backgroundinstaller t=2026-09-13T12:05:47.504291306Z level=info msg="Plugin successfully installed" pluginId=grafana-pyroscope-app version= duration=218.966137ms
2026-09-13T12:06:54.446695413Z logger=infra.usagestats t=2026-09-13T12:06:54.446538606Z level=info msg="Usage stats are ready to report"
2026-09-13T12:15:46.436923890Z logger=cleanup t=2026-09-13T12:15:46.436770148Z level=info msg="Completed cleanup jobs" duration=51.203895ms
2026-09-13T12:15:46.744154903Z logger=plugins.update.checker t=2026-09-13T12:15:46.744011387Z level=info msg="Update check succeeded" duration=21.650086ms
2026-09-13T12:20:46.326970820Z logger=sqlstore.transactions t=2026-09-13T12:20:46.325894083Z level=info msg="Database locked, sleeping then retrying" error="database is locked" retry=0 code="database is locked"
2026-09-13T12:25:46.397250137Z logger=cleanup t=2026-09-13T12:25:46.397107686Z level=info msg="Completed cleanup jobs" duration=11.257081ms
2026-09-13T12:25:46.748217738Z logger=plugins.update.checker t=2026-09-13T12:25:46.748045099Z level=info msg="Update check succeeded" duration=25.818664ms
2026-09-13T12:35:46.397452361Z logger=cleanup t=2026-09-13T12:35:46.39728479Z level=info msg="Completed cleanup jobs" duration=11.638833ms
2026-09-13T12:35:46.743241095Z logger=plugins.update.checker t=2026-09-13T12:35:46.743051105Z level=info msg="Update check succeeded" duration=20.701447ms
2026-09-13T12:36:54.452609630Z logger=infra.usagestats t=2026-09-13T12:36:54.452470529Z level=info msg="Usage stats are ready to report"
2026-09-13T12:45:46.397046428Z logger=cleanup t=2026-09-13T12:45:46.396879265Z level=info msg="Completed cleanup jobs" duration=11.244328ms
2026-09-13T12:45:46.740606375Z logger=plugins.update.checker t=2026-09-13T12:45:46.740460899Z level=info msg="Update check succeeded" duration=17.952752ms
2026-09-13T12:55:46.407501487Z logger=cleanup t=2026-09-13T12:55:46.407353255Z level=info msg="Completed cleanup jobs" duration=21.747763ms
2026-09-13T12:55:46.743475727Z logger=plugins.update.checker t=2026-09-13T12:55:46.743322233Z level=info msg="Update check succeeded" duration=21.101074ms
2026-09-13T13:05:46.406153625Z logger=cleanup t=2026-09-13T13:05:46.405993241Z level=info msg="Completed cleanup jobs" duration=20.421078ms
2026-09-13T13:05:46.743861482Z logger=plugins.update.checker t=2026-09-13T13:05:46.743689715Z level=info msg="Update check succeeded" duration=21.471535ms
2026-09-13T13:06:54.452544538Z logger=infra.usagestats t=2026-09-13T13:06:54.45239025Z level=info msg="Usage stats are ready to report"
2026-09-13T13:15:46.397158916Z logger=cleanup t=2026-09-13T13:15:46.396963383Z level=info msg="Completed cleanup jobs" duration=11.323387ms
2026-09-13T13:15:46.741752949Z logger=plugins.update.checker t=2026-09-13T13:15:46.741598986Z level=info msg="Update check succeeded" duration=19.593463ms
2026-09-13T13:25:46.398235637Z logger=cleanup t=2026-09-13T13:25:46.398068773Z level=info msg="Completed cleanup jobs" duration=11.421938ms
2026-09-13T13:25:46.747657230Z logger=plugins.update.checker t=2026-09-13T13:25:46.747485381Z level=info msg="Update check succeeded" duration=25.132312ms
2026-09-13T13:35:46.397253337Z logger=cleanup t=2026-09-13T13:35:46.397105107Z level=info msg="Completed cleanup jobs" duration=11.317685ms
2026-09-13T13:35:46.740801655Z logger=plugins.update.checker t=2026-09-13T13:35:46.740652494Z level=info msg="Update check succeeded" duration=18.441198ms
2026-09-13T13:36:54.452707167Z logger=infra.usagestats t=2026-09-13T13:36:54.452569005Z level=info msg="Usage stats are ready to report"
2026-09-13T13:45:46.397068668Z logger=cleanup t=2026-09-13T13:45:46.396888195Z level=info msg="Completed cleanup jobs" duration=11.190452ms
2026-09-13T13:45:46.745389244Z logger=plugins.update.checker t=2026-09-13T13:45:46.745225779Z level=info msg="Update check succeeded" duration=22.239024ms
2026-09-13T13:55:46.396968537Z logger=cleanup t=2026-09-13T13:55:46.396791719Z level=info msg="Completed cleanup jobs" duration=11.214641ms
2026-09-13T13:55:46.753728281Z logger=plugins.update.checker t=2026-09-13T13:55:46.753574753Z level=info msg="Update check succeeded" duration=31.167554ms
2026-09-13T14:05:46.418652942Z logger=cleanup t=2026-09-13T14:05:46.418485862Z level=info msg="Completed cleanup jobs" duration=32.783111ms
2026-09-13T14:05:46.749954490Z logger=plugins.update.checker t=2026-09-13T14:05:46.749793244Z level=info msg="Update check succeeded" duration=27.792646ms
2026-09-13T14:06:54.453240408Z logger=infra.usagestats t=2026-09-13T14:06:54.453104918Z level=info msg="Usage stats are ready to report"
2026-09-13T14:15:46.397525782Z logger=cleanup t=2026-09-13T14:15:46.397291384Z level=info msg="Completed cleanup jobs" duration=11.322878ms
2026-09-13T14:15:46.744678481Z logger=plugins.update.checker t=2026-09-13T14:15:46.744508265Z level=info msg="Update check succeeded" duration=22.392001ms
2026-09-13T14:25:46.398170918Z logger=cleanup t=2026-09-13T14:25:46.398013337Z level=info msg="Completed cleanup jobs" duration=11.390046ms
2026-09-13T14:25:46.744102061Z logger=plugins.update.checker t=2026-09-13T14:25:46.743942921Z level=info msg="Update check succeeded" duration=21.77589ms
2026-09-13T14:35:46.397089047Z logger=cleanup t=2026-09-13T14:35:46.396933012Z level=info msg="Completed cleanup jobs" duration=11.27185ms
2026-09-13T14:35:46.744672797Z logger=plugins.update.checker t=2026-09-13T14:35:46.744531878Z level=info msg="Update check succeeded" duration=21.916682ms
2026-09-13T14:36:54.452330044Z logger=infra.usagestats t=2026-09-13T14:36:54.452047916Z level=info msg="Usage stats are ready to report"
2026-09-13T14:45:46.398162502Z logger=cleanup t=2026-09-13T14:45:46.397889071Z level=info msg="Completed cleanup jobs" duration=11.473182ms
2026-09-13T14:45:46.743230665Z logger=plugins.update.checker t=2026-09-13T14:45:46.743053268Z level=info msg="Update check succeeded" duration=20.845722ms
2026-09-13T14:55:46.397797035Z logger=cleanup t=2026-09-13T14:55:46.397659055Z level=info msg="Completed cleanup jobs" duration=11.220446ms
2026-09-13T14:55:46.747055840Z logger=plugins.update.checker t=2026-09-13T14:55:46.746907582Z level=info msg="Update check succeeded" duration=24.080629ms
2026-09-13T15:05:46.397020694Z logger=cleanup t=2026-09-13T15:05:46.396869702Z level=info msg="Completed cleanup jobs" duration=11.268161ms
2026-09-13T15:05:46.741771681Z logger=plugins.update.checker t=2026-09-13T15:05:46.741612214Z level=info msg="Update check succeeded" duration=18.592133ms
2026-09-13T15:06:54.452456385Z logger=infra.usagestats t=2026-09-13T15:06:54.452314434Z level=info msg="Usage stats are ready to report"
2026-09-13T15:15:46.397283465Z logger=cleanup t=2026-09-13T15:15:46.397141079Z level=info msg="Completed cleanup jobs" duration=11.553139ms
2026-09-13T15:15:46.855193370Z logger=plugins.update.checker t=2026-09-13T15:15:46.855010686Z level=info msg="Update check succeeded" duration=132.506915ms
2026-09-13T15:25:46.398604810Z logger=cleanup t=2026-09-13T15:25:46.398418059Z level=info msg="Completed cleanup jobs" duration=11.988056ms
2026-09-13T15:25:46.747863645Z logger=plugins.update.checker t=2026-09-13T15:25:46.747724211Z level=info msg="Update check succeeded" duration=25.490178ms
2026-09-13T15:35:46.397572604Z logger=cleanup t=2026-09-13T15:35:46.397337654Z level=info msg="Completed cleanup jobs" duration=11.348416ms
2026-09-13T15:35:46.755597922Z logger=plugins.update.checker t=2026-09-13T15:35:46.755430742Z level=info msg="Update check succeeded" duration=33.219137ms
2026-09-13T15:36:54.453583353Z logger=infra.usagestats t=2026-09-13T15:36:54.453444098Z level=info msg="Usage stats are ready to report"
2026-09-13T15:45:46.397060091Z logger=cleanup t=2026-09-13T15:45:46.39690854Z level=info msg="Completed cleanup jobs" duration=11.285173ms
2026-09-13T15:45:46.746268690Z logger=plugins.update.checker t=2026-09-13T15:45:46.746118468Z level=info msg="Update check succeeded" duration=23.860188ms
2026-09-13T15:55:46.396959015Z logger=cleanup t=2026-09-13T15:55:46.396813723Z level=info msg="Completed cleanup jobs" duration=11.247099ms
2026-09-13T15:55:46.754348339Z logger=plugins.update.checker t=2026-09-13T15:55:46.754192713Z level=info msg="Update check succeeded" duration=31.222874ms
2026-09-13T16:05:46.416056740Z logger=cleanup t=2026-09-13T16:05:46.415929047Z level=info msg="Completed cleanup jobs" duration=30.245365ms
2026-09-13T16:05:46.744342055Z logger=plugins.update.checker t=2026-09-13T16:05:46.74419031Z level=info msg="Update check succeeded" duration=21.942851ms
2026-09-13T16:06:54.452995247Z logger=infra.usagestats t=2026-09-13T16:06:54.452838287Z level=info msg="Usage stats are ready to report"
2026-09-13T16:15:46.397257873Z logger=cleanup t=2026-09-13T16:15:46.397099859Z level=info msg="Completed cleanup jobs" duration=11.456348ms
2026-09-13T16:15:46.745914794Z logger=plugins.update.checker t=2026-09-13T16:15:46.74575669Z level=info msg="Update check succeeded" duration=22.830832ms
2026-09-13T16:25:46.397060028Z logger=cleanup t=2026-09-13T16:25:46.396919517Z level=info msg="Completed cleanup jobs" duration=11.136041ms
2026-09-13T16:25:46.742403143Z logger=plugins.update.checker t=2026-09-13T16:25:46.742222811Z level=info msg="Update check succeeded" duration=19.924256ms
2026-09-13T16:35:46.407573812Z logger=cleanup t=2026-09-13T16:35:46.407420546Z level=info msg="Completed cleanup jobs" duration=21.836906ms
2026-09-13T16:35:46.744150634Z logger=plugins.update.checker t=2026-09-13T16:35:46.743954362Z level=info msg="Update check succeeded" duration=21.162818ms
2026-09-13T16:36:54.453510662Z logger=infra.usagestats t=2026-09-13T16:36:54.453057219Z level=info msg="Usage stats are ready to report"
2026-09-13T16:45:46.408443920Z logger=cleanup t=2026-09-13T16:45:46.408298276Z level=info msg="Completed cleanup jobs" duration=21.755903ms
2026-09-13T16:45:46.766381639Z logger=plugins.update.checker t=2026-09-13T16:45:46.766228226Z level=info msg="Update check succeeded" duration=43.386043ms
2026-09-13T16:55:46.397276766Z logger=cleanup t=2026-09-13T16:55:46.397064223Z level=info msg="Completed cleanup jobs" duration=11.435739ms
2026-09-13T16:55:46.748749726Z logger=plugins.update.checker t=2026-09-13T16:55:46.748584547Z level=info msg="Update check succeeded" duration=25.662531ms
2026-09-13T17:05:46.405729484Z logger=cleanup t=2026-09-13T17:05:46.405569057Z level=info msg="Completed cleanup jobs" duration=19.908988ms
2026-09-13T17:05:46.747027613Z logger=plugins.update.checker t=2026-09-13T17:05:46.746854469Z level=info msg="Update check succeeded" duration=24.741248ms
2026-09-13T17:06:54.453344355Z logger=infra.usagestats t=2026-09-13T17:06:54.453205049Z level=info msg="Usage stats are ready to report"
2026-09-13T17:15:46.397274499Z logger=cleanup t=2026-09-13T17:15:46.397139077Z level=info msg="Completed cleanup jobs" duration=11.229787ms
2026-09-13T17:15:46.743867004Z logger=plugins.update.checker t=2026-09-13T17:15:46.743706056Z level=info msg="Update check succeeded" duration=21.048955ms
2026-09-13T17:25:46.397298889Z logger=cleanup t=2026-09-13T17:25:46.397128326Z level=info msg="Completed cleanup jobs" duration=11.533001ms
2026-09-13T17:25:46.747786012Z logger=plugins.update.checker t=2026-09-13T17:25:46.747626413Z level=info msg="Update check succeeded" duration=25.060047ms
2026-09-13T17:35:46.397192565Z logger=cleanup t=2026-09-13T17:35:46.397024495Z level=info msg="Completed cleanup jobs" duration=11.458508ms
2026-09-13T17:35:46.743925374Z logger=plugins.update.checker t=2026-09-13T17:35:46.743778203Z level=info msg="Update check succeeded" duration=21.550637ms
2026-09-13T17:36:54.453137853Z logger=infra.usagestats t=2026-09-13T17:36:54.452984187Z level=info msg="Usage stats are ready to report"
2026-09-13T17:45:46.397054599Z logger=cleanup t=2026-09-13T17:45:46.396910116Z level=info msg="Completed cleanup jobs" duration=11.28388ms
2026-09-13T17:45:46.743752190Z logger=plugins.update.checker t=2026-09-13T17:45:46.743575967Z level=info msg="Update check succeeded" duration=20.872505ms
2026-09-13T17:55:46.396981776Z logger=cleanup t=2026-09-13T17:55:46.396835982Z level=info msg="Completed cleanup jobs" duration=11.237772ms
2026-09-13T17:55:46.744332532Z logger=plugins.update.checker t=2026-09-13T17:55:46.744165254Z level=info msg="Update check succeeded" duration=21.349496ms
2026-09-13T18:05:46.397616292Z logger=cleanup t=2026-09-13T18:05:46.397346365Z level=info msg="Completed cleanup jobs" duration=11.498424ms
2026-09-13T18:05:46.749860292Z logger=plugins.update.checker t=2026-09-13T18:05:46.749689834Z level=info msg="Update check succeeded" duration=26.711736ms
2026-09-13T18:06:54.452828497Z logger=infra.usagestats t=2026-09-13T18:06:54.452692593Z level=info msg="Usage stats are ready to report"
2026-09-13T18:15:46.398243578Z logger=cleanup t=2026-09-13T18:15:46.39806767Z level=info msg="Completed cleanup jobs" duration=11.581453ms
2026-09-13T18:15:46.744598581Z logger=plugins.update.checker t=2026-09-13T18:15:46.74444043Z level=info msg="Update check succeeded" duration=21.591588ms
2026-09-13T18:25:46.397193206Z logger=cleanup t=2026-09-13T18:25:46.397045844Z level=info msg="Completed cleanup jobs" duration=11.187521ms
2026-09-13T18:25:46.746243879Z logger=plugins.update.checker t=2026-09-13T18:25:46.746097393Z level=info msg="Update check succeeded" duration=23.757758ms
2026-09-13T18:35:46.397163154Z logger=cleanup t=2026-09-13T18:35:46.397002597Z level=info msg="Completed cleanup jobs" duration=11.359244ms
2026-09-13T18:35:46.742199882Z logger=plugins.update.checker t=2026-09-13T18:35:46.742047404Z level=info msg="Update check succeeded" duration=19.259601ms
2026-09-13T18:36:54.452606611Z logger=infra.usagestats t=2026-09-13T18:36:54.452465035Z level=info msg="Usage stats are ready to report"
2026-09-13T18:45:46.397246752Z logger=cleanup t=2026-09-13T18:45:46.397113653Z level=info msg="Completed cleanup jobs" duration=11.437261ms
2026-09-13T18:45:46.763753763Z logger=plugins.update.checker t=2026-09-13T18:45:46.76360428Z level=info msg="Update check succeeded" duration=41.235546ms
2026-09-13T18:55:46.398217498Z logger=cleanup t=2026-09-13T18:55:46.398037259Z level=info msg="Completed cleanup jobs" duration=11.52604ms
2026-09-13T18:55:46.742743783Z logger=plugins.update.checker t=2026-09-13T18:55:46.742550531Z level=info msg="Update check succeeded" duration=19.903061ms
2026-09-13T19:05:46.416162758Z logger=cleanup t=2026-09-13T19:05:46.415992482Z level=info msg="Completed cleanup jobs" duration=30.42939ms
2026-09-13T19:05:46.743096569Z logger=plugins.update.checker t=2026-09-13T19:05:46.74288356Z level=info msg="Update check succeeded" duration=20.009952ms
2026-09-13T19:06:54.452458528Z logger=infra.usagestats t=2026-09-13T19:06:54.452328051Z level=info msg="Usage stats are ready to report"
2026-09-13T19:15:46.397069602Z logger=cleanup t=2026-09-13T19:15:46.39691818Z level=info msg="Completed cleanup jobs" duration=11.243605ms
2026-09-13T19:15:46.744010255Z logger=plugins.update.checker t=2026-09-13T19:15:46.743822687Z level=info msg="Update check succeeded" duration=21.198454ms
2026-09-13T19:25:46.398118695Z logger=cleanup t=2026-09-13T19:25:46.397762326Z level=info msg="Completed cleanup jobs" duration=11.260814ms
2026-09-13T19:25:46.750644140Z logger=plugins.update.checker t=2026-09-13T19:25:46.750500875Z level=info msg="Update check succeeded" duration=27.878057ms
2026-09-13T19:35:46.397007386Z logger=cleanup t=2026-09-13T19:35:46.3968429Z level=info msg="Completed cleanup jobs" duration=11.220122ms
2026-09-13T19:35:46.747486583Z logger=plugins.update.checker t=2026-09-13T19:35:46.747346989Z level=info msg="Update check succeeded" duration=24.517822ms
2026-09-13T19:36:54.452802012Z logger=infra.usagestats t=2026-09-13T19:36:54.452663285Z level=info msg="Usage stats are ready to report"
2026-09-13T19:45:46.398063265Z logger=cleanup t=2026-09-13T19:45:46.397910139Z level=info msg="Completed cleanup jobs" duration=11.349837ms
2026-09-13T19:45:46.745182544Z logger=plugins.update.checker t=2026-09-13T19:45:46.745018693Z level=info msg="Update check succeeded" duration=22.746513ms
2026-09-13T19:55:46.397322583Z logger=cleanup t=2026-09-13T19:55:46.397174211Z level=info msg="Completed cleanup jobs" duration=11.410378ms
2026-09-13T19:55:46.741742461Z logger=plugins.update.checker t=2026-09-13T19:55:46.741591439Z level=info msg="Update check succeeded" duration=19.261439ms
2026-09-13T20:05:46.396915816Z logger=cleanup t=2026-09-13T20:05:46.396731963Z level=info msg="Completed cleanup jobs" duration=11.163358ms
2026-09-13T20:05:46.753903148Z logger=plugins.update.checker t=2026-09-13T20:05:46.753754552Z level=info msg="Update check succeeded" duration=31.151365ms
2026-09-13T20:06:54.453228571Z logger=infra.usagestats t=2026-09-13T20:06:54.453063996Z level=info msg="Usage stats are ready to report"
2026-09-13T20:15:46.398127034Z logger=cleanup t=2026-09-13T20:15:46.397958122Z level=info msg="Completed cleanup jobs" duration=11.403328ms
2026-09-13T20:15:46.742019795Z logger=plugins.update.checker t=2026-09-13T20:15:46.741857194Z level=info msg="Update check succeeded" duration=19.922896ms
2026-09-13T20:25:46.397006344Z logger=cleanup t=2026-09-13T20:25:46.396866505Z level=info msg="Completed cleanup jobs" duration=11.225415ms
2026-09-13T20:25:46.745143742Z logger=plugins.update.checker t=2026-09-13T20:25:46.744986123Z level=info msg="Update check succeeded" duration=22.190998ms
2026-09-13T20:35:46.397041896Z logger=cleanup t=2026-09-13T20:35:46.396896577Z level=info msg="Completed cleanup jobs" duration=11.262295ms
2026-09-13T20:35:46.743771012Z logger=plugins.update.checker t=2026-09-13T20:35:46.743626937Z level=info msg="Update check succeeded" duration=21.264525ms
2026-09-13T20:36:54.452885450Z logger=infra.usagestats t=2026-09-13T20:36:54.452748978Z level=info msg="Usage stats are ready to report"
2026-09-13T20:45:46.396946965Z logger=cleanup t=2026-09-13T20:45:46.396791397Z level=info msg="Completed cleanup jobs" duration=11.170837ms
2026-09-13T20:45:46.740162250Z logger=plugins.update.checker t=2026-09-13T20:45:46.740002479Z level=info msg="Update check succeeded" duration=17.352769ms
2026-09-13T20:55:46.397049005Z logger=cleanup t=2026-09-13T20:55:46.396898936Z level=info msg="Completed cleanup jobs" duration=11.3362ms
2026-09-13T20:55:46.743497014Z logger=plugins.update.checker t=2026-09-13T20:55:46.74332511Z level=info msg="Update check succeeded" duration=20.854708ms
2026-09-13T21:05:46.410156479Z logger=cleanup t=2026-09-13T21:05:46.409994568Z level=info msg="Completed cleanup jobs" duration=23.494678ms
2026-09-13T21:05:46.744507833Z logger=plugins.update.checker t=2026-09-13T21:05:46.744350253Z level=info msg="Update check succeeded" duration=22.159996ms
2026-09-13T21:06:54.453135300Z logger=infra.usagestats t=2026-09-13T21:06:54.452986801Z level=info msg="Usage stats are ready to report"
2026-09-13T21:15:46.398124890Z logger=cleanup t=2026-09-13T21:15:46.397953009Z level=info msg="Completed cleanup jobs" duration=11.366597ms
2026-09-13T21:15:46.741580122Z logger=plugins.update.checker t=2026-09-13T21:15:46.741429176Z level=info msg="Update check succeeded" duration=19.317026ms
2026-09-13T21:25:46.397168435Z logger=cleanup t=2026-09-13T21:25:46.397006693Z level=info msg="Completed cleanup jobs" duration=11.432426ms
2026-09-13T21:25:46.744466464Z logger=plugins.update.checker t=2026-09-13T21:25:46.744310416Z level=info msg="Update check succeeded" duration=21.699637ms
2026-09-13T21:35:46.397101538Z logger=cleanup t=2026-09-13T21:35:46.396916095Z level=info msg="Completed cleanup jobs" duration=11.334602ms
2026-09-13T21:35:46.743687054Z logger=plugins.update.checker t=2026-09-13T21:35:46.743545401Z level=info msg="Update check succeeded" duration=20.629245ms
2026-09-13T21:36:54.453123242Z logger=infra.usagestats t=2026-09-13T21:36:54.452962075Z level=info msg="Usage stats are ready to report"
2026-09-13T21:45:46.397015800Z logger=cleanup t=2026-09-13T21:45:46.396857564Z level=info msg="Completed cleanup jobs" duration=11.173612ms
2026-09-13T21:45:46.748472245Z logger=plugins.update.checker t=2026-09-13T21:45:46.748315212Z level=info msg="Update check succeeded" duration=25.403505ms
2026-09-13T21:55:46.397241483Z logger=cleanup t=2026-09-13T21:55:46.397068157Z level=info msg="Completed cleanup jobs" duration=11.491184ms
2026-09-13T21:55:46.741121088Z logger=plugins.update.checker t=2026-09-13T21:55:46.740942495Z level=info msg="Update check succeeded" duration=18.729264ms
2026-09-13T22:05:46.417705236Z logger=cleanup t=2026-09-13T22:05:46.417562394Z level=info msg="Completed cleanup jobs" duration=31.95531ms
2026-09-13T22:05:46.746879676Z logger=plugins.update.checker t=2026-09-13T22:05:46.746722783Z level=info msg="Update check succeeded" duration=24.740981ms
2026-09-13T22:06:54.452122658Z logger=infra.usagestats t=2026-09-13T22:06:54.451977587Z level=info msg="Usage stats are ready to report"
2026-09-13T22:15:46.396757631Z logger=cleanup t=2026-09-13T22:15:46.396591145Z level=info msg="Completed cleanup jobs" duration=10.902089ms
2026-09-13T22:15:46.738669164Z logger=plugins.update.checker t=2026-09-13T22:15:46.738516531Z level=info msg="Update check succeeded" duration=16.317756ms
2026-09-13T22:25:46.397163342Z logger=cleanup t=2026-09-13T22:25:46.396985626Z level=info msg="Completed cleanup jobs" duration=11.36199ms
2026-09-13T22:25:46.741820430Z logger=plugins.update.checker t=2026-09-13T22:25:46.741683322Z level=info msg="Update check succeeded" duration=19.365289ms
2026-09-13T22:35:46.396964735Z logger=cleanup t=2026-09-13T22:35:46.396818066Z level=info msg="Completed cleanup jobs" duration=11.238506ms
2026-09-13T22:35:46.740747892Z logger=plugins.update.checker t=2026-09-13T22:35:46.740567912Z level=info msg="Update check succeeded" duration=18.166651ms
2026-09-13T22:36:54.453304155Z logger=infra.usagestats t=2026-09-13T22:36:54.453154261Z level=info msg="Usage stats are ready to report"
2026-09-13T22:45:46.398132672Z logger=cleanup t=2026-09-13T22:45:46.39795961Z level=info msg="Completed cleanup jobs" duration=11.411272ms
2026-09-13T22:45:46.742565839Z logger=plugins.update.checker t=2026-09-13T22:45:46.742393383Z level=info msg="Update check succeeded" duration=19.739009ms
2026-09-13T22:55:46.397173341Z logger=cleanup t=2026-09-13T22:55:46.397009573Z level=info msg="Completed cleanup jobs" duration=11.446024ms
2026-09-13T22:55:46.747956126Z logger=plugins.update.checker t=2026-09-13T22:55:46.747784537Z level=info msg="Update check succeeded" duration=25.065399ms
2026-09-13T23:05:46.397035082Z logger=cleanup t=2026-09-13T23:05:46.396884659Z level=info msg="Completed cleanup jobs" duration=11.202149ms
2026-09-13T23:05:46.745742115Z logger=plugins.update.checker t=2026-09-13T23:05:46.745585549Z level=info msg="Update check succeeded" duration=23.435679ms
2026-09-13T23:06:54.453067101Z logger=infra.usagestats t=2026-09-13T23:06:54.452859424Z level=info msg="Usage stats are ready to report"
2026-09-13T23:15:46.397251404Z logger=cleanup t=2026-09-13T23:15:46.397102521Z level=info msg="Completed cleanup jobs" duration=11.286527ms
2026-09-13T23:15:46.743574006Z logger=plugins.update.checker t=2026-09-13T23:15:46.743412969Z level=info msg="Update check succeeded" duration=21.437866ms
2026-09-13T23:25:46.397485758Z logger=cleanup t=2026-09-13T23:25:46.397267564Z level=info msg="Completed cleanup jobs" duration=11.31064ms
2026-09-13T23:25:46.739730004Z logger=plugins.update.checker t=2026-09-13T23:25:46.739581973Z level=info msg="Update check succeeded" duration=17.463841ms
2026-09-13T23:35:46.397551962Z logger=cleanup t=2026-09-13T23:35:46.397393233Z level=info msg="Completed cleanup jobs" duration=11.396493ms
2026-09-13T23:35:46.742842351Z logger=plugins.update.checker t=2026-09-13T23:35:46.742696489Z level=info msg="Update check succeeded" duration=20.553443ms
2026-09-13T23:36:54.453147444Z logger=infra.usagestats t=2026-09-13T23:36:54.452939325Z level=info msg="Usage stats are ready to report"
2026-09-13T23:45:46.397049311Z logger=cleanup t=2026-09-13T23:45:46.396881948Z level=info msg="Completed cleanup jobs" duration=11.194303ms
2026-09-13T23:45:46.743886868Z logger=plugins.update.checker t=2026-09-13T23:45:46.743727278Z level=info msg="Update check succeeded" duration=21.742971ms
2026-09-13T23:55:46.399201611Z logger=cleanup t=2026-09-13T23:55:46.399029312Z level=info msg="Completed cleanup jobs" duration=12.421604ms
2026-09-13T23:55:46.744433658Z logger=plugins.update.checker t=2026-09-13T23:55:46.74427523Z level=info msg="Update check succeeded" duration=21.54003ms
2026-09-14T00:05:46.448414843Z logger=cleanup t=2026-09-14T00:05:46.448265616Z level=info msg="Completed cleanup jobs" duration=62.603956ms
2026-09-14T00:05:46.746136318Z logger=plugins.update.checker t=2026-09-14T00:05:46.745942854Z level=info msg="Update check succeeded" duration=23.170147ms
2026-09-14T00:06:54.452954102Z logger=infra.usagestats t=2026-09-14T00:06:54.45281665Z level=info msg="Usage stats are ready to report"
2026-09-14T00:15:46.398030069Z logger=cleanup t=2026-09-14T00:15:46.39787353Z level=info msg="Completed cleanup jobs" duration=11.370112ms
2026-09-14T00:15:46.749518291Z logger=plugins.update.checker t=2026-09-14T00:15:46.749317077Z level=info msg="Update check succeeded" duration=26.453894ms
2026-09-14T00:25:46.398788256Z logger=cleanup t=2026-09-14T00:25:46.39821383Z level=info msg="Completed cleanup jobs" duration=11.660011ms
2026-09-14T00:25:46.750333366Z logger=plugins.update.checker t=2026-09-14T00:25:46.750190432Z level=info msg="Update check succeeded" duration=28.191301ms
2026-09-14T00:35:46.397253029Z logger=cleanup t=2026-09-14T00:35:46.397106787Z level=info msg="Completed cleanup jobs" duration=11.426568ms
2026-09-14T00:35:46.741947106Z logger=plugins.update.checker t=2026-09-14T00:35:46.741807953Z level=info msg="Update check succeeded" duration=19.534907ms
2026-09-14T00:36:54.452807047Z logger=infra.usagestats t=2026-09-14T00:36:54.452640988Z level=info msg="Usage stats are ready to report"
2026-09-14T00:45:46.397024913Z logger=cleanup t=2026-09-14T00:45:46.396877289Z level=info msg="Completed cleanup jobs" duration=11.305133ms
2026-09-14T00:45:46.741663833Z logger=plugins.update.checker t=2026-09-14T00:45:46.741527115Z level=info msg="Update check succeeded" duration=19.389755ms
2026-09-14T00:55:46.397257056Z logger=cleanup t=2026-09-14T00:55:46.397068769Z level=info msg="Completed cleanup jobs" duration=11.370411ms
2026-09-14T00:55:46.743040067Z logger=plugins.update.checker t=2026-09-14T00:55:46.742898857Z level=info msg="Update check succeeded" duration=20.690535ms
2026-09-14T01:05:46.397282554Z logger=cleanup t=2026-09-14T01:05:46.397141696Z level=info msg="Completed cleanup jobs" duration=11.226739ms
2026-09-14T01:05:46.745558779Z logger=plugins.update.checker t=2026-09-14T01:05:46.745332666Z level=info msg="Update check succeeded" duration=22.588109ms
2026-09-14T01:06:54.452728240Z logger=infra.usagestats t=2026-09-14T01:06:54.452594316Z level=info msg="Usage stats are ready to report"
2026-09-14T01:15:46.404045431Z logger=cleanup t=2026-09-14T01:15:46.403888608Z level=info msg="Completed cleanup jobs" duration=18.132139ms
2026-09-14T01:15:46.746069671Z logger=plugins.update.checker t=2026-09-14T01:15:46.745916076Z level=info msg="Update check succeeded" duration=23.159931ms
2026-09-14T01:25:46.398769331Z logger=cleanup t=2026-09-14T01:25:46.39801754Z level=info msg="Completed cleanup jobs" duration=11.39003ms
2026-09-14T01:25:46.751366363Z logger=plugins.update.checker t=2026-09-14T01:25:46.751196989Z level=info msg="Update check succeeded" duration=28.785205ms
2026-09-14T01:35:46.397090131Z logger=cleanup t=2026-09-14T01:35:46.396915802Z level=info msg="Completed cleanup jobs" duration=11.335707ms
2026-09-14T01:35:46.769343148Z logger=plugins.update.checker t=2026-09-14T01:35:46.769196011Z level=info msg="Update check succeeded" duration=46.9514ms
2026-09-14T01:36:54.452517981Z logger=infra.usagestats t=2026-09-14T01:36:54.452362854Z level=info msg="Usage stats are ready to report"
2026-09-14T01:45:46.397470321Z logger=cleanup t=2026-09-14T01:45:46.39720237Z level=info msg="Completed cleanup jobs" duration=11.612524ms
2026-09-14T01:45:46.741127226Z logger=plugins.update.checker t=2026-09-14T01:45:46.7409707Z level=info msg="Update check succeeded" duration=18.174007ms
2026-09-14T01:55:46.397205658Z logger=cleanup t=2026-09-14T01:55:46.397040529Z level=info msg="Completed cleanup jobs" duration=11.28889ms
2026-09-14T01:55:46.740409775Z logger=plugins.update.checker t=2026-09-14T01:55:46.740278985Z level=info msg="Update check succeeded" duration=18.276724ms
2026-09-14T02:05:46.416253518Z logger=cleanup t=2026-09-14T02:05:46.416093468Z level=info msg="Completed cleanup jobs" duration=30.478063ms
2026-09-14T02:05:46.744514646Z logger=plugins.update.checker t=2026-09-14T02:05:46.744369788Z level=info msg="Update check succeeded" duration=22.107838ms
2026-09-14T02:06:54.452846295Z logger=infra.usagestats t=2026-09-14T02:06:54.452698818Z level=info msg="Usage stats are ready to report"
2026-09-14T02:15:46.398266351Z logger=cleanup t=2026-09-14T02:15:46.398033864Z level=info msg="Completed cleanup jobs" duration=11.54048ms
2026-09-14T02:15:46.746303014Z logger=plugins.update.checker t=2026-09-14T02:15:46.74614482Z level=info msg="Update check succeeded" duration=23.94004ms
2026-09-14T02:25:46.397285502Z logger=cleanup t=2026-09-14T02:25:46.397152871Z level=info msg="Completed cleanup jobs" duration=11.223706ms
2026-09-14T02:25:46.741758327Z logger=plugins.update.checker t=2026-09-14T02:25:46.741596211Z level=info msg="Update check succeeded" duration=18.613409ms
2026-09-14T02:35:46.397131370Z logger=cleanup t=2026-09-14T02:35:46.396978644Z level=info msg="Completed cleanup jobs" duration=11.377079ms
2026-09-14T02:35:46.745523717Z logger=plugins.update.checker t=2026-09-14T02:35:46.745384337Z level=info msg="Update check succeeded" duration=22.756555ms
2026-09-14T02:36:54.453093316Z logger=infra.usagestats t=2026-09-14T02:36:54.452935162Z level=info msg="Usage stats are ready to report"
2026-09-14T02:45:46.397689129Z logger=cleanup t=2026-09-14T02:45:46.397537286Z level=info msg="Completed cleanup jobs" duration=11.565472ms
2026-09-14T02:45:46.744308261Z logger=plugins.update.checker t=2026-09-14T02:45:46.744169991Z level=info msg="Update check succeeded" duration=22.244901ms
2026-09-14T02:55:46.398181682Z logger=cleanup t=2026-09-14T02:55:46.397945086Z level=info msg="Completed cleanup jobs" duration=11.317827ms
2026-09-14T02:55:46.742192435Z logger=plugins.update.checker t=2026-09-14T02:55:46.742021942Z level=info msg="Update check succeeded" duration=19.989077ms
2026-09-14T03:05:46.421559909Z logger=cleanup t=2026-09-14T03:05:46.421337328Z level=info msg="Completed cleanup jobs" duration=35.45611ms
2026-09-14T03:05:46.746967570Z logger=plugins.update.checker t=2026-09-14T03:05:46.746808123Z level=info msg="Update check succeeded" duration=24.694706ms
2026-09-14T03:06:54.452710494Z logger=infra.usagestats t=2026-09-14T03:06:54.452572922Z level=info msg="Usage stats are ready to report"
2026-09-14T03:15:46.398121362Z logger=cleanup t=2026-09-14T03:15:46.39795397Z level=info msg="Completed cleanup jobs" duration=11.425825ms
2026-09-14T03:15:46.738417999Z logger=plugins.update.checker t=2026-09-14T03:15:46.738284021Z level=info msg="Update check succeeded" duration=16.237988ms
2026-09-14T03:25:46.396854251Z logger=cleanup t=2026-09-14T03:25:46.39670102Z level=info msg="Completed cleanup jobs" duration=11.112756ms
2026-09-14T03:25:46.744830945Z logger=plugins.update.checker t=2026-09-14T03:25:46.744666133Z level=info msg="Update check succeeded" duration=22.243883ms
2026-09-14T03:35:46.397069961Z logger=cleanup t=2026-09-14T03:35:46.396914786Z level=info msg="Completed cleanup jobs" duration=11.353005ms
2026-09-14T03:35:46.742063327Z logger=plugins.update.checker t=2026-09-14T03:35:46.741891559Z level=info msg="Update check succeeded" duration=18.991066ms
2026-09-14T03:36:54.452552561Z logger=infra.usagestats t=2026-09-14T03:36:54.452345083Z level=info msg="Usage stats are ready to report"
2026-09-14T03:45:46.397101691Z logger=cleanup t=2026-09-14T03:45:46.396926913Z level=info msg="Completed cleanup jobs" duration=11.358207ms
2026-09-14T03:45:46.742852532Z logger=plugins.update.checker t=2026-09-14T03:45:46.742691836Z level=info msg="Update check succeeded" duration=20.032432ms
2026-09-14T03:55:46.397010355Z logger=cleanup t=2026-09-14T03:55:46.396881772Z level=info msg="Completed cleanup jobs" duration=11.316753ms
2026-09-14T03:55:46.743055284Z logger=plugins.update.checker t=2026-09-14T03:55:46.742904067Z level=info msg="Update check succeeded" duration=19.974531ms
2026-09-14T04:05:46.416756335Z logger=cleanup t=2026-09-14T04:05:46.416593974Z level=info msg="Completed cleanup jobs" duration=30.947425ms
2026-09-14T04:05:46.750122923Z logger=plugins.update.checker t=2026-09-14T04:05:46.749942366Z level=info msg="Update check succeeded" duration=27.436347ms
2026-09-14T04:06:54.452559607Z logger=infra.usagestats t=2026-09-14T04:06:54.45236341Z level=info msg="Usage stats are ready to report"
2026-09-14T04:15:46.399062512Z logger=cleanup t=2026-09-14T04:15:46.398922672Z level=info msg="Completed cleanup jobs" duration=12.368541ms
2026-09-14T04:15:46.743691838Z logger=plugins.update.checker t=2026-09-14T04:15:46.743504164Z level=info msg="Update check succeeded" duration=20.808851ms
2026-09-14T04:25:46.397250615Z logger=cleanup t=2026-09-14T04:25:46.397065278Z level=info msg="Completed cleanup jobs" duration=11.473039ms
2026-09-14T04:25:46.743792330Z logger=plugins.update.checker t=2026-09-14T04:25:46.743613814Z level=info msg="Update check succeeded" duration=21.343292ms
2026-09-14T04:35:46.397108010Z logger=cleanup t=2026-09-14T04:35:46.396940078Z level=info msg="Completed cleanup jobs" duration=11.285647ms
2026-09-14T04:35:46.742652432Z logger=plugins.update.checker t=2026-09-14T04:35:46.742499176Z level=info msg="Update check succeeded" duration=19.741691ms
2026-09-14T04:36:54.453129121Z logger=infra.usagestats t=2026-09-14T04:36:54.452924502Z level=info msg="Usage stats are ready to report"
2026-09-14T04:45:46.397159525Z logger=cleanup t=2026-09-14T04:45:46.396976124Z level=info msg="Completed cleanup jobs" duration=11.414313ms
2026-09-14T04:45:46.751707853Z logger=plugins.update.checker t=2026-09-14T04:45:46.751546657Z level=info msg="Update check succeeded" duration=29.32151ms
2026-09-14T04:55:46.397051793Z logger=cleanup t=2026-09-14T04:55:46.39690296Z level=info msg="Completed cleanup jobs" duration=11.170918ms
2026-09-14T04:55:46.741892053Z logger=plugins.update.checker t=2026-09-14T04:55:46.741743866Z level=info msg="Update check succeeded" duration=19.057122ms
2026-09-14T05:05:46.415897471Z logger=cleanup t=2026-09-14T05:05:46.415755575Z level=info msg="Completed cleanup jobs" duration=30.04678ms
2026-09-14T05:05:46.745257949Z logger=plugins.update.checker t=2026-09-14T05:05:46.745117199Z level=info msg="Update check succeeded" duration=23.113734ms
2026-09-14T05:06:54.453062140Z logger=infra.usagestats t=2026-09-14T05:06:54.452923962Z level=info msg="Usage stats are ready to report"
2026-09-14T05:15:46.397047589Z logger=cleanup t=2026-09-14T05:15:46.396845061Z level=info msg="Completed cleanup jobs" duration=11.269334ms
2026-09-14T05:15:46.746780847Z logger=plugins.update.checker t=2026-09-14T05:15:46.746622661Z level=info msg="Update check succeeded" duration=24.235199ms
2026-09-14T05:25:46.397167943Z logger=cleanup t=2026-09-14T05:25:46.396988794Z level=info msg="Completed cleanup jobs" duration=11.428219ms
2026-09-14T05:25:46.745633691Z logger=plugins.update.checker t=2026-09-14T05:25:46.74549491Z level=info msg="Update check succeeded" duration=23.293694ms
2026-09-14T05:35:46.397061630Z logger=cleanup t=2026-09-14T05:35:46.396904094Z level=info msg="Completed cleanup jobs" duration=11.318143ms
2026-09-14T05:35:46.741532420Z logger=plugins.update.checker t=2026-09-14T05:35:46.741305278Z level=info msg="Update check succeeded" duration=18.905494ms
2026-09-14T05:36:54.453011474Z logger=infra.usagestats t=2026-09-14T05:36:54.45287613Z level=info msg="Usage stats are ready to report"
2026-09-14T05:45:46.396965685Z logger=cleanup t=2026-09-14T05:45:46.396805899Z level=info msg="Completed cleanup jobs" duration=11.194681ms
2026-09-14T05:45:46.753204656Z logger=plugins.update.checker t=2026-09-14T05:45:46.753017289Z level=info msg="Update check succeeded" duration=30.020228ms
2026-09-14T05:55:46.398096259Z logger=cleanup t=2026-09-14T05:55:46.39786828Z level=info msg="Completed cleanup jobs" duration=11.253592ms
2026-09-14T05:55:46.741836353Z logger=plugins.update.checker t=2026-09-14T05:55:46.741673886Z level=info msg="Update check succeeded" duration=19.392693ms
2026-09-14T06:05:46.418373574Z logger=cleanup t=2026-09-14T06:05:46.418211446Z level=info msg="Completed cleanup jobs" duration=32.202421ms
2026-09-14T06:05:46.743554807Z logger=plugins.update.checker t=2026-09-14T06:05:46.743413907Z level=info msg="Update check succeeded" duration=21.180561ms
2026-09-14T06:06:54.452883646Z logger=infra.usagestats t=2026-09-14T06:06:54.452745123Z level=info msg="Usage stats are ready to report"
2026-09-14T06:15:46.398103175Z logger=cleanup t=2026-09-14T06:15:46.397929945Z level=info msg="Completed cleanup jobs" duration=11.30962ms
2026-09-14T06:15:46.744950869Z logger=plugins.update.checker t=2026-09-14T06:15:46.74480056Z level=info msg="Update check succeeded" duration=22.406412ms
2026-09-14T06:25:46.397274988Z logger=cleanup t=2026-09-14T06:25:46.397111619Z level=info msg="Completed cleanup jobs" duration=11.326476ms
2026-09-14T06:25:46.742029677Z logger=plugins.update.checker t=2026-09-14T06:25:46.741892418Z level=info msg="Update check succeeded" duration=19.077064ms
2026-09-14T06:35:46.397141744Z logger=cleanup t=2026-09-14T06:35:46.396982742Z level=info msg="Completed cleanup jobs" duration=11.185926ms
2026-09-14T06:35:46.743518994Z logger=plugins.update.checker t=2026-09-14T06:35:46.74334449Z level=info msg="Update check succeeded" duration=20.6077ms
2026-09-14T06:36:54.452773797Z logger=infra.usagestats t=2026-09-14T06:36:54.452640543Z level=info msg="Usage stats are ready to report"
2026-09-14T06:45:46.397133522Z logger=cleanup t=2026-09-14T06:45:46.39693699Z level=info msg="Completed cleanup jobs" duration=11.34569ms
2026-09-14T06:45:46.743994500Z logger=plugins.update.checker t=2026-09-14T06:45:46.743834299Z level=info msg="Update check succeeded" duration=21.427958ms
2026-09-14T06:55:46.397203414Z logger=cleanup t=2026-09-14T06:55:46.397035071Z level=info msg="Completed cleanup jobs" duration=11.104157ms
2026-09-14T06:55:46.742283612Z logger=plugins.update.checker t=2026-09-14T06:55:46.742126937Z level=info msg="Update check succeeded" duration=19.392173ms
2026-09-14T07:05:46.407896542Z logger=cleanup t=2026-09-14T07:05:46.407754971Z level=info msg="Completed cleanup jobs" duration=21.656373ms
2026-09-14T07:05:46.744574214Z logger=plugins.update.checker t=2026-09-14T07:05:46.744403999Z level=info msg="Update check succeeded" duration=21.583528ms
2026-09-14T07:06:54.453007769Z logger=infra.usagestats t=2026-09-14T07:06:54.452866864Z level=info msg="Usage stats are ready to report"
2026-09-14T07:15:46.398137331Z logger=cleanup t=2026-09-14T07:15:46.397964926Z level=info msg="Completed cleanup jobs" duration=11.333016ms
2026-09-14T07:15:46.742047634Z logger=plugins.update.checker t=2026-09-14T07:15:46.741885718Z level=info msg="Update check succeeded" duration=19.326395ms
2026-09-14T07:25:46.396946163Z logger=cleanup t=2026-09-14T07:25:46.396785721Z level=info msg="Completed cleanup jobs" duration=11.179469ms
2026-09-14T07:25:46.744575295Z logger=plugins.update.checker t=2026-09-14T07:25:46.744406418Z level=info msg="Update check succeeded" duration=21.61128ms
2026-09-14T07:35:46.397132202Z logger=cleanup t=2026-09-14T07:35:46.396962109Z level=info msg="Completed cleanup jobs" duration=11.11308ms
2026-09-14T07:35:46.741866705Z logger=plugins.update.checker t=2026-09-14T07:35:46.741710034Z level=info msg="Update check succeeded" duration=19.080441ms
2026-09-14T07:36:54.453034451Z logger=infra.usagestats t=2026-09-14T07:36:54.452870551Z level=info msg="Usage stats are ready to report"
2026-09-14T07:45:46.397116855Z logger=cleanup t=2026-09-14T07:45:46.396967262Z level=info msg="Completed cleanup jobs" duration=11.239566ms
2026-09-14T07:45:46.743025892Z logger=plugins.update.checker t=2026-09-14T07:45:46.742857866Z level=info msg="Update check succeeded" duration=20.055649ms
2026-09-14T07:55:46.397310504Z logger=cleanup t=2026-09-14T07:55:46.397161437Z level=info msg="Completed cleanup jobs" duration=11.273469ms
2026-09-14T07:55:46.747355765Z logger=plugins.update.checker t=2026-09-14T07:55:46.74718341Z level=info msg="Update check succeeded" duration=24.261602ms
2026-09-14T08:05:46.396953696Z logger=cleanup t=2026-09-14T08:05:46.396805721Z level=info msg="Completed cleanup jobs" duration=11.171148ms
2026-09-14T08:05:46.742629963Z logger=plugins.update.checker t=2026-09-14T08:05:46.742480903Z level=info msg="Update check succeeded" duration=20.263204ms
2026-09-14T08:06:54.452668748Z logger=infra.usagestats t=2026-09-14T08:06:54.452387088Z level=info msg="Usage stats are ready to report"
2026-09-14T08:15:46.396916268Z logger=cleanup t=2026-09-14T08:15:46.396756764Z level=info msg="Completed cleanup jobs" duration=11.072177ms
2026-09-14T08:15:46.742172193Z logger=plugins.update.checker t=2026-09-14T08:15:46.742022533Z level=info msg="Update check succeeded" duration=19.889641ms
2026-09-14T08:25:46.398409254Z logger=cleanup t=2026-09-14T08:25:46.398130608Z level=info msg="Completed cleanup jobs" duration=11.571938ms
2026-09-14T08:25:46.750952628Z logger=plugins.update.checker t=2026-09-14T08:25:46.750813767Z level=info msg="Update check succeeded" duration=28.281954ms
2026-09-14T08:35:46.396921120Z logger=cleanup t=2026-09-14T08:35:46.396776255Z level=info msg="Completed cleanup jobs" duration=11.20146ms
2026-09-14T08:35:46.743737495Z logger=plugins.update.checker t=2026-09-14T08:35:46.743547915Z level=info msg="Update check succeeded" duration=21.547781ms
2026-09-14T08:36:54.452882216Z logger=infra.usagestats t=2026-09-14T08:36:54.452744854Z level=info msg="Usage stats are ready to report"
2026-09-14T08:45:46.397291901Z logger=cleanup t=2026-09-14T08:45:46.397125921Z level=info msg="Completed cleanup jobs" duration=11.263745ms
2026-09-14T08:45:46.743774378Z logger=plugins.update.checker t=2026-09-14T08:45:46.743621539Z level=info msg="Update check succeeded" duration=21.011166ms
2026-09-14T08:55:46.398424561Z logger=cleanup t=2026-09-14T08:55:46.398250037Z level=info msg="Completed cleanup jobs" duration=12.658934ms
2026-09-14T08:55:46.742832503Z logger=plugins.update.checker t=2026-09-14T08:55:46.742659799Z level=info msg="Update check succeeded" duration=19.995209ms
2026-09-14T09:05:46.416855351Z logger=cleanup t=2026-09-14T09:05:46.416693147Z level=info msg="Completed cleanup jobs" duration=31.000609ms
2026-09-14T09:05:46.744092889Z logger=plugins.update.checker t=2026-09-14T09:05:46.743913512Z level=info msg="Update check succeeded" duration=20.929773ms
2026-09-14T09:06:54.452506867Z logger=infra.usagestats t=2026-09-14T09:06:54.452284841Z level=info msg="Usage stats are ready to report"
2026-09-14T09:15:46.396961976Z logger=cleanup t=2026-09-14T09:15:46.396827457Z level=info msg="Completed cleanup jobs" duration=11.236372ms
2026-09-14T09:15:46.742605320Z logger=plugins.update.checker t=2026-09-14T09:15:46.742444859Z level=info msg="Update check succeeded" duration=19.826848ms
2026-09-14T09:25:46.397105500Z logger=cleanup t=2026-09-14T09:25:46.396949496Z level=info msg="Completed cleanup jobs" duration=11.360224ms
2026-09-14T09:25:46.745446510Z logger=plugins.update.checker t=2026-09-14T09:25:46.745194903Z level=info msg="Update check succeeded" duration=22.620795ms
2026-09-14T09:35:46.396967929Z logger=cleanup t=2026-09-14T09:35:46.396826812Z level=info msg="Completed cleanup jobs" duration=10.99592ms
2026-09-14T09:35:46.741471580Z logger=plugins.update.checker t=2026-09-14T09:35:46.741299196Z level=info msg="Update check succeeded" duration=18.573553ms
2026-09-14T09:36:54.452876834Z logger=infra.usagestats t=2026-09-14T09:36:54.452730845Z level=info msg="Usage stats are ready to report"
2026-09-14T09:45:46.397207224Z logger=cleanup t=2026-09-14T09:45:46.397047805Z level=info msg="Completed cleanup jobs" duration=11.28918ms
2026-09-14T09:45:46.746255731Z logger=plugins.update.checker t=2026-09-14T09:45:46.746045454Z level=info msg="Update check succeeded" duration=23.75675ms
2026-09-14T09:55:46.396915124Z logger=cleanup t=2026-09-14T09:55:46.396763583Z level=info msg="Completed cleanup jobs" duration=11.111419ms
2026-09-14T09:55:46.747500100Z logger=plugins.update.checker t=2026-09-14T09:55:46.7473268Z level=info msg="Update check succeeded" duration=24.779239ms
2026-09-14T10:05:46.435629898Z logger=cleanup t=2026-09-14T10:05:46.435437965Z level=info msg="Completed cleanup jobs" duration=49.866494ms
2026-09-14T10:05:46.744823217Z logger=plugins.update.checker t=2026-09-14T10:05:46.744676596Z level=info msg="Update check succeeded" duration=22.06734ms
2026-09-14T10:06:54.451956215Z logger=infra.usagestats t=2026-09-14T10:06:54.45181825Z level=info msg="Usage stats are ready to report"
2026-09-14T10:15:46.397923381Z logger=cleanup t=2026-09-14T10:15:46.397748383Z level=info msg="Completed cleanup jobs" duration=11.133247ms
2026-09-14T10:15:46.745037113Z logger=plugins.update.checker t=2026-09-14T10:15:46.744891881Z level=info msg="Update check succeeded" duration=21.942065ms
2026-09-14T10:25:46.397277096Z logger=cleanup t=2026-09-14T10:25:46.397123821Z level=info msg="Completed cleanup jobs" duration=11.494419ms
2026-09-14T10:25:46.748278432Z logger=plugins.update.checker t=2026-09-14T10:25:46.748133303Z level=info msg="Update check succeeded" duration=25.308394ms
2026-09-14T10:35:46.397476858Z logger=cleanup t=2026-09-14T10:35:46.397250042Z level=info msg="Completed cleanup jobs" duration=11.243153ms
2026-09-14T10:35:46.750847353Z logger=plugins.update.checker t=2026-09-14T10:35:46.750686548Z level=info msg="Update check succeeded" duration=28.340426ms
2026-09-14T10:36:54.452500150Z logger=infra.usagestats t=2026-09-14T10:36:54.452357895Z level=info msg="Usage stats are ready to report"
2026-09-14T10:45:46.397230708Z logger=cleanup t=2026-09-14T10:45:46.397094071Z level=info msg="Completed cleanup jobs" duration=11.195044ms
2026-09-14T10:45:46.746837583Z logger=plugins.update.checker t=2026-09-14T10:45:46.746686333Z level=info msg="Update check succeeded" duration=24.487004ms
2026-09-14T10:55:46.397279375Z logger=cleanup t=2026-09-14T10:55:46.397149753Z level=info msg="Completed cleanup jobs" duration=11.556447ms
2026-09-14T10:55:46.748520522Z logger=plugins.update.checker t=2026-09-14T10:55:46.748361154Z level=info msg="Update check succeeded" duration=26.195779ms
2026-09-14T11:05:46.397140476Z logger=cleanup t=2026-09-14T11:05:46.396964874Z level=info msg="Completed cleanup jobs" duration=11.27256ms
2026-09-14T11:05:46.743859871Z logger=plugins.update.checker t=2026-09-14T11:05:46.743695796Z level=info msg="Update check succeeded" duration=20.824681ms
2026-09-14T11:06:54.452414128Z logger=infra.usagestats t=2026-09-14T11:06:54.452068241Z level=info msg="Usage stats are ready to report"
2026-09-14T11:15:46.397263029Z logger=cleanup t=2026-09-14T11:15:46.397116089Z level=info msg="Completed cleanup jobs" duration=11.276912ms
2026-09-14T11:15:46.741450985Z logger=plugins.update.checker t=2026-09-14T11:15:46.741280225Z level=info msg="Update check succeeded" duration=19.04128ms
2026-09-14T11:25:46.397258615Z logger=cleanup t=2026-09-14T11:25:46.397109945Z level=info msg="Completed cleanup jobs" duration=11.222882ms
2026-09-14T11:25:46.743186573Z logger=plugins.update.checker t=2026-09-14T11:25:46.743030033Z level=info msg="Update check succeeded" duration=20.108868ms
2026-09-14T11:35:46.396915303Z logger=cleanup t=2026-09-14T11:35:46.396772611Z level=info msg="Completed cleanup jobs" duration=11.192923ms
2026-09-14T11:35:46.745252758Z logger=plugins.update.checker t=2026-09-14T11:35:46.745101774Z level=info msg="Update check succeeded" duration=22.246207ms
2026-09-14T11:36:54.452364673Z logger=infra.usagestats t=2026-09-14T11:36:54.452230033Z level=info msg="Usage stats are ready to report"
2026-09-14T11:45:46.397425116Z logger=cleanup t=2026-09-14T11:45:46.397249019Z level=info msg="Completed cleanup jobs" duration=11.268224ms
2026-09-14T11:45:46.748536344Z logger=plugins.update.checker t=2026-09-14T11:45:46.748374598Z level=info msg="Update check succeeded" duration=25.812014ms
2026-09-14T11:55:46.397063428Z logger=cleanup t=2026-09-14T11:55:46.396903591Z level=info msg="Completed cleanup jobs" duration=11.308469ms
2026-09-14T11:55:46.748861300Z logger=plugins.update.checker t=2026-09-14T11:55:46.748725582Z level=info msg="Update check succeeded" duration=26.201049ms
2026-09-14T12:05:46.407628480Z logger=cleanup t=2026-09-14T12:05:46.407454924Z level=info msg="Completed cleanup jobs" duration=21.88752ms
2026-09-14T12:05:46.486101332Z logger=infra.usagestats.collector t=2026-09-14T12:05:46.480697291Z level=error msg="Failed to read all Amazon Prometheus data sources" error="plugin grafana-amazonprometheus-datasource not found"
2026-09-14T12:05:46.486171213Z logger=infra.usagestats t=2026-09-14T12:05:46.480734844Z level=error msg="Failed to fetch usage stats from provider" error="plugin grafana-amazonprometheus-datasource not found" duration=59.447204ms function=github.com/grafana/grafana/pkg/infra/usagestats/statscollector.(*Service).collectPrometheusFlavors-fm
2026-09-14T12:05:46.604861291Z logger=infra.usagestats t=2026-09-14T12:05:46.604678386Z level=info msg="Sent usage stats" duration=196.539086ms
2026-09-14T12:05:46.743337213Z logger=grafana.update.checker t=2026-09-14T12:05:46.743206887Z level=info msg="Update check succeeded" duration=20.83504ms
2026-09-14T12:05:46.746757911Z logger=plugins.update.checker t=2026-09-14T12:05:46.746600117Z level=info msg="Update check succeeded" duration=24.200201ms
2026-09-14T12:06:54.452792378Z logger=infra.usagestats t=2026-09-14T12:06:54.452651611Z level=info msg="Usage stats are ready to report"
2026-09-14T12:15:46.396954286Z logger=cleanup t=2026-09-14T12:15:46.396805234Z level=info msg="Completed cleanup jobs" duration=11.194088ms
2026-09-14T12:15:46.740735013Z logger=plugins.update.checker t=2026-09-14T12:15:46.740574384Z level=info msg="Update check succeeded" duration=18.011178ms
2026-09-14T12:16:09.627276523Z logger=plugin.angulardetectorsprovider.dynamic t=2026-09-14T12:16:09.627131519Z level=info msg="Patterns update finished" duration=31.41186ms
2026-09-14T12:25:46.397206306Z logger=cleanup t=2026-09-14T12:25:46.397053908Z level=info msg="Completed cleanup jobs" duration=11.144637ms
2026-09-14T12:25:46.742560708Z logger=plugins.update.checker t=2026-09-14T12:25:46.742419528Z level=info msg="Update check succeeded" duration=19.439444ms
2026-09-14T12:35:46.397124960Z logger=cleanup t=2026-09-14T12:35:46.396968215Z level=info msg="Completed cleanup jobs" duration=11.285377ms
2026-09-14T12:35:46.745094301Z logger=plugins.update.checker t=2026-09-14T12:35:46.744944212Z level=info msg="Update check succeeded" duration=22.838676ms
2026-09-14T12:36:54.452491570Z logger=infra.usagestats t=2026-09-14T12:36:54.452303564Z level=info msg="Usage stats are ready to report"
2026-09-14T12:45:46.397021070Z logger=cleanup t=2026-09-14T12:45:46.396873154Z level=info msg="Completed cleanup jobs" duration=11.254277ms
2026-09-14T12:45:46.741196818Z logger=plugins.update.checker t=2026-09-14T12:45:46.741009128Z level=info msg="Update check succeeded" duration=19.045355ms
2026-09-14T12:55:46.398703030Z logger=cleanup t=2026-09-14T12:55:46.398523157Z level=info msg="Completed cleanup jobs" duration=12.54531ms
2026-09-14T12:55:46.743246646Z logger=plugins.update.checker t=2026-09-14T12:55:46.743048955Z level=info msg="Update check succeeded" duration=20.097968ms
2026-09-14T13:05:46.396901423Z logger=cleanup t=2026-09-14T13:05:46.396750114Z level=info msg="Completed cleanup jobs" duration=11.165591ms
2026-09-14T13:05:46.749007641Z logger=plugins.update.checker t=2026-09-14T13:05:46.748857535Z level=info msg="Update check succeeded" duration=25.999216ms
2026-09-14T13:06:54.452623912Z logger=infra.usagestats t=2026-09-14T13:06:54.452484085Z level=info msg="Usage stats are ready to report"
2026-09-14T13:15:46.397204727Z logger=cleanup t=2026-09-14T13:15:46.397044745Z level=info msg="Completed cleanup jobs" duration=11.25379ms
2026-09-14T13:15:46.749929221Z logger=plugins.update.checker t=2026-09-14T13:15:46.749776427Z level=info msg="Update check succeeded" duration=27.155421ms
2026-09-14T13:25:46.397463986Z logger=cleanup t=2026-09-14T13:25:46.397283286Z level=info msg="Completed cleanup jobs" duration=11.331017ms
2026-09-14T13:25:46.741858803Z logger=plugins.update.checker t=2026-09-14T13:25:46.741682559Z level=info msg="Update check succeeded" duration=19.701947ms
2026-09-14T13:35:46.397031626Z logger=cleanup t=2026-09-14T13:35:46.396877041Z level=info msg="Completed cleanup jobs" duration=11.134465ms
2026-09-14T13:35:46.756161630Z logger=plugins.update.checker t=2026-09-14T13:35:46.756017641Z level=info msg="Update check succeeded" duration=33.907247ms
2026-09-14T13:36:54.453132111Z logger=infra.usagestats t=2026-09-14T13:36:54.452945092Z level=info msg="Usage stats are ready to report"
2026-09-14T13:45:46.397115068Z logger=cleanup t=2026-09-14T13:45:46.3969493Z level=info msg="Completed cleanup jobs" duration=11.307445ms
2026-09-14T13:45:46.745706586Z logger=plugins.update.checker t=2026-09-14T13:45:46.745573718Z level=info msg="Update check succeeded" duration=22.987287ms
2026-09-14T13:55:46.396914426Z logger=cleanup t=2026-09-14T13:55:46.396770546Z level=info msg="Completed cleanup jobs" duration=11.181171ms
2026-09-14T13:55:46.746638049Z logger=plugins.update.checker t=2026-09-14T13:55:46.746479185Z level=info msg="Update check succeeded" duration=23.663651ms
